{
"type": "FeatureCollection",
"name": "560234_shelter_audit",
"crs": { "type": "name", "properties": { "name": "urn:ogc:def:crs:OGC:1.3:CRS84" } },
"features": [
{ "type": "Feature", "properties": { "name": "Shiokest route", "audit_layer": "route_shiokest", "len_m": null, "is_covered": null, "is_synthesized": null, "synth_class": null, "covered": null, "indoor": null, "tunnel": null, "bridge": null, "layer": null, "level": null, "highway": null, "footway": null, "length": null, "length_m": null, "effective_len_m": null, "dist_to_route_m": null, "OBJECTID": null, "source_area_m2": null, "STATION_NA": null, "EXIT_CODE": null, "INC_CRC": null, "FMEL_UPD_D": null, "BLK_NO": null, "ST_COD": null, "ENTITYID": null, "POSTAL_COD": null, "SHAPE.AREA": null, "SHAPE.LEN": null }, "geometry": { "type": "LineString", "coordinates": [ [ 103.83666, 1.3708 ], [ 103.83667, 1.37071 ], [ 103.83673, 1.37043 ], [ 103.83678, 1.37028 ], [ 103.83681, 1.37021 ], [ 103.83694, 1.36992 ], [ 103.8372, 1.3695 ], [ 103.83726, 1.36941 ], [ 103.8373, 1.36935 ], [ 103.83726, 1.36932 ], [ 103.83716, 1.36925 ], [ 103.83705, 1.36918 ], [ 103.83691, 1.36907 ], [ 103.8368, 1.36896 ], [ 103.83661, 1.36875 ], [ 103.83652, 1.36863 ], [ 103.83645, 1.36852 ], [ 103.83636, 1.36836 ], [ 103.83626, 1.36817 ], [ 103.83619, 1.36797 ], [ 103.83602, 1.3675 ], [ 103.83581, 1.36686 ], [ 103.83575, 1.3667 ], [ 103.83572, 1.36661 ], [ 103.83583, 1.36657 ], [ 103.83592, 1.36653 ], [ 103.83614, 1.36646 ], [ 103.83645, 1.36635 ], [ 103.83687, 1.36621 ], [ 103.83689, 1.36621 ], [ 103.83692, 1.36621 ], [ 103.83695, 1.36622 ], [ 103.83697, 1.36623 ], [ 103.83699, 1.36625 ], [ 103.83701, 1.36629 ], [ 103.83702, 1.36631 ], [ 103.83703, 1.36633 ], [ 103.83708, 1.36648 ], [ 103.83702, 1.36651 ], [ 103.83703, 1.36654 ], [ 103.83697, 1.36656 ], [ 103.83704, 1.36676 ], [ 103.83702, 1.36677 ], [ 103.83698, 1.36678 ], [ 103.83666, 1.36689 ], [ 103.83671, 1.36703 ], [ 103.83658, 1.36707 ] ] } },
{ "type": "Feature", "properties": { "name": "Shortest route", "audit_layer": "route_shortest", "len_m": null, "is_covered": null, "is_synthesized": null, "synth_class": null, "covered": null, "indoor": null, "tunnel": null, "bridge": null, "layer": null, "level": null, "highway": null, "footway": null, "length": null, "length_m": null, "effective_len_m": null, "dist_to_route_m": null, "OBJECTID": null, "source_area_m2": null, "STATION_NA": null, "EXIT_CODE": null, "INC_CRC": null, "FMEL_UPD_D": null, "BLK_NO": null, "ST_COD": null, "ENTITYID": null, "POSTAL_COD": null, "SHAPE.AREA": null, "SHAPE.LEN": null }, "geometry": { "type": "LineString", "coordinates": [ [ 103.83666, 1.3708 ], [ 103.83667, 1.37071 ], [ 103.83673, 1.37043 ], [ 103.83678, 1.37028 ], [ 103.83681, 1.37021 ], [ 103.83694, 1.36992 ], [ 103.8372, 1.3695 ], [ 103.83726, 1.36941 ], [ 103.8373, 1.36935 ], [ 103.83726, 1.36932 ], [ 103.83716, 1.36925 ], [ 103.83705, 1.36918 ], [ 103.83691, 1.36907 ], [ 103.8368, 1.36896 ], [ 103.83661, 1.36875 ], [ 103.83652, 1.36863 ], [ 103.83645, 1.36852 ], [ 103.83636, 1.36836 ], [ 103.83626, 1.36817 ], [ 103.83619, 1.36797 ], [ 103.83602, 1.3675 ], [ 103.83581, 1.36686 ], [ 103.83575, 1.3667 ], [ 103.83572, 1.36661 ], [ 103.83583, 1.36657 ], [ 103.83592, 1.36653 ], [ 103.83614, 1.36646 ], [ 103.83645, 1.36635 ], [ 103.83687, 1.36621 ], [ 103.83689, 1.36621 ], [ 103.83692, 1.36621 ], [ 103.83695, 1.36622 ], [ 103.83697, 1.36623 ], [ 103.83699, 1.36625 ], [ 103.83701, 1.36629 ], [ 103.83702, 1.36631 ], [ 103.83703, 1.36633 ], [ 103.83708, 1.36648 ], [ 103.83702, 1.36651 ], [ 103.83703, 1.36654 ], [ 103.83697, 1.36656 ], [ 103.83704, 1.36676 ], [ 103.83702, 1.36677 ], [ 103.83698, 1.36678 ], [ 103.83666, 1.36689 ], [ 103.83671, 1.36703 ], [ 103.83658, 1.36707 ] ] } },
{ "type": "Feature", "properties": { "name": "route_start", "audit_layer": "route_endpoint", "len_m": null, "is_covered": null, "is_synthesized": null, "synth_class": null, "covered": null, "indoor": null, "tunnel": null, "bridge": null, "layer": null, "level": null, "highway": null, "footway": null, "length": null, "length_m": null, "effective_len_m": null, "dist_to_route_m": null, "OBJECTID": null, "source_area_m2": null, "STATION_NA": null, "EXIT_CODE": null, "INC_CRC": null, "FMEL_UPD_D": null, "BLK_NO": null, "ST_COD": null, "ENTITYID": null, "POSTAL_COD": null, "SHAPE.AREA": null, "SHAPE.LEN": null }, "geometry": { "type": "Point", "coordinates": [ 103.83666, 1.3708 ] } },
{ "type": "Feature", "properties": { "name": "route_end", "audit_layer": "route_endpoint", "len_m": null, "is_covered": null, "is_synthesized": null, "synth_class": null, "covered": null, "indoor": null, "tunnel": null, "bridge": null, "layer": null, "level": null, "highway": null, "footway": null, "length": null, "length_m": null, "effective_len_m": null, "dist_to_route_m": null, "OBJECTID": null, "source_area_m2": null, "STATION_NA": null, "EXIT_CODE": null, "INC_CRC": null, "FMEL_UPD_D": null, "BLK_NO": null, "ST_COD": null, "ENTITYID": null, "POSTAL_COD": null, "SHAPE.AREA": null, "SHAPE.LEN": null }, "geometry": { "type": "Point", "coordinates": [ 103.83658, 1.36707 ] } },
{ "type": "Feature", "properties": { "name": "exposed gap near 1.36690, 103.83677", "audit_layer": "route_exposed_gap", "len_m": 72.8, "is_covered": null, "is_synthesized": null, "synth_class": null, "covered": null, "indoor": null, "tunnel": null, "bridge": null, "layer": null, "level": null, "highway": null, "footway": null, "length": null, "length_m": null, "effective_len_m": null, "dist_to_route_m": null, "OBJECTID": null, "source_area_m2": null, "STATION_NA": null, "EXIT_CODE": null, "INC_CRC": null, "FMEL_UPD_D": null, "BLK_NO": null, "ST_COD": null, "ENTITYID": null, "POSTAL_COD": null, "SHAPE.AREA": null, "SHAPE.LEN": null }, "geometry": { "type": "LineString", "coordinates": [ [ 103.83658, 1.36707 ], [ 103.83671, 1.36703 ], [ 103.83666, 1.36689 ], [ 103.83698, 1.36678 ], [ 103.83702, 1.36677 ] ] } },
{ "type": "Feature", "properties": { "name": "exposed gap near 1.36811, 103.83653", "audit_layer": "route_exposed_gap", "len_m": 736.1, "is_covered": null, "is_synthesized": null, "synth_class": null, "covered": null, "indoor": null, "tunnel": null, "bridge": null, "layer": null, "level": null, "highway": null, "footway": null, "length": null, "length_m": null, "effective_len_m": null, "dist_to_route_m": null, "OBJECTID": null, "source_area_m2": null, "STATION_NA": null, "EXIT_CODE": null, "INC_CRC": null, "FMEL_UPD_D": null, "BLK_NO": null, "ST_COD": null, "ENTITYID": null, "POSTAL_COD": null, "SHAPE.AREA": null, "SHAPE.LEN": null }, "geometry": { "type": "LineString", "coordinates": [ [ 103.83666, 1.3708 ], [ 103.83667, 1.37071 ], [ 103.83673, 1.37043 ], [ 103.83678, 1.37028 ], [ 103.83681, 1.37021 ], [ 103.83694, 1.36992 ], [ 103.8372, 1.3695 ], [ 103.83726, 1.36941 ], [ 103.8373, 1.36935 ], [ 103.83726, 1.36932 ], [ 103.83716, 1.36925 ], [ 103.83705, 1.36918 ], [ 103.83691, 1.36907 ], [ 103.8368, 1.36896 ], [ 103.83661, 1.36875 ], [ 103.83652, 1.36863 ], [ 103.83645, 1.36852 ], [ 103.83636, 1.36836 ], [ 103.83626, 1.36817 ], [ 103.83619, 1.36797 ], [ 103.83602, 1.3675 ], [ 103.83581, 1.36686 ], [ 103.83575, 1.3667 ], [ 103.83572, 1.36661 ], [ 103.83583, 1.36657 ], [ 103.83592, 1.36653 ], [ 103.83614, 1.36646 ], [ 103.83645, 1.36635 ], [ 103.83687, 1.36621 ], [ 103.83689, 1.36621 ], [ 103.83692, 1.36621 ], [ 103.83695, 1.36622 ], [ 103.83697, 1.36623 ], [ 103.83699, 1.36625 ], [ 103.83701, 1.36629 ], [ 103.83702, 1.36631 ], [ 103.83703, 1.36633 ], [ 103.83708, 1.36648 ], [ 103.83702, 1.36651 ], [ 103.83703, 1.36654 ], [ 103.83697, 1.36656 ] ] } },
{ "type": "Feature", "properties": { "name": "Ang Mo Kio Avenue 3", "audit_layer": "network_uncovered_edge", "len_m": null, "is_covered": 0.0, "is_synthesized": null, "synth_class": null, "covered": null, "indoor": null, "tunnel": null, "bridge": null, "layer": null, "level": null, "highway": "primary", "footway": null, "length": 10.654, "length_m": null, "effective_len_m": 10.654, "dist_to_route_m": 7.1112971680696848, "OBJECTID": null, "source_area_m2": null, "STATION_NA": null, "EXIT_CODE": null, "INC_CRC": null, "FMEL_UPD_D": null, "BLK_NO": null, "ST_COD": null, "ENTITYID": null, "POSTAL_COD": null, "SHAPE.AREA": null, "SHAPE.LEN": null }, "geometry": { "type": "LineString", "coordinates": [ [ 103.8356596, 1.366631 ], [ 103.8356893, 1.3667221 ] ] } },
{ "type": "Feature", "properties": { "name": "Ang Mo Kio Avenue 3", "audit_layer": "network_uncovered_edge", "len_m": null, "is_covered": 0.0, "is_synthesized": null, "synth_class": null, "covered": null, "indoor": null, "tunnel": null, "bridge": null, "layer": null, "level": null, "highway": "primary", "footway": null, "length": 38.052, "length_m": null, "effective_len_m": 38.052, "dist_to_route_m": 7.0912669404056432, "OBJECTID": null, "source_area_m2": null, "STATION_NA": null, "EXIT_CODE": null, "INC_CRC": null, "FMEL_UPD_D": null, "BLK_NO": null, "ST_COD": null, "ENTITYID": null, "POSTAL_COD": null, "SHAPE.AREA": null, "SHAPE.LEN": null }, "geometry": { "type": "LineString", "coordinates": [ [ 103.8356893, 1.3667221 ], [ 103.8358035, 1.3670447 ] ] } },
{ "type": "Feature", "properties": { "name": "Ang Mo Kio Avenue 3", "audit_layer": "network_uncovered_edge", "len_m": null, "is_covered": 0.0, "is_synthesized": null, "synth_class": null, "covered": null, "indoor": null, "tunnel": null, "bridge": null, "layer": null, "level": null, "highway": "primary", "footway": null, "length": 30.291, "length_m": null, "effective_len_m": 30.291, "dist_to_route_m": 7.0912669404056432, "OBJECTID": null, "source_area_m2": null, "STATION_NA": null, "EXIT_CODE": null, "INC_CRC": null, "FMEL_UPD_D": null, "BLK_NO": null, "ST_COD": null, "ENTITYID": null, "POSTAL_COD": null, "SHAPE.AREA": null, "SHAPE.LEN": null }, "geometry": { "type": "LineString", "coordinates": [ [ 103.8358035, 1.3670447 ], [ 103.8358867, 1.3673041 ] ] } },
{ "type": "Feature", "properties": { "name": "Ang Mo Kio Avenue 4", "audit_layer": "network_uncovered_edge", "len_m": null, "is_covered": 0.0, "is_synthesized": null, "synth_class": null, "covered": null, "indoor": null, "tunnel": null, "bridge": null, "layer": null, "level": null, "highway": "secondary", "footway": null, "length": 7.231, "length_m": null, "effective_len_m": 7.231, "dist_to_route_m": 0.18155468645605435, "OBJECTID": null, "source_area_m2": null, "STATION_NA": null, "EXIT_CODE": null, "INC_CRC": null, "FMEL_UPD_D": null, "BLK_NO": null, "ST_COD": null, "ENTITYID": null, "POSTAL_COD": null, "SHAPE.AREA": null, "SHAPE.LEN": null }, "geometry": { "type": "LineString", "coordinates": [ [ 103.837257, 1.3693199 ], [ 103.8372169, 1.3693711 ] ] } },
{ "type": "Feature", "properties": { "name": "Ang Mo Kio Avenue 4", "audit_layer": "network_uncovered_edge", "len_m": null, "is_covered": 0.0, "is_synthesized": null, "synth_class": null, "covered": null, "indoor": null, "tunnel": null, "bridge": null, "layer": null, "level": null, "highway": "secondary", "footway": null, "length": 7.52, "length_m": null, "effective_len_m": 7.52, "dist_to_route_m": 0.1509418474550013, "OBJECTID": null, "source_area_m2": null, "STATION_NA": null, "EXIT_CODE": null, "INC_CRC": null, "FMEL_UPD_D": null, "BLK_NO": null, "ST_COD": null, "ENTITYID": null, "POSTAL_COD": null, "SHAPE.AREA": null, "SHAPE.LEN": null }, "geometry": { "type": "LineString", "coordinates": [ [ 103.8372625, 1.3694087 ], [ 103.8373013, 1.3693533 ] ] } },
{ "type": "Feature", "properties": { "name": "Ang Mo Kio Avenue 4", "audit_layer": "network_uncovered_edge", "len_m": null, "is_covered": 0.0, "is_synthesized": null, "synth_class": null, "covered": null, "indoor": null, "tunnel": null, "bridge": null, "layer": null, "level": null, "highway": "secondary", "footway": null, "length": 12.899, "length_m": null, "effective_len_m": 12.899, "dist_to_route_m": 5.9760650121498617, "OBJECTID": null, "source_area_m2": null, "STATION_NA": null, "EXIT_CODE": null, "INC_CRC": null, "FMEL_UPD_D": null, "BLK_NO": null, "ST_COD": null, "ENTITYID": null, "POSTAL_COD": null, "SHAPE.AREA": null, "SHAPE.LEN": null }, "geometry": { "type": "LineString", "coordinates": [ [ 103.8372169, 1.3693711 ], [ 103.8371556, 1.3694696 ] ] } },
{ "type": "Feature", "properties": { "name": "Ang Mo Kio Avenue 4", "audit_layer": "network_uncovered_edge", "len_m": null, "is_covered": 0.0, "is_synthesized": null, "synth_class": null, "covered": null, "indoor": null, "tunnel": null, "bridge": null, "layer": null, "level": null, "highway": "secondary", "footway": null, "length": 52.255, "length_m": null, "effective_len_m": 52.255, "dist_to_route_m": 5.9715563710097639, "OBJECTID": null, "source_area_m2": null, "STATION_NA": null, "EXIT_CODE": null, "INC_CRC": null, "FMEL_UPD_D": null, "BLK_NO": null, "ST_COD": null, "ENTITYID": null, "POSTAL_COD": null, "SHAPE.AREA": null, "SHAPE.LEN": null }, "geometry": { "type": "LineString", "coordinates": [ [ 103.8371556, 1.3694696 ], [ 103.8369079, 1.369869 ] ] } },
{ "type": "Feature", "properties": { "name": "Ang Mo Kio Avenue 4", "audit_layer": "network_uncovered_edge", "len_m": null, "is_covered": 0.0, "is_synthesized": null, "synth_class": null, "covered": null, "indoor": null, "tunnel": null, "bridge": null, "layer": null, "level": null, "highway": "secondary", "footway": null, "length": 21.742, "length_m": null, "effective_len_m": 21.742, "dist_to_route_m": 5.8370848538249209, "OBJECTID": null, "source_area_m2": null, "STATION_NA": null, "EXIT_CODE": null, "INC_CRC": null, "FMEL_UPD_D": null, "BLK_NO": null, "ST_COD": null, "ENTITYID": null, "POSTAL_COD": null, "SHAPE.AREA": null, "SHAPE.LEN": null }, "geometry": { "type": "LineString", "coordinates": [ [ 103.8369079, 1.369869 ], [ 103.8368147, 1.3700409 ] ] } },
{ "type": "Feature", "properties": { "name": "Ang Mo Kio Avenue 3", "audit_layer": "network_uncovered_edge", "len_m": null, "is_covered": 0.0, "is_synthesized": null, "synth_class": null, "covered": null, "indoor": null, "tunnel": null, "bridge": null, "layer": null, "level": null, "highway": "primary", "footway": null, "length": 6.571, "length_m": null, "effective_len_m": 6.571, "dist_to_route_m": 0.0, "OBJECTID": null, "source_area_m2": null, "STATION_NA": null, "EXIT_CODE": null, "INC_CRC": null, "FMEL_UPD_D": null, "BLK_NO": null, "ST_COD": null, "ENTITYID": null, "POSTAL_COD": null, "SHAPE.AREA": null, "SHAPE.LEN": null }, "geometry": { "type": "LineString", "coordinates": [ [ 103.8372169, 1.3693711 ], [ 103.8372625, 1.3694087 ] ] } },
{ "type": "Feature", "properties": { "name": "Ang Mo Kio Avenue 3", "audit_layer": "network_uncovered_edge", "len_m": null, "is_covered": 0.0, "is_synthesized": null, "synth_class": null, "covered": null, "indoor": null, "tunnel": null, "bridge": null, "layer": null, "level": null, "highway": "primary", "footway": null, "length": 13.288, "length_m": null, "effective_len_m": 13.288, "dist_to_route_m": 0.18155468645605435, "OBJECTID": null, "source_area_m2": null, "STATION_NA": null, "EXIT_CODE": null, "INC_CRC": null, "FMEL_UPD_D": null, "BLK_NO": null, "ST_COD": null, "ENTITYID": null, "POSTAL_COD": null, "SHAPE.AREA": null, "SHAPE.LEN": null }, "geometry": { "type": "LineString", "coordinates": [ [ 103.837257, 1.3693199 ], [ 103.8371585, 1.3692522 ] ] } },
{ "type": "Feature", "properties": { "name": "Ang Mo Kio Avenue 3", "audit_layer": "network_uncovered_edge", "len_m": null, "is_covered": 0.0, "is_synthesized": null, "synth_class": null, "covered": null, "indoor": null, "tunnel": null, "bridge": null, "layer": null, "level": null, "highway": "primary", "footway": null, "length": 14.824, "length_m": null, "effective_len_m": 14.824, "dist_to_route_m": 0.0, "OBJECTID": null, "source_area_m2": null, "STATION_NA": null, "EXIT_CODE": null, "INC_CRC": null, "FMEL_UPD_D": null, "BLK_NO": null, "ST_COD": null, "ENTITYID": null, "POSTAL_COD": null, "SHAPE.AREA": null, "SHAPE.LEN": null }, "geometry": { "type": "LineString", "coordinates": [ [ 103.8371585, 1.3692522 ], [ 103.8370488, 1.3691764 ] ] } },
{ "type": "Feature", "properties": { "name": "Ang Mo Kio Avenue 3", "audit_layer": "network_uncovered_edge", "len_m": null, "is_covered": 0.0, "is_synthesized": null, "synth_class": null, "covered": null, "indoor": null, "tunnel": null, "bridge": null, "layer": null, "level": null, "highway": "primary", "footway": null, "length": 19.318, "length_m": null, "effective_len_m": 19.318, "dist_to_route_m": 0.0, "OBJECTID": null, "source_area_m2": null, "STATION_NA": null, "EXIT_CODE": null, "INC_CRC": null, "FMEL_UPD_D": null, "BLK_NO": null, "ST_COD": null, "ENTITYID": null, "POSTAL_COD": null, "SHAPE.AREA": null, "SHAPE.LEN": null }, "geometry": { "type": "LineString", "coordinates": [ [ 103.8370488, 1.3691764 ], [ 103.8369102, 1.3690716 ] ] } },
{ "type": "Feature", "properties": { "name": "Ang Mo Kio Avenue 3", "audit_layer": "network_uncovered_edge", "len_m": null, "is_covered": 0.0, "is_synthesized": null, "synth_class": null, "covered": null, "indoor": null, "tunnel": null, "bridge": null, "layer": null, "level": null, "highway": "primary", "footway": null, "length": 17.862, "length_m": null, "effective_len_m": 17.862, "dist_to_route_m": 0.11043204702125134, "OBJECTID": null, "source_area_m2": null, "STATION_NA": null, "EXIT_CODE": null, "INC_CRC": null, "FMEL_UPD_D": null, "BLK_NO": null, "ST_COD": null, "ENTITYID": null, "POSTAL_COD": null, "SHAPE.AREA": null, "SHAPE.LEN": null }, "geometry": { "type": "LineString", "coordinates": [ [ 103.8369102, 1.3690716 ], [ 103.8367961, 1.3689585 ] ] } },
{ "type": "Feature", "properties": { "name": "Ang Mo Kio Avenue 3", "audit_layer": "network_uncovered_edge", "len_m": null, "is_covered": 0.0, "is_synthesized": null, "synth_class": null, "covered": null, "indoor": null, "tunnel": null, "bridge": null, "layer": null, "level": null, "highway": "primary", "footway": null, "length": 31.353, "length_m": null, "effective_len_m": 31.353, "dist_to_route_m": 0.19487126217672271, "OBJECTID": null, "source_area_m2": null, "STATION_NA": null, "EXIT_CODE": null, "INC_CRC": null, "FMEL_UPD_D": null, "BLK_NO": null, "ST_COD": null, "ENTITYID": null, "POSTAL_COD": null, "SHAPE.AREA": null, "SHAPE.LEN": null }, "geometry": { "type": "LineString", "coordinates": [ [ 103.8367961, 1.3689585 ], [ 103.836607, 1.3687493 ] ] } },
{ "type": "Feature", "properties": { "name": "Ang Mo Kio Avenue 3", "audit_layer": "network_uncovered_edge", "len_m": null, "is_covered": 0.0, "is_synthesized": null, "synth_class": null, "covered": null, "indoor": null, "tunnel": null, "bridge": null, "layer": null, "level": null, "highway": "primary", "footway": null, "length": 16.289, "length_m": null, "effective_len_m": 16.289, "dist_to_route_m": 0.21983872466498242, "OBJECTID": null, "source_area_m2": null, "STATION_NA": null, "EXIT_CODE": null, "INC_CRC": null, "FMEL_UPD_D": null, "BLK_NO": null, "ST_COD": null, "ENTITYID": null, "POSTAL_COD": null, "SHAPE.AREA": null, "SHAPE.LEN": null }, "geometry": { "type": "LineString", "coordinates": [ [ 103.836607, 1.3687493 ], [ 103.8365183, 1.3686327 ] ] } },
{ "type": "Feature", "properties": { "name": "Ang Mo Kio Avenue 3", "audit_layer": "network_uncovered_edge", "len_m": null, "is_covered": 0.0, "is_synthesized": null, "synth_class": null, "covered": null, "indoor": null, "tunnel": null, "bridge": null, "layer": null, "level": null, "highway": "primary", "footway": null, "length": 14.453, "length_m": null, "effective_len_m": 14.453, "dist_to_route_m": 0.12523701012644994, "OBJECTID": null, "source_area_m2": null, "STATION_NA": null, "EXIT_CODE": null, "INC_CRC": null, "FMEL_UPD_D": null, "BLK_NO": null, "ST_COD": null, "ENTITYID": null, "POSTAL_COD": null, "SHAPE.AREA": null, "SHAPE.LEN": null }, "geometry": { "type": "LineString", "coordinates": [ [ 103.8365183, 1.3686327 ], [ 103.83645, 1.3685221 ] ] } },
{ "type": "Feature", "properties": { "name": "Ang Mo Kio Avenue 3", "audit_layer": "network_uncovered_edge", "len_m": null, "is_covered": 0.0, "is_synthesized": null, "synth_class": null, "covered": null, "indoor": null, "tunnel": null, "bridge": null, "layer": null, "level": null, "highway": "primary", "footway": null, "length": 20.571, "length_m": null, "effective_len_m": 20.571, "dist_to_route_m": 0.0, "OBJECTID": null, "source_area_m2": null, "STATION_NA": null, "EXIT_CODE": null, "INC_CRC": null, "FMEL_UPD_D": null, "BLK_NO": null, "ST_COD": null, "ENTITYID": null, "POSTAL_COD": null, "SHAPE.AREA": null, "SHAPE.LEN": null }, "geometry": { "type": "LineString", "coordinates": [ [ 103.83645, 1.3685221 ], [ 103.8363621, 1.3683593 ] ] } },
{ "type": "Feature", "properties": { "name": "Ang Mo Kio Avenue 3", "audit_layer": "network_uncovered_edge", "len_m": null, "is_covered": 0.0, "is_synthesized": null, "synth_class": null, "covered": null, "indoor": null, "tunnel": null, "bridge": null, "layer": null, "level": null, "highway": "primary", "footway": null, "length": 23.525, "length_m": null, "effective_len_m": 23.525, "dist_to_route_m": 0.0, "OBJECTID": null, "source_area_m2": null, "STATION_NA": null, "EXIT_CODE": null, "INC_CRC": null, "FMEL_UPD_D": null, "BLK_NO": null, "ST_COD": null, "ENTITYID": null, "POSTAL_COD": null, "SHAPE.AREA": null, "SHAPE.LEN": null }, "geometry": { "type": "LineString", "coordinates": [ [ 103.8363621, 1.3683593 ], [ 103.8362589, 1.3681746 ] ] } },
{ "type": "Feature", "properties": { "name": "Ang Mo Kio Avenue 3", "audit_layer": "network_uncovered_edge", "len_m": null, "is_covered": 0.0, "is_synthesized": null, "synth_class": null, "covered": null, "indoor": null, "tunnel": null, "bridge": null, "layer": null, "level": null, "highway": "primary", "footway": null, "length": 23.873, "length_m": null, "effective_len_m": 23.873, "dist_to_route_m": 0.23407418469430724, "OBJECTID": null, "source_area_m2": null, "STATION_NA": null, "EXIT_CODE": null, "INC_CRC": null, "FMEL_UPD_D": null, "BLK_NO": null, "ST_COD": null, "ENTITYID": null, "POSTAL_COD": null, "SHAPE.AREA": null, "SHAPE.LEN": null }, "geometry": { "type": "LineString", "coordinates": [ [ 103.8362589, 1.3681746 ], [ 103.8361884, 1.3679718 ] ] } },
{ "type": "Feature", "properties": { "name": "Ang Mo Kio Avenue 3", "audit_layer": "network_uncovered_edge", "len_m": null, "is_covered": 0.0, "is_synthesized": null, "synth_class": null, "covered": null, "indoor": null, "tunnel": null, "bridge": null, "layer": null, "level": null, "highway": "primary", "footway": null, "length": 55.928, "length_m": null, "effective_len_m": 55.928, "dist_to_route_m": 0.23407418469430724, "OBJECTID": null, "source_area_m2": null, "STATION_NA": null, "EXIT_CODE": null, "INC_CRC": null, "FMEL_UPD_D": null, "BLK_NO": null, "ST_COD": null, "ENTITYID": null, "POSTAL_COD": null, "SHAPE.AREA": null, "SHAPE.LEN": null }, "geometry": { "type": "LineString", "coordinates": [ [ 103.8361884, 1.3679718 ], [ 103.8360165, 1.3674991 ] ] } },
{ "type": "Feature", "properties": { "name": "Ang Mo Kio Avenue 1", "audit_layer": "network_uncovered_edge", "len_m": null, "is_covered": 0.0, "is_synthesized": null, "synth_class": null, "covered": null, "indoor": null, "tunnel": null, "bridge": null, "layer": null, "level": null, "highway": "primary", "footway": null, "length": 6.328, "length_m": null, "effective_len_m": 6.328, "dist_to_route_m": 7.1112971680696848, "OBJECTID": null, "source_area_m2": null, "STATION_NA": null, "EXIT_CODE": null, "INC_CRC": null, "FMEL_UPD_D": null, "BLK_NO": null, "ST_COD": null, "ENTITYID": null, "POSTAL_COD": null, "SHAPE.AREA": null, "SHAPE.LEN": null }, "geometry": { "type": "LineString", "coordinates": [ [ 103.8356065, 1.3666515 ], [ 103.8356596, 1.366631 ] ] } },
{ "type": "Feature", "properties": { "name": "Ang Mo Kio Avenue 1", "audit_layer": "network_uncovered_edge", "len_m": null, "is_covered": 0.0, "is_synthesized": null, "synth_class": null, "covered": null, "indoor": null, "tunnel": null, "bridge": null, "layer": null, "level": null, "highway": "primary", "footway": null, "length": 8.737, "length_m": null, "effective_len_m": 8.737, "dist_to_route_m": 17.126635716246572, "OBJECTID": null, "source_area_m2": null, "STATION_NA": null, "EXIT_CODE": null, "INC_CRC": null, "FMEL_UPD_D": null, "BLK_NO": null, "ST_COD": null, "ENTITYID": null, "POSTAL_COD": null, "SHAPE.AREA": null, "SHAPE.LEN": null }, "geometry": { "type": "LineString", "coordinates": [ [ 103.8356187, 1.3664934 ], [ 103.8355446, 1.3665196 ] ] } },
{ "type": "Feature", "properties": { "name": "Ang Mo Kio Avenue 1", "audit_layer": "network_uncovered_edge", "len_m": null, "is_covered": 0.0, "is_synthesized": null, "synth_class": null, "covered": null, "indoor": null, "tunnel": null, "bridge": null, "layer": null, "level": null, "highway": "primary", "footway": null, "length": 4.36, "length_m": null, "effective_len_m": 4.36, "dist_to_route_m": 21.930499733695626, "OBJECTID": null, "source_area_m2": null, "STATION_NA": null, "EXIT_CODE": null, "INC_CRC": null, "FMEL_UPD_D": null, "BLK_NO": null, "ST_COD": null, "ENTITYID": null, "POSTAL_COD": null, "SHAPE.AREA": null, "SHAPE.LEN": null }, "geometry": { "type": "LineString", "coordinates": [ [ 103.8355446, 1.3665196 ], [ 103.8355077, 1.3665329 ] ] } },
{ "type": "Feature", "properties": { "name": "Ang Mo Kio Avenue 1", "audit_layer": "network_uncovered_edge", "len_m": null, "is_covered": 0.0, "is_synthesized": null, "synth_class": null, "covered": null, "indoor": null, "tunnel": null, "bridge": null, "layer": null, "level": null, "highway": "primary", "footway": null, "length": 25.824, "length_m": null, "effective_len_m": 25.824, "dist_to_route_m": 25.117530941892046, "OBJECTID": null, "source_area_m2": null, "STATION_NA": null, "EXIT_CODE": null, "INC_CRC": null, "FMEL_UPD_D": null, "BLK_NO": null, "ST_COD": null, "ENTITYID": null, "POSTAL_COD": null, "SHAPE.AREA": null, "SHAPE.LEN": null }, "geometry": { "type": "LineString", "coordinates": [ [ 103.8355077, 1.3665329 ], [ 103.8352876, 1.3666072 ] ] } },
{ "type": "Feature", "properties": { "name": "Ang Mo Kio Avenue 1", "audit_layer": "network_uncovered_edge", "len_m": null, "is_covered": 0.0, "is_synthesized": null, "synth_class": null, "covered": null, "indoor": null, "tunnel": null, "bridge": null, "layer": null, "level": null, "highway": "primary", "footway": null, "length": 33.801, "length_m": null, "effective_len_m": 33.801, "dist_to_route_m": 48.121944026149961, "OBJECTID": null, "source_area_m2": null, "STATION_NA": null, "EXIT_CODE": null, "INC_CRC": null, "FMEL_UPD_D": null, "BLK_NO": null, "ST_COD": null, "ENTITYID": null, "POSTAL_COD": null, "SHAPE.AREA": null, "SHAPE.LEN": null }, "geometry": { "type": "LineString", "coordinates": [ [ 103.8352876, 1.3666072 ], [ 103.8349995, 1.3667044 ] ] } },
{ "type": "Feature", "properties": { "name": "Ang Mo Kio Avenue 1", "audit_layer": "network_uncovered_edge", "len_m": null, "is_covered": 0.0, "is_synthesized": null, "synth_class": null, "covered": null, "indoor": null, "tunnel": null, "bridge": null, "layer": null, "level": null, "highway": "primary", "footway": null, "length": 49.035, "length_m": null, "effective_len_m": 49.035, "dist_to_route_m": 16.74676663187601, "OBJECTID": null, "source_area_m2": null, "STATION_NA": null, "EXIT_CODE": null, "INC_CRC": null, "FMEL_UPD_D": null, "BLK_NO": null, "ST_COD": null, "ENTITYID": null, "POSTAL_COD": null, "SHAPE.AREA": null, "SHAPE.LEN": null }, "geometry": { "type": "LineString", "coordinates": [ [ 103.8370942, 1.3661407 ], [ 103.8375086, 1.3659896 ] ] } },
{ "type": "Feature", "properties": { "name": "Ang Mo Kio Avenue 1", "audit_layer": "network_uncovered_edge", "len_m": null, "is_covered": 0.0, "is_synthesized": null, "synth_class": null, "covered": null, "indoor": null, "tunnel": null, "bridge": null, "layer": null, "level": null, "highway": "primary", "footway": null, "length": 41.368, "length_m": null, "effective_len_m": 41.368, "dist_to_route_m": 64.497537602824792, "OBJECTID": null, "source_area_m2": null, "STATION_NA": null, "EXIT_CODE": null, "INC_CRC": null, "FMEL_UPD_D": null, "BLK_NO": null, "ST_COD": null, "ENTITYID": null, "POSTAL_COD": null, "SHAPE.AREA": null, "SHAPE.LEN": null }, "geometry": { "type": "LineString", "coordinates": [ [ 103.8375086, 1.3659896 ], [ 103.837856300000013, 1.365857 ] ] } },
{ "type": "Feature", "properties": { "name": "Ang Mo Kio Avenue 4", "audit_layer": "network_uncovered_edge", "len_m": null, "is_covered": 0.0, "is_synthesized": null, "synth_class": null, "covered": null, "indoor": null, "tunnel": null, "bridge": null, "layer": null, "level": null, "highway": "secondary", "footway": null, "length": 9.425, "length_m": null, "effective_len_m": 9.425, "dist_to_route_m": 18.064180228388697, "OBJECTID": null, "source_area_m2": null, "STATION_NA": null, "EXIT_CODE": null, "INC_CRC": null, "FMEL_UPD_D": null, "BLK_NO": null, "ST_COD": null, "ENTITYID": null, "POSTAL_COD": null, "SHAPE.AREA": null, "SHAPE.LEN": null }, "geometry": { "type": "LineString", "coordinates": [ [ 103.8366433, 1.3710475 ], [ 103.8366465, 1.3709628 ] ] } },
{ "type": "Feature", "properties": { "name": "Ang Mo Kio Street 11", "audit_layer": "network_uncovered_edge", "len_m": null, "is_covered": 0.0, "is_synthesized": null, "synth_class": null, "covered": null, "indoor": null, "tunnel": null, "bridge": null, "layer": null, "level": null, "highway": "tertiary", "footway": null, "length": 9.493, "length_m": null, "effective_len_m": 9.493, "dist_to_route_m": 27.427277775796959, "OBJECTID": null, "source_area_m2": null, "STATION_NA": null, "EXIT_CODE": null, "INC_CRC": null, "FMEL_UPD_D": null, "BLK_NO": null, "ST_COD": null, "ENTITYID": null, "POSTAL_COD": null, "SHAPE.AREA": null, "SHAPE.LEN": null }, "geometry": { "type": "LineString", "coordinates": [ [ 103.8365582, 1.3710404 ], [ 103.8366433, 1.3710475 ] ] } },
{ "type": "Feature", "properties": { "name": null, "audit_layer": "network_uncovered_edge", "len_m": null, "is_covered": 0.0, "is_synthesized": null, "synth_class": null, "covered": null, "indoor": null, "tunnel": null, "bridge": null, "layer": null, "level": null, "highway": "service", "footway": null, "length": 12.903, "length_m": null, "effective_len_m": 12.903, "dist_to_route_m": 39.016904462654828, "OBJECTID": null, "source_area_m2": null, "STATION_NA": null, "EXIT_CODE": null, "INC_CRC": null, "FMEL_UPD_D": null, "BLK_NO": null, "ST_COD": null, "ENTITYID": null, "POSTAL_COD": null, "SHAPE.AREA": null, "SHAPE.LEN": null }, "geometry": { "type": "LineString", "coordinates": [ [ 103.8366236, 1.3677965 ], [ 103.836512500000012, 1.3678301 ] ] } },
{ "type": "Feature", "properties": { "name": null, "audit_layer": "network_uncovered_edge", "len_m": null, "is_covered": 0.0, "is_synthesized": null, "synth_class": null, "covered": null, "indoor": null, "tunnel": null, "bridge": null, "layer": null, "level": null, "highway": "service", "footway": null, "length": 4.751, "length_m": null, "effective_len_m": 4.751, "dist_to_route_m": 34.271677315624373, "OBJECTID": null, "source_area_m2": null, "STATION_NA": null, "EXIT_CODE": null, "INC_CRC": null, "FMEL_UPD_D": null, "BLK_NO": null, "ST_COD": null, "ENTITYID": null, "POSTAL_COD": null, "SHAPE.AREA": null, "SHAPE.LEN": null }, "geometry": { "type": "LineString", "coordinates": [ [ 103.836512500000012, 1.3678301 ], [ 103.8364732, 1.3678469 ] ] } },
{ "type": "Feature", "properties": { "name": null, "audit_layer": "network_uncovered_edge", "len_m": null, "is_covered": 0.0, "is_synthesized": null, "synth_class": null, "covered": null, "indoor": null, "tunnel": null, "bridge": null, "layer": null, "level": null, "highway": "service", "footway": null, "length": 3.698, "length_m": null, "effective_len_m": 3.698, "dist_to_route_m": 32.156335725364571, "OBJECTID": null, "source_area_m2": null, "STATION_NA": null, "EXIT_CODE": null, "INC_CRC": null, "FMEL_UPD_D": null, "BLK_NO": null, "ST_COD": null, "ENTITYID": null, "POSTAL_COD": null, "SHAPE.AREA": null, "SHAPE.LEN": null }, "geometry": { "type": "LineString", "coordinates": [ [ 103.8364732, 1.3678469 ], [ 103.8364645, 1.367879 ] ] } },
{ "type": "Feature", "properties": { "name": null, "audit_layer": "network_uncovered_edge", "len_m": null, "is_covered": 0.0, "is_synthesized": null, "synth_class": null, "covered": null, "indoor": null, "tunnel": null, "bridge": null, "layer": null, "level": null, "highway": "service", "footway": null, "length": 3.581, "length_m": null, "effective_len_m": 3.581, "dist_to_route_m": 31.35859380787365, "OBJECTID": null, "source_area_m2": null, "STATION_NA": null, "EXIT_CODE": null, "INC_CRC": null, "FMEL_UPD_D": null, "BLK_NO": null, "ST_COD": null, "ENTITYID": null, "POSTAL_COD": null, "SHAPE.AREA": null, "SHAPE.LEN": null }, "geometry": { "type": "LineString", "coordinates": [ [ 103.8364645, 1.367879 ], [ 103.8364681, 1.367911 ] ] } },
{ "type": "Feature", "properties": { "name": null, "audit_layer": "network_uncovered_edge", "len_m": null, "is_covered": 0.0, "is_synthesized": null, "synth_class": null, "covered": null, "indoor": null, "tunnel": null, "bridge": null, "layer": null, "level": null, "highway": "service", "footway": null, "length": 14.556, "length_m": null, "effective_len_m": 14.556, "dist_to_route_m": 31.35859380787365, "OBJECTID": null, "source_area_m2": null, "STATION_NA": null, "EXIT_CODE": null, "INC_CRC": null, "FMEL_UPD_D": null, "BLK_NO": null, "ST_COD": null, "ENTITYID": null, "POSTAL_COD": null, "SHAPE.AREA": null, "SHAPE.LEN": null }, "geometry": { "type": "LineString", "coordinates": [ [ 103.8364681, 1.367911 ], [ 103.8365211, 1.3680307 ] ] } },
{ "type": "Feature", "properties": { "name": null, "audit_layer": "network_uncovered_edge", "len_m": null, "is_covered": 0.0, "is_synthesized": null, "synth_class": null, "covered": null, "indoor": null, "tunnel": null, "bridge": null, "layer": null, "level": null, "highway": "service", "footway": null, "length": 14.245, "length_m": null, "effective_len_m": 14.245, "dist_to_route_m": 32.524239845478895, "OBJECTID": null, "source_area_m2": null, "STATION_NA": null, "EXIT_CODE": null, "INC_CRC": null, "FMEL_UPD_D": null, "BLK_NO": null, "ST_COD": null, "ENTITYID": null, "POSTAL_COD": null, "SHAPE.AREA": null, "SHAPE.LEN": null }, "geometry": { "type": "LineString", "coordinates": [ [ 103.8365211, 1.3680307 ], [ 103.8365833, 1.3681427 ] ] } },
{ "type": "Feature", "properties": { "name": null, "audit_layer": "network_uncovered_edge", "len_m": null, "is_covered": 0.0, "is_synthesized": null, "synth_class": null, "covered": null, "indoor": null, "tunnel": null, "bridge": null, "layer": null, "level": null, "highway": "service", "footway": null, "length": 0.832, "length_m": null, "effective_len_m": 0.832, "dist_to_route_m": 33.207270403269725, "OBJECTID": null, "source_area_m2": null, "STATION_NA": null, "EXIT_CODE": null, "INC_CRC": null, "FMEL_UPD_D": null, "BLK_NO": null, "ST_COD": null, "ENTITYID": null, "POSTAL_COD": null, "SHAPE.AREA": null, "SHAPE.LEN": null }, "geometry": { "type": "LineString", "coordinates": [ [ 103.8365833, 1.3681427 ], [ 103.8365879, 1.3681486 ] ] } },
{ "type": "Feature", "properties": { "name": null, "audit_layer": "network_uncovered_edge", "len_m": null, "is_covered": 0.0, "is_synthesized": null, "synth_class": null, "covered": null, "indoor": null, "tunnel": null, "bridge": null, "layer": null, "level": null, "highway": "service", "footway": null, "length": 11.52, "length_m": null, "effective_len_m": 11.52, "dist_to_route_m": 33.354266990387075, "OBJECTID": null, "source_area_m2": null, "STATION_NA": null, "EXIT_CODE": null, "INC_CRC": null, "FMEL_UPD_D": null, "BLK_NO": null, "ST_COD": null, "ENTITYID": null, "POSTAL_COD": null, "SHAPE.AREA": null, "SHAPE.LEN": null }, "geometry": { "type": "LineString", "coordinates": [ [ 103.8365879, 1.3681486 ], [ 103.8366515, 1.3682304 ] ] } },
{ "type": "Feature", "properties": { "name": null, "audit_layer": "network_uncovered_edge", "len_m": null, "is_covered": 0.0, "is_synthesized": null, "synth_class": null, "covered": null, "indoor": null, "tunnel": null, "bridge": null, "layer": null, "level": null, "highway": "service", "footway": null, "length": 12.451, "length_m": null, "effective_len_m": 12.451, "dist_to_route_m": 35.290460540714406, "OBJECTID": null, "source_area_m2": null, "STATION_NA": null, "EXIT_CODE": null, "INC_CRC": null, "FMEL_UPD_D": null, "BLK_NO": null, "ST_COD": null, "ENTITYID": null, "POSTAL_COD": null, "SHAPE.AREA": null, "SHAPE.LEN": null }, "geometry": { "type": "LineString", "coordinates": [ [ 103.8366515, 1.3682304 ], [ 103.8367268, 1.3683133 ] ] } },
{ "type": "Feature", "properties": { "name": null, "audit_layer": "network_uncovered_edge", "len_m": null, "is_covered": 0.0, "is_synthesized": null, "synth_class": null, "covered": null, "indoor": null, "tunnel": null, "bridge": null, "layer": null, "level": null, "highway": "service", "footway": null, "length": 15.439, "length_m": null, "effective_len_m": 15.439, "dist_to_route_m": 38.066895809224334, "OBJECTID": null, "source_area_m2": null, "STATION_NA": null, "EXIT_CODE": null, "INC_CRC": null, "FMEL_UPD_D": null, "BLK_NO": null, "ST_COD": null, "ENTITYID": null, "POSTAL_COD": null, "SHAPE.AREA": null, "SHAPE.LEN": null }, "geometry": { "type": "LineString", "coordinates": [ [ 103.8367268, 1.3683133 ], [ 103.8368339, 1.3684017 ] ] } },
{ "type": "Feature", "properties": { "name": null, "audit_layer": "network_uncovered_edge", "len_m": null, "is_covered": 0.0, "is_synthesized": null, "synth_class": null, "covered": null, "indoor": null, "tunnel": null, "bridge": null, "layer": null, "level": null, "highway": "service", "footway": null, "length": 4.092, "length_m": null, "effective_len_m": 4.092, "dist_to_route_m": 43.032120160190274, "OBJECTID": null, "source_area_m2": null, "STATION_NA": null, "EXIT_CODE": null, "INC_CRC": null, "FMEL_UPD_D": null, "BLK_NO": null, "ST_COD": null, "ENTITYID": null, "POSTAL_COD": null, "SHAPE.AREA": null, "SHAPE.LEN": null }, "geometry": { "type": "LineString", "coordinates": [ [ 103.8368339, 1.3684017 ], [ 103.8368707, 1.3684026 ] ] } },
{ "type": "Feature", "properties": { "name": null, "audit_layer": "network_uncovered_edge", "len_m": null, "is_covered": 0.0, "is_synthesized": null, "synth_class": null, "covered": null, "indoor": null, "tunnel": null, "bridge": null, "layer": null, "level": null, "highway": "service", "footway": null, "length": 6.254, "length_m": null, "effective_len_m": 6.254, "dist_to_route_m": 46.299372223025181, "OBJECTID": null, "source_area_m2": null, "STATION_NA": null, "EXIT_CODE": null, "INC_CRC": null, "FMEL_UPD_D": null, "BLK_NO": null, "ST_COD": null, "ENTITYID": null, "POSTAL_COD": null, "SHAPE.AREA": null, "SHAPE.LEN": null }, "geometry": { "type": "LineString", "coordinates": [ [ 103.8368707, 1.3684026 ], [ 103.8369135, 1.3683661 ] ] } },
{ "type": "Feature", "properties": { "name": null, "audit_layer": "network_uncovered_edge", "len_m": null, "is_covered": 0.0, "is_synthesized": null, "synth_class": null, "covered": null, "indoor": null, "tunnel": null, "bridge": null, "layer": null, "level": null, "highway": "service", "footway": null, "length": 10.047, "length_m": null, "effective_len_m": 10.047, "dist_to_route_m": 52.532578124453437, "OBJECTID": null, "source_area_m2": null, "STATION_NA": null, "EXIT_CODE": null, "INC_CRC": null, "FMEL_UPD_D": null, "BLK_NO": null, "ST_COD": null, "ENTITYID": null, "POSTAL_COD": null, "SHAPE.AREA": null, "SHAPE.LEN": null }, "geometry": { "type": "LineString", "coordinates": [ [ 103.8369135, 1.3683661 ], [ 103.8369645, 1.3682915 ] ] } },
{ "type": "Feature", "properties": { "name": null, "audit_layer": "network_uncovered_edge", "len_m": null, "is_covered": 0.0, "is_synthesized": null, "synth_class": null, "covered": null, "indoor": null, "tunnel": null, "bridge": null, "layer": null, "level": null, "highway": "service", "footway": null, "length": 6.702, "length_m": null, "effective_len_m": 6.702, "dist_to_route_m": 72.06965998338832, "OBJECTID": null, "source_area_m2": null, "STATION_NA": null, "EXIT_CODE": null, "INC_CRC": null, "FMEL_UPD_D": null, "BLK_NO": null, "ST_COD": null, "ENTITYID": null, "POSTAL_COD": null, "SHAPE.AREA": null, "SHAPE.LEN": null }, "geometry": { "type": "LineString", "coordinates": [ [ 103.8368013, 1.3677353 ], [ 103.836815, 1.367794 ] ] } },
{ "type": "Feature", "properties": { "name": null, "audit_layer": "network_uncovered_edge", "len_m": null, "is_covered": 0.0, "is_synthesized": null, "synth_class": null, "covered": null, "indoor": null, "tunnel": null, "bridge": null, "layer": null, "level": null, "highway": "service", "footway": null, "length": 6.583, "length_m": null, "effective_len_m": 6.583, "dist_to_route_m": 71.922181320788852, "OBJECTID": null, "source_area_m2": null, "STATION_NA": null, "EXIT_CODE": null, "INC_CRC": null, "FMEL_UPD_D": null, "BLK_NO": null, "ST_COD": null, "ENTITYID": null, "POSTAL_COD": null, "SHAPE.AREA": null, "SHAPE.LEN": null }, "geometry": { "type": "LineString", "coordinates": [ [ 103.836815, 1.367794 ], [ 103.8368333, 1.3678503 ] ] } },
{ "type": "Feature", "properties": { "name": null, "audit_layer": "network_uncovered_edge", "len_m": null, "is_covered": 0.0, "is_synthesized": null, "synth_class": null, "covered": null, "indoor": null, "tunnel": null, "bridge": null, "layer": null, "level": null, "highway": "service", "footway": null, "length": 6.82, "length_m": null, "effective_len_m": 6.82, "dist_to_route_m": 71.922181320788852, "OBJECTID": null, "source_area_m2": null, "STATION_NA": null, "EXIT_CODE": null, "INC_CRC": null, "FMEL_UPD_D": null, "BLK_NO": null, "ST_COD": null, "ENTITYID": null, "POSTAL_COD": null, "SHAPE.AREA": null, "SHAPE.LEN": null }, "geometry": { "type": "LineString", "coordinates": [ [ 103.8368333, 1.3678503 ], [ 103.8368574, 1.3679067 ] ] } },
{ "type": "Feature", "properties": { "name": null, "audit_layer": "network_uncovered_edge", "len_m": null, "is_covered": 0.0, "is_synthesized": null, "synth_class": null, "covered": null, "indoor": null, "tunnel": null, "bridge": null, "layer": null, "level": null, "highway": "service", "footway": null, "length": 6.85, "length_m": null, "effective_len_m": 6.85, "dist_to_route_m": 72.378260723252481, "OBJECTID": null, "source_area_m2": null, "STATION_NA": null, "EXIT_CODE": null, "INC_CRC": null, "FMEL_UPD_D": null, "BLK_NO": null, "ST_COD": null, "ENTITYID": null, "POSTAL_COD": null, "SHAPE.AREA": null, "SHAPE.LEN": null }, "geometry": { "type": "LineString", "coordinates": [ [ 103.8368574, 1.3679067 ], [ 103.8368909, 1.3679584 ] ] } },
{ "type": "Feature", "properties": { "name": null, "audit_layer": "network_uncovered_edge", "len_m": null, "is_covered": 0.0, "is_synthesized": null, "synth_class": null, "covered": null, "indoor": null, "tunnel": null, "bridge": null, "layer": null, "level": null, "highway": "service", "footway": null, "length": 7.316, "length_m": null, "effective_len_m": 7.316, "dist_to_route_m": 72.99678425867441, "OBJECTID": null, "source_area_m2": null, "STATION_NA": null, "EXIT_CODE": null, "INC_CRC": null, "FMEL_UPD_D": null, "BLK_NO": null, "ST_COD": null, "ENTITYID": null, "POSTAL_COD": null, "SHAPE.AREA": null, "SHAPE.LEN": null }, "geometry": { "type": "LineString", "coordinates": [ [ 103.8368909, 1.3679584 ], [ 103.8369299, 1.3680114 ] ] } },
{ "type": "Feature", "properties": { "name": null, "audit_layer": "network_uncovered_edge", "len_m": null, "is_covered": 0.0, "is_synthesized": null, "synth_class": null, "covered": null, "indoor": null, "tunnel": null, "bridge": null, "layer": null, "level": null, "highway": "service", "footway": null, "length": 7.055, "length_m": null, "effective_len_m": 7.055, "dist_to_route_m": 74.088905964894295, "OBJECTID": null, "source_area_m2": null, "STATION_NA": null, "EXIT_CODE": null, "INC_CRC": null, "FMEL_UPD_D": null, "BLK_NO": null, "ST_COD": null, "ENTITYID": null, "POSTAL_COD": null, "SHAPE.AREA": null, "SHAPE.LEN": null }, "geometry": { "type": "LineString", "coordinates": [ [ 103.8369299, 1.3680114 ], [ 103.8369735, 1.3680575 ] ] } },
{ "type": "Feature", "properties": { "name": null, "audit_layer": "network_uncovered_edge", "len_m": null, "is_covered": 0.0, "is_synthesized": null, "synth_class": null, "covered": null, "indoor": null, "tunnel": null, "bridge": null, "layer": null, "level": null, "highway": "service", "footway": null, "length": 7.054, "length_m": null, "effective_len_m": 7.054, "dist_to_route_m": 75.893497939776637, "OBJECTID": null, "source_area_m2": null, "STATION_NA": null, "EXIT_CODE": null, "INC_CRC": null, "FMEL_UPD_D": null, "BLK_NO": null, "ST_COD": null, "ENTITYID": null, "POSTAL_COD": null, "SHAPE.AREA": null, "SHAPE.LEN": null }, "geometry": { "type": "LineString", "coordinates": [ [ 103.8369735, 1.3680575 ], [ 103.8370194, 1.3681013 ] ] } },
{ "type": "Feature", "properties": { "name": null, "audit_layer": "network_uncovered_edge", "len_m": null, "is_covered": 0.0, "is_synthesized": null, "synth_class": null, "covered": null, "indoor": null, "tunnel": null, "bridge": null, "layer": null, "level": null, "highway": "service", "footway": null, "length": 7.498, "length_m": null, "effective_len_m": 7.498, "dist_to_route_m": 77.952671995578442, "OBJECTID": null, "source_area_m2": null, "STATION_NA": null, "EXIT_CODE": null, "INC_CRC": null, "FMEL_UPD_D": null, "BLK_NO": null, "ST_COD": null, "ENTITYID": null, "POSTAL_COD": null, "SHAPE.AREA": null, "SHAPE.LEN": null }, "geometry": { "type": "LineString", "coordinates": [ [ 103.8370194, 1.3681013 ], [ 103.837073100000012, 1.3681421 ] ] } },
{ "type": "Feature", "properties": { "name": null, "audit_layer": "network_uncovered_edge", "len_m": null, "is_covered": 0.0, "is_synthesized": null, "synth_class": null, "covered": null, "indoor": null, "tunnel": null, "bridge": null, "layer": null, "level": null, "highway": "service", "footway": null, "length": 56.235, "length_m": null, "effective_len_m": 56.235, "dist_to_route_m": 24.057487103287819, "OBJECTID": null, "source_area_m2": null, "STATION_NA": null, "EXIT_CODE": null, "INC_CRC": null, "FMEL_UPD_D": null, "BLK_NO": null, "ST_COD": null, "ENTITYID": null, "POSTAL_COD": null, "SHAPE.AREA": null, "SHAPE.LEN": null }, "geometry": { "type": "LineString", "coordinates": [ [ 103.837456, 1.3669855 ], [ 103.8372946, 1.3665062 ] ] } },
{ "type": "Feature", "properties": { "name": null, "audit_layer": "network_uncovered_edge", "len_m": null, "is_covered": 0.0, "is_synthesized": null, "synth_class": null, "covered": null, "indoor": null, "tunnel": null, "bridge": null, "layer": null, "level": null, "highway": "service", "footway": null, "length": 19.814, "length_m": null, "effective_len_m": 19.814, "dist_to_route_m": 24.057487103287819, "OBJECTID": null, "source_area_m2": null, "STATION_NA": null, "EXIT_CODE": null, "INC_CRC": null, "FMEL_UPD_D": null, "BLK_NO": null, "ST_COD": null, "ENTITYID": null, "POSTAL_COD": null, "SHAPE.AREA": null, "SHAPE.LEN": null }, "geometry": { "type": "LineString", "coordinates": [ [ 103.8372946, 1.3665062 ], [ 103.837463, 1.3664478 ] ] } },
{ "type": "Feature", "properties": { "name": null, "audit_layer": "network_uncovered_edge", "len_m": null, "is_covered": 0.0, "is_synthesized": null, "synth_class": null, "covered": null, "indoor": null, "tunnel": null, "bridge": null, "layer": null, "level": null, "highway": "service", "footway": null, "length": 9.682, "length_m": null, "effective_len_m": 9.682, "dist_to_route_m": 59.199770666857447, "OBJECTID": null, "source_area_m2": null, "STATION_NA": null, "EXIT_CODE": null, "INC_CRC": null, "FMEL_UPD_D": null, "BLK_NO": null, "ST_COD": null, "ENTITYID": null, "POSTAL_COD": null, "SHAPE.AREA": null, "SHAPE.LEN": null }, "geometry": { "type": "LineString", "coordinates": [ [ 103.8369645, 1.3682915 ], [ 103.8368999, 1.3682331 ] ] } },
{ "type": "Feature", "properties": { "name": null, "audit_layer": "network_uncovered_edge", "len_m": null, "is_covered": 0.0, "is_synthesized": null, "synth_class": null, "covered": null, "indoor": null, "tunnel": null, "bridge": null, "layer": null, "level": null, "highway": "service", "footway": null, "length": 9.034, "length_m": null, "effective_len_m": 9.034, "dist_to_route_m": 56.606736544998022, "OBJECTID": null, "source_area_m2": null, "STATION_NA": null, "EXIT_CODE": null, "INC_CRC": null, "FMEL_UPD_D": null, "BLK_NO": null, "ST_COD": null, "ENTITYID": null, "POSTAL_COD": null, "SHAPE.AREA": null, "SHAPE.LEN": null }, "geometry": { "type": "LineString", "coordinates": [ [ 103.8368999, 1.3682331 ], [ 103.8368414, 1.3681767 ] ] } },
{ "type": "Feature", "properties": { "name": null, "audit_layer": "network_uncovered_edge", "len_m": null, "is_covered": 0.0, "is_synthesized": null, "synth_class": null, "covered": null, "indoor": null, "tunnel": null, "bridge": null, "layer": null, "level": null, "highway": "service", "footway": null, "length": 8.955, "length_m": null, "effective_len_m": 8.955, "dist_to_route_m": 54.814226197970527, "OBJECTID": null, "source_area_m2": null, "STATION_NA": null, "EXIT_CODE": null, "INC_CRC": null, "FMEL_UPD_D": null, "BLK_NO": null, "ST_COD": null, "ENTITYID": null, "POSTAL_COD": null, "SHAPE.AREA": null, "SHAPE.LEN": null }, "geometry": { "type": "LineString", "coordinates": [ [ 103.8368414, 1.3681767 ], [ 103.8367888, 1.3681157 ] ] } },
{ "type": "Feature", "properties": { "name": null, "audit_layer": "network_uncovered_edge", "len_m": null, "is_covered": 0.0, "is_synthesized": null, "synth_class": null, "covered": null, "indoor": null, "tunnel": null, "bridge": null, "layer": null, "level": null, "highway": "service", "footway": null, "length": 8.637, "length_m": null, "effective_len_m": 8.637, "dist_to_route_m": 53.420864773959259, "OBJECTID": null, "source_area_m2": null, "STATION_NA": null, "EXIT_CODE": null, "INC_CRC": null, "FMEL_UPD_D": null, "BLK_NO": null, "ST_COD": null, "ENTITYID": null, "POSTAL_COD": null, "SHAPE.AREA": null, "SHAPE.LEN": null }, "geometry": { "type": "LineString", "coordinates": [ [ 103.8367888, 1.3681157 ], [ 103.836742, 1.3680537 ] ] } },
{ "type": "Feature", "properties": { "name": null, "audit_layer": "network_uncovered_edge", "len_m": null, "is_covered": 0.0, "is_synthesized": null, "synth_class": null, "covered": null, "indoor": null, "tunnel": null, "bridge": null, "layer": null, "level": null, "highway": "service", "footway": null, "length": 8.512, "length_m": null, "effective_len_m": 8.512, "dist_to_route_m": 53.110827118564202, "OBJECTID": null, "source_area_m2": null, "STATION_NA": null, "EXIT_CODE": null, "INC_CRC": null, "FMEL_UPD_D": null, "BLK_NO": null, "ST_COD": null, "ENTITYID": null, "POSTAL_COD": null, "SHAPE.AREA": null, "SHAPE.LEN": null }, "geometry": { "type": "LineString", "coordinates": [ [ 103.836742, 1.3680537 ], [ 103.8367039, 1.3679873 ] ] } },
{ "type": "Feature", "properties": { "name": null, "audit_layer": "network_uncovered_edge", "len_m": null, "is_covered": 0.0, "is_synthesized": null, "synth_class": null, "covered": null, "indoor": null, "tunnel": null, "bridge": null, "layer": null, "level": null, "highway": "service", "footway": null, "length": 7.847, "length_m": null, "effective_len_m": 7.847, "dist_to_route_m": 52.233707075297652, "OBJECTID": null, "source_area_m2": null, "STATION_NA": null, "EXIT_CODE": null, "INC_CRC": null, "FMEL_UPD_D": null, "BLK_NO": null, "ST_COD": null, "ENTITYID": null, "POSTAL_COD": null, "SHAPE.AREA": null, "SHAPE.LEN": null }, "geometry": { "type": "LineString", "coordinates": [ [ 103.8367039, 1.3679873 ], [ 103.8366717, 1.3679245 ] ] } },
{ "type": "Feature", "properties": { "name": null, "audit_layer": "network_uncovered_edge", "len_m": null, "is_covered": 0.0, "is_synthesized": null, "synth_class": null, "covered": null, "indoor": null, "tunnel": null, "bridge": null, "layer": null, "level": null, "highway": "service", "footway": null, "length": 15.204, "length_m": null, "effective_len_m": 15.204, "dist_to_route_m": 51.906024363966743, "OBJECTID": null, "source_area_m2": null, "STATION_NA": null, "EXIT_CODE": null, "INC_CRC": null, "FMEL_UPD_D": null, "BLK_NO": null, "ST_COD": null, "ENTITYID": null, "POSTAL_COD": null, "SHAPE.AREA": null, "SHAPE.LEN": null }, "geometry": { "type": "LineString", "coordinates": [ [ 103.8366717, 1.3679245 ], [ 103.8366236, 1.3677965 ] ] } },
{ "type": "Feature", "properties": { "name": null, "audit_layer": "network_uncovered_edge", "len_m": null, "is_covered": 0.0, "is_synthesized": null, "synth_class": null, "covered": null, "indoor": null, "tunnel": null, "bridge": null, "layer": null, "level": null, "highway": "service", "footway": null, "length": 4.999, "length_m": null, "effective_len_m": 4.999, "dist_to_route_m": 53.493381982331918, "OBJECTID": null, "source_area_m2": null, "STATION_NA": null, "EXIT_CODE": null, "INC_CRC": null, "FMEL_UPD_D": null, "BLK_NO": null, "ST_COD": null, "ENTITYID": null, "POSTAL_COD": null, "SHAPE.AREA": null, "SHAPE.LEN": null }, "geometry": { "type": "LineString", "coordinates": [ [ 103.837351200000015, 1.3671287 ], [ 103.837394, 1.3671149 ] ] } },
{ "type": "Feature", "properties": { "name": null, "audit_layer": "network_uncovered_edge", "len_m": null, "is_covered": 0.0, "is_synthesized": null, "synth_class": null, "covered": null, "indoor": null, "tunnel": null, "bridge": null, "layer": null, "level": null, "highway": "service", "footway": null, "length": 15.383, "length_m": null, "effective_len_m": 15.383, "dist_to_route_m": 55.606271989982744, "OBJECTID": null, "source_area_m2": null, "STATION_NA": null, "EXIT_CODE": null, "INC_CRC": null, "FMEL_UPD_D": null, "BLK_NO": null, "ST_COD": null, "ENTITYID": null, "POSTAL_COD": null, "SHAPE.AREA": null, "SHAPE.LEN": null }, "geometry": { "type": "LineString", "coordinates": [ [ 103.837394, 1.3671149 ], [ 103.8375239, 1.3670672 ] ] } },
{ "type": "Feature", "properties": { "name": null, "audit_layer": "network_uncovered_edge", "len_m": null, "is_covered": 0.0, "is_synthesized": null, "synth_class": null, "covered": null, "indoor": null, "tunnel": null, "bridge": null, "layer": null, "level": null, "highway": "footway", "footway": null, "length": 19.127, "length_m": null, "effective_len_m": 19.127, "dist_to_route_m": 59.927806749620558, "OBJECTID": null, "source_area_m2": null, "STATION_NA": null, "EXIT_CODE": null, "INC_CRC": null, "FMEL_UPD_D": null, "BLK_NO": null, "ST_COD": null, "ENTITYID": null, "POSTAL_COD": null, "SHAPE.AREA": null, "SHAPE.LEN": null }, "geometry": { "type": "LineString", "coordinates": [ [ 103.8359313, 1.365958 ], [ 103.8358881, 1.3657915 ] ] } },
{ "type": "Feature", "properties": { "name": null, "audit_layer": "network_uncovered_edge", "len_m": null, "is_covered": 0.0, "is_synthesized": null, "synth_class": null, "covered": null, "indoor": null, "tunnel": null, "bridge": null, "layer": null, "level": null, "highway": "footway", "footway": null, "length": 4.376, "length_m": null, "effective_len_m": 4.376, "dist_to_route_m": 78.931375442947001, "OBJECTID": null, "source_area_m2": null, "STATION_NA": null, "EXIT_CODE": null, "INC_CRC": null, "FMEL_UPD_D": null, "BLK_NO": null, "ST_COD": null, "ENTITYID": null, "POSTAL_COD": null, "SHAPE.AREA": null, "SHAPE.LEN": null }, "geometry": { "type": "LineString", "coordinates": [ [ 103.8358881, 1.3657915 ], [ 103.8359199, 1.3657683 ] ] } },
{ "type": "Feature", "properties": { "name": null, "audit_layer": "network_uncovered_edge", "len_m": null, "is_covered": 0.0, "is_synthesized": null, "synth_class": null, "covered": null, "indoor": null, "tunnel": null, "bridge": null, "layer": null, "level": null, "highway": "footway", "footway": null, "length": 14.249, "length_m": null, "effective_len_m": 14.249, "dist_to_route_m": 77.188376580140783, "OBJECTID": null, "source_area_m2": null, "STATION_NA": null, "EXIT_CODE": null, "INC_CRC": null, "FMEL_UPD_D": null, "BLK_NO": null, "ST_COD": null, "ENTITYID": null, "POSTAL_COD": null, "SHAPE.AREA": null, "SHAPE.LEN": null }, "geometry": { "type": "LineString", "coordinates": [ [ 103.8371435, 1.3654343 ], [ 103.837173, 1.365559 ] ] } },
{ "type": "Feature", "properties": { "name": null, "audit_layer": "network_uncovered_edge", "len_m": null, "is_covered": 0.0, "is_synthesized": null, "synth_class": null, "covered": null, "indoor": null, "tunnel": null, "bridge": null, "layer": null, "level": null, "highway": "footway", "footway": null, "length": 17.31, "length_m": null, "effective_len_m": 17.31, "dist_to_route_m": 65.203653614668326, "OBJECTID": null, "source_area_m2": null, "STATION_NA": null, "EXIT_CODE": null, "INC_CRC": null, "FMEL_UPD_D": null, "BLK_NO": null, "ST_COD": null, "ENTITYID": null, "POSTAL_COD": null, "SHAPE.AREA": null, "SHAPE.LEN": null }, "geometry": { "type": "LineString", "coordinates": [ [ 103.8350737, 1.3662782 ], [ 103.8352291, 1.3662881 ] ] } },
{ "type": "Feature", "properties": { "name": null, "audit_layer": "network_uncovered_edge", "len_m": null, "is_covered": 0.0, "is_synthesized": null, "synth_class": null, "covered": null, "indoor": null, "tunnel": null, "bridge": null, "layer": null, "level": null, "highway": "service", "footway": null, "length": 2.628, "length_m": null, "effective_len_m": 2.628, "dist_to_route_m": 78.634852887345232, "OBJECTID": null, "source_area_m2": null, "STATION_NA": null, "EXIT_CODE": null, "INC_CRC": null, "FMEL_UPD_D": null, "BLK_NO": null, "ST_COD": null, "ENTITYID": null, "POSTAL_COD": null, "SHAPE.AREA": null, "SHAPE.LEN": null }, "geometry": { "type": "LineString", "coordinates": [ [ 103.8352102, 1.3673702 ], [ 103.8352283, 1.367355 ] ] } },
{ "type": "Feature", "properties": { "name": null, "audit_layer": "network_uncovered_edge", "len_m": null, "is_covered": 0.0, "is_synthesized": null, "synth_class": null, "covered": null, "indoor": null, "tunnel": null, "bridge": null, "layer": null, "level": null, "highway": "service", "footway": null, "length": 5.305, "length_m": null, "effective_len_m": 5.305, "dist_to_route_m": 73.435162333126229, "OBJECTID": null, "source_area_m2": null, "STATION_NA": null, "EXIT_CODE": null, "INC_CRC": null, "FMEL_UPD_D": null, "BLK_NO": null, "ST_COD": null, "ENTITYID": null, "POSTAL_COD": null, "SHAPE.AREA": null, "SHAPE.LEN": null }, "geometry": { "type": "LineString", "coordinates": [ [ 103.8352283, 1.367355 ], [ 103.8352757, 1.3673495 ] ] } },
{ "type": "Feature", "properties": { "name": null, "audit_layer": "network_uncovered_edge", "len_m": null, "is_covered": 0.0, "is_synthesized": null, "synth_class": null, "covered": null, "indoor": null, "tunnel": null, "bridge": null, "layer": null, "level": null, "highway": "service", "footway": null, "length": 5.727, "length_m": null, "effective_len_m": 5.727, "dist_to_route_m": 68.222262157648004, "OBJECTID": null, "source_area_m2": null, "STATION_NA": null, "EXIT_CODE": null, "INC_CRC": null, "FMEL_UPD_D": null, "BLK_NO": null, "ST_COD": null, "ENTITYID": null, "POSTAL_COD": null, "SHAPE.AREA": null, "SHAPE.LEN": null }, "geometry": { "type": "LineString", "coordinates": [ [ 103.8352757, 1.3673495 ], [ 103.8353269, 1.3673552 ] ] } },
{ "type": "Feature", "properties": { "name": null, "audit_layer": "network_uncovered_edge", "len_m": null, "is_covered": 0.0, "is_synthesized": null, "synth_class": null, "covered": null, "indoor": null, "tunnel": null, "bridge": null, "layer": null, "level": null, "highway": "service", "footway": null, "length": 7.413, "length_m": null, "effective_len_m": 7.413, "dist_to_route_m": 60.873907918986234, "OBJECTID": null, "source_area_m2": null, "STATION_NA": null, "EXIT_CODE": null, "INC_CRC": null, "FMEL_UPD_D": null, "BLK_NO": null, "ST_COD": null, "ENTITYID": null, "POSTAL_COD": null, "SHAPE.AREA": null, "SHAPE.LEN": null }, "geometry": { "type": "LineString", "coordinates": [ [ 103.8353269, 1.3673552 ], [ 103.8353925, 1.3673432 ] ] } },
{ "type": "Feature", "properties": { "name": null, "audit_layer": "network_uncovered_edge", "len_m": null, "is_covered": 0.0, "is_synthesized": null, "synth_class": null, "covered": null, "indoor": null, "tunnel": null, "bridge": null, "layer": null, "level": null, "highway": "service", "footway": null, "length": 24.886, "length_m": null, "effective_len_m": 24.886, "dist_to_route_m": 35.976949664024602, "OBJECTID": null, "source_area_m2": null, "STATION_NA": null, "EXIT_CODE": null, "INC_CRC": null, "FMEL_UPD_D": null, "BLK_NO": null, "ST_COD": null, "ENTITYID": null, "POSTAL_COD": null, "SHAPE.AREA": null, "SHAPE.LEN": null }, "geometry": { "type": "LineString", "coordinates": [ [ 103.8353925, 1.3673432 ], [ 103.835605, 1.3672728 ] ] } },
{ "type": "Feature", "properties": { "name": null, "audit_layer": "network_uncovered_edge", "len_m": null, "is_covered": 0.0, "is_synthesized": null, "synth_class": null, "covered": null, "indoor": null, "tunnel": null, "bridge": null, "layer": null, "level": null, "highway": "service", "footway": null, "length": 5.112, "length_m": null, "effective_len_m": 5.112, "dist_to_route_m": 31.12037190999175, "OBJECTID": null, "source_area_m2": null, "STATION_NA": null, "EXIT_CODE": null, "INC_CRC": null, "FMEL_UPD_D": null, "BLK_NO": null, "ST_COD": null, "ENTITYID": null, "POSTAL_COD": null, "SHAPE.AREA": null, "SHAPE.LEN": null }, "geometry": { "type": "LineString", "coordinates": [ [ 103.835605, 1.3672728 ], [ 103.835642, 1.3672455 ] ] } },
{ "type": "Feature", "properties": { "name": null, "audit_layer": "network_uncovered_edge", "len_m": null, "is_covered": 0.0, "is_synthesized": null, "synth_class": null, "covered": null, "indoor": null, "tunnel": null, "bridge": null, "layer": null, "level": null, "highway": "service", "footway": null, "length": 5.735, "length_m": null, "effective_len_m": 5.735, "dist_to_route_m": 27.719958721737012, "OBJECTID": null, "source_area_m2": null, "STATION_NA": null, "EXIT_CODE": null, "INC_CRC": null, "FMEL_UPD_D": null, "BLK_NO": null, "ST_COD": null, "ENTITYID": null, "POSTAL_COD": null, "SHAPE.AREA": null, "SHAPE.LEN": null }, "geometry": { "type": "LineString", "coordinates": [ [ 103.835642, 1.3672455 ], [ 103.8356581, 1.3671965 ] ] } },
{ "type": "Feature", "properties": { "name": null, "audit_layer": "network_uncovered_edge", "len_m": null, "is_covered": 0.0, "is_synthesized": null, "synth_class": null, "covered": null, "indoor": null, "tunnel": null, "bridge": null, "layer": null, "level": null, "highway": "service", "footway": null, "length": 8.521, "length_m": null, "effective_len_m": 8.521, "dist_to_route_m": 27.383616927248649, "OBJECTID": null, "source_area_m2": null, "STATION_NA": null, "EXIT_CODE": null, "INC_CRC": null, "FMEL_UPD_D": null, "BLK_NO": null, "ST_COD": null, "ENTITYID": null, "POSTAL_COD": null, "SHAPE.AREA": null, "SHAPE.LEN": null }, "geometry": { "type": "LineString", "coordinates": [ [ 103.8356581, 1.3671965 ], [ 103.8356371, 1.3671228 ] ] } },
{ "type": "Feature", "properties": { "name": null, "audit_layer": "network_uncovered_edge", "len_m": null, "is_covered": 0.0, "is_synthesized": null, "synth_class": null, "covered": null, "indoor": null, "tunnel": null, "bridge": null, "layer": null, "level": null, "highway": "service", "footway": null, "length": 9.832, "length_m": null, "effective_len_m": 9.832, "dist_to_route_m": 27.383616927248649, "OBJECTID": null, "source_area_m2": null, "STATION_NA": null, "EXIT_CODE": null, "INC_CRC": null, "FMEL_UPD_D": null, "BLK_NO": null, "ST_COD": null, "ENTITYID": null, "POSTAL_COD": null, "SHAPE.AREA": null, "SHAPE.LEN": null }, "geometry": { "type": "LineString", "coordinates": [ [ 103.8356371, 1.3671228 ], [ 103.8356058, 1.3670401 ] ] } },
{ "type": "Feature", "properties": { "name": null, "audit_layer": "network_uncovered_edge", "len_m": null, "is_covered": 0.0, "is_synthesized": null, "synth_class": null, "covered": null, "indoor": null, "tunnel": null, "bridge": null, "layer": null, "level": null, "highway": "service", "footway": null, "length": 7.771, "length_m": null, "effective_len_m": 7.771, "dist_to_route_m": 27.395838061517143, "OBJECTID": null, "source_area_m2": null, "STATION_NA": null, "EXIT_CODE": null, "INC_CRC": null, "FMEL_UPD_D": null, "BLK_NO": null, "ST_COD": null, "ENTITYID": null, "POSTAL_COD": null, "SHAPE.AREA": null, "SHAPE.LEN": null }, "geometry": { "type": "LineString", "coordinates": [ [ 103.8356058, 1.3670401 ], [ 103.8355877, 1.3669726 ] ] } },
{ "type": "Feature", "properties": { "name": null, "audit_layer": "network_uncovered_edge", "len_m": null, "is_covered": 0.0, "is_synthesized": null, "synth_class": null, "covered": null, "indoor": null, "tunnel": null, "bridge": null, "layer": null, "level": null, "highway": "service", "footway": null, "length": 5.467, "length_m": null, "effective_len_m": 5.467, "dist_to_route_m": 27.395838061517143, "OBJECTID": null, "source_area_m2": null, "STATION_NA": null, "EXIT_CODE": null, "INC_CRC": null, "FMEL_UPD_D": null, "BLK_NO": null, "ST_COD": null, "ENTITYID": null, "POSTAL_COD": null, "SHAPE.AREA": null, "SHAPE.LEN": null }, "geometry": { "type": "LineString", "coordinates": [ [ 103.8355877, 1.3669726 ], [ 103.8355635, 1.3669298 ] ] } },
{ "type": "Feature", "properties": { "name": null, "audit_layer": "network_uncovered_edge", "len_m": null, "is_covered": 0.0, "is_synthesized": null, "synth_class": null, "covered": null, "indoor": null, "tunnel": null, "bridge": null, "layer": null, "level": null, "highway": "service", "footway": null, "length": 6.559, "length_m": null, "effective_len_m": 6.559, "dist_to_route_m": 28.390704570243138, "OBJECTID": null, "source_area_m2": null, "STATION_NA": null, "EXIT_CODE": null, "INC_CRC": null, "FMEL_UPD_D": null, "BLK_NO": null, "ST_COD": null, "ENTITYID": null, "POSTAL_COD": null, "SHAPE.AREA": null, "SHAPE.LEN": null }, "geometry": { "type": "LineString", "coordinates": [ [ 103.8355635, 1.3669298 ], [ 103.835513, 1.3668993 ] ] } },
{ "type": "Feature", "properties": { "name": null, "audit_layer": "network_uncovered_edge", "len_m": null, "is_covered": 0.0, "is_synthesized": null, "synth_class": null, "covered": null, "indoor": null, "tunnel": null, "bridge": null, "layer": null, "level": null, "highway": "service", "footway": null, "length": 4.501, "length_m": null, "effective_len_m": 4.501, "dist_to_route_m": 74.294731188384304, "OBJECTID": null, "source_area_m2": null, "STATION_NA": null, "EXIT_CODE": null, "INC_CRC": null, "FMEL_UPD_D": null, "BLK_NO": null, "ST_COD": null, "ENTITYID": null, "POSTAL_COD": null, "SHAPE.AREA": null, "SHAPE.LEN": null }, "geometry": { "type": "LineString", "coordinates": [ [ 103.8376524, 1.3670275 ], [ 103.8376768, 1.3670598 ] ] } },
{ "type": "Feature", "properties": { "name": null, "audit_layer": "network_uncovered_edge", "len_m": null, "is_covered": 0.0, "is_synthesized": null, "synth_class": null, "covered": null, "indoor": null, "tunnel": null, "bridge": null, "layer": null, "level": null, "highway": "service", "footway": null, "length": 27.043, "length_m": null, "effective_len_m": 27.043, "dist_to_route_m": 78.238417786653315, "OBJECTID": null, "source_area_m2": null, "STATION_NA": null, "EXIT_CODE": null, "INC_CRC": null, "FMEL_UPD_D": null, "BLK_NO": null, "ST_COD": null, "ENTITYID": null, "POSTAL_COD": null, "SHAPE.AREA": null, "SHAPE.LEN": null }, "geometry": { "type": "LineString", "coordinates": [ [ 103.8376768, 1.3670598 ], [ 103.8377532, 1.3672907 ] ] } },
{ "type": "Feature", "properties": { "name": null, "audit_layer": "network_uncovered_edge", "len_m": null, "is_covered": 0.0, "is_synthesized": null, "synth_class": null, "covered": null, "indoor": null, "tunnel": null, "bridge": null, "layer": null, "level": null, "highway": "service", "footway": null, "length": 19.594, "length_m": null, "effective_len_m": 19.594, "dist_to_route_m": 41.52125813103175, "OBJECTID": null, "source_area_m2": null, "STATION_NA": null, "EXIT_CODE": null, "INC_CRC": null, "FMEL_UPD_D": null, "BLK_NO": null, "ST_COD": null, "ENTITYID": null, "POSTAL_COD": null, "SHAPE.AREA": null, "SHAPE.LEN": null }, "geometry": { "type": "LineString", "coordinates": [ [ 103.8375663, 1.3662013 ], [ 103.8374012, 1.366263 ] ] } },
{ "type": "Feature", "properties": { "name": null, "audit_layer": "network_uncovered_edge", "len_m": null, "is_covered": 0.0, "is_synthesized": null, "synth_class": null, "covered": null, "indoor": null, "tunnel": null, "bridge": null, "layer": null, "level": null, "highway": "service", "footway": null, "length": 21.667, "length_m": null, "effective_len_m": 21.667, "dist_to_route_m": 41.52125813103175, "OBJECTID": null, "source_area_m2": null, "STATION_NA": null, "EXIT_CODE": null, "INC_CRC": null, "FMEL_UPD_D": null, "BLK_NO": null, "ST_COD": null, "ENTITYID": null, "POSTAL_COD": null, "SHAPE.AREA": null, "SHAPE.LEN": null }, "geometry": { "type": "LineString", "coordinates": [ [ 103.8374012, 1.366263 ], [ 103.837463, 1.3664478 ] ] } },
{ "type": "Feature", "properties": { "name": null, "audit_layer": "network_uncovered_edge", "len_m": null, "is_covered": 0.0, "is_synthesized": null, "synth_class": null, "covered": null, "indoor": null, "tunnel": null, "bridge": null, "layer": null, "level": null, "highway": "service", "footway": null, "length": 89.565, "length_m": null, "effective_len_m": 89.565, "dist_to_route_m": 62.749551945358021, "OBJECTID": null, "source_area_m2": null, "STATION_NA": null, "EXIT_CODE": null, "INC_CRC": null, "FMEL_UPD_D": null, "BLK_NO": null, "ST_COD": null, "ENTITYID": null, "POSTAL_COD": null, "SHAPE.AREA": null, "SHAPE.LEN": null }, "geometry": { "type": "LineString", "coordinates": [ [ 103.8354426, 1.3699759 ], [ 103.8362305, 1.3701443 ] ] } },
{ "type": "Feature", "properties": { "name": "Ang Mo Kio Street 21", "audit_layer": "network_uncovered_edge", "len_m": null, "is_covered": 0.0, "is_synthesized": null, "synth_class": null, "covered": null, "indoor": null, "tunnel": null, "bridge": null, "layer": null, "level": null, "highway": "residential", "footway": null, "length": 22.808, "length_m": null, "effective_len_m": 22.808, "dist_to_route_m": 7.2236393087701627, "OBJECTID": null, "source_area_m2": null, "STATION_NA": null, "EXIT_CODE": null, "INC_CRC": null, "FMEL_UPD_D": null, "BLK_NO": null, "ST_COD": null, "ENTITYID": null, "POSTAL_COD": null, "SHAPE.AREA": null, "SHAPE.LEN": null }, "geometry": { "type": "LineString", "coordinates": [ [ 103.8359689, 1.3675497 ], [ 103.835774300000011, 1.3676147 ] ] } },
{ "type": "Feature", "properties": { "name": "Ang Mo Kio Street 21", "audit_layer": "network_uncovered_edge", "len_m": null, "is_covered": 0.0, "is_synthesized": null, "synth_class": null, "covered": null, "indoor": null, "tunnel": null, "bridge": null, "layer": null, "level": null, "highway": "residential", "footway": null, "length": 54.46, "length_m": null, "effective_len_m": 54.46, "dist_to_route_m": 30.032415392124527, "OBJECTID": null, "source_area_m2": null, "STATION_NA": null, "EXIT_CODE": null, "INC_CRC": null, "FMEL_UPD_D": null, "BLK_NO": null, "ST_COD": null, "ENTITYID": null, "POSTAL_COD": null, "SHAPE.AREA": null, "SHAPE.LEN": null }, "geometry": { "type": "LineString", "coordinates": [ [ 103.835774300000011, 1.3676147 ], [ 103.8353071, 1.3677621 ] ] } },
{ "type": "Feature", "properties": { "name": null, "audit_layer": "network_uncovered_edge", "len_m": null, "is_covered": 0.0, "is_synthesized": null, "synth_class": null, "covered": null, "indoor": null, "tunnel": null, "bridge": null, "layer": null, "level": null, "highway": "service", "footway": null, "length": 18.531, "length_m": null, "effective_len_m": 18.531, "dist_to_route_m": 77.552601563465331, "OBJECTID": null, "source_area_m2": null, "STATION_NA": null, "EXIT_CODE": null, "INC_CRC": null, "FMEL_UPD_D": null, "BLK_NO": null, "ST_COD": null, "ENTITYID": null, "POSTAL_COD": null, "SHAPE.AREA": null, "SHAPE.LEN": null }, "geometry": { "type": "LineString", "coordinates": [ [ 103.83712, 1.3676353 ], [ 103.8369607, 1.3676844 ] ] } },
{ "type": "Feature", "properties": { "name": "Ang Mo Kio Avenue 1", "audit_layer": "network_uncovered_edge", "len_m": null, "is_covered": 0.0, "is_synthesized": null, "synth_class": null, "covered": null, "indoor": null, "tunnel": null, "bridge": null, "layer": null, "level": null, "highway": "primary", "footway": null, "length": 91.03, "length_m": null, "effective_len_m": 91.03, "dist_to_route_m": 19.5543086042805, "OBJECTID": null, "source_area_m2": null, "STATION_NA": null, "EXIT_CODE": null, "INC_CRC": null, "FMEL_UPD_D": null, "BLK_NO": null, "ST_COD": null, "ENTITYID": null, "POSTAL_COD": null, "SHAPE.AREA": null, "SHAPE.LEN": null }, "geometry": { "type": "LineString", "coordinates": [ [ 103.834773, 1.3669142 ], [ 103.8355535, 1.3666665 ] ] } },
{ "type": "Feature", "properties": { "name": "Ang Mo Kio Avenue 1", "audit_layer": "network_uncovered_edge", "len_m": null, "is_covered": 0.0, "is_synthesized": null, "synth_class": null, "covered": null, "indoor": null, "tunnel": null, "bridge": null, "layer": null, "level": null, "highway": "primary", "footway": null, "length": 6.123, "length_m": null, "effective_len_m": 6.123, "dist_to_route_m": 13.434794788622826, "OBJECTID": null, "source_area_m2": null, "STATION_NA": null, "EXIT_CODE": null, "INC_CRC": null, "FMEL_UPD_D": null, "BLK_NO": null, "ST_COD": null, "ENTITYID": null, "POSTAL_COD": null, "SHAPE.AREA": null, "SHAPE.LEN": null }, "geometry": { "type": "LineString", "coordinates": [ [ 103.8355535, 1.3666665 ], [ 103.8356065, 1.3666515 ] ] } },
{ "type": "Feature", "properties": { "name": "Ang Mo Kio Avenue 4", "audit_layer": "network_uncovered_edge", "len_m": null, "is_covered": 0.0, "is_synthesized": null, "synth_class": null, "covered": null, "indoor": null, "tunnel": null, "bridge": null, "layer": null, "level": null, "highway": "secondary", "footway": null, "length": 9.447, "length_m": null, "effective_len_m": 9.447, "dist_to_route_m": 68.206617807677546, "OBJECTID": null, "source_area_m2": null, "STATION_NA": null, "EXIT_CODE": null, "INC_CRC": null, "FMEL_UPD_D": null, "BLK_NO": null, "ST_COD": null, "ENTITYID": null, "POSTAL_COD": null, "SHAPE.AREA": null, "SHAPE.LEN": null }, "geometry": { "type": "LineString", "coordinates": [ [ 103.8366248, 1.3715001 ], [ 103.836618200000018, 1.3714154 ] ] } },
{ "type": "Feature", "properties": { "name": "Ang Mo Kio Avenue 4", "audit_layer": "network_uncovered_edge", "len_m": null, "is_covered": 0.0, "is_synthesized": null, "synth_class": null, "covered": null, "indoor": null, "tunnel": null, "bridge": null, "layer": null, "level": null, "highway": "secondary", "footway": null, "length": 30.224, "length_m": null, "effective_len_m": 30.224, "dist_to_route_m": 38.155390355258994, "OBJECTID": null, "source_area_m2": null, "STATION_NA": null, "EXIT_CODE": null, "INC_CRC": null, "FMEL_UPD_D": null, "BLK_NO": null, "ST_COD": null, "ENTITYID": null, "POSTAL_COD": null, "SHAPE.AREA": null, "SHAPE.LEN": null }, "geometry": { "type": "LineString", "coordinates": [ [ 103.836618200000018, 1.3714154 ], [ 103.8366331, 1.371144 ] ] } },
{ "type": "Feature", "properties": { "name": "Ang Mo Kio Avenue 4", "audit_layer": "network_uncovered_edge", "len_m": null, "is_covered": 0.0, "is_synthesized": null, "synth_class": null, "covered": null, "indoor": null, "tunnel": null, "bridge": null, "layer": null, "level": null, "highway": "secondary", "footway": null, "length": 10.79, "length_m": null, "effective_len_m": 10.79, "dist_to_route_m": 27.430323430443515, "OBJECTID": null, "source_area_m2": null, "STATION_NA": null, "EXIT_CODE": null, "INC_CRC": null, "FMEL_UPD_D": null, "BLK_NO": null, "ST_COD": null, "ENTITYID": null, "POSTAL_COD": null, "SHAPE.AREA": null, "SHAPE.LEN": null }, "geometry": { "type": "LineString", "coordinates": [ [ 103.8366331, 1.371144 ], [ 103.8366433, 1.3710475 ] ] } },
{ "type": "Feature", "properties": { "name": "Ang Mo Kio Avenue 4", "audit_layer": "network_uncovered_edge", "len_m": null, "is_covered": 0.0, "is_synthesized": null, "synth_class": null, "covered": null, "indoor": null, "tunnel": null, "bridge": null, "layer": null, "level": null, "highway": "secondary", "footway": null, "length": 6.601, "length_m": null, "effective_len_m": 6.601, "dist_to_route_m": 11.506285827051579, "OBJECTID": null, "source_area_m2": null, "STATION_NA": null, "EXIT_CODE": null, "INC_CRC": null, "FMEL_UPD_D": null, "BLK_NO": null, "ST_COD": null, "ENTITYID": null, "POSTAL_COD": null, "SHAPE.AREA": null, "SHAPE.LEN": null }, "geometry": { "type": "LineString", "coordinates": [ [ 103.8366465, 1.3709628 ], [ 103.8366493, 1.3709035 ] ] } },
{ "type": "Feature", "properties": { "name": "Ang Mo Kio Avenue 4", "audit_layer": "network_uncovered_edge", "len_m": null, "is_covered": 0.0, "is_synthesized": null, "synth_class": null, "covered": null, "indoor": null, "tunnel": null, "bridge": null, "layer": null, "level": null, "highway": "secondary", "footway": null, "length": 11.392, "length_m": null, "effective_len_m": 11.392, "dist_to_route_m": 0.4151859477482257, "OBJECTID": null, "source_area_m2": null, "STATION_NA": null, "EXIT_CODE": null, "INC_CRC": null, "FMEL_UPD_D": null, "BLK_NO": null, "ST_COD": null, "ENTITYID": null, "POSTAL_COD": null, "SHAPE.AREA": null, "SHAPE.LEN": null }, "geometry": { "type": "LineString", "coordinates": [ [ 103.8366493, 1.3709035 ], [ 103.8366565, 1.3708013 ] ] } },
{ "type": "Feature", "properties": { "name": "Ang Mo Kio Avenue 4", "audit_layer": "network_uncovered_edge", "len_m": null, "is_covered": 0.0, "is_synthesized": null, "synth_class": null, "covered": null, "indoor": null, "tunnel": null, "bridge": null, "layer": null, "level": null, "highway": "secondary", "footway": null, "length": 9.72, "length_m": null, "effective_len_m": 9.72, "dist_to_route_m": 0.1192005646768575, "OBJECTID": null, "source_area_m2": null, "STATION_NA": null, "EXIT_CODE": null, "INC_CRC": null, "FMEL_UPD_D": null, "BLK_NO": null, "ST_COD": null, "ENTITYID": null, "POSTAL_COD": null, "SHAPE.AREA": null, "SHAPE.LEN": null }, "geometry": { "type": "LineString", "coordinates": [ [ 103.8366565, 1.3708013 ], [ 103.8366684, 1.3707147 ] ] } },
{ "type": "Feature", "properties": { "name": "Ang Mo Kio Avenue 4", "audit_layer": "network_uncovered_edge", "len_m": null, "is_covered": 0.0, "is_synthesized": null, "synth_class": null, "covered": null, "indoor": null, "tunnel": null, "bridge": null, "layer": null, "level": null, "highway": "secondary", "footway": null, "length": 31.998, "length_m": null, "effective_len_m": 31.998, "dist_to_route_m": 0.06935392793632808, "OBJECTID": null, "source_area_m2": null, "STATION_NA": null, "EXIT_CODE": null, "INC_CRC": null, "FMEL_UPD_D": null, "BLK_NO": null, "ST_COD": null, "ENTITYID": null, "POSTAL_COD": null, "SHAPE.AREA": null, "SHAPE.LEN": null }, "geometry": { "type": "LineString", "coordinates": [ [ 103.8366684, 1.3707147 ], [ 103.8367262, 1.3704328 ] ] } },
{ "type": "Feature", "properties": { "name": "Ang Mo Kio Avenue 4", "audit_layer": "network_uncovered_edge", "len_m": null, "is_covered": 0.0, "is_synthesized": null, "synth_class": null, "covered": null, "indoor": null, "tunnel": null, "bridge": null, "layer": null, "level": null, "highway": "secondary", "footway": null, "length": 17.551, "length_m": null, "effective_len_m": 17.551, "dist_to_route_m": 0.0, "OBJECTID": null, "source_area_m2": null, "STATION_NA": null, "EXIT_CODE": null, "INC_CRC": null, "FMEL_UPD_D": null, "BLK_NO": null, "ST_COD": null, "ENTITYID": null, "POSTAL_COD": null, "SHAPE.AREA": null, "SHAPE.LEN": null }, "geometry": { "type": "LineString", "coordinates": [ [ 103.8367262, 1.3704328 ], [ 103.8367808, 1.3702847 ] ] } },
{ "type": "Feature", "properties": { "name": "Ang Mo Kio Avenue 4", "audit_layer": "network_uncovered_edge", "len_m": null, "is_covered": 0.0, "is_synthesized": null, "synth_class": null, "covered": null, "indoor": null, "tunnel": null, "bridge": null, "layer": null, "level": null, "highway": "secondary", "footway": null, "length": 9.396, "length_m": null, "effective_len_m": 9.396, "dist_to_route_m": 0.0, "OBJECTID": null, "source_area_m2": null, "STATION_NA": null, "EXIT_CODE": null, "INC_CRC": null, "FMEL_UPD_D": null, "BLK_NO": null, "ST_COD": null, "ENTITYID": null, "POSTAL_COD": null, "SHAPE.AREA": null, "SHAPE.LEN": null }, "geometry": { "type": "LineString", "coordinates": [ [ 103.8367808, 1.3702847 ], [ 103.83681, 1.3702054 ] ] } },
{ "type": "Feature", "properties": { "name": "Ang Mo Kio Avenue 4", "audit_layer": "network_uncovered_edge", "len_m": null, "is_covered": 0.0, "is_synthesized": null, "synth_class": null, "covered": null, "indoor": null, "tunnel": null, "bridge": null, "layer": null, "level": null, "highway": "secondary", "footway": null, "length": 35.054, "length_m": null, "effective_len_m": 35.054, "dist_to_route_m": 0.0, "OBJECTID": null, "source_area_m2": null, "STATION_NA": null, "EXIT_CODE": null, "INC_CRC": null, "FMEL_UPD_D": null, "BLK_NO": null, "ST_COD": null, "ENTITYID": null, "POSTAL_COD": null, "SHAPE.AREA": null, "SHAPE.LEN": null }, "geometry": { "type": "LineString", "coordinates": [ [ 103.83681, 1.3702054 ], [ 103.8369435, 1.3699198 ] ] } },
{ "type": "Feature", "properties": { "name": null, "audit_layer": "network_covered_edge", "len_m": null, "is_covered": 1.0, "is_synthesized": null, "synth_class": null, "covered": "yes", "indoor": null, "tunnel": null, "bridge": "yes", "layer": "1", "level": null, "highway": "steps", "footway": null, "length": 1.862, "length_m": null, "effective_len_m": 1.862, "dist_to_route_m": 19.743294522601428, "OBJECTID": null, "source_area_m2": null, "STATION_NA": null, "EXIT_CODE": null, "INC_CRC": null, "FMEL_UPD_D": null, "BLK_NO": null, "ST_COD": null, "ENTITYID": null, "POSTAL_COD": null, "SHAPE.AREA": null, "SHAPE.LEN": null }, "geometry": { "type": "LineString", "coordinates": [ [ 103.8364207, 1.3687945 ], [ 103.836431, 1.3688077 ] ] } },
{ "type": "Feature", "properties": { "name": null, "audit_layer": "network_covered_edge", "len_m": null, "is_covered": 1.0, "is_synthesized": null, "synth_class": null, "covered": "yes", "indoor": null, "tunnel": null, "bridge": "yes", "layer": "1", "level": null, "highway": "steps", "footway": null, "length": 2.075, "length_m": null, "effective_len_m": 2.075, "dist_to_route_m": 17.673701636153694, "OBJECTID": null, "source_area_m2": null, "STATION_NA": null, "EXIT_CODE": null, "INC_CRC": null, "FMEL_UPD_D": null, "BLK_NO": null, "ST_COD": null, "ENTITYID": null, "POSTAL_COD": null, "SHAPE.AREA": null, "SHAPE.LEN": null }, "geometry": { "type": "LineString", "coordinates": [ [ 103.836431, 1.3688077 ], [ 103.8364453, 1.3687957 ] ] } },
{ "type": "Feature", "properties": { "name": null, "audit_layer": "network_covered_edge", "len_m": null, "is_covered": 1.0, "is_synthesized": null, "synth_class": null, "covered": "yes", "indoor": null, "tunnel": null, "bridge": "yes", "layer": "1", "level": null, "highway": "steps", "footway": null, "length": 6.58, "length_m": null, "effective_len_m": 6.58, "dist_to_route_m": 17.493833847027968, "OBJECTID": null, "source_area_m2": null, "STATION_NA": null, "EXIT_CODE": null, "INC_CRC": null, "FMEL_UPD_D": null, "BLK_NO": null, "ST_COD": null, "ENTITYID": null, "POSTAL_COD": null, "SHAPE.AREA": null, "SHAPE.LEN": null }, "geometry": { "type": "LineString", "coordinates": [ [ 103.8364453, 1.3687957 ], [ 103.8364111, 1.3687474 ] ] } },
{ "type": "Feature", "properties": { "name": null, "audit_layer": "network_covered_edge", "len_m": null, "is_covered": 1.0, "is_synthesized": null, "synth_class": null, "covered": "yes", "indoor": null, "tunnel": null, "bridge": "yes", "layer": "1", "level": null, "highway": "steps", "footway": null, "length": 3.538, "length_m": null, "effective_len_m": 3.538, "dist_to_route_m": 17.493833847027968, "OBJECTID": null, "source_area_m2": null, "STATION_NA": null, "EXIT_CODE": null, "INC_CRC": null, "FMEL_UPD_D": null, "BLK_NO": null, "ST_COD": null, "ENTITYID": null, "POSTAL_COD": null, "SHAPE.AREA": null, "SHAPE.LEN": null }, "geometry": { "type": "LineString", "coordinates": [ [ 103.8364111, 1.3687474 ], [ 103.8363858, 1.3687667 ] ] } },
{ "type": "Feature", "properties": { "name": null, "audit_layer": "network_covered_edge", "len_m": null, "is_covered": 1.0, "is_synthesized": null, "synth_class": null, "covered": "yes", "indoor": null, "tunnel": null, "bridge": "yes", "layer": "1", "level": null, "highway": "steps", "footway": null, "length": 9.71, "length_m": null, "effective_len_m": 9.71, "dist_to_route_m": 20.760326133447808, "OBJECTID": null, "source_area_m2": null, "STATION_NA": null, "EXIT_CODE": null, "INC_CRC": null, "FMEL_UPD_D": null, "BLK_NO": null, "ST_COD": null, "ENTITYID": null, "POSTAL_COD": null, "SHAPE.AREA": null, "SHAPE.LEN": null }, "geometry": { "type": "LineString", "coordinates": [ [ 103.8363858, 1.3687667 ], [ 103.8364401, 1.3688351 ] ] } },
{ "type": "Feature", "properties": { "name": "Ang Mo Kio Avenue 3", "audit_layer": "network_uncovered_edge", "len_m": null, "is_covered": 0.0, "is_synthesized": null, "synth_class": null, "covered": null, "indoor": null, "tunnel": null, "bridge": null, "layer": null, "level": null, "highway": "primary", "footway": null, "length": 23.3, "length_m": null, "effective_len_m": 23.3, "dist_to_route_m": 6.6266976388771459, "OBJECTID": null, "source_area_m2": null, "STATION_NA": null, "EXIT_CODE": null, "INC_CRC": null, "FMEL_UPD_D": null, "BLK_NO": null, "ST_COD": null, "ENTITYID": null, "POSTAL_COD": null, "SHAPE.AREA": null, "SHAPE.LEN": null }, "geometry": { "type": "LineString", "coordinates": [ [ 103.8368318, 1.3690833 ], [ 103.8369941, 1.3692159 ] ] } },
{ "type": "Feature", "properties": { "name": "Ang Mo Kio Avenue 3", "audit_layer": "network_uncovered_edge", "len_m": null, "is_covered": 0.0, "is_synthesized": null, "synth_class": null, "covered": null, "indoor": null, "tunnel": null, "bridge": null, "layer": null, "level": null, "highway": "primary", "footway": null, "length": 17.631, "length_m": null, "effective_len_m": 17.631, "dist_to_route_m": 6.8209389279187915, "OBJECTID": null, "source_area_m2": null, "STATION_NA": null, "EXIT_CODE": null, "INC_CRC": null, "FMEL_UPD_D": null, "BLK_NO": null, "ST_COD": null, "ENTITYID": null, "POSTAL_COD": null, "SHAPE.AREA": null, "SHAPE.LEN": null }, "geometry": { "type": "LineString", "coordinates": [ [ 103.8369941, 1.3692159 ], [ 103.8371237, 1.3693073 ] ] } },
{ "type": "Feature", "properties": { "name": "Ang Mo Kio Avenue 3", "audit_layer": "network_uncovered_edge", "len_m": null, "is_covered": 0.0, "is_synthesized": null, "synth_class": null, "covered": null, "indoor": null, "tunnel": null, "bridge": null, "layer": null, "level": null, "highway": "primary", "footway": null, "length": 12.557, "length_m": null, "effective_len_m": 12.557, "dist_to_route_m": 6.3796036089273596, "OBJECTID": null, "source_area_m2": null, "STATION_NA": null, "EXIT_CODE": null, "INC_CRC": null, "FMEL_UPD_D": null, "BLK_NO": null, "ST_COD": null, "ENTITYID": null, "POSTAL_COD": null, "SHAPE.AREA": null, "SHAPE.LEN": null }, "geometry": { "type": "LineString", "coordinates": [ [ 103.8371237, 1.3693073 ], [ 103.8372169, 1.3693711 ] ] } },
{ "type": "Feature", "properties": { "name": "Ang Mo Kio Avenue 4", "audit_layer": "network_uncovered_edge", "len_m": null, "is_covered": 0.0, "is_synthesized": null, "synth_class": null, "covered": null, "indoor": null, "tunnel": null, "bridge": null, "layer": null, "level": null, "highway": "secondary", "footway": null, "length": 15.198, "length_m": null, "effective_len_m": 15.198, "dist_to_route_m": 8.0532805241433092, "OBJECTID": null, "source_area_m2": null, "STATION_NA": null, "EXIT_CODE": null, "INC_CRC": null, "FMEL_UPD_D": null, "BLK_NO": null, "ST_COD": null, "ENTITYID": null, "POSTAL_COD": null, "SHAPE.AREA": null, "SHAPE.LEN": null }, "geometry": { "type": "LineString", "coordinates": [ [ 103.8366006, 1.3706566 ], [ 103.836588, 1.3707927 ] ] } },
{ "type": "Feature", "properties": { "name": "Ang Mo Kio Avenue 4", "audit_layer": "network_uncovered_edge", "len_m": null, "is_covered": 0.0, "is_synthesized": null, "synth_class": null, "covered": null, "indoor": null, "tunnel": null, "bridge": null, "layer": null, "level": null, "highway": "secondary", "footway": null, "length": 11.249, "length_m": null, "effective_len_m": 11.249, "dist_to_route_m": 8.0532805241433092, "OBJECTID": null, "source_area_m2": null, "STATION_NA": null, "EXIT_CODE": null, "INC_CRC": null, "FMEL_UPD_D": null, "BLK_NO": null, "ST_COD": null, "ENTITYID": null, "POSTAL_COD": null, "SHAPE.AREA": null, "SHAPE.LEN": null }, "geometry": { "type": "LineString", "coordinates": [ [ 103.836588, 1.3707927 ], [ 103.8365748, 1.370893 ] ] } },
{ "type": "Feature", "properties": { "name": "Ang Mo Kio Avenue 4", "audit_layer": "network_uncovered_edge", "len_m": null, "is_covered": 0.0, "is_synthesized": null, "synth_class": null, "covered": null, "indoor": null, "tunnel": null, "bridge": null, "layer": null, "level": null, "highway": "secondary", "footway": null, "length": 7.046, "length_m": null, "effective_len_m": 7.046, "dist_to_route_m": 13.987593934026222, "OBJECTID": null, "source_area_m2": null, "STATION_NA": null, "EXIT_CODE": null, "INC_CRC": null, "FMEL_UPD_D": null, "BLK_NO": null, "ST_COD": null, "ENTITYID": null, "POSTAL_COD": null, "SHAPE.AREA": null, "SHAPE.LEN": null }, "geometry": { "type": "LineString", "coordinates": [ [ 103.8365748, 1.370893 ], [ 103.8365671, 1.3709559 ] ] } },
{ "type": "Feature", "properties": { "name": "Ang Mo Kio Avenue 3", "audit_layer": "network_uncovered_edge", "len_m": null, "is_covered": 0.0, "is_synthesized": null, "synth_class": null, "covered": null, "indoor": null, "tunnel": null, "bridge": null, "layer": null, "level": null, "highway": "primary", "footway": null, "length": 24.775, "length_m": null, "effective_len_m": 24.775, "dist_to_route_m": 5.9960123355448722, "OBJECTID": null, "source_area_m2": null, "STATION_NA": null, "EXIT_CODE": null, "INC_CRC": null, "FMEL_UPD_D": null, "BLK_NO": null, "ST_COD": null, "ENTITYID": null, "POSTAL_COD": null, "SHAPE.AREA": null, "SHAPE.LEN": null }, "geometry": { "type": "LineString", "coordinates": [ [ 103.8361318, 1.3679819 ], [ 103.8362101, 1.3681905 ] ] } },
{ "type": "Feature", "properties": { "name": "Ang Mo Kio Avenue 3", "audit_layer": "network_uncovered_edge", "len_m": null, "is_covered": 0.0, "is_synthesized": null, "synth_class": null, "covered": null, "indoor": null, "tunnel": null, "bridge": null, "layer": null, "level": null, "highway": "primary", "footway": null, "length": 33.964, "length_m": null, "effective_len_m": 33.964, "dist_to_route_m": 5.973582372502463, "OBJECTID": null, "source_area_m2": null, "STATION_NA": null, "EXIT_CODE": null, "INC_CRC": null, "FMEL_UPD_D": null, "BLK_NO": null, "ST_COD": null, "ENTITYID": null, "POSTAL_COD": null, "SHAPE.AREA": null, "SHAPE.LEN": null }, "geometry": { "type": "LineString", "coordinates": [ [ 103.8362101, 1.3681905 ], [ 103.8363499, 1.3684621 ] ] } },
{ "type": "Feature", "properties": { "name": "Ang Mo Kio Avenue 3", "audit_layer": "network_uncovered_edge", "len_m": null, "is_covered": 0.0, "is_synthesized": null, "synth_class": null, "covered": null, "indoor": null, "tunnel": null, "bridge": null, "layer": null, "level": null, "highway": "primary", "footway": null, "length": 15.737, "length_m": null, "effective_len_m": 15.737, "dist_to_route_m": 6.2933825892172877, "OBJECTID": null, "source_area_m2": null, "STATION_NA": null, "EXIT_CODE": null, "INC_CRC": null, "FMEL_UPD_D": null, "BLK_NO": null, "ST_COD": null, "ENTITYID": null, "POSTAL_COD": null, "SHAPE.AREA": null, "SHAPE.LEN": null }, "geometry": { "type": "LineString", "coordinates": [ [ 103.8363499, 1.3684621 ], [ 103.836422, 1.3685839 ] ] } },
{ "type": "Feature", "properties": { "name": "Ang Mo Kio Avenue 3", "audit_layer": "network_uncovered_edge", "len_m": null, "is_covered": 0.0, "is_synthesized": null, "synth_class": null, "covered": null, "indoor": null, "tunnel": null, "bridge": null, "layer": null, "level": null, "highway": "primary", "footway": null, "length": 11.169, "length_m": null, "effective_len_m": 11.169, "dist_to_route_m": 6.4262259431351891, "OBJECTID": null, "source_area_m2": null, "STATION_NA": null, "EXIT_CODE": null, "INC_CRC": null, "FMEL_UPD_D": null, "BLK_NO": null, "ST_COD": null, "ENTITYID": null, "POSTAL_COD": null, "SHAPE.AREA": null, "SHAPE.LEN": null }, "geometry": { "type": "LineString", "coordinates": [ [ 103.836422, 1.3685839 ], [ 103.836476, 1.3686686 ] ] } },
{ "type": "Feature", "properties": { "name": null, "audit_layer": "network_uncovered_edge", "len_m": null, "is_covered": 0.0, "is_synthesized": null, "synth_class": null, "covered": null, "indoor": null, "tunnel": null, "bridge": null, "layer": null, "level": null, "highway": "footway", "footway": null, "length": 20.909, "length_m": null, "effective_len_m": 20.909, "dist_to_route_m": 62.12878616538849, "OBJECTID": null, "source_area_m2": null, "STATION_NA": null, "EXIT_CODE": null, "INC_CRC": null, "FMEL_UPD_D": null, "BLK_NO": null, "ST_COD": null, "ENTITYID": null, "POSTAL_COD": null, "SHAPE.AREA": null, "SHAPE.LEN": null }, "geometry": { "type": "LineString", "coordinates": [ [ 103.8353015, 1.3659946 ], [ 103.8353766, 1.366167 ] ] } },
{ "type": "Feature", "properties": { "name": null, "audit_layer": "network_uncovered_edge", "len_m": null, "is_covered": 0.0, "is_synthesized": null, "synth_class": null, "covered": null, "indoor": null, "tunnel": null, "bridge": null, "layer": null, "level": null, "highway": "footway", "footway": null, "length": 10.656, "length_m": null, "effective_len_m": 10.656, "dist_to_route_m": 52.65960531055034, "OBJECTID": null, "source_area_m2": null, "STATION_NA": null, "EXIT_CODE": null, "INC_CRC": null, "FMEL_UPD_D": null, "BLK_NO": null, "ST_COD": null, "ENTITYID": null, "POSTAL_COD": null, "SHAPE.AREA": null, "SHAPE.LEN": null }, "geometry": { "type": "LineString", "coordinates": [ [ 103.8353766, 1.366167 ], [ 103.8353989, 1.3662602 ] ] } },
{ "type": "Feature", "properties": { "name": null, "audit_layer": "network_uncovered_edge", "len_m": null, "is_covered": 0.0, "is_synthesized": null, "synth_class": null, "covered": null, "indoor": null, "tunnel": null, "bridge": null, "layer": null, "level": null, "highway": "footway", "footway": null, "length": 8.512, "length_m": null, "effective_len_m": 8.512, "dist_to_route_m": 79.458054344909911, "OBJECTID": null, "source_area_m2": null, "STATION_NA": null, "EXIT_CODE": null, "INC_CRC": null, "FMEL_UPD_D": null, "BLK_NO": null, "ST_COD": null, "ENTITYID": null, "POSTAL_COD": null, "SHAPE.AREA": null, "SHAPE.LEN": null }, "geometry": { "type": "LineString", "coordinates": [ [ 103.8357393, 1.3658198 ], [ 103.8358152, 1.3658097 ] ] } },
{ "type": "Feature", "properties": { "name": null, "audit_layer": "network_uncovered_edge", "len_m": null, "is_covered": 0.0, "is_synthesized": null, "synth_class": null, "covered": null, "indoor": null, "tunnel": null, "bridge": null, "layer": null, "level": null, "highway": "footway", "footway": null, "length": 8.353, "length_m": null, "effective_len_m": 8.353, "dist_to_route_m": 78.931375442947001, "OBJECTID": null, "source_area_m2": null, "STATION_NA": null, "EXIT_CODE": null, "INC_CRC": null, "FMEL_UPD_D": null, "BLK_NO": null, "ST_COD": null, "ENTITYID": null, "POSTAL_COD": null, "SHAPE.AREA": null, "SHAPE.LEN": null }, "geometry": { "type": "LineString", "coordinates": [ [ 103.8358152, 1.3658097 ], [ 103.8358881, 1.3657915 ] ] } },
{ "type": "Feature", "properties": { "name": null, "audit_layer": "network_uncovered_edge", "len_m": null, "is_covered": 0.0, "is_synthesized": null, "synth_class": null, "covered": null, "indoor": null, "tunnel": null, "bridge": "yes", "layer": "1", "level": null, "highway": "footway", "footway": null, "length": 48.286, "length_m": null, "effective_len_m": 48.286, "dist_to_route_m": 41.418252026794377, "OBJECTID": null, "source_area_m2": null, "STATION_NA": null, "EXIT_CODE": null, "INC_CRC": null, "FMEL_UPD_D": null, "BLK_NO": null, "ST_COD": null, "ENTITYID": null, "POSTAL_COD": null, "SHAPE.AREA": null, "SHAPE.LEN": null }, "geometry": { "type": "LineString", "coordinates": [ [ 103.8372307, 1.3657695 ], [ 103.8373712, 1.3661804 ] ] } },
{ "type": "Feature", "properties": { "name": null, "audit_layer": "network_uncovered_edge", "len_m": null, "is_covered": 0.0, "is_synthesized": null, "synth_class": null, "covered": null, "indoor": null, "tunnel": null, "bridge": null, "layer": null, "level": null, "highway": "steps", "footway": null, "length": 21.49, "length_m": null, "effective_len_m": 21.49, "dist_to_route_m": 41.418252026794377, "OBJECTID": null, "source_area_m2": null, "STATION_NA": null, "EXIT_CODE": null, "INC_CRC": null, "FMEL_UPD_D": null, "BLK_NO": null, "ST_COD": null, "ENTITYID": null, "POSTAL_COD": null, "SHAPE.AREA": null, "SHAPE.LEN": null }, "geometry": { "type": "LineString", "coordinates": [ [ 103.8373712, 1.3661804 ], [ 103.8375534, 1.3661158 ] ] } },
{ "type": "Feature", "properties": { "name": null, "audit_layer": "network_covered_edge", "len_m": null, "is_covered": 1.0, "is_synthesized": null, "synth_class": null, "covered": null, "indoor": null, "tunnel": null, "bridge": null, "layer": null, "level": null, "highway": "steps", "footway": null, "length": 7.263, "length_m": null, "effective_len_m": 7.263, "dist_to_route_m": 62.8795299503942, "OBJECTID": null, "source_area_m2": null, "STATION_NA": null, "EXIT_CODE": null, "INC_CRC": null, "FMEL_UPD_D": null, "BLK_NO": null, "ST_COD": null, "ENTITYID": null, "POSTAL_COD": null, "SHAPE.AREA": null, "SHAPE.LEN": null }, "geometry": { "type": "LineString", "coordinates": [ [ 103.8375534, 1.3661158 ], [ 103.8375311, 1.3660544 ] ] } },
{ "type": "Feature", "properties": { "name": null, "audit_layer": "network_uncovered_edge", "len_m": null, "is_covered": 0.0, "is_synthesized": null, "synth_class": null, "covered": null, "indoor": null, "tunnel": null, "bridge": null, "layer": null, "level": null, "highway": "steps", "footway": null, "length": 13.858, "length_m": null, "effective_len_m": 13.858, "dist_to_route_m": 58.605144072285313, "OBJECTID": null, "source_area_m2": null, "STATION_NA": null, "EXIT_CODE": null, "INC_CRC": null, "FMEL_UPD_D": null, "BLK_NO": null, "ST_COD": null, "ENTITYID": null, "POSTAL_COD": null, "SHAPE.AREA": null, "SHAPE.LEN": null }, "geometry": { "type": "LineString", "coordinates": [ [ 103.8373486, 1.365729 ], [ 103.8372307, 1.3657695 ] ] } },
{ "type": "Feature", "properties": { "name": null, "audit_layer": "network_uncovered_edge", "len_m": null, "is_covered": 0.0, "is_synthesized": null, "synth_class": null, "covered": null, "indoor": null, "tunnel": null, "bridge": null, "layer": null, "level": null, "highway": "footway", "footway": null, "length": 10.844, "length_m": null, "effective_len_m": 10.844, "dist_to_route_m": 62.612218511968216, "OBJECTID": null, "source_area_m2": null, "STATION_NA": null, "EXIT_CODE": null, "INC_CRC": null, "FMEL_UPD_D": null, "BLK_NO": null, "ST_COD": null, "ENTITYID": null, "POSTAL_COD": null, "SHAPE.AREA": null, "SHAPE.LEN": null }, "geometry": { "type": "LineString", "coordinates": [ [ 103.8374133, 1.365877 ], [ 103.8373721, 1.3657886 ] ] } },
{ "type": "Feature", "properties": { "name": null, "audit_layer": "network_covered_edge", "len_m": null, "is_covered": 1.0, "is_synthesized": null, "synth_class": null, "covered": null, "indoor": null, "tunnel": null, "bridge": null, "layer": null, "level": null, "highway": "footway", "footway": null, "length": 7.124, "length_m": null, "effective_len_m": 7.124, "dist_to_route_m": 66.21680077535575, "OBJECTID": null, "source_area_m2": null, "STATION_NA": null, "EXIT_CODE": null, "INC_CRC": null, "FMEL_UPD_D": null, "BLK_NO": null, "ST_COD": null, "ENTITYID": null, "POSTAL_COD": null, "SHAPE.AREA": null, "SHAPE.LEN": null }, "geometry": { "type": "LineString", "coordinates": [ [ 103.8373721, 1.3657886 ], [ 103.8373486, 1.365729 ] ] } },
{ "type": "Feature", "properties": { "name": null, "audit_layer": "network_uncovered_edge", "len_m": null, "is_covered": 0.0, "is_synthesized": null, "synth_class": null, "covered": null, "indoor": null, "tunnel": null, "bridge": null, "layer": null, "level": null, "highway": "footway", "footway": null, "length": 23.4, "length_m": null, "effective_len_m": 23.4, "dist_to_route_m": 69.600194502018397, "OBJECTID": null, "source_area_m2": null, "STATION_NA": null, "EXIT_CODE": null, "INC_CRC": null, "FMEL_UPD_D": null, "BLK_NO": null, "ST_COD": null, "ENTITYID": null, "POSTAL_COD": null, "SHAPE.AREA": null, "SHAPE.LEN": null }, "geometry": { "type": "LineString", "coordinates": [ [ 103.8373486, 1.365729 ], [ 103.8372675, 1.3655348 ] ] } },
{ "type": "Feature", "properties": { "name": "Ang Mo Kio Avenue 1", "audit_layer": "network_uncovered_edge", "len_m": null, "is_covered": 0.0, "is_synthesized": null, "synth_class": null, "covered": null, "indoor": null, "tunnel": null, "bridge": null, "layer": null, "level": null, "highway": "primary", "footway": null, "length": 12.767, "length_m": null, "effective_len_m": 12.767, "dist_to_route_m": 0.14559326307084172, "OBJECTID": null, "source_area_m2": null, "STATION_NA": null, "EXIT_CODE": null, "INC_CRC": null, "FMEL_UPD_D": null, "BLK_NO": null, "ST_COD": null, "ENTITYID": null, "POSTAL_COD": null, "SHAPE.AREA": null, "SHAPE.LEN": null }, "geometry": { "type": "LineString", "coordinates": [ [ 103.8357244, 1.366607 ], [ 103.8358322, 1.3665674 ] ] } },
{ "type": "Feature", "properties": { "name": "Ang Mo Kio Avenue 1", "audit_layer": "network_uncovered_edge", "len_m": null, "is_covered": 0.0, "is_synthesized": null, "synth_class": null, "covered": null, "indoor": null, "tunnel": null, "bridge": null, "layer": null, "level": null, "highway": "primary", "footway": null, "length": 10.755, "length_m": null, "effective_len_m": 10.755, "dist_to_route_m": 0.0, "OBJECTID": null, "source_area_m2": null, "STATION_NA": null, "EXIT_CODE": null, "INC_CRC": null, "FMEL_UPD_D": null, "BLK_NO": null, "ST_COD": null, "ENTITYID": null, "POSTAL_COD": null, "SHAPE.AREA": null, "SHAPE.LEN": null }, "geometry": { "type": "LineString", "coordinates": [ [ 103.8358322, 1.3665674 ], [ 103.835923, 1.366534 ] ] } },
{ "type": "Feature", "properties": { "name": "Ang Mo Kio Avenue 1", "audit_layer": "network_uncovered_edge", "len_m": null, "is_covered": 0.0, "is_synthesized": null, "synth_class": null, "covered": null, "indoor": null, "tunnel": null, "bridge": null, "layer": null, "level": null, "highway": "primary", "footway": null, "length": 48.315, "length_m": null, "effective_len_m": 48.315, "dist_to_route_m": 14.142137504832244, "OBJECTID": null, "source_area_m2": null, "STATION_NA": null, "EXIT_CODE": null, "INC_CRC": null, "FMEL_UPD_D": null, "BLK_NO": null, "ST_COD": null, "ENTITYID": null, "POSTAL_COD": null, "SHAPE.AREA": null, "SHAPE.LEN": null }, "geometry": { "type": "LineString", "coordinates": [ [ 103.8362026, 1.3662969 ], [ 103.8357919, 1.3664391 ] ] } },
{ "type": "Feature", "properties": { "name": "Ang Mo Kio Avenue 1", "audit_layer": "network_uncovered_edge", "len_m": null, "is_covered": 0.0, "is_synthesized": null, "synth_class": null, "covered": null, "indoor": null, "tunnel": null, "bridge": null, "layer": null, "level": null, "highway": "primary", "footway": null, "length": 13.489, "length_m": null, "effective_len_m": 13.489, "dist_to_route_m": 14.953527564732259, "OBJECTID": null, "source_area_m2": null, "STATION_NA": null, "EXIT_CODE": null, "INC_CRC": null, "FMEL_UPD_D": null, "BLK_NO": null, "ST_COD": null, "ENTITYID": null, "POSTAL_COD": null, "SHAPE.AREA": null, "SHAPE.LEN": null }, "geometry": { "type": "LineString", "coordinates": [ [ 103.8357919, 1.3664391 ], [ 103.8356766, 1.3664769 ] ] } },
{ "type": "Feature", "properties": { "name": "Ang Mo Kio Avenue 3", "audit_layer": "network_uncovered_edge", "len_m": null, "is_covered": 0.0, "is_synthesized": null, "synth_class": null, "covered": null, "indoor": null, "tunnel": null, "bridge": null, "layer": null, "level": null, "highway": "primary", "footway": null, "length": 15.411, "length_m": null, "effective_len_m": 15.411, "dist_to_route_m": 0.14559326307084172, "OBJECTID": null, "source_area_m2": null, "STATION_NA": null, "EXIT_CODE": null, "INC_CRC": null, "FMEL_UPD_D": null, "BLK_NO": null, "ST_COD": null, "ENTITYID": null, "POSTAL_COD": null, "SHAPE.AREA": null, "SHAPE.LEN": null }, "geometry": { "type": "LineString", "coordinates": [ [ 103.8357244, 1.366607 ], [ 103.8356766, 1.3664769 ] ] } },
{ "type": "Feature", "properties": { "name": "Ang Mo Kio Avenue 3", "audit_layer": "network_uncovered_edge", "len_m": null, "is_covered": 0.0, "is_synthesized": null, "synth_class": null, "covered": null, "indoor": null, "tunnel": null, "bridge": null, "layer": null, "level": null, "highway": "primary", "footway": null, "length": 6.168, "length_m": null, "effective_len_m": 6.168, "dist_to_route_m": 0.0, "OBJECTID": null, "source_area_m2": null, "STATION_NA": null, "EXIT_CODE": null, "INC_CRC": null, "FMEL_UPD_D": null, "BLK_NO": null, "ST_COD": null, "ENTITYID": null, "POSTAL_COD": null, "SHAPE.AREA": null, "SHAPE.LEN": null }, "geometry": { "type": "LineString", "coordinates": [ [ 103.8373013, 1.3693533 ], [ 103.837257, 1.3693199 ] ] } },
{ "type": "Feature", "properties": { "name": "Ang Mo Kio Avenue 3", "audit_layer": "network_uncovered_edge", "len_m": null, "is_covered": 0.0, "is_synthesized": null, "synth_class": null, "covered": null, "indoor": null, "tunnel": null, "bridge": null, "layer": null, "level": null, "highway": "primary", "footway": null, "length": 15.614, "length_m": null, "effective_len_m": 15.614, "dist_to_route_m": 0.1509418474550013, "OBJECTID": null, "source_area_m2": null, "STATION_NA": null, "EXIT_CODE": null, "INC_CRC": null, "FMEL_UPD_D": null, "BLK_NO": null, "ST_COD": null, "ENTITYID": null, "POSTAL_COD": null, "SHAPE.AREA": null, "SHAPE.LEN": null }, "geometry": { "type": "LineString", "coordinates": [ [ 103.8372625, 1.3694087 ], [ 103.8373743, 1.3694937 ] ] } },
{ "type": "Feature", "properties": { "name": "Ang Mo Kio Avenue 3", "audit_layer": "network_uncovered_edge", "len_m": null, "is_covered": 0.0, "is_synthesized": null, "synth_class": null, "covered": null, "indoor": null, "tunnel": null, "bridge": null, "layer": null, "level": null, "highway": "primary", "footway": null, "length": 30.073, "length_m": null, "effective_len_m": 30.073, "dist_to_route_m": 15.71951546298464, "OBJECTID": null, "source_area_m2": null, "STATION_NA": null, "EXIT_CODE": null, "INC_CRC": null, "FMEL_UPD_D": null, "BLK_NO": null, "ST_COD": null, "ENTITYID": null, "POSTAL_COD": null, "SHAPE.AREA": null, "SHAPE.LEN": null }, "geometry": { "type": "LineString", "coordinates": [ [ 103.8373743, 1.3694937 ], [ 103.8376002, 1.3696425 ] ] } },
{ "type": "Feature", "properties": { "name": "Ang Mo Kio Avenue 3", "audit_layer": "network_uncovered_edge", "len_m": null, "is_covered": 0.0, "is_synthesized": null, "synth_class": null, "covered": null, "indoor": null, "tunnel": null, "bridge": null, "layer": null, "level": null, "highway": "primary", "footway": null, "length": 57.261, "length_m": null, "effective_len_m": 57.261, "dist_to_route_m": 45.763103482786839, "OBJECTID": null, "source_area_m2": null, "STATION_NA": null, "EXIT_CODE": null, "INC_CRC": null, "FMEL_UPD_D": null, "BLK_NO": null, "ST_COD": null, "ENTITYID": null, "POSTAL_COD": null, "SHAPE.AREA": null, "SHAPE.LEN": null }, "geometry": { "type": "LineString", "coordinates": [ [ 103.8376002, 1.3696425 ], [ 103.8380837, 1.3698201 ] ] } },
{ "type": "Feature", "properties": { "name": "Ang Mo Kio Avenue 4", "audit_layer": "network_uncovered_edge", "len_m": null, "is_covered": 0.0, "is_synthesized": null, "synth_class": null, "covered": null, "indoor": null, "tunnel": null, "bridge": null, "layer": null, "level": null, "highway": "secondary", "footway": null, "length": 9.448, "length_m": null, "effective_len_m": 9.448, "dist_to_route_m": 20.101189215060352, "OBJECTID": null, "source_area_m2": null, "STATION_NA": null, "EXIT_CODE": null, "INC_CRC": null, "FMEL_UPD_D": null, "BLK_NO": null, "ST_COD": null, "ENTITYID": null, "POSTAL_COD": null, "SHAPE.AREA": null, "SHAPE.LEN": null }, "geometry": { "type": "LineString", "coordinates": [ [ 103.8365671, 1.3709559 ], [ 103.8365582, 1.3710404 ] ] } },
{ "type": "Feature", "properties": { "name": "Ang Mo Kio Street 11", "audit_layer": "network_uncovered_edge", "len_m": null, "is_covered": 0.0, "is_synthesized": null, "synth_class": null, "covered": null, "indoor": null, "tunnel": null, "bridge": null, "layer": null, "level": null, "highway": "tertiary", "footway": null, "length": 8.86, "length_m": null, "effective_len_m": 8.86, "dist_to_route_m": 18.064106044721189, "OBJECTID": null, "source_area_m2": null, "STATION_NA": null, "EXIT_CODE": null, "INC_CRC": null, "FMEL_UPD_D": null, "BLK_NO": null, "ST_COD": null, "ENTITYID": null, "POSTAL_COD": null, "SHAPE.AREA": null, "SHAPE.LEN": null }, "geometry": { "type": "LineString", "coordinates": [ [ 103.8366465, 1.3709628 ], [ 103.8365671, 1.3709559 ] ] } },
{ "type": "Feature", "properties": { "name": "Ang Mo Kio Street 11", "audit_layer": "network_uncovered_edge", "len_m": null, "is_covered": 0.0, "is_synthesized": null, "synth_class": null, "covered": null, "indoor": null, "tunnel": null, "bridge": null, "layer": null, "level": null, "highway": "tertiary", "footway": null, "length": 13.73, "length_m": null, "effective_len_m": 13.73, "dist_to_route_m": 20.101189215060352, "OBJECTID": null, "source_area_m2": null, "STATION_NA": null, "EXIT_CODE": null, "INC_CRC": null, "FMEL_UPD_D": null, "BLK_NO": null, "ST_COD": null, "ENTITYID": null, "POSTAL_COD": null, "SHAPE.AREA": null, "SHAPE.LEN": null }, "geometry": { "type": "LineString", "coordinates": [ [ 103.8365671, 1.3709559 ], [ 103.8364437, 1.3709507 ] ] } },
{ "type": "Feature", "properties": { "name": "Ang Mo Kio Street 11", "audit_layer": "network_uncovered_edge", "len_m": null, "is_covered": 0.0, "is_synthesized": null, "synth_class": null, "covered": null, "indoor": null, "tunnel": null, "bridge": null, "layer": null, "level": null, "highway": "tertiary", "footway": null, "length": 28.045, "length_m": null, "effective_len_m": 28.045, "dist_to_route_m": 29.276558626506283, "OBJECTID": null, "source_area_m2": null, "STATION_NA": null, "EXIT_CODE": null, "INC_CRC": null, "FMEL_UPD_D": null, "BLK_NO": null, "ST_COD": null, "ENTITYID": null, "POSTAL_COD": null, "SHAPE.AREA": null, "SHAPE.LEN": null }, "geometry": { "type": "LineString", "coordinates": [ [ 103.8364437, 1.3709507 ], [ 103.8361927, 1.3709253 ] ] } },
{ "type": "Feature", "properties": { "name": "Ang Mo Kio Street 11", "audit_layer": "network_uncovered_edge", "len_m": null, "is_covered": 0.0, "is_synthesized": null, "synth_class": null, "covered": null, "indoor": null, "tunnel": null, "bridge": null, "layer": null, "level": null, "highway": "tertiary", "footway": null, "length": 52.19, "length_m": null, "effective_len_m": 52.19, "dist_to_route_m": 53.818790314226575, "OBJECTID": null, "source_area_m2": null, "STATION_NA": null, "EXIT_CODE": null, "INC_CRC": null, "FMEL_UPD_D": null, "BLK_NO": null, "ST_COD": null, "ENTITYID": null, "POSTAL_COD": null, "SHAPE.AREA": null, "SHAPE.LEN": null }, "geometry": { "type": "LineString", "coordinates": [ [ 103.8361927, 1.3709253 ], [ 103.8357236, 1.3709061 ] ] } },
{ "type": "Feature", "properties": { "name": null, "audit_layer": "network_uncovered_edge", "len_m": null, "is_covered": 0.0, "is_synthesized": null, "synth_class": null, "covered": null, "indoor": null, "tunnel": null, "bridge": null, "layer": null, "level": null, "highway": "footway", "footway": null, "length": 11.787, "length_m": null, "effective_len_m": 11.787, "dist_to_route_m": 0.0, "OBJECTID": null, "source_area_m2": null, "STATION_NA": null, "EXIT_CODE": null, "INC_CRC": null, "FMEL_UPD_D": null, "BLK_NO": null, "ST_COD": null, "ENTITYID": null, "POSTAL_COD": null, "SHAPE.AREA": null, "SHAPE.LEN": null }, "geometry": { "type": "LineString", "coordinates": [ [ 103.8366868, 1.3686795 ], [ 103.836607, 1.3687493 ] ] } },
{ "type": "Feature", "properties": { "name": null, "audit_layer": "network_uncovered_edge", "len_m": null, "is_covered": 0.0, "is_synthesized": null, "synth_class": null, "covered": null, "indoor": null, "tunnel": null, "bridge": null, "layer": null, "level": null, "highway": "footway", "footway": null, "length": 1.488, "length_m": null, "effective_len_m": 1.488, "dist_to_route_m": 18.293247205414712, "OBJECTID": null, "source_area_m2": null, "STATION_NA": null, "EXIT_CODE": null, "INC_CRC": null, "FMEL_UPD_D": null, "BLK_NO": null, "ST_COD": null, "ENTITYID": null, "POSTAL_COD": null, "SHAPE.AREA": null, "SHAPE.LEN": null }, "geometry": { "type": "LineString", "coordinates": [ [ 103.8364207, 1.3687945 ], [ 103.8364312, 1.3687862 ] ] } },
{ "type": "Feature", "properties": { "name": null, "audit_layer": "network_uncovered_edge", "len_m": null, "is_covered": 0.0, "is_synthesized": null, "synth_class": null, "covered": null, "indoor": null, "tunnel": null, "bridge": null, "layer": null, "level": null, "highway": "footway", "footway": null, "length": 11.562, "length_m": null, "effective_len_m": 11.562, "dist_to_route_m": 6.7594858390322337, "OBJECTID": null, "source_area_m2": null, "STATION_NA": null, "EXIT_CODE": null, "INC_CRC": null, "FMEL_UPD_D": null, "BLK_NO": null, "ST_COD": null, "ENTITYID": null, "POSTAL_COD": null, "SHAPE.AREA": null, "SHAPE.LEN": null }, "geometry": { "type": "LineString", "coordinates": [ [ 103.8364312, 1.3687862 ], [ 103.8365114, 1.36872 ] ] } },
{ "type": "Feature", "properties": { "name": null, "audit_layer": "network_uncovered_edge", "len_m": null, "is_covered": 0.0, "is_synthesized": null, "synth_class": null, "covered": null, "indoor": null, "tunnel": null, "bridge": null, "layer": null, "level": null, "highway": "footway", "footway": "crossing", "length": 2.39, "length_m": null, "effective_len_m": 2.39, "dist_to_route_m": 7.0581456447508577, "OBJECTID": null, "source_area_m2": null, "STATION_NA": null, "EXIT_CODE": null, "INC_CRC": null, "FMEL_UPD_D": null, "BLK_NO": null, "ST_COD": null, "ENTITYID": null, "POSTAL_COD": null, "SHAPE.AREA": null, "SHAPE.LEN": null }, "geometry": { "type": "LineString", "coordinates": [ [ 103.8371015, 1.3662834 ], [ 103.8370811, 1.3662902 ] ] } },
{ "type": "Feature", "properties": { "name": null, "audit_layer": "network_uncovered_edge", "len_m": null, "is_covered": 0.0, "is_synthesized": null, "synth_class": null, "covered": null, "indoor": null, "tunnel": null, "bridge": null, "layer": null, "level": null, "highway": "footway", "footway": "crossing", "length": 7.042, "length_m": null, "effective_len_m": 7.042, "dist_to_route_m": 0.074557876680191301, "OBJECTID": null, "source_area_m2": null, "STATION_NA": null, "EXIT_CODE": null, "INC_CRC": null, "FMEL_UPD_D": null, "BLK_NO": null, "ST_COD": null, "ENTITYID": null, "POSTAL_COD": null, "SHAPE.AREA": null, "SHAPE.LEN": null }, "geometry": { "type": "LineString", "coordinates": [ [ 103.8370811, 1.3662902 ], [ 103.8370213, 1.3663111 ] ] } },
{ "type": "Feature", "properties": { "name": null, "audit_layer": "network_uncovered_edge", "len_m": null, "is_covered": 0.0, "is_synthesized": null, "synth_class": null, "covered": null, "indoor": null, "tunnel": null, "bridge": null, "layer": null, "level": null, "highway": "footway", "footway": "crossing", "length": 7.189, "length_m": null, "effective_len_m": 7.189, "dist_to_route_m": 0.0, "OBJECTID": null, "source_area_m2": null, "STATION_NA": null, "EXIT_CODE": null, "INC_CRC": null, "FMEL_UPD_D": null, "BLK_NO": null, "ST_COD": null, "ENTITYID": null, "POSTAL_COD": null, "SHAPE.AREA": null, "SHAPE.LEN": null }, "geometry": { "type": "LineString", "coordinates": [ [ 103.8370213, 1.3663111 ], [ 103.836959800000017, 1.3663311 ] ] } },
{ "type": "Feature", "properties": { "name": null, "audit_layer": "network_uncovered_edge", "len_m": null, "is_covered": 0.0, "is_synthesized": null, "synth_class": null, "covered": null, "indoor": null, "tunnel": null, "bridge": null, "layer": null, "level": null, "highway": "footway", "footway": "crossing", "length": 11.496, "length_m": null, "effective_len_m": 11.496, "dist_to_route_m": 0.0, "OBJECTID": null, "source_area_m2": null, "STATION_NA": null, "EXIT_CODE": null, "INC_CRC": null, "FMEL_UPD_D": null, "BLK_NO": null, "ST_COD": null, "ENTITYID": null, "POSTAL_COD": null, "SHAPE.AREA": null, "SHAPE.LEN": null }, "geometry": { "type": "LineString", "coordinates": [ [ 103.8358663, 1.366665 ], [ 103.8358322, 1.3665674 ] ] } },
{ "type": "Feature", "properties": { "name": null, "audit_layer": "network_uncovered_edge", "len_m": null, "is_covered": 0.0, "is_synthesized": null, "synth_class": null, "covered": null, "indoor": null, "tunnel": null, "bridge": null, "layer": null, "level": null, "highway": "footway", "footway": "crossing", "length": 14.953, "length_m": null, "effective_len_m": 14.953, "dist_to_route_m": 0.16408982425617749, "OBJECTID": null, "source_area_m2": null, "STATION_NA": null, "EXIT_CODE": null, "INC_CRC": null, "FMEL_UPD_D": null, "BLK_NO": null, "ST_COD": null, "ENTITYID": null, "POSTAL_COD": null, "SHAPE.AREA": null, "SHAPE.LEN": null }, "geometry": { "type": "LineString", "coordinates": [ [ 103.8358322, 1.3665674 ], [ 103.8357919, 1.3664391 ] ] } },
{ "type": "Feature", "properties": { "name": null, "audit_layer": "network_uncovered_edge", "len_m": null, "is_covered": 0.0, "is_synthesized": null, "synth_class": null, "covered": null, "indoor": null, "tunnel": null, "bridge": null, "layer": null, "level": null, "highway": "footway", "footway": "crossing", "length": 10.954, "length_m": null, "effective_len_m": 10.954, "dist_to_route_m": 14.953527564732259, "OBJECTID": null, "source_area_m2": null, "STATION_NA": null, "EXIT_CODE": null, "INC_CRC": null, "FMEL_UPD_D": null, "BLK_NO": null, "ST_COD": null, "ENTITYID": null, "POSTAL_COD": null, "SHAPE.AREA": null, "SHAPE.LEN": null }, "geometry": { "type": "LineString", "coordinates": [ [ 103.8357919, 1.3664391 ], [ 103.8357621, 1.3663452 ] ] } },
{ "type": "Feature", "properties": { "name": null, "audit_layer": "network_uncovered_edge", "len_m": null, "is_covered": 0.0, "is_synthesized": null, "synth_class": null, "covered": null, "indoor": null, "tunnel": null, "bridge": null, "layer": null, "level": null, "highway": "footway", "footway": null, "length": 3.525, "length_m": null, "effective_len_m": 3.525, "dist_to_route_m": 17.149896841425637, "OBJECTID": null, "source_area_m2": null, "STATION_NA": null, "EXIT_CODE": null, "INC_CRC": null, "FMEL_UPD_D": null, "BLK_NO": null, "ST_COD": null, "ENTITYID": null, "POSTAL_COD": null, "SHAPE.AREA": null, "SHAPE.LEN": null }, "geometry": { "type": "LineString", "coordinates": [ [ 103.8373274, 1.3695875 ], [ 103.8373587, 1.3695926 ] ] } },
{ "type": "Feature", "properties": { "name": null, "audit_layer": "network_uncovered_edge", "len_m": null, "is_covered": 0.0, "is_synthesized": null, "synth_class": null, "covered": null, "indoor": null, "tunnel": null, "bridge": null, "layer": null, "level": null, "highway": "footway", "footway": null, "length": 4.416, "length_m": null, "effective_len_m": 4.416, "dist_to_route_m": 20.370988269183879, "OBJECTID": null, "source_area_m2": null, "STATION_NA": null, "EXIT_CODE": null, "INC_CRC": null, "FMEL_UPD_D": null, "BLK_NO": null, "ST_COD": null, "ENTITYID": null, "POSTAL_COD": null, "SHAPE.AREA": null, "SHAPE.LEN": null }, "geometry": { "type": "LineString", "coordinates": [ [ 103.8373587, 1.3695926 ], [ 103.8373961, 1.369606 ] ] } },
{ "type": "Feature", "properties": { "name": null, "audit_layer": "network_uncovered_edge", "len_m": null, "is_covered": 0.0, "is_synthesized": null, "synth_class": null, "covered": null, "indoor": null, "tunnel": null, "bridge": null, "layer": null, "level": null, "highway": "footway", "footway": null, "length": 10.373, "length_m": null, "effective_len_m": 10.373, "dist_to_route_m": 24.652807944768874, "OBJECTID": null, "source_area_m2": null, "STATION_NA": null, "EXIT_CODE": null, "INC_CRC": null, "FMEL_UPD_D": null, "BLK_NO": null, "ST_COD": null, "ENTITYID": null, "POSTAL_COD": null, "SHAPE.AREA": null, "SHAPE.LEN": null }, "geometry": { "type": "LineString", "coordinates": [ [ 103.8373961, 1.369606 ], [ 103.8374691, 1.3696641 ] ] } },
{ "type": "Feature", "properties": { "name": null, "audit_layer": "network_uncovered_edge", "len_m": null, "is_covered": 0.0, "is_synthesized": null, "synth_class": null, "covered": null, "indoor": null, "tunnel": null, "bridge": null, "layer": null, "level": null, "highway": "footway", "footway": null, "length": 5.28, "length_m": null, "effective_len_m": 5.28, "dist_to_route_m": 34.978462064680258, "OBJECTID": null, "source_area_m2": null, "STATION_NA": null, "EXIT_CODE": null, "INC_CRC": null, "FMEL_UPD_D": null, "BLK_NO": null, "ST_COD": null, "ENTITYID": null, "POSTAL_COD": null, "SHAPE.AREA": null, "SHAPE.LEN": null }, "geometry": { "type": "LineString", "coordinates": [ [ 103.8374691, 1.3696641 ], [ 103.8375113, 1.3696859 ] ] } },
{ "type": "Feature", "properties": { "name": null, "audit_layer": "network_uncovered_edge", "len_m": null, "is_covered": 0.0, "is_synthesized": null, "synth_class": null, "covered": null, "indoor": null, "tunnel": null, "bridge": null, "layer": null, "level": null, "highway": "footway", "footway": null, "length": 2.322, "length_m": null, "effective_len_m": 2.322, "dist_to_route_m": 40.22138071555861, "OBJECTID": null, "source_area_m2": null, "STATION_NA": null, "EXIT_CODE": null, "INC_CRC": null, "FMEL_UPD_D": null, "BLK_NO": null, "ST_COD": null, "ENTITYID": null, "POSTAL_COD": null, "SHAPE.AREA": null, "SHAPE.LEN": null }, "geometry": { "type": "LineString", "coordinates": [ [ 103.8375113, 1.3696859 ], [ 103.8375299, 1.3696954 ] ] } },
{ "type": "Feature", "properties": { "name": null, "audit_layer": "network_uncovered_edge", "len_m": null, "is_covered": 0.0, "is_synthesized": null, "synth_class": null, "covered": null, "indoor": null, "tunnel": null, "bridge": null, "layer": null, "level": null, "highway": "footway", "footway": null, "length": 1.964, "length_m": null, "effective_len_m": 1.964, "dist_to_route_m": 42.525554123857724, "OBJECTID": null, "source_area_m2": null, "STATION_NA": null, "EXIT_CODE": null, "INC_CRC": null, "FMEL_UPD_D": null, "BLK_NO": null, "ST_COD": null, "ENTITYID": null, "POSTAL_COD": null, "SHAPE.AREA": null, "SHAPE.LEN": null }, "geometry": { "type": "LineString", "coordinates": [ [ 103.8375299, 1.3696954 ], [ 103.8375456, 1.3697035 ] ] } },
{ "type": "Feature", "properties": { "name": null, "audit_layer": "network_uncovered_edge", "len_m": null, "is_covered": 0.0, "is_synthesized": null, "synth_class": null, "covered": null, "indoor": null, "tunnel": null, "bridge": null, "layer": null, "level": null, "highway": "footway", "footway": null, "length": 11.417, "length_m": null, "effective_len_m": 11.417, "dist_to_route_m": 44.475476267464522, "OBJECTID": null, "source_area_m2": null, "STATION_NA": null, "EXIT_CODE": null, "INC_CRC": null, "FMEL_UPD_D": null, "BLK_NO": null, "ST_COD": null, "ENTITYID": null, "POSTAL_COD": null, "SHAPE.AREA": null, "SHAPE.LEN": null }, "geometry": { "type": "LineString", "coordinates": [ [ 103.8375456, 1.3697035 ], [ 103.8376383, 1.3697477 ] ] } },
{ "type": "Feature", "properties": { "name": null, "audit_layer": "network_uncovered_edge", "len_m": null, "is_covered": 0.0, "is_synthesized": null, "synth_class": null, "covered": null, "indoor": null, "tunnel": null, "bridge": null, "layer": null, "level": null, "highway": "footway", "footway": null, "length": 10.853, "length_m": null, "effective_len_m": 10.853, "dist_to_route_m": 55.765309826475367, "OBJECTID": null, "source_area_m2": null, "STATION_NA": null, "EXIT_CODE": null, "INC_CRC": null, "FMEL_UPD_D": null, "BLK_NO": null, "ST_COD": null, "ENTITYID": null, "POSTAL_COD": null, "SHAPE.AREA": null, "SHAPE.LEN": null }, "geometry": { "type": "LineString", "coordinates": [ [ 103.8376383, 1.3697477 ], [ 103.8377286, 1.3697848 ] ] } },
{ "type": "Feature", "properties": { "name": null, "audit_layer": "network_uncovered_edge", "len_m": null, "is_covered": 0.0, "is_synthesized": null, "synth_class": null, "covered": null, "indoor": null, "tunnel": null, "bridge": null, "layer": null, "level": null, "highway": "footway", "footway": null, "length": 12.315, "length_m": null, "effective_len_m": 12.315, "dist_to_route_m": 66.39592800735241, "OBJECTID": null, "source_area_m2": null, "STATION_NA": null, "EXIT_CODE": null, "INC_CRC": null, "FMEL_UPD_D": null, "BLK_NO": null, "ST_COD": null, "ENTITYID": null, "POSTAL_COD": null, "SHAPE.AREA": null, "SHAPE.LEN": null }, "geometry": { "type": "LineString", "coordinates": [ [ 103.8377286, 1.3697848 ], [ 103.8378333, 1.369821 ] ] } },
{ "type": "Feature", "properties": { "name": null, "audit_layer": "network_uncovered_edge", "len_m": null, "is_covered": 0.0, "is_synthesized": null, "synth_class": null, "covered": null, "indoor": null, "tunnel": null, "bridge": null, "layer": null, "level": null, "highway": "footway", "footway": null, "length": 3.076, "length_m": null, "effective_len_m": 3.076, "dist_to_route_m": 78.301850791965606, "OBJECTID": null, "source_area_m2": null, "STATION_NA": null, "EXIT_CODE": null, "INC_CRC": null, "FMEL_UPD_D": null, "BLK_NO": null, "ST_COD": null, "ENTITYID": null, "POSTAL_COD": null, "SHAPE.AREA": null, "SHAPE.LEN": null }, "geometry": { "type": "LineString", "coordinates": [ [ 103.8378333, 1.369821 ], [ 103.8378595, 1.3698299 ] ] } },
{ "type": "Feature", "properties": { "name": null, "audit_layer": "network_uncovered_edge", "len_m": null, "is_covered": 0.0, "is_synthesized": null, "synth_class": null, "covered": null, "indoor": null, "tunnel": null, "bridge": null, "layer": null, "level": null, "highway": "footway", "footway": null, "length": 17.268, "length_m": null, "effective_len_m": 17.268, "dist_to_route_m": 18.809482036456881, "OBJECTID": null, "source_area_m2": null, "STATION_NA": null, "EXIT_CODE": null, "INC_CRC": null, "FMEL_UPD_D": null, "BLK_NO": null, "ST_COD": null, "ENTITYID": null, "POSTAL_COD": null, "SHAPE.AREA": null, "SHAPE.LEN": null }, "geometry": { "type": "LineString", "coordinates": [ [ 103.8370608, 1.369403 ], [ 103.836938, 1.3693079 ] ] } },
{ "type": "Feature", "properties": { "name": null, "audit_layer": "network_uncovered_edge", "len_m": null, "is_covered": 0.0, "is_synthesized": null, "synth_class": null, "covered": null, "indoor": null, "tunnel": null, "bridge": null, "layer": null, "level": null, "highway": "footway", "footway": null, "length": 2.148, "length_m": null, "effective_len_m": 2.148, "dist_to_route_m": 18.817802497111835, "OBJECTID": null, "source_area_m2": null, "STATION_NA": null, "EXIT_CODE": null, "INC_CRC": null, "FMEL_UPD_D": null, "BLK_NO": null, "ST_COD": null, "ENTITYID": null, "POSTAL_COD": null, "SHAPE.AREA": null, "SHAPE.LEN": null }, "geometry": { "type": "LineString", "coordinates": [ [ 103.836938, 1.3693079 ], [ 103.8369227, 1.3692961 ] ] } },
{ "type": "Feature", "properties": { "name": null, "audit_layer": "network_uncovered_edge", "len_m": null, "is_covered": 0.0, "is_synthesized": null, "synth_class": null, "covered": null, "indoor": null, "tunnel": null, "bridge": null, "layer": null, "level": null, "highway": "footway", "footway": null, "length": 36.919, "length_m": null, "effective_len_m": 36.919, "dist_to_route_m": 17.294287857458158, "OBJECTID": null, "source_area_m2": null, "STATION_NA": null, "EXIT_CODE": null, "INC_CRC": null, "FMEL_UPD_D": null, "BLK_NO": null, "ST_COD": null, "ENTITYID": null, "POSTAL_COD": null, "SHAPE.AREA": null, "SHAPE.LEN": null }, "geometry": { "type": "LineString", "coordinates": [ [ 103.8369227, 1.3692961 ], [ 103.836680900000019, 1.3690685 ] ] } },
{ "type": "Feature", "properties": { "name": null, "audit_layer": "network_uncovered_edge", "len_m": null, "is_covered": 0.0, "is_synthesized": null, "synth_class": null, "covered": null, "indoor": null, "tunnel": null, "bridge": null, "layer": null, "level": null, "highway": "footway", "footway": null, "length": 34.059, "length_m": null, "effective_len_m": 34.059, "dist_to_route_m": 17.877727768632898, "OBJECTID": null, "source_area_m2": null, "STATION_NA": null, "EXIT_CODE": null, "INC_CRC": null, "FMEL_UPD_D": null, "BLK_NO": null, "ST_COD": null, "ENTITYID": null, "POSTAL_COD": null, "SHAPE.AREA": null, "SHAPE.LEN": null }, "geometry": { "type": "LineString", "coordinates": [ [ 103.836680900000019, 1.3690685 ], [ 103.8364715, 1.3688449 ] ] } },
{ "type": "Feature", "properties": { "name": null, "audit_layer": "network_uncovered_edge", "len_m": null, "is_covered": 0.0, "is_synthesized": null, "synth_class": null, "covered": null, "indoor": null, "tunnel": null, "bridge": null, "layer": null, "level": null, "highway": "footway", "footway": null, "length": 7.917, "length_m": null, "effective_len_m": 7.917, "dist_to_route_m": 18.293247205414712, "OBJECTID": null, "source_area_m2": null, "STATION_NA": null, "EXIT_CODE": null, "INC_CRC": null, "FMEL_UPD_D": null, "BLK_NO": null, "ST_COD": null, "ENTITYID": null, "POSTAL_COD": null, "SHAPE.AREA": null, "SHAPE.LEN": null }, "geometry": { "type": "LineString", "coordinates": [ [ 103.8364715, 1.3688449 ], [ 103.8364312, 1.3687862 ] ] } },
{ "type": "Feature", "properties": { "name": null, "audit_layer": "network_uncovered_edge", "len_m": null, "is_covered": 0.0, "is_synthesized": null, "synth_class": null, "covered": null, "indoor": null, "tunnel": null, "bridge": null, "layer": null, "level": null, "highway": "footway", "footway": null, "length": 10.443, "length_m": null, "effective_len_m": 10.443, "dist_to_route_m": 17.953373735837829, "OBJECTID": null, "source_area_m2": null, "STATION_NA": null, "EXIT_CODE": null, "INC_CRC": null, "FMEL_UPD_D": null, "BLK_NO": null, "ST_COD": null, "ENTITYID": null, "POSTAL_COD": null, "SHAPE.AREA": null, "SHAPE.LEN": null }, "geometry": { "type": "LineString", "coordinates": [ [ 103.8364312, 1.3687862 ], [ 103.836378, 1.3687088 ] ] } },
{ "type": "Feature", "properties": { "name": null, "audit_layer": "network_uncovered_edge", "len_m": null, "is_covered": 0.0, "is_synthesized": null, "synth_class": null, "covered": null, "indoor": null, "tunnel": null, "bridge": null, "layer": null, "level": null, "highway": "footway", "footway": null, "length": 9.096, "length_m": null, "effective_len_m": 9.096, "dist_to_route_m": 18.006866899954996, "OBJECTID": null, "source_area_m2": null, "STATION_NA": null, "EXIT_CODE": null, "INC_CRC": null, "FMEL_UPD_D": null, "BLK_NO": null, "ST_COD": null, "ENTITYID": null, "POSTAL_COD": null, "SHAPE.AREA": null, "SHAPE.LEN": null }, "geometry": { "type": "LineString", "coordinates": [ [ 103.836378, 1.3687088 ], [ 103.8363312, 1.3686417 ] ] } },
{ "type": "Feature", "properties": { "name": null, "audit_layer": "network_covered_edge", "len_m": null, "is_covered": 1.0, "is_synthesized": null, "synth_class": null, "covered": null, "indoor": null, "tunnel": null, "bridge": null, "layer": null, "level": null, "highway": "footway", "footway": null, "length": 2.178, "length_m": null, "effective_len_m": 2.178, "dist_to_route_m": 18.391097768681384, "OBJECTID": null, "source_area_m2": null, "STATION_NA": null, "EXIT_CODE": null, "INC_CRC": null, "FMEL_UPD_D": null, "BLK_NO": null, "ST_COD": null, "ENTITYID": null, "POSTAL_COD": null, "SHAPE.AREA": null, "SHAPE.LEN": null }, "geometry": { "type": "LineString", "coordinates": [ [ 103.8363312, 1.3686417 ], [ 103.8363137, 1.3686329 ] ] } },
{ "type": "Feature", "properties": { "name": null, "audit_layer": "network_covered_edge", "len_m": null, "is_covered": 1.0, "is_synthesized": null, "synth_class": null, "covered": null, "indoor": null, "tunnel": null, "bridge": null, "layer": null, "level": null, "highway": "footway", "footway": null, "length": 41.793, "length_m": null, "effective_len_m": 41.793, "dist_to_route_m": 19.286433398693557, "OBJECTID": null, "source_area_m2": null, "STATION_NA": null, "EXIT_CODE": null, "INC_CRC": null, "FMEL_UPD_D": null, "BLK_NO": null, "ST_COD": null, "ENTITYID": null, "POSTAL_COD": null, "SHAPE.AREA": null, "SHAPE.LEN": null }, "geometry": { "type": "LineString", "coordinates": [ [ 103.8363137, 1.3686329 ], [ 103.8361303, 1.3683048 ] ] } },
{ "type": "Feature", "properties": { "name": null, "audit_layer": "network_covered_edge", "len_m": null, "is_covered": 1.0, "is_synthesized": null, "synth_class": null, "covered": null, "indoor": null, "tunnel": null, "bridge": null, "layer": null, "level": null, "highway": "footway", "footway": null, "length": 11.449, "length_m": null, "effective_len_m": 11.449, "dist_to_route_m": 18.979089608912556, "OBJECTID": null, "source_area_m2": null, "STATION_NA": null, "EXIT_CODE": null, "INC_CRC": null, "FMEL_UPD_D": null, "BLK_NO": null, "ST_COD": null, "ENTITYID": null, "POSTAL_COD": null, "SHAPE.AREA": null, "SHAPE.LEN": null }, "geometry": { "type": "LineString", "coordinates": [ [ 103.8361303, 1.3683048 ], [ 103.83609180000002, 1.3682093 ] ] } },
{ "type": "Feature", "properties": { "name": null, "audit_layer": "network_covered_edge", "len_m": null, "is_covered": 1.0, "is_synthesized": null, "synth_class": null, "covered": null, "indoor": null, "tunnel": null, "bridge": null, "layer": null, "level": null, "highway": "footway", "footway": null, "length": 34.996, "length_m": null, "effective_len_m": 34.996, "dist_to_route_m": 19.099087649176813, "OBJECTID": null, "source_area_m2": null, "STATION_NA": null, "EXIT_CODE": null, "INC_CRC": null, "FMEL_UPD_D": null, "BLK_NO": null, "ST_COD": null, "ENTITYID": null, "POSTAL_COD": null, "SHAPE.AREA": null, "SHAPE.LEN": null }, "geometry": { "type": "LineString", "coordinates": [ [ 103.83609180000002, 1.3682093 ], [ 103.835984, 1.3679136 ] ] } },
{ "type": "Feature", "properties": { "name": null, "audit_layer": "network_covered_edge", "len_m": null, "is_covered": 1.0, "is_synthesized": null, "synth_class": null, "covered": null, "indoor": null, "tunnel": null, "bridge": null, "layer": null, "level": null, "highway": "footway", "footway": null, "length": 7.522, "length_m": null, "effective_len_m": 7.522, "dist_to_route_m": 18.358579138926032, "OBJECTID": null, "source_area_m2": null, "STATION_NA": null, "EXIT_CODE": null, "INC_CRC": null, "FMEL_UPD_D": null, "BLK_NO": null, "ST_COD": null, "ENTITYID": null, "POSTAL_COD": null, "SHAPE.AREA": null, "SHAPE.LEN": null }, "geometry": { "type": "LineString", "coordinates": [ [ 103.835984, 1.3679136 ], [ 103.8359701, 1.3678474 ] ] } },
{ "type": "Feature", "properties": { "name": null, "audit_layer": "network_uncovered_edge", "len_m": null, "is_covered": 0.0, "is_synthesized": null, "synth_class": null, "covered": null, "indoor": null, "tunnel": null, "bridge": null, "layer": null, "level": null, "highway": "footway", "footway": null, "length": 19.435, "length_m": null, "effective_len_m": 19.435, "dist_to_route_m": 16.882969747705367, "OBJECTID": null, "source_area_m2": null, "STATION_NA": null, "EXIT_CODE": null, "INC_CRC": null, "FMEL_UPD_D": null, "BLK_NO": null, "ST_COD": null, "ENTITYID": null, "POSTAL_COD": null, "SHAPE.AREA": null, "SHAPE.LEN": null }, "geometry": { "type": "LineString", "coordinates": [ [ 103.8359701, 1.3678474 ], [ 103.8359233, 1.367679 ] ] } },
{ "type": "Feature", "properties": { "name": null, "audit_layer": "network_uncovered_edge", "len_m": null, "is_covered": 0.0, "is_synthesized": null, "synth_class": null, "covered": null, "indoor": null, "tunnel": null, "bridge": null, "layer": null, "level": null, "highway": "footway", "footway": null, "length": 3.888, "length_m": null, "effective_len_m": 3.888, "dist_to_route_m": 16.882969747705367, "OBJECTID": null, "source_area_m2": null, "STATION_NA": null, "EXIT_CODE": null, "INC_CRC": null, "FMEL_UPD_D": null, "BLK_NO": null, "ST_COD": null, "ENTITYID": null, "POSTAL_COD": null, "SHAPE.AREA": null, "SHAPE.LEN": null }, "geometry": { "type": "LineString", "coordinates": [ [ 103.8359233, 1.367679 ], [ 103.8358958, 1.3676574 ] ] } },
{ "type": "Feature", "properties": { "name": null, "audit_layer": "network_uncovered_edge", "len_m": null, "is_covered": 0.0, "is_synthesized": null, "synth_class": null, "covered": null, "indoor": null, "tunnel": null, "bridge": null, "layer": null, "level": null, "highway": "footway", "footway": null, "length": 4.046, "length_m": null, "effective_len_m": 4.046, "dist_to_route_m": 18.941749484794713, "OBJECTID": null, "source_area_m2": null, "STATION_NA": null, "EXIT_CODE": null, "INC_CRC": null, "FMEL_UPD_D": null, "BLK_NO": null, "ST_COD": null, "ENTITYID": null, "POSTAL_COD": null, "SHAPE.AREA": null, "SHAPE.LEN": null }, "geometry": { "type": "LineString", "coordinates": [ [ 103.8358958, 1.3676574 ], [ 103.8358594, 1.3676575 ] ] } },
{ "type": "Feature", "properties": { "name": null, "audit_layer": "network_uncovered_edge", "len_m": null, "is_covered": 0.0, "is_synthesized": null, "synth_class": null, "covered": null, "indoor": null, "tunnel": null, "bridge": null, "layer": null, "level": null, "highway": "footway", "footway": null, "length": 7.86, "length_m": null, "effective_len_m": 7.86, "dist_to_route_m": 22.752037969954003, "OBJECTID": null, "source_area_m2": null, "STATION_NA": null, "EXIT_CODE": null, "INC_CRC": null, "FMEL_UPD_D": null, "BLK_NO": null, "ST_COD": null, "ENTITYID": null, "POSTAL_COD": null, "SHAPE.AREA": null, "SHAPE.LEN": null }, "geometry": { "type": "LineString", "coordinates": [ [ 103.8358594, 1.3676575 ], [ 103.835793, 1.3676818 ] ] } },
{ "type": "Feature", "properties": { "name": null, "audit_layer": "network_uncovered_edge", "len_m": null, "is_covered": 0.0, "is_synthesized": null, "synth_class": null, "covered": null, "indoor": null, "tunnel": null, "bridge": null, "layer": null, "level": null, "highway": "footway", "footway": null, "length": 71.099, "length_m": null, "effective_len_m": 71.099, "dist_to_route_m": 30.614915581772252, "OBJECTID": null, "source_area_m2": null, "STATION_NA": null, "EXIT_CODE": null, "INC_CRC": null, "FMEL_UPD_D": null, "BLK_NO": null, "ST_COD": null, "ENTITYID": null, "POSTAL_COD": null, "SHAPE.AREA": null, "SHAPE.LEN": null }, "geometry": { "type": "LineString", "coordinates": [ [ 103.835793, 1.3676818 ], [ 103.835195, 1.3679086 ] ] } },
{ "type": "Feature", "properties": { "name": null, "audit_layer": "network_uncovered_edge", "len_m": null, "is_covered": 0.0, "is_synthesized": null, "synth_class": null, "covered": null, "indoor": null, "tunnel": null, "bridge": null, "layer": null, "level": null, "highway": "steps", "footway": null, "length": 17.11, "length_m": null, "effective_len_m": 17.11, "dist_to_route_m": 19.543176118728116, "OBJECTID": null, "source_area_m2": null, "STATION_NA": null, "EXIT_CODE": null, "INC_CRC": null, "FMEL_UPD_D": null, "BLK_NO": null, "ST_COD": null, "ENTITYID": null, "POSTAL_COD": null, "SHAPE.AREA": null, "SHAPE.LEN": null }, "geometry": { "type": "LineString", "coordinates": [ [ 103.835513, 1.3668993 ], [ 103.8355863, 1.366764 ] ] } },
{ "type": "Feature", "properties": { "name": null, "audit_layer": "network_uncovered_edge", "len_m": null, "is_covered": 0.0, "is_synthesized": null, "synth_class": null, "covered": null, "indoor": null, "tunnel": null, "bridge": null, "layer": null, "level": null, "highway": "footway", "footway": "crossing", "length": 11.438, "length_m": null, "effective_len_m": 11.438, "dist_to_route_m": 19.525124048210152, "OBJECTID": null, "source_area_m2": null, "STATION_NA": null, "EXIT_CODE": null, "INC_CRC": null, "FMEL_UPD_D": null, "BLK_NO": null, "ST_COD": null, "ENTITYID": null, "POSTAL_COD": null, "SHAPE.AREA": null, "SHAPE.LEN": null }, "geometry": { "type": "LineString", "coordinates": [ [ 103.8355863, 1.366764 ], [ 103.8355535, 1.3666665 ] ] } },
{ "type": "Feature", "properties": { "name": null, "audit_layer": "network_uncovered_edge", "len_m": null, "is_covered": 0.0, "is_synthesized": null, "synth_class": null, "covered": null, "indoor": null, "tunnel": null, "bridge": null, "layer": null, "level": null, "highway": "footway", "footway": "crossing", "length": 15.704, "length_m": null, "effective_len_m": 15.704, "dist_to_route_m": 19.5543086042805, "OBJECTID": null, "source_area_m2": null, "STATION_NA": null, "EXIT_CODE": null, "INC_CRC": null, "FMEL_UPD_D": null, "BLK_NO": null, "ST_COD": null, "ENTITYID": null, "POSTAL_COD": null, "SHAPE.AREA": null, "SHAPE.LEN": null }, "geometry": { "type": "LineString", "coordinates": [ [ 103.8355535, 1.3666665 ], [ 103.8355077, 1.3665329 ] ] } },
{ "type": "Feature", "properties": { "name": null, "audit_layer": "network_uncovered_edge", "len_m": null, "is_covered": 0.0, "is_synthesized": null, "synth_class": null, "covered": null, "indoor": null, "tunnel": null, "bridge": null, "layer": null, "level": null, "highway": "footway", "footway": "crossing", "length": 10.559, "length_m": null, "effective_len_m": 10.559, "dist_to_route_m": 25.117530941892046, "OBJECTID": null, "source_area_m2": null, "STATION_NA": null, "EXIT_CODE": null, "INC_CRC": null, "FMEL_UPD_D": null, "BLK_NO": null, "ST_COD": null, "ENTITYID": null, "POSTAL_COD": null, "SHAPE.AREA": null, "SHAPE.LEN": null }, "geometry": { "type": "LineString", "coordinates": [ [ 103.8355077, 1.3665329 ], [ 103.8354783, 1.3664426 ] ] } },
{ "type": "Feature", "properties": { "name": null, "audit_layer": "network_uncovered_edge", "len_m": null, "is_covered": 0.0, "is_synthesized": null, "synth_class": null, "covered": null, "indoor": null, "tunnel": null, "bridge": null, "layer": null, "level": null, "highway": "footway", "footway": null, "length": 33.355, "length_m": null, "effective_len_m": 33.355, "dist_to_route_m": 25.791322917548655, "OBJECTID": null, "source_area_m2": null, "STATION_NA": null, "EXIT_CODE": null, "INC_CRC": null, "FMEL_UPD_D": null, "BLK_NO": null, "ST_COD": null, "ENTITYID": null, "POSTAL_COD": null, "SHAPE.AREA": null, "SHAPE.LEN": null }, "geometry": { "type": "LineString", "coordinates": [ [ 103.8354783, 1.3664426 ], [ 103.8357621, 1.3663452 ] ] } },
{ "type": "Feature", "properties": { "name": null, "audit_layer": "network_uncovered_edge", "len_m": null, "is_covered": 0.0, "is_synthesized": null, "synth_class": null, "covered": null, "indoor": null, "tunnel": null, "bridge": null, "layer": null, "level": null, "highway": "footway", "footway": null, "length": 21.821, "length_m": null, "effective_len_m": 21.821, "dist_to_route_m": 25.791322917548655, "OBJECTID": null, "source_area_m2": null, "STATION_NA": null, "EXIT_CODE": null, "INC_CRC": null, "FMEL_UPD_D": null, "BLK_NO": null, "ST_COD": null, "ENTITYID": null, "POSTAL_COD": null, "SHAPE.AREA": null, "SHAPE.LEN": null }, "geometry": { "type": "LineString", "coordinates": [ [ 103.8357621, 1.3663452 ], [ 103.8356944, 1.366161 ] ] } },
{ "type": "Feature", "properties": { "name": null, "audit_layer": "network_uncovered_edge", "len_m": null, "is_covered": 0.0, "is_synthesized": null, "synth_class": null, "covered": null, "indoor": null, "tunnel": null, "bridge": null, "layer": null, "level": null, "highway": "footway", "footway": null, "length": 25.076, "length_m": null, "effective_len_m": 25.076, "dist_to_route_m": 74.854139126681545, "OBJECTID": null, "source_area_m2": null, "STATION_NA": null, "EXIT_CODE": null, "INC_CRC": null, "FMEL_UPD_D": null, "BLK_NO": null, "ST_COD": null, "ENTITYID": null, "POSTAL_COD": null, "SHAPE.AREA": null, "SHAPE.LEN": null }, "geometry": { "type": "LineString", "coordinates": [ [ 103.8348348, 1.3666807 ], [ 103.8350474, 1.3666053 ] ] } },
{ "type": "Feature", "properties": { "name": null, "audit_layer": "network_uncovered_edge", "len_m": null, "is_covered": 0.0, "is_synthesized": null, "synth_class": null, "covered": null, "indoor": null, "tunnel": null, "bridge": null, "layer": null, "level": null, "highway": "footway", "footway": null, "length": 26.238, "length_m": null, "effective_len_m": 26.238, "dist_to_route_m": 51.297093220308, "OBJECTID": null, "source_area_m2": null, "STATION_NA": null, "EXIT_CODE": null, "INC_CRC": null, "FMEL_UPD_D": null, "BLK_NO": null, "ST_COD": null, "ENTITYID": null, "POSTAL_COD": null, "SHAPE.AREA": null, "SHAPE.LEN": null }, "geometry": { "type": "LineString", "coordinates": [ [ 103.8350474, 1.3666053 ], [ 103.8352677, 1.3665206 ] ] } },
{ "type": "Feature", "properties": { "name": null, "audit_layer": "network_uncovered_edge", "len_m": null, "is_covered": 0.0, "is_synthesized": null, "synth_class": null, "covered": null, "indoor": null, "tunnel": null, "bridge": null, "layer": null, "level": null, "highway": "footway", "footway": null, "length": 24.966, "length_m": null, "effective_len_m": 24.966, "dist_to_route_m": 32.651930737088044, "OBJECTID": null, "source_area_m2": null, "STATION_NA": null, "EXIT_CODE": null, "INC_CRC": null, "FMEL_UPD_D": null, "BLK_NO": null, "ST_COD": null, "ENTITYID": null, "POSTAL_COD": null, "SHAPE.AREA": null, "SHAPE.LEN": null }, "geometry": { "type": "LineString", "coordinates": [ [ 103.8352677, 1.3665206 ], [ 103.8354783, 1.3664426 ] ] } },
{ "type": "Feature", "properties": { "name": null, "audit_layer": "network_uncovered_edge", "len_m": null, "is_covered": 0.0, "is_synthesized": null, "synth_class": null, "covered": null, "indoor": null, "tunnel": null, "bridge": null, "layer": null, "level": null, "highway": "footway", "footway": null, "length": 17.057, "length_m": null, "effective_len_m": 17.057, "dist_to_route_m": 24.997847015803231, "OBJECTID": null, "source_area_m2": null, "STATION_NA": null, "EXIT_CODE": null, "INC_CRC": null, "FMEL_UPD_D": null, "BLK_NO": null, "ST_COD": null, "ENTITYID": null, "POSTAL_COD": null, "SHAPE.AREA": null, "SHAPE.LEN": null }, "geometry": { "type": "LineString", "coordinates": [ [ 103.8357621, 1.3663452 ], [ 103.8359073, 1.3662956 ] ] } },
{ "type": "Feature", "properties": { "name": null, "audit_layer": "network_uncovered_edge", "len_m": null, "is_covered": 0.0, "is_synthesized": null, "synth_class": null, "covered": null, "indoor": null, "tunnel": null, "bridge": null, "layer": null, "level": null, "highway": "footway", "footway": null, "length": 63.539, "length_m": null, "effective_len_m": 63.539, "dist_to_route_m": 23.635213872134376, "OBJECTID": null, "source_area_m2": null, "STATION_NA": null, "EXIT_CODE": null, "INC_CRC": null, "FMEL_UPD_D": null, "BLK_NO": null, "ST_COD": null, "ENTITYID": null, "POSTAL_COD": null, "SHAPE.AREA": null, "SHAPE.LEN": null }, "geometry": { "type": "LineString", "coordinates": [ [ 103.8359073, 1.3662956 ], [ 103.8364525, 1.366124 ] ] } },
{ "type": "Feature", "properties": { "name": null, "audit_layer": "network_uncovered_edge", "len_m": null, "is_covered": 0.0, "is_synthesized": null, "synth_class": null, "covered": null, "indoor": null, "tunnel": null, "bridge": null, "layer": null, "level": null, "highway": "footway", "footway": null, "length": 29.385, "length_m": null, "effective_len_m": 29.385, "dist_to_route_m": 23.554738960686517, "OBJECTID": null, "source_area_m2": null, "STATION_NA": null, "EXIT_CODE": null, "INC_CRC": null, "FMEL_UPD_D": null, "BLK_NO": null, "ST_COD": null, "ENTITYID": null, "POSTAL_COD": null, "SHAPE.AREA": null, "SHAPE.LEN": null }, "geometry": { "type": "LineString", "coordinates": [ [ 103.8364525, 1.366124 ], [ 103.8367035, 1.3660411 ] ] } },
{ "type": "Feature", "properties": { "name": null, "audit_layer": "network_uncovered_edge", "len_m": null, "is_covered": 0.0, "is_synthesized": null, "synth_class": null, "covered": null, "indoor": null, "tunnel": null, "bridge": null, "layer": null, "level": null, "highway": "footway", "footway": null, "length": 61.944, "length_m": null, "effective_len_m": 61.944, "dist_to_route_m": 23.554738960686517, "OBJECTID": null, "source_area_m2": null, "STATION_NA": null, "EXIT_CODE": null, "INC_CRC": null, "FMEL_UPD_D": null, "BLK_NO": null, "ST_COD": null, "ENTITYID": null, "POSTAL_COD": null, "SHAPE.AREA": null, "SHAPE.LEN": null }, "geometry": { "type": "LineString", "coordinates": [ [ 103.8367035, 1.3660411 ], [ 103.8372242, 1.3658427 ] ] } },
{ "type": "Feature", "properties": { "name": null, "audit_layer": "network_uncovered_edge", "len_m": null, "is_covered": 0.0, "is_synthesized": null, "synth_class": null, "covered": null, "indoor": null, "tunnel": null, "bridge": null, "layer": null, "level": null, "highway": "footway", "footway": null, "length": 17.507, "length_m": null, "effective_len_m": 17.507, "dist_to_route_m": 51.325714030795353, "OBJECTID": null, "source_area_m2": null, "STATION_NA": null, "EXIT_CODE": null, "INC_CRC": null, "FMEL_UPD_D": null, "BLK_NO": null, "ST_COD": null, "ENTITYID": null, "POSTAL_COD": null, "SHAPE.AREA": null, "SHAPE.LEN": null }, "geometry": { "type": "LineString", "coordinates": [ [ 103.8372242, 1.3658427 ], [ 103.8373721, 1.3657886 ] ] } },
{ "type": "Feature", "properties": { "name": null, "audit_layer": "network_covered_edge", "len_m": null, "is_covered": 1.0, "is_synthesized": null, "synth_class": null, "covered": null, "indoor": null, "tunnel": null, "bridge": null, "layer": null, "level": null, "highway": "footway", "footway": null, "length": 74.077, "length_m": null, "effective_len_m": 74.077, "dist_to_route_m": 66.21680077535575, "OBJECTID": null, "source_area_m2": null, "STATION_NA": null, "EXIT_CODE": null, "INC_CRC": null, "FMEL_UPD_D": null, "BLK_NO": null, "ST_COD": null, "ENTITYID": null, "POSTAL_COD": null, "SHAPE.AREA": null, "SHAPE.LEN": null }, "geometry": { "type": "LineString", "coordinates": [ [ 103.8373721, 1.3657886 ], [ 103.838000600000015, 1.3655672 ] ] } },
{ "type": "Feature", "properties": { "name": null, "audit_layer": "network_uncovered_edge", "len_m": null, "is_covered": 0.0, "is_synthesized": null, "synth_class": null, "covered": null, "indoor": null, "tunnel": null, "bridge": null, "layer": null, "level": null, "highway": "footway", "footway": null, "length": 20.711, "length_m": null, "effective_len_m": 20.711, "dist_to_route_m": 0.26242365213448926, "OBJECTID": null, "source_area_m2": null, "STATION_NA": null, "EXIT_CODE": null, "INC_CRC": null, "FMEL_UPD_D": null, "BLK_NO": null, "ST_COD": null, "ENTITYID": null, "POSTAL_COD": null, "SHAPE.AREA": null, "SHAPE.LEN": null }, "geometry": { "type": "LineString", "coordinates": [ [ 103.836959800000017, 1.3663311 ], [ 103.8370199, 1.3665074 ] ] } },
{ "type": "Feature", "properties": { "name": null, "audit_layer": "network_uncovered_edge", "len_m": null, "is_covered": 0.0, "is_synthesized": null, "synth_class": null, "covered": null, "indoor": null, "tunnel": null, "bridge": null, "layer": null, "level": null, "highway": "footway", "footway": null, "length": 3.699, "length_m": null, "effective_len_m": 3.699, "dist_to_route_m": 0.0, "OBJECTID": null, "source_area_m2": null, "STATION_NA": null, "EXIT_CODE": null, "INC_CRC": null, "FMEL_UPD_D": null, "BLK_NO": null, "ST_COD": null, "ENTITYID": null, "POSTAL_COD": null, "SHAPE.AREA": null, "SHAPE.LEN": null }, "geometry": { "type": "LineString", "coordinates": [ [ 103.8370199, 1.3665074 ], [ 103.8370306, 1.3665389 ] ] } },
{ "type": "Feature", "properties": { "name": null, "audit_layer": "network_uncovered_edge", "len_m": null, "is_covered": 0.0, "is_synthesized": null, "synth_class": null, "covered": null, "indoor": null, "tunnel": null, "bridge": null, "layer": null, "level": null, "highway": "footway", "footway": null, "length": 10.489, "length_m": null, "effective_len_m": 10.489, "dist_to_route_m": 0.10199190163948731, "OBJECTID": null, "source_area_m2": null, "STATION_NA": null, "EXIT_CODE": null, "INC_CRC": null, "FMEL_UPD_D": null, "BLK_NO": null, "ST_COD": null, "ENTITYID": null, "POSTAL_COD": null, "SHAPE.AREA": null, "SHAPE.LEN": null }, "geometry": { "type": "LineString", "coordinates": [ [ 103.8370306, 1.3665389 ], [ 103.837061, 1.3666282 ] ] } },
{ "type": "Feature", "properties": { "name": null, "audit_layer": "network_uncovered_edge", "len_m": null, "is_covered": 0.0, "is_synthesized": null, "synth_class": null, "covered": null, "indoor": null, "tunnel": null, "bridge": null, "layer": null, "level": null, "highway": "footway", "footway": null, "length": 27.863, "length_m": null, "effective_len_m": 27.863, "dist_to_route_m": 6.9371237100482972, "OBJECTID": null, "source_area_m2": null, "STATION_NA": null, "EXIT_CODE": null, "INC_CRC": null, "FMEL_UPD_D": null, "BLK_NO": null, "ST_COD": null, "ENTITYID": null, "POSTAL_COD": null, "SHAPE.AREA": null, "SHAPE.LEN": null }, "geometry": { "type": "LineString", "coordinates": [ [ 103.837061, 1.3666282 ], [ 103.837141800000012, 1.3668654 ] ] } },
{ "type": "Feature", "properties": { "name": null, "audit_layer": "network_uncovered_edge", "len_m": null, "is_covered": 0.0, "is_synthesized": null, "synth_class": null, "covered": null, "indoor": null, "tunnel": null, "bridge": null, "layer": null, "level": null, "highway": "footway", "footway": null, "length": 1.656, "length_m": null, "effective_len_m": 1.656, "dist_to_route_m": 16.253571404322319, "OBJECTID": null, "source_area_m2": null, "STATION_NA": null, "EXIT_CODE": null, "INC_CRC": null, "FMEL_UPD_D": null, "BLK_NO": null, "ST_COD": null, "ENTITYID": null, "POSTAL_COD": null, "SHAPE.AREA": null, "SHAPE.LEN": null }, "geometry": { "type": "LineString", "coordinates": [ [ 103.837141800000012, 1.3668654 ], [ 103.8371466, 1.3668795 ] ] } },
{ "type": "Feature", "properties": { "name": null, "audit_layer": "network_uncovered_edge", "len_m": null, "is_covered": 0.0, "is_synthesized": null, "synth_class": null, "covered": null, "indoor": null, "tunnel": null, "bridge": null, "layer": null, "level": null, "highway": "footway", "footway": null, "length": 6.333, "length_m": null, "effective_len_m": 6.333, "dist_to_route_m": 17.757812000015772, "OBJECTID": null, "source_area_m2": null, "STATION_NA": null, "EXIT_CODE": null, "INC_CRC": null, "FMEL_UPD_D": null, "BLK_NO": null, "ST_COD": null, "ENTITYID": null, "POSTAL_COD": null, "SHAPE.AREA": null, "SHAPE.LEN": null }, "geometry": { "type": "LineString", "coordinates": [ [ 103.8371466, 1.3668795 ], [ 103.837165, 1.3669334 ] ] } },
{ "type": "Feature", "properties": { "name": null, "audit_layer": "network_uncovered_edge", "len_m": null, "is_covered": 0.0, "is_synthesized": null, "synth_class": null, "covered": null, "indoor": null, "tunnel": null, "bridge": null, "layer": null, "level": null, "highway": "footway", "footway": null, "length": 42.293, "length_m": null, "effective_len_m": 42.293, "dist_to_route_m": 23.688528224046539, "OBJECTID": null, "source_area_m2": null, "STATION_NA": null, "EXIT_CODE": null, "INC_CRC": null, "FMEL_UPD_D": null, "BLK_NO": null, "ST_COD": null, "ENTITYID": null, "POSTAL_COD": null, "SHAPE.AREA": null, "SHAPE.LEN": null }, "geometry": { "type": "LineString", "coordinates": [ [ 103.837165, 1.3669334 ], [ 103.8372848, 1.3672944 ] ] } },
{ "type": "Feature", "properties": { "name": null, "audit_layer": "network_uncovered_edge", "len_m": null, "is_covered": 0.0, "is_synthesized": null, "synth_class": null, "covered": null, "indoor": null, "tunnel": null, "bridge": null, "layer": null, "level": null, "highway": "footway", "footway": null, "length": 24.441, "length_m": null, "effective_len_m": 24.441, "dist_to_route_m": 65.041451663490491, "OBJECTID": null, "source_area_m2": null, "STATION_NA": null, "EXIT_CODE": null, "INC_CRC": null, "FMEL_UPD_D": null, "BLK_NO": null, "ST_COD": null, "ENTITYID": null, "POSTAL_COD": null, "SHAPE.AREA": null, "SHAPE.LEN": null }, "geometry": { "type": "LineString", "coordinates": [ [ 103.8372848, 1.3672944 ], [ 103.8373541, 1.367503 ] ] } },
{ "type": "Feature", "properties": { "name": "Ang Mo Kio Avenue 3", "audit_layer": "network_uncovered_edge", "len_m": null, "is_covered": 0.0, "is_synthesized": null, "synth_class": null, "covered": null, "indoor": null, "tunnel": null, "bridge": null, "layer": null, "level": null, "highway": "primary", "footway": null, "length": 15.962, "length_m": null, "effective_len_m": 15.962, "dist_to_route_m": 7.105328175817557, "OBJECTID": null, "source_area_m2": null, "STATION_NA": null, "EXIT_CODE": null, "INC_CRC": null, "FMEL_UPD_D": null, "BLK_NO": null, "ST_COD": null, "ENTITYID": null, "POSTAL_COD": null, "SHAPE.AREA": null, "SHAPE.LEN": null }, "geometry": { "type": "LineString", "coordinates": [ [ 103.8356187, 1.3664934 ], [ 103.8356596, 1.366631 ] ] } },
{ "type": "Feature", "properties": { "name": null, "audit_layer": "network_uncovered_edge", "len_m": null, "is_covered": 0.0, "is_synthesized": null, "synth_class": null, "covered": null, "indoor": null, "tunnel": null, "bridge": null, "layer": null, "level": null, "highway": "footway", "footway": null, "length": 14.568, "length_m": null, "effective_len_m": 14.568, "dist_to_route_m": 9.8200961006527638, "OBJECTID": null, "source_area_m2": null, "STATION_NA": null, "EXIT_CODE": null, "INC_CRC": null, "FMEL_UPD_D": null, "BLK_NO": null, "ST_COD": null, "ENTITYID": null, "POSTAL_COD": null, "SHAPE.AREA": null, "SHAPE.LEN": null }, "geometry": { "type": "LineString", "coordinates": [ [ 103.8372071, 1.3691749 ], [ 103.8372801, 1.3690661 ] ] } },
{ "type": "Feature", "properties": { "name": null, "audit_layer": "network_uncovered_edge", "len_m": null, "is_covered": 0.0, "is_synthesized": null, "synth_class": null, "covered": null, "indoor": null, "tunnel": null, "bridge": null, "layer": null, "level": null, "highway": "footway", "footway": null, "length": 6.862, "length_m": null, "effective_len_m": 6.862, "dist_to_route_m": 24.333977581529354, "OBJECTID": null, "source_area_m2": null, "STATION_NA": null, "EXIT_CODE": null, "INC_CRC": null, "FMEL_UPD_D": null, "BLK_NO": null, "ST_COD": null, "ENTITYID": null, "POSTAL_COD": null, "SHAPE.AREA": null, "SHAPE.LEN": null }, "geometry": { "type": "LineString", "coordinates": [ [ 103.8372801, 1.3690661 ], [ 103.8373189, 1.3690181 ] ] } },
{ "type": "Feature", "properties": { "name": null, "audit_layer": "network_uncovered_edge", "len_m": null, "is_covered": 0.0, "is_synthesized": null, "synth_class": null, "covered": null, "indoor": null, "tunnel": null, "bridge": null, "layer": null, "level": null, "highway": "footway", "footway": null, "length": 5.568, "length_m": null, "effective_len_m": 5.568, "dist_to_route_m": 31.148678436210094, "OBJECTID": null, "source_area_m2": null, "STATION_NA": null, "EXIT_CODE": null, "INC_CRC": null, "FMEL_UPD_D": null, "BLK_NO": null, "ST_COD": null, "ENTITYID": null, "POSTAL_COD": null, "SHAPE.AREA": null, "SHAPE.LEN": null }, "geometry": { "type": "LineString", "coordinates": [ [ 103.8373189, 1.3690181 ], [ 103.83729, 1.3689772 ] ] } },
{ "type": "Feature", "properties": { "name": null, "audit_layer": "network_uncovered_edge", "len_m": null, "is_covered": 0.0, "is_synthesized": null, "synth_class": null, "covered": null, "indoor": null, "tunnel": null, "bridge": null, "layer": null, "level": null, "highway": "footway", "footway": null, "length": 3.446, "length_m": null, "effective_len_m": 3.446, "dist_to_route_m": 33.227576046294843, "OBJECTID": null, "source_area_m2": null, "STATION_NA": null, "EXIT_CODE": null, "INC_CRC": null, "FMEL_UPD_D": null, "BLK_NO": null, "ST_COD": null, "ENTITYID": null, "POSTAL_COD": null, "SHAPE.AREA": null, "SHAPE.LEN": null }, "geometry": { "type": "LineString", "coordinates": [ [ 103.83729, 1.3689772 ], [ 103.8372765, 1.3689493 ] ] } },
{ "type": "Feature", "properties": { "name": null, "audit_layer": "network_uncovered_edge", "len_m": null, "is_covered": 0.0, "is_synthesized": null, "synth_class": null, "covered": null, "indoor": null, "tunnel": null, "bridge": null, "layer": null, "level": null, "highway": "footway", "footway": null, "length": 31.474, "length_m": null, "effective_len_m": 31.474, "dist_to_route_m": 33.383700406956677, "OBJECTID": null, "source_area_m2": null, "STATION_NA": null, "EXIT_CODE": null, "INC_CRC": null, "FMEL_UPD_D": null, "BLK_NO": null, "ST_COD": null, "ENTITYID": null, "POSTAL_COD": null, "SHAPE.AREA": null, "SHAPE.LEN": null }, "geometry": { "type": "LineString", "coordinates": [ [ 103.8372765, 1.3689493 ], [ 103.8370479, 1.3687823 ] ] } },
{ "type": "Feature", "properties": { "name": null, "audit_layer": "network_uncovered_edge", "len_m": null, "is_covered": 0.0, "is_synthesized": null, "synth_class": null, "covered": null, "indoor": null, "tunnel": null, "bridge": null, "layer": null, "level": null, "highway": "footway", "footway": null, "length": 5.454, "length_m": null, "effective_len_m": 5.454, "dist_to_route_m": 32.723068807535952, "OBJECTID": null, "source_area_m2": null, "STATION_NA": null, "EXIT_CODE": null, "INC_CRC": null, "FMEL_UPD_D": null, "BLK_NO": null, "ST_COD": null, "ENTITYID": null, "POSTAL_COD": null, "SHAPE.AREA": null, "SHAPE.LEN": null }, "geometry": { "type": "LineString", "coordinates": [ [ 103.8370479, 1.3687823 ], [ 103.8370094, 1.3687519 ] ] } },
{ "type": "Feature", "properties": { "name": null, "audit_layer": "network_uncovered_edge", "len_m": null, "is_covered": 0.0, "is_synthesized": null, "synth_class": null, "covered": null, "indoor": null, "tunnel": null, "bridge": null, "layer": null, "level": null, "highway": "footway", "footway": null, "length": 17.393, "length_m": null, "effective_len_m": 17.393, "dist_to_route_m": 29.567646508248576, "OBJECTID": null, "source_area_m2": null, "STATION_NA": null, "EXIT_CODE": null, "INC_CRC": null, "FMEL_UPD_D": null, "BLK_NO": null, "ST_COD": null, "ENTITYID": null, "POSTAL_COD": null, "SHAPE.AREA": null, "SHAPE.LEN": null }, "geometry": { "type": "LineString", "coordinates": [ [ 103.8370094, 1.3687519 ], [ 103.8368851, 1.3686569 ] ] } },
{ "type": "Feature", "properties": { "name": null, "audit_layer": "network_uncovered_edge", "len_m": null, "is_covered": 0.0, "is_synthesized": null, "synth_class": null, "covered": null, "indoor": null, "tunnel": null, "bridge": null, "layer": null, "level": null, "highway": "footway", "footway": null, "length": 15.329, "length_m": null, "effective_len_m": 15.329, "dist_to_route_m": 29.567646508248576, "OBJECTID": null, "source_area_m2": null, "STATION_NA": null, "EXIT_CODE": null, "INC_CRC": null, "FMEL_UPD_D": null, "BLK_NO": null, "ST_COD": null, "ENTITYID": null, "POSTAL_COD": null, "SHAPE.AREA": null, "SHAPE.LEN": null }, "geometry": { "type": "LineString", "coordinates": [ [ 103.8368851, 1.3686569 ], [ 103.8367984, 1.3685497 ] ] } },
{ "type": "Feature", "properties": { "name": null, "audit_layer": "network_uncovered_edge", "len_m": null, "is_covered": 0.0, "is_synthesized": null, "synth_class": null, "covered": null, "indoor": null, "tunnel": null, "bridge": null, "layer": null, "level": null, "highway": "footway", "footway": null, "length": 16.619, "length_m": null, "effective_len_m": 16.619, "dist_to_route_m": 28.265227744014656, "OBJECTID": null, "source_area_m2": null, "STATION_NA": null, "EXIT_CODE": null, "INC_CRC": null, "FMEL_UPD_D": null, "BLK_NO": null, "ST_COD": null, "ENTITYID": null, "POSTAL_COD": null, "SHAPE.AREA": null, "SHAPE.LEN": null }, "geometry": { "type": "LineString", "coordinates": [ [ 103.8367984, 1.3685497 ], [ 103.8366993, 1.3684378 ] ] } },
{ "type": "Feature", "properties": { "name": null, "audit_layer": "network_uncovered_edge", "len_m": null, "is_covered": 0.0, "is_synthesized": null, "synth_class": null, "covered": null, "indoor": null, "tunnel": null, "bridge": null, "layer": null, "level": null, "highway": "footway", "footway": null, "length": 16.641, "length_m": null, "effective_len_m": 16.641, "dist_to_route_m": 26.625823986304162, "OBJECTID": null, "source_area_m2": null, "STATION_NA": null, "EXIT_CODE": null, "INC_CRC": null, "FMEL_UPD_D": null, "BLK_NO": null, "ST_COD": null, "ENTITYID": null, "POSTAL_COD": null, "SHAPE.AREA": null, "SHAPE.LEN": null }, "geometry": { "type": "LineString", "coordinates": [ [ 103.8366993, 1.3684378 ], [ 103.8366108, 1.3683171 ] ] } },
{ "type": "Feature", "properties": { "name": null, "audit_layer": "network_uncovered_edge", "len_m": null, "is_covered": 0.0, "is_synthesized": null, "synth_class": null, "covered": null, "indoor": null, "tunnel": null, "bridge": null, "layer": null, "level": null, "highway": "footway", "footway": null, "length": 14.932, "length_m": null, "effective_len_m": 14.932, "dist_to_route_m": 25.474417501479746, "OBJECTID": null, "source_area_m2": null, "STATION_NA": null, "EXIT_CODE": null, "INC_CRC": null, "FMEL_UPD_D": null, "BLK_NO": null, "ST_COD": null, "ENTITYID": null, "POSTAL_COD": null, "SHAPE.AREA": null, "SHAPE.LEN": null }, "geometry": { "type": "LineString", "coordinates": [ [ 103.8366108, 1.3683171 ], [ 103.8365373, 1.3682047 ] ] } },
{ "type": "Feature", "properties": { "name": null, "audit_layer": "network_uncovered_edge", "len_m": null, "is_covered": 0.0, "is_synthesized": null, "synth_class": null, "covered": null, "indoor": null, "tunnel": null, "bridge": null, "layer": null, "level": null, "highway": "footway", "footway": null, "length": 9.811, "length_m": null, "effective_len_m": 9.811, "dist_to_route_m": 24.912828803050648, "OBJECTID": null, "source_area_m2": null, "STATION_NA": null, "EXIT_CODE": null, "INC_CRC": null, "FMEL_UPD_D": null, "BLK_NO": null, "ST_COD": null, "ENTITYID": null, "POSTAL_COD": null, "SHAPE.AREA": null, "SHAPE.LEN": null }, "geometry": { "type": "LineString", "coordinates": [ [ 103.8365373, 1.3682047 ], [ 103.8364918, 1.3681291 ] ] } },
{ "type": "Feature", "properties": { "name": null, "audit_layer": "network_uncovered_edge", "len_m": null, "is_covered": 0.0, "is_synthesized": null, "synth_class": null, "covered": null, "indoor": null, "tunnel": null, "bridge": null, "layer": null, "level": null, "highway": "footway", "footway": null, "length": 10.806, "length_m": null, "effective_len_m": 10.806, "dist_to_route_m": 24.534228000774885, "OBJECTID": null, "source_area_m2": null, "STATION_NA": null, "EXIT_CODE": null, "INC_CRC": null, "FMEL_UPD_D": null, "BLK_NO": null, "ST_COD": null, "ENTITYID": null, "POSTAL_COD": null, "SHAPE.AREA": null, "SHAPE.LEN": null }, "geometry": { "type": "LineString", "coordinates": [ [ 103.8364918, 1.3681291 ], [ 103.8364489, 1.3680419 ] ] } },
{ "type": "Feature", "properties": { "name": null, "audit_layer": "network_uncovered_edge", "len_m": null, "is_covered": 0.0, "is_synthesized": null, "synth_class": null, "covered": null, "indoor": null, "tunnel": null, "bridge": null, "layer": null, "level": null, "highway": "footway", "footway": null, "length": 14.617, "length_m": null, "effective_len_m": 14.617, "dist_to_route_m": 24.534228000774885, "OBJECTID": null, "source_area_m2": null, "STATION_NA": null, "EXIT_CODE": null, "INC_CRC": null, "FMEL_UPD_D": null, "BLK_NO": null, "ST_COD": null, "ENTITYID": null, "POSTAL_COD": null, "SHAPE.AREA": null, "SHAPE.LEN": null }, "geometry": { "type": "LineString", "coordinates": [ [ 103.8364489, 1.3680419 ], [ 103.8364073, 1.3679172 ] ] } },
{ "type": "Feature", "properties": { "name": null, "audit_layer": "network_uncovered_edge", "len_m": null, "is_covered": 0.0, "is_synthesized": null, "synth_class": null, "covered": null, "indoor": null, "tunnel": null, "bridge": null, "layer": null, "level": null, "highway": "footway", "footway": null, "length": 11.433, "length_m": null, "effective_len_m": 11.433, "dist_to_route_m": 24.563842947203337, "OBJECTID": null, "source_area_m2": null, "STATION_NA": null, "EXIT_CODE": null, "INC_CRC": null, "FMEL_UPD_D": null, "BLK_NO": null, "ST_COD": null, "ENTITYID": null, "POSTAL_COD": null, "SHAPE.AREA": null, "SHAPE.LEN": null }, "geometry": { "type": "LineString", "coordinates": [ [ 103.8364073, 1.3679172 ], [ 103.836371, 1.367821 ] ] } },
{ "type": "Feature", "properties": { "name": null, "audit_layer": "network_uncovered_edge", "len_m": null, "is_covered": 0.0, "is_synthesized": null, "synth_class": null, "covered": null, "indoor": null, "tunnel": null, "bridge": null, "layer": null, "level": null, "highway": "footway", "footway": null, "length": 8.298, "length_m": null, "effective_len_m": 8.298, "dist_to_route_m": 24.563842947203337, "OBJECTID": null, "source_area_m2": null, "STATION_NA": null, "EXIT_CODE": null, "INC_CRC": null, "FMEL_UPD_D": null, "BLK_NO": null, "ST_COD": null, "ENTITYID": null, "POSTAL_COD": null, "SHAPE.AREA": null, "SHAPE.LEN": null }, "geometry": { "type": "LineString", "coordinates": [ [ 103.836371, 1.367821 ], [ 103.8363477, 1.3677501 ] ] } },
{ "type": "Feature", "properties": { "name": null, "audit_layer": "network_uncovered_edge", "len_m": null, "is_covered": 0.0, "is_synthesized": null, "synth_class": null, "covered": null, "indoor": null, "tunnel": null, "bridge": null, "layer": null, "level": null, "highway": "footway", "footway": null, "length": 8.219, "length_m": null, "effective_len_m": 8.219, "dist_to_route_m": 24.80903731321817, "OBJECTID": null, "source_area_m2": null, "STATION_NA": null, "EXIT_CODE": null, "INC_CRC": null, "FMEL_UPD_D": null, "BLK_NO": null, "ST_COD": null, "ENTITYID": null, "POSTAL_COD": null, "SHAPE.AREA": null, "SHAPE.LEN": null }, "geometry": { "type": "LineString", "coordinates": [ [ 103.8363477, 1.3677501 ], [ 103.8363268, 1.3676792 ] ] } },
{ "type": "Feature", "properties": { "name": null, "audit_layer": "network_uncovered_edge", "len_m": null, "is_covered": 0.0, "is_synthesized": null, "synth_class": null, "covered": null, "indoor": null, "tunnel": null, "bridge": null, "layer": null, "level": null, "highway": "footway", "footway": null, "length": 12.935, "length_m": null, "effective_len_m": 12.935, "dist_to_route_m": 25.305209923184581, "OBJECTID": null, "source_area_m2": null, "STATION_NA": null, "EXIT_CODE": null, "INC_CRC": null, "FMEL_UPD_D": null, "BLK_NO": null, "ST_COD": null, "ENTITYID": null, "POSTAL_COD": null, "SHAPE.AREA": null, "SHAPE.LEN": null }, "geometry": { "type": "LineString", "coordinates": [ [ 103.8363268, 1.3676792 ], [ 103.836308, 1.3675644 ] ] } },
{ "type": "Feature", "properties": { "name": null, "audit_layer": "network_uncovered_edge", "len_m": null, "is_covered": 0.0, "is_synthesized": null, "synth_class": null, "covered": null, "indoor": null, "tunnel": null, "bridge": null, "layer": null, "level": null, "highway": "footway", "footway": null, "length": 13.464, "length_m": null, "effective_len_m": 13.464, "dist_to_route_m": 27.681495810977196, "OBJECTID": null, "source_area_m2": null, "STATION_NA": null, "EXIT_CODE": null, "INC_CRC": null, "FMEL_UPD_D": null, "BLK_NO": null, "ST_COD": null, "ENTITYID": null, "POSTAL_COD": null, "SHAPE.AREA": null, "SHAPE.LEN": null }, "geometry": { "type": "LineString", "coordinates": [ [ 103.836308, 1.3675644 ], [ 103.8362757, 1.3674477 ] ] } },
{ "type": "Feature", "properties": { "name": null, "audit_layer": "network_uncovered_edge", "len_m": null, "is_covered": 0.0, "is_synthesized": null, "synth_class": null, "covered": null, "indoor": null, "tunnel": null, "bridge": null, "layer": null, "level": null, "highway": "footway", "footway": null, "length": 10.542, "length_m": null, "effective_len_m": 10.542, "dist_to_route_m": 25.71329484677209, "OBJECTID": null, "source_area_m2": null, "STATION_NA": null, "EXIT_CODE": null, "INC_CRC": null, "FMEL_UPD_D": null, "BLK_NO": null, "ST_COD": null, "ENTITYID": null, "POSTAL_COD": null, "SHAPE.AREA": null, "SHAPE.LEN": null }, "geometry": { "type": "LineString", "coordinates": [ [ 103.8362757, 1.3674477 ], [ 103.836220800000021, 1.3673704 ] ] } },
{ "type": "Feature", "properties": { "name": null, "audit_layer": "network_uncovered_edge", "len_m": null, "is_covered": 0.0, "is_synthesized": null, "synth_class": null, "covered": null, "indoor": null, "tunnel": null, "bridge": null, "layer": null, "level": null, "highway": "footway", "footway": null, "length": 16.659, "length_m": null, "effective_len_m": 16.659, "dist_to_route_m": 25.71329484677209, "OBJECTID": null, "source_area_m2": null, "STATION_NA": null, "EXIT_CODE": null, "INC_CRC": null, "FMEL_UPD_D": null, "BLK_NO": null, "ST_COD": null, "ENTITYID": null, "POSTAL_COD": null, "SHAPE.AREA": null, "SHAPE.LEN": null }, "geometry": { "type": "LineString", "coordinates": [ [ 103.836220800000021, 1.3673704 ], [ 103.8361805, 1.3672261 ] ] } },
{ "type": "Feature", "properties": { "name": null, "audit_layer": "network_uncovered_edge", "len_m": null, "is_covered": 0.0, "is_synthesized": null, "synth_class": null, "covered": null, "indoor": null, "tunnel": null, "bridge": null, "layer": null, "level": null, "highway": "footway", "footway": null, "length": 38.284, "length_m": null, "effective_len_m": 38.284, "dist_to_route_m": 24.337216863485786, "OBJECTID": null, "source_area_m2": null, "STATION_NA": null, "EXIT_CODE": null, "INC_CRC": null, "FMEL_UPD_D": null, "BLK_NO": null, "ST_COD": null, "ENTITYID": null, "POSTAL_COD": null, "SHAPE.AREA": null, "SHAPE.LEN": null }, "geometry": { "type": "LineString", "coordinates": [ [ 103.8361805, 1.3672261 ], [ 103.8360552, 1.3669054 ] ] } },
{ "type": "Feature", "properties": { "name": null, "audit_layer": "network_uncovered_edge", "len_m": null, "is_covered": 0.0, "is_synthesized": null, "synth_class": null, "covered": null, "indoor": null, "tunnel": null, "bridge": null, "layer": null, "level": null, "highway": "footway", "footway": null, "length": 7.026, "length_m": null, "effective_len_m": 7.026, "dist_to_route_m": 23.562324111089733, "OBJECTID": null, "source_area_m2": null, "STATION_NA": null, "EXIT_CODE": null, "INC_CRC": null, "FMEL_UPD_D": null, "BLK_NO": null, "ST_COD": null, "ENTITYID": null, "POSTAL_COD": null, "SHAPE.AREA": null, "SHAPE.LEN": null }, "geometry": { "type": "LineString", "coordinates": [ [ 103.8360552, 1.3669054 ], [ 103.836029, 1.3668479 ] ] } },
{ "type": "Feature", "properties": { "name": null, "audit_layer": "network_uncovered_edge", "len_m": null, "is_covered": 0.0, "is_synthesized": null, "synth_class": null, "covered": null, "indoor": null, "tunnel": null, "bridge": null, "layer": null, "level": null, "highway": "footway", "footway": null, "length": 7.019, "length_m": null, "effective_len_m": 7.019, "dist_to_route_m": 23.562324111089733, "OBJECTID": null, "source_area_m2": null, "STATION_NA": null, "EXIT_CODE": null, "INC_CRC": null, "FMEL_UPD_D": null, "BLK_NO": null, "ST_COD": null, "ENTITYID": null, "POSTAL_COD": null, "SHAPE.AREA": null, "SHAPE.LEN": null }, "geometry": { "type": "LineString", "coordinates": [ [ 103.836029, 1.3668479 ], [ 103.83601, 1.3667877 ] ] } },
{ "type": "Feature", "properties": { "name": null, "audit_layer": "network_uncovered_edge", "len_m": null, "is_covered": 0.0, "is_synthesized": null, "synth_class": null, "covered": null, "indoor": null, "tunnel": null, "bridge": null, "layer": null, "level": null, "highway": "footway", "footway": null, "length": 3.263, "length_m": null, "effective_len_m": 3.263, "dist_to_route_m": 23.649822388471716, "OBJECTID": null, "source_area_m2": null, "STATION_NA": null, "EXIT_CODE": null, "INC_CRC": null, "FMEL_UPD_D": null, "BLK_NO": null, "ST_COD": null, "ENTITYID": null, "POSTAL_COD": null, "SHAPE.AREA": null, "SHAPE.LEN": null }, "geometry": { "type": "LineString", "coordinates": [ [ 103.83601, 1.3667877 ], [ 103.8360071, 1.3667585 ] ] } },
{ "type": "Feature", "properties": { "name": null, "audit_layer": "network_uncovered_edge", "len_m": null, "is_covered": 0.0, "is_synthesized": null, "synth_class": null, "covered": null, "indoor": null, "tunnel": null, "bridge": null, "layer": null, "level": null, "highway": "footway", "footway": null, "length": 3.315, "length_m": null, "effective_len_m": 3.315, "dist_to_route_m": 24.135691335356356, "OBJECTID": null, "source_area_m2": null, "STATION_NA": null, "EXIT_CODE": null, "INC_CRC": null, "FMEL_UPD_D": null, "BLK_NO": null, "ST_COD": null, "ENTITYID": null, "POSTAL_COD": null, "SHAPE.AREA": null, "SHAPE.LEN": null }, "geometry": { "type": "LineString", "coordinates": [ [ 103.8360071, 1.3667585 ], [ 103.8360131, 1.3667293 ] ] } },
{ "type": "Feature", "properties": { "name": null, "audit_layer": "network_uncovered_edge", "len_m": null, "is_covered": 0.0, "is_synthesized": null, "synth_class": null, "covered": null, "indoor": null, "tunnel": null, "bridge": null, "layer": null, "level": null, "highway": "footway", "footway": null, "length": 3.305, "length_m": null, "effective_len_m": 3.305, "dist_to_route_m": 21.457249178662199, "OBJECTID": null, "source_area_m2": null, "STATION_NA": null, "EXIT_CODE": null, "INC_CRC": null, "FMEL_UPD_D": null, "BLK_NO": null, "ST_COD": null, "ENTITYID": null, "POSTAL_COD": null, "SHAPE.AREA": null, "SHAPE.LEN": null }, "geometry": { "type": "LineString", "coordinates": [ [ 103.8360131, 1.3667293 ], [ 103.8360222, 1.366701 ] ] } },
{ "type": "Feature", "properties": { "name": null, "audit_layer": "network_uncovered_edge", "len_m": null, "is_covered": 0.0, "is_synthesized": null, "synth_class": null, "covered": null, "indoor": null, "tunnel": null, "bridge": null, "layer": null, "level": null, "highway": "footway", "footway": null, "length": 4.61, "length_m": null, "effective_len_m": 4.61, "dist_to_route_m": 19.489991121018669, "OBJECTID": null, "source_area_m2": null, "STATION_NA": null, "EXIT_CODE": null, "INC_CRC": null, "FMEL_UPD_D": null, "BLK_NO": null, "ST_COD": null, "ENTITYID": null, "POSTAL_COD": null, "SHAPE.AREA": null, "SHAPE.LEN": null }, "geometry": { "type": "LineString", "coordinates": [ [ 103.8360222, 1.366701 ], [ 103.8360525, 1.3666727 ] ] } },
{ "type": "Feature", "properties": { "name": null, "audit_layer": "network_uncovered_edge", "len_m": null, "is_covered": 0.0, "is_synthesized": null, "synth_class": null, "covered": null, "indoor": null, "tunnel": null, "bridge": null, "layer": null, "level": null, "highway": "footway", "footway": null, "length": 11.763, "length_m": null, "effective_len_m": 11.763, "dist_to_route_m": 17.56826055231754, "OBJECTID": null, "source_area_m2": null, "STATION_NA": null, "EXIT_CODE": null, "INC_CRC": null, "FMEL_UPD_D": null, "BLK_NO": null, "ST_COD": null, "ENTITYID": null, "POSTAL_COD": null, "SHAPE.AREA": null, "SHAPE.LEN": null }, "geometry": { "type": "LineString", "coordinates": [ [ 103.8360525, 1.3666727 ], [ 103.8361467, 1.3666245 ] ] } },
{ "type": "Feature", "properties": { "name": null, "audit_layer": "network_uncovered_edge", "len_m": null, "is_covered": 0.0, "is_synthesized": null, "synth_class": null, "covered": null, "indoor": null, "tunnel": null, "bridge": null, "layer": null, "level": null, "highway": "footway", "footway": null, "length": 13.591, "length_m": null, "effective_len_m": 13.591, "dist_to_route_m": 17.046631513359969, "OBJECTID": null, "source_area_m2": null, "STATION_NA": null, "EXIT_CODE": null, "INC_CRC": null, "FMEL_UPD_D": null, "BLK_NO": null, "ST_COD": null, "ENTITYID": null, "POSTAL_COD": null, "SHAPE.AREA": null, "SHAPE.LEN": null }, "geometry": { "type": "LineString", "coordinates": [ [ 103.8361467, 1.3666245 ], [ 103.8362608, 1.3665806 ] ] } },
{ "type": "Feature", "properties": { "name": null, "audit_layer": "network_uncovered_edge", "len_m": null, "is_covered": 0.0, "is_synthesized": null, "synth_class": null, "covered": null, "indoor": null, "tunnel": null, "bridge": null, "layer": null, "level": null, "highway": "footway", "footway": null, "length": 0.795, "length_m": null, "effective_len_m": 0.795, "dist_to_route_m": 17.033848361031872, "OBJECTID": null, "source_area_m2": null, "STATION_NA": null, "EXIT_CODE": null, "INC_CRC": null, "FMEL_UPD_D": null, "BLK_NO": null, "ST_COD": null, "ENTITYID": null, "POSTAL_COD": null, "SHAPE.AREA": null, "SHAPE.LEN": null }, "geometry": { "type": "LineString", "coordinates": [ [ 103.8362608, 1.3665806 ], [ 103.8362675, 1.3665781 ] ] } },
{ "type": "Feature", "properties": { "name": null, "audit_layer": "network_uncovered_edge", "len_m": null, "is_covered": 0.0, "is_synthesized": null, "synth_class": null, "covered": null, "indoor": null, "tunnel": null, "bridge": null, "layer": null, "level": null, "highway": "footway", "footway": null, "length": 12.814, "length_m": null, "effective_len_m": 12.814, "dist_to_route_m": 17.033848361031872, "OBJECTID": null, "source_area_m2": null, "STATION_NA": null, "EXIT_CODE": null, "INC_CRC": null, "FMEL_UPD_D": null, "BLK_NO": null, "ST_COD": null, "ENTITYID": null, "POSTAL_COD": null, "SHAPE.AREA": null, "SHAPE.LEN": null }, "geometry": { "type": "LineString", "coordinates": [ [ 103.8362675, 1.3665781 ], [ 103.8363772, 1.3665427 ] ] } },
{ "type": "Feature", "properties": { "name": null, "audit_layer": "network_uncovered_edge", "len_m": null, "is_covered": 0.0, "is_synthesized": null, "synth_class": null, "covered": null, "indoor": null, "tunnel": null, "bridge": null, "layer": null, "level": null, "highway": "footway", "footway": null, "length": 9.901, "length_m": null, "effective_len_m": 9.901, "dist_to_route_m": 17.401531252450678, "OBJECTID": null, "source_area_m2": null, "STATION_NA": null, "EXIT_CODE": null, "INC_CRC": null, "FMEL_UPD_D": null, "BLK_NO": null, "ST_COD": null, "ENTITYID": null, "POSTAL_COD": null, "SHAPE.AREA": null, "SHAPE.LEN": null }, "geometry": { "type": "LineString", "coordinates": [ [ 103.8363772, 1.3665427 ], [ 103.836463900000012, 1.3665223 ] ] } },
{ "type": "Feature", "properties": { "name": null, "audit_layer": "network_uncovered_edge", "len_m": null, "is_covered": 0.0, "is_synthesized": null, "synth_class": null, "covered": null, "indoor": null, "tunnel": null, "bridge": null, "layer": null, "level": null, "highway": "footway", "footway": null, "length": 7.341, "length_m": null, "effective_len_m": 7.341, "dist_to_route_m": 18.323850348998068, "OBJECTID": null, "source_area_m2": null, "STATION_NA": null, "EXIT_CODE": null, "INC_CRC": null, "FMEL_UPD_D": null, "BLK_NO": null, "ST_COD": null, "ENTITYID": null, "POSTAL_COD": null, "SHAPE.AREA": null, "SHAPE.LEN": null }, "geometry": { "type": "LineString", "coordinates": [ [ 103.836463900000012, 1.3665223 ], [ 103.836525800000018, 1.3664993 ] ] } },
{ "type": "Feature", "properties": { "name": null, "audit_layer": "network_uncovered_edge", "len_m": null, "is_covered": 0.0, "is_synthesized": null, "synth_class": null, "covered": null, "indoor": null, "tunnel": null, "bridge": null, "layer": null, "level": null, "highway": "footway", "footway": null, "length": 8.009, "length_m": null, "effective_len_m": 8.009, "dist_to_route_m": 17.466614103547052, "OBJECTID": null, "source_area_m2": null, "STATION_NA": null, "EXIT_CODE": null, "INC_CRC": null, "FMEL_UPD_D": null, "BLK_NO": null, "ST_COD": null, "ENTITYID": null, "POSTAL_COD": null, "SHAPE.AREA": null, "SHAPE.LEN": null }, "geometry": { "type": "LineString", "coordinates": [ [ 103.836525800000018, 1.3664993 ], [ 103.8365913, 1.3664693 ] ] } },
{ "type": "Feature", "properties": { "name": null, "audit_layer": "network_uncovered_edge", "len_m": null, "is_covered": 0.0, "is_synthesized": null, "synth_class": null, "covered": null, "indoor": null, "tunnel": null, "bridge": null, "layer": null, "level": null, "highway": "footway", "footway": null, "length": 1.732, "length_m": null, "effective_len_m": 1.732, "dist_to_route_m": 17.466614103547052, "OBJECTID": null, "source_area_m2": null, "STATION_NA": null, "EXIT_CODE": null, "INC_CRC": null, "FMEL_UPD_D": null, "BLK_NO": null, "ST_COD": null, "ENTITYID": null, "POSTAL_COD": null, "SHAPE.AREA": null, "SHAPE.LEN": null }, "geometry": { "type": "LineString", "coordinates": [ [ 103.8365913, 1.3664693 ], [ 103.8366063, 1.3664651 ] ] } },
{ "type": "Feature", "properties": { "name": null, "audit_layer": "network_uncovered_edge", "len_m": null, "is_covered": 0.0, "is_synthesized": null, "synth_class": null, "covered": null, "indoor": null, "tunnel": null, "bridge": null, "layer": null, "level": null, "highway": "footway", "footway": null, "length": 7.369, "length_m": null, "effective_len_m": 7.369, "dist_to_route_m": 17.550588129169107, "OBJECTID": null, "source_area_m2": null, "STATION_NA": null, "EXIT_CODE": null, "INC_CRC": null, "FMEL_UPD_D": null, "BLK_NO": null, "ST_COD": null, "ENTITYID": null, "POSTAL_COD": null, "SHAPE.AREA": null, "SHAPE.LEN": null }, "geometry": { "type": "LineString", "coordinates": [ [ 103.8366063, 1.3664651 ], [ 103.8366701, 1.3664471 ] ] } },
{ "type": "Feature", "properties": { "name": null, "audit_layer": "network_uncovered_edge", "len_m": null, "is_covered": 0.0, "is_synthesized": null, "synth_class": null, "covered": null, "indoor": null, "tunnel": null, "bridge": null, "layer": null, "level": null, "highway": "footway", "footway": null, "length": 11.386, "length_m": null, "effective_len_m": 11.386, "dist_to_route_m": 17.893482182891809, "OBJECTID": null, "source_area_m2": null, "STATION_NA": null, "EXIT_CODE": null, "INC_CRC": null, "FMEL_UPD_D": null, "BLK_NO": null, "ST_COD": null, "ENTITYID": null, "POSTAL_COD": null, "SHAPE.AREA": null, "SHAPE.LEN": null }, "geometry": { "type": "LineString", "coordinates": [ [ 103.8366701, 1.3664471 ], [ 103.8367683, 1.366418 ] ] } },
{ "type": "Feature", "properties": { "name": null, "audit_layer": "network_uncovered_edge", "len_m": null, "is_covered": 0.0, "is_synthesized": null, "synth_class": null, "covered": null, "indoor": null, "tunnel": null, "bridge": null, "layer": null, "level": null, "highway": "footway", "footway": null, "length": 6.539, "length_m": null, "effective_len_m": 6.539, "dist_to_route_m": 18.274864663094284, "OBJECTID": null, "source_area_m2": null, "STATION_NA": null, "EXIT_CODE": null, "INC_CRC": null, "FMEL_UPD_D": null, "BLK_NO": null, "ST_COD": null, "ENTITYID": null, "POSTAL_COD": null, "SHAPE.AREA": null, "SHAPE.LEN": null }, "geometry": { "type": "LineString", "coordinates": [ [ 103.8367683, 1.366418 ], [ 103.8368258, 1.3664056 ] ] } },
{ "type": "Feature", "properties": { "name": null, "audit_layer": "network_uncovered_edge", "len_m": null, "is_covered": 0.0, "is_synthesized": null, "synth_class": null, "covered": null, "indoor": null, "tunnel": null, "bridge": null, "layer": null, "level": null, "highway": "footway", "footway": null, "length": 4.328, "length_m": null, "effective_len_m": 4.328, "dist_to_route_m": 18.985145941875267, "OBJECTID": null, "source_area_m2": null, "STATION_NA": null, "EXIT_CODE": null, "INC_CRC": null, "FMEL_UPD_D": null, "BLK_NO": null, "ST_COD": null, "ENTITYID": null, "POSTAL_COD": null, "SHAPE.AREA": null, "SHAPE.LEN": null }, "geometry": { "type": "LineString", "coordinates": [ [ 103.8368258, 1.3664056 ], [ 103.8368647, 1.3664073 ] ] } },
{ "type": "Feature", "properties": { "name": null, "audit_layer": "network_uncovered_edge", "len_m": null, "is_covered": 0.0, "is_synthesized": null, "synth_class": null, "covered": null, "indoor": null, "tunnel": null, "bridge": null, "layer": null, "level": null, "highway": "footway", "footway": null, "length": 2.613, "length_m": null, "effective_len_m": 2.613, "dist_to_route_m": 18.108838866063518, "OBJECTID": null, "source_area_m2": null, "STATION_NA": null, "EXIT_CODE": null, "INC_CRC": null, "FMEL_UPD_D": null, "BLK_NO": null, "ST_COD": null, "ENTITYID": null, "POSTAL_COD": null, "SHAPE.AREA": null, "SHAPE.LEN": null }, "geometry": { "type": "LineString", "coordinates": [ [ 103.8368647, 1.3664073 ], [ 103.8368868, 1.3664153 ] ] } },
{ "type": "Feature", "properties": { "name": null, "audit_layer": "network_uncovered_edge", "len_m": null, "is_covered": 0.0, "is_synthesized": null, "synth_class": null, "covered": null, "indoor": null, "tunnel": null, "bridge": null, "layer": null, "level": null, "highway": "steps", "footway": null, "length": 12.93, "length_m": null, "effective_len_m": 12.93, "dist_to_route_m": 8.7829178838554629, "OBJECTID": null, "source_area_m2": null, "STATION_NA": null, "EXIT_CODE": null, "INC_CRC": null, "FMEL_UPD_D": null, "BLK_NO": null, "ST_COD": null, "ENTITYID": null, "POSTAL_COD": null, "SHAPE.AREA": null, "SHAPE.LEN": null }, "geometry": { "type": "LineString", "coordinates": [ [ 103.8368868, 1.3664153 ], [ 103.8369304, 1.3663075 ] ] } },
{ "type": "Feature", "properties": { "name": null, "audit_layer": "network_uncovered_edge", "len_m": null, "is_covered": 0.0, "is_synthesized": null, "synth_class": null, "covered": null, "indoor": null, "tunnel": null, "bridge": null, "layer": null, "level": null, "highway": "steps", "footway": null, "length": 1.989, "length_m": null, "effective_len_m": 1.989, "dist_to_route_m": 6.9597380890381588, "OBJECTID": null, "source_area_m2": null, "STATION_NA": null, "EXIT_CODE": null, "INC_CRC": null, "FMEL_UPD_D": null, "BLK_NO": null, "ST_COD": null, "ENTITYID": null, "POSTAL_COD": null, "SHAPE.AREA": null, "SHAPE.LEN": null }, "geometry": { "type": "LineString", "coordinates": [ [ 103.8361635, 1.3665184 ], [ 103.8361684, 1.3665356 ] ] } },
{ "type": "Feature", "properties": { "name": null, "audit_layer": "network_uncovered_edge", "len_m": null, "is_covered": 0.0, "is_synthesized": null, "synth_class": null, "covered": null, "indoor": null, "tunnel": null, "bridge": null, "layer": null, "level": null, "highway": "steps", "footway": null, "length": 8.275, "length_m": null, "effective_len_m": 8.275, "dist_to_route_m": 8.9347307215499292, "OBJECTID": null, "source_area_m2": null, "STATION_NA": null, "EXIT_CODE": null, "INC_CRC": null, "FMEL_UPD_D": null, "BLK_NO": null, "ST_COD": null, "ENTITYID": null, "POSTAL_COD": null, "SHAPE.AREA": null, "SHAPE.LEN": null }, "geometry": { "type": "LineString", "coordinates": [ [ 103.8361684, 1.3665356 ], [ 103.8362392, 1.3665126 ] ] } },
{ "type": "Feature", "properties": { "name": null, "audit_layer": "network_uncovered_edge", "len_m": null, "is_covered": 0.0, "is_synthesized": null, "synth_class": null, "covered": null, "indoor": null, "tunnel": null, "bridge": null, "layer": null, "level": null, "highway": "steps", "footway": null, "length": 7.933, "length_m": null, "effective_len_m": 7.933, "dist_to_route_m": 9.1560801578197193, "OBJECTID": null, "source_area_m2": null, "STATION_NA": null, "EXIT_CODE": null, "INC_CRC": null, "FMEL_UPD_D": null, "BLK_NO": null, "ST_COD": null, "ENTITYID": null, "POSTAL_COD": null, "SHAPE.AREA": null, "SHAPE.LEN": null }, "geometry": { "type": "LineString", "coordinates": [ [ 103.8362392, 1.3665126 ], [ 103.8362608, 1.3665806 ] ] } },
{ "type": "Feature", "properties": { "name": null, "audit_layer": "network_uncovered_edge", "len_m": null, "is_covered": 0.0, "is_synthesized": null, "synth_class": null, "covered": null, "indoor": null, "tunnel": null, "bridge": null, "layer": null, "level": null, "highway": "footway", "footway": null, "length": 2.827, "length_m": null, "effective_len_m": 2.827, "dist_to_route_m": 15.343131171473658, "OBJECTID": null, "source_area_m2": null, "STATION_NA": null, "EXIT_CODE": null, "INC_CRC": null, "FMEL_UPD_D": null, "BLK_NO": null, "ST_COD": null, "ENTITYID": null, "POSTAL_COD": null, "SHAPE.AREA": null, "SHAPE.LEN": null }, "geometry": { "type": "LineString", "coordinates": [ [ 103.8368868, 1.3664153 ], [ 103.836909, 1.3664277 ] ] } },
{ "type": "Feature", "properties": { "name": null, "audit_layer": "network_uncovered_edge", "len_m": null, "is_covered": 0.0, "is_synthesized": null, "synth_class": null, "covered": null, "indoor": null, "tunnel": null, "bridge": null, "layer": null, "level": null, "highway": "footway", "footway": null, "length": 2.101, "length_m": null, "effective_len_m": 2.101, "dist_to_route_m": 13.244962251818098, "OBJECTID": null, "source_area_m2": null, "STATION_NA": null, "EXIT_CODE": null, "INC_CRC": null, "FMEL_UPD_D": null, "BLK_NO": null, "ST_COD": null, "ENTITYID": null, "POSTAL_COD": null, "SHAPE.AREA": null, "SHAPE.LEN": null }, "geometry": { "type": "LineString", "coordinates": [ [ 103.836909, 1.3664277 ], [ 103.836924, 1.3664392 ] ] } },
{ "type": "Feature", "properties": { "name": null, "audit_layer": "network_uncovered_edge", "len_m": null, "is_covered": 0.0, "is_synthesized": null, "synth_class": null, "covered": null, "indoor": null, "tunnel": null, "bridge": null, "layer": null, "level": null, "highway": "footway", "footway": null, "length": 4.402, "length_m": null, "effective_len_m": 4.402, "dist_to_route_m": 9.8080017401267767, "OBJECTID": null, "source_area_m2": null, "STATION_NA": null, "EXIT_CODE": null, "INC_CRC": null, "FMEL_UPD_D": null, "BLK_NO": null, "ST_COD": null, "ENTITYID": null, "POSTAL_COD": null, "SHAPE.AREA": null, "SHAPE.LEN": null }, "geometry": { "type": "LineString", "coordinates": [ [ 103.836924, 1.3664392 ], [ 103.8369386, 1.366476 ] ] } },
{ "type": "Feature", "properties": { "name": null, "audit_layer": "network_uncovered_edge", "len_m": null, "is_covered": 0.0, "is_synthesized": null, "synth_class": null, "covered": null, "indoor": null, "tunnel": null, "bridge": null, "layer": null, "level": null, "highway": "footway", "footway": null, "length": 15.039, "length_m": null, "effective_len_m": 15.039, "dist_to_route_m": 17.174510291231737, "OBJECTID": null, "source_area_m2": null, "STATION_NA": null, "EXIT_CODE": null, "INC_CRC": null, "FMEL_UPD_D": null, "BLK_NO": null, "ST_COD": null, "ENTITYID": null, "POSTAL_COD": null, "SHAPE.AREA": null, "SHAPE.LEN": null }, "geometry": { "type": "LineString", "coordinates": [ [ 103.8365891, 1.3684506 ], [ 103.8366108, 1.3683171 ] ] } },
{ "type": "Feature", "properties": { "name": null, "audit_layer": "network_uncovered_edge", "len_m": null, "is_covered": 0.0, "is_synthesized": null, "synth_class": null, "covered": null, "indoor": null, "tunnel": null, "bridge": null, "layer": null, "level": null, "highway": "footway", "footway": null, "length": 18.909, "length_m": null, "effective_len_m": 18.909, "dist_to_route_m": 26.625823986304162, "OBJECTID": null, "source_area_m2": null, "STATION_NA": null, "EXIT_CODE": null, "INC_CRC": null, "FMEL_UPD_D": null, "BLK_NO": null, "ST_COD": null, "ENTITYID": null, "POSTAL_COD": null, "SHAPE.AREA": null, "SHAPE.LEN": null }, "geometry": { "type": "LineString", "coordinates": [ [ 103.8366108, 1.3683171 ], [ 103.8365879, 1.3681486 ] ] } },
{ "type": "Feature", "properties": { "name": null, "audit_layer": "network_uncovered_edge", "len_m": null, "is_covered": 0.0, "is_synthesized": null, "synth_class": null, "covered": null, "indoor": null, "tunnel": null, "bridge": null, "layer": null, "level": null, "highway": "steps", "footway": null, "length": 7.201, "length_m": null, "effective_len_m": 7.201, "dist_to_route_m": 17.15067605117369, "OBJECTID": null, "source_area_m2": null, "STATION_NA": null, "EXIT_CODE": null, "INC_CRC": null, "FMEL_UPD_D": null, "BLK_NO": null, "ST_COD": null, "ENTITYID": null, "POSTAL_COD": null, "SHAPE.AREA": null, "SHAPE.LEN": null }, "geometry": { "type": "LineString", "coordinates": [ [ 103.8359952, 1.3669298 ], [ 103.8360552, 1.3669054 ] ] } },
{ "type": "Feature", "properties": { "name": null, "audit_layer": "network_uncovered_edge", "len_m": null, "is_covered": 0.0, "is_synthesized": null, "synth_class": null, "covered": null, "indoor": null, "tunnel": null, "bridge": null, "layer": null, "level": null, "highway": "steps", "footway": null, "length": 7.89, "length_m": null, "effective_len_m": 7.89, "dist_to_route_m": 16.919905116242187, "OBJECTID": null, "source_area_m2": null, "STATION_NA": null, "EXIT_CODE": null, "INC_CRC": null, "FMEL_UPD_D": null, "BLK_NO": null, "ST_COD": null, "ENTITYID": null, "POSTAL_COD": null, "SHAPE.AREA": null, "SHAPE.LEN": null }, "geometry": { "type": "LineString", "coordinates": [ [ 103.8362817, 1.3677762 ], [ 103.8363477, 1.3677501 ] ] } },
{ "type": "Feature", "properties": { "name": null, "audit_layer": "network_uncovered_edge", "len_m": null, "is_covered": 0.0, "is_synthesized": null, "synth_class": null, "covered": null, "indoor": null, "tunnel": null, "bridge": null, "layer": null, "level": null, "highway": "steps", "footway": null, "length": 6.706, "length_m": null, "effective_len_m": 6.706, "dist_to_route_m": 17.855288406822226, "OBJECTID": null, "source_area_m2": null, "STATION_NA": null, "EXIT_CODE": null, "INC_CRC": null, "FMEL_UPD_D": null, "BLK_NO": null, "ST_COD": null, "ENTITYID": null, "POSTAL_COD": null, "SHAPE.AREA": null, "SHAPE.LEN": null }, "geometry": { "type": "LineString", "coordinates": [ [ 103.8363143, 1.3678416 ], [ 103.836371, 1.367821 ] ] } },
{ "type": "Feature", "properties": { "name": null, "audit_layer": "network_uncovered_edge", "len_m": null, "is_covered": 0.0, "is_synthesized": null, "synth_class": null, "covered": null, "indoor": null, "tunnel": null, "bridge": null, "layer": null, "level": null, "highway": "footway", "footway": null, "length": 2.636, "length_m": null, "effective_len_m": 2.636, "dist_to_route_m": 45.415195230323675, "OBJECTID": null, "source_area_m2": null, "STATION_NA": null, "EXIT_CODE": null, "INC_CRC": null, "FMEL_UPD_D": null, "BLK_NO": null, "ST_COD": null, "ENTITYID": null, "POSTAL_COD": null, "SHAPE.AREA": null, "SHAPE.LEN": null }, "geometry": { "type": "LineString", "coordinates": [ [ 103.8377277, 1.3693283 ], [ 103.837708, 1.3693415 ] ] } },
{ "type": "Feature", "properties": { "name": null, "audit_layer": "network_uncovered_edge", "len_m": null, "is_covered": 0.0, "is_synthesized": null, "synth_class": null, "covered": null, "indoor": null, "tunnel": null, "bridge": null, "layer": null, "level": null, "highway": "footway", "footway": null, "length": 2.539, "length_m": null, "effective_len_m": 2.539, "dist_to_route_m": 43.046164677284871, "OBJECTID": null, "source_area_m2": null, "STATION_NA": null, "EXIT_CODE": null, "INC_CRC": null, "FMEL_UPD_D": null, "BLK_NO": null, "ST_COD": null, "ENTITYID": null, "POSTAL_COD": null, "SHAPE.AREA": null, "SHAPE.LEN": null }, "geometry": { "type": "LineString", "coordinates": [ [ 103.837708, 1.3693415 ], [ 103.8376868, 1.36935 ] ] } },
{ "type": "Feature", "properties": { "name": null, "audit_layer": "network_uncovered_edge", "len_m": null, "is_covered": 0.0, "is_synthesized": null, "synth_class": null, "covered": null, "indoor": null, "tunnel": null, "bridge": null, "layer": null, "level": null, "highway": "footway", "footway": null, "length": 2.137, "length_m": null, "effective_len_m": 2.137, "dist_to_route_m": 40.956340213536038, "OBJECTID": null, "source_area_m2": null, "STATION_NA": null, "EXIT_CODE": null, "INC_CRC": null, "FMEL_UPD_D": null, "BLK_NO": null, "ST_COD": null, "ENTITYID": null, "POSTAL_COD": null, "SHAPE.AREA": null, "SHAPE.LEN": null }, "geometry": { "type": "LineString", "coordinates": [ [ 103.8376868, 1.36935 ], [ 103.837668, 1.369354 ] ] } },
{ "type": "Feature", "properties": { "name": null, "audit_layer": "network_uncovered_edge", "len_m": null, "is_covered": 0.0, "is_synthesized": null, "synth_class": null, "covered": null, "indoor": null, "tunnel": null, "bridge": null, "layer": null, "level": null, "highway": "footway", "footway": null, "length": 1.103, "length_m": null, "effective_len_m": 1.103, "dist_to_route_m": 39.855447394434059, "OBJECTID": null, "source_area_m2": null, "STATION_NA": null, "EXIT_CODE": null, "INC_CRC": null, "FMEL_UPD_D": null, "BLK_NO": null, "ST_COD": null, "ENTITYID": null, "POSTAL_COD": null, "SHAPE.AREA": null, "SHAPE.LEN": null }, "geometry": { "type": "LineString", "coordinates": [ [ 103.837668, 1.369354 ], [ 103.8376581, 1.3693546 ] ] } },
{ "type": "Feature", "properties": { "name": null, "audit_layer": "network_uncovered_edge", "len_m": null, "is_covered": 0.0, "is_synthesized": null, "synth_class": null, "covered": null, "indoor": null, "tunnel": null, "bridge": null, "layer": null, "level": null, "highway": "footway", "footway": null, "length": 1.194, "length_m": null, "effective_len_m": 1.194, "dist_to_route_m": 38.695377612280978, "OBJECTID": null, "source_area_m2": null, "STATION_NA": null, "EXIT_CODE": null, "INC_CRC": null, "FMEL_UPD_D": null, "BLK_NO": null, "ST_COD": null, "ENTITYID": null, "POSTAL_COD": null, "SHAPE.AREA": null, "SHAPE.LEN": null }, "geometry": { "type": "LineString", "coordinates": [ [ 103.8376581, 1.3693546 ], [ 103.8376477, 1.3693519 ] ] } },
{ "type": "Feature", "properties": { "name": null, "audit_layer": "network_uncovered_edge", "len_m": null, "is_covered": 0.0, "is_synthesized": null, "synth_class": null, "covered": null, "indoor": null, "tunnel": null, "bridge": null, "layer": null, "level": null, "highway": "footway", "footway": null, "length": 1.461, "length_m": null, "effective_len_m": 1.461, "dist_to_route_m": 37.532148548366671, "OBJECTID": null, "source_area_m2": null, "STATION_NA": null, "EXIT_CODE": null, "INC_CRC": null, "FMEL_UPD_D": null, "BLK_NO": null, "ST_COD": null, "ENTITYID": null, "POSTAL_COD": null, "SHAPE.AREA": null, "SHAPE.LEN": null }, "geometry": { "type": "LineString", "coordinates": [ [ 103.8376477, 1.3693519 ], [ 103.8376372, 1.369344 ] ] } },
{ "type": "Feature", "properties": { "name": null, "audit_layer": "network_uncovered_edge", "len_m": null, "is_covered": 0.0, "is_synthesized": null, "synth_class": null, "covered": null, "indoor": null, "tunnel": null, "bridge": null, "layer": null, "level": null, "highway": "footway", "footway": null, "length": 1.408, "length_m": null, "effective_len_m": 1.408, "dist_to_route_m": 36.608321012535924, "OBJECTID": null, "source_area_m2": null, "STATION_NA": null, "EXIT_CODE": null, "INC_CRC": null, "FMEL_UPD_D": null, "BLK_NO": null, "ST_COD": null, "ENTITYID": null, "POSTAL_COD": null, "SHAPE.AREA": null, "SHAPE.LEN": null }, "geometry": { "type": "LineString", "coordinates": [ [ 103.8376372, 1.369344 ], [ 103.8376286, 1.3693347 ] ] } },
{ "type": "Feature", "properties": { "name": null, "audit_layer": "network_uncovered_edge", "len_m": null, "is_covered": 0.0, "is_synthesized": null, "synth_class": null, "covered": null, "indoor": null, "tunnel": null, "bridge": null, "layer": null, "level": null, "highway": "footway", "footway": null, "length": 1.252, "length_m": null, "effective_len_m": 1.252, "dist_to_route_m": 35.983025412041876, "OBJECTID": null, "source_area_m2": null, "STATION_NA": null, "EXIT_CODE": null, "INC_CRC": null, "FMEL_UPD_D": null, "BLK_NO": null, "ST_COD": null, "ENTITYID": null, "POSTAL_COD": null, "SHAPE.AREA": null, "SHAPE.LEN": null }, "geometry": { "type": "LineString", "coordinates": [ [ 103.8376286, 1.3693347 ], [ 103.8376224, 1.3693253 ] ] } },
{ "type": "Feature", "properties": { "name": null, "audit_layer": "network_uncovered_edge", "len_m": null, "is_covered": 0.0, "is_synthesized": null, "synth_class": null, "covered": null, "indoor": null, "tunnel": null, "bridge": null, "layer": null, "level": null, "highway": "footway", "footway": null, "length": 1.264, "length_m": null, "effective_len_m": 1.264, "dist_to_route_m": 35.556290475443504, "OBJECTID": null, "source_area_m2": null, "STATION_NA": null, "EXIT_CODE": null, "INC_CRC": null, "FMEL_UPD_D": null, "BLK_NO": null, "ST_COD": null, "ENTITYID": null, "POSTAL_COD": null, "SHAPE.AREA": null, "SHAPE.LEN": null }, "geometry": { "type": "LineString", "coordinates": [ [ 103.8376224, 1.3693253 ], [ 103.8376176, 1.369315 ] ] } },
{ "type": "Feature", "properties": { "name": null, "audit_layer": "network_uncovered_edge", "len_m": null, "is_covered": 0.0, "is_synthesized": null, "synth_class": null, "covered": null, "indoor": null, "tunnel": null, "bridge": null, "layer": null, "level": null, "highway": "footway", "footway": null, "length": 2.207, "length_m": null, "effective_len_m": 2.207, "dist_to_route_m": 35.392552427265429, "OBJECTID": null, "source_area_m2": null, "STATION_NA": null, "EXIT_CODE": null, "INC_CRC": null, "FMEL_UPD_D": null, "BLK_NO": null, "ST_COD": null, "ENTITYID": null, "POSTAL_COD": null, "SHAPE.AREA": null, "SHAPE.LEN": null }, "geometry": { "type": "LineString", "coordinates": [ [ 103.8376176, 1.369315 ], [ 103.8376134, 1.3692956 ] ] } },
{ "type": "Feature", "properties": { "name": null, "audit_layer": "network_uncovered_edge", "len_m": null, "is_covered": 0.0, "is_synthesized": null, "synth_class": null, "covered": null, "indoor": null, "tunnel": null, "bridge": null, "layer": null, "level": null, "highway": "footway", "footway": null, "length": 2.473, "length_m": null, "effective_len_m": 2.473, "dist_to_route_m": 35.392552427265429, "OBJECTID": null, "source_area_m2": null, "STATION_NA": null, "EXIT_CODE": null, "INC_CRC": null, "FMEL_UPD_D": null, "BLK_NO": null, "ST_COD": null, "ENTITYID": null, "POSTAL_COD": null, "SHAPE.AREA": null, "SHAPE.LEN": null }, "geometry": { "type": "LineString", "coordinates": [ [ 103.8376134, 1.3692956 ], [ 103.8376173, 1.3692737 ] ] } },
{ "type": "Feature", "properties": { "name": null, "audit_layer": "network_uncovered_edge", "len_m": null, "is_covered": 0.0, "is_synthesized": null, "synth_class": null, "covered": null, "indoor": null, "tunnel": null, "bridge": null, "layer": null, "level": null, "highway": "footway", "footway": null, "length": 2.405, "length_m": null, "effective_len_m": 2.405, "dist_to_route_m": 36.305560201127193, "OBJECTID": null, "source_area_m2": null, "STATION_NA": null, "EXIT_CODE": null, "INC_CRC": null, "FMEL_UPD_D": null, "BLK_NO": null, "ST_COD": null, "ENTITYID": null, "POSTAL_COD": null, "SHAPE.AREA": null, "SHAPE.LEN": null }, "geometry": { "type": "LineString", "coordinates": [ [ 103.8376173, 1.3692737 ], [ 103.8376308, 1.3692568 ] ] } },
{ "type": "Feature", "properties": { "name": null, "audit_layer": "network_uncovered_edge", "len_m": null, "is_covered": 0.0, "is_synthesized": null, "synth_class": null, "covered": null, "indoor": null, "tunnel": null, "bridge": null, "layer": null, "level": null, "highway": "footway", "footway": null, "length": 2.414, "length_m": null, "effective_len_m": 2.414, "dist_to_route_m": 38.229291399911418, "OBJECTID": null, "source_area_m2": null, "STATION_NA": null, "EXIT_CODE": null, "INC_CRC": null, "FMEL_UPD_D": null, "BLK_NO": null, "ST_COD": null, "ENTITYID": null, "POSTAL_COD": null, "SHAPE.AREA": null, "SHAPE.LEN": null }, "geometry": { "type": "LineString", "coordinates": [ [ 103.8376308, 1.3692568 ], [ 103.8376497, 1.3692461 ] ] } },
{ "type": "Feature", "properties": { "name": null, "audit_layer": "network_uncovered_edge", "len_m": null, "is_covered": 0.0, "is_synthesized": null, "synth_class": null, "covered": null, "indoor": null, "tunnel": null, "bridge": null, "layer": null, "level": null, "highway": "footway", "footway": null, "length": 2.749, "length_m": null, "effective_len_m": 2.749, "dist_to_route_m": 40.577749607938387, "OBJECTID": null, "source_area_m2": null, "STATION_NA": null, "EXIT_CODE": null, "INC_CRC": null, "FMEL_UPD_D": null, "BLK_NO": null, "ST_COD": null, "ENTITYID": null, "POSTAL_COD": null, "SHAPE.AREA": null, "SHAPE.LEN": null }, "geometry": { "type": "LineString", "coordinates": [ [ 103.8376497, 1.3692461 ], [ 103.837674300000018, 1.3692436 ] ] } },
{ "type": "Feature", "properties": { "name": null, "audit_layer": "network_uncovered_edge", "len_m": null, "is_covered": 0.0, "is_synthesized": null, "synth_class": null, "covered": null, "indoor": null, "tunnel": null, "bridge": null, "layer": null, "level": null, "highway": "footway", "footway": null, "length": 2.355, "length_m": null, "effective_len_m": 2.355, "dist_to_route_m": 43.284683390206148, "OBJECTID": null, "source_area_m2": null, "STATION_NA": null, "EXIT_CODE": null, "INC_CRC": null, "FMEL_UPD_D": null, "BLK_NO": null, "ST_COD": null, "ENTITYID": null, "POSTAL_COD": null, "SHAPE.AREA": null, "SHAPE.LEN": null }, "geometry": { "type": "LineString", "coordinates": [ [ 103.837674300000018, 1.3692436 ], [ 103.837694400000018, 1.3692503 ] ] } },
{ "type": "Feature", "properties": { "name": null, "audit_layer": "network_uncovered_edge", "len_m": null, "is_covered": 0.0, "is_synthesized": null, "synth_class": null, "covered": null, "indoor": null, "tunnel": null, "bridge": null, "layer": null, "level": null, "highway": "footway", "footway": null, "length": 3.028, "length_m": null, "effective_len_m": 3.028, "dist_to_route_m": 45.255267107896827, "OBJECTID": null, "source_area_m2": null, "STATION_NA": null, "EXIT_CODE": null, "INC_CRC": null, "FMEL_UPD_D": null, "BLK_NO": null, "ST_COD": null, "ENTITYID": null, "POSTAL_COD": null, "SHAPE.AREA": null, "SHAPE.LEN": null }, "geometry": { "type": "LineString", "coordinates": [ [ 103.837694400000018, 1.3692503 ], [ 103.8377132, 1.36927 ] ] } },
{ "type": "Feature", "properties": { "name": null, "audit_layer": "network_uncovered_edge", "len_m": null, "is_covered": 0.0, "is_synthesized": null, "synth_class": null, "covered": null, "indoor": null, "tunnel": null, "bridge": null, "layer": null, "level": null, "highway": "footway", "footway": null, "length": 3.374, "length_m": null, "effective_len_m": 3.374, "dist_to_route_m": 46.827290577106403, "OBJECTID": null, "source_area_m2": null, "STATION_NA": null, "EXIT_CODE": null, "INC_CRC": null, "FMEL_UPD_D": null, "BLK_NO": null, "ST_COD": null, "ENTITYID": null, "POSTAL_COD": null, "SHAPE.AREA": null, "SHAPE.LEN": null }, "geometry": { "type": "LineString", "coordinates": [ [ 103.8377132, 1.36927 ], [ 103.8377244, 1.3692982 ] ] } },
{ "type": "Feature", "properties": { "name": null, "audit_layer": "network_uncovered_edge", "len_m": null, "is_covered": 0.0, "is_synthesized": null, "synth_class": null, "covered": null, "indoor": null, "tunnel": null, "bridge": null, "layer": null, "level": null, "highway": "footway", "footway": null, "length": 3.367, "length_m": null, "effective_len_m": 3.367, "dist_to_route_m": 47.573866949755192, "OBJECTID": null, "source_area_m2": null, "STATION_NA": null, "EXIT_CODE": null, "INC_CRC": null, "FMEL_UPD_D": null, "BLK_NO": null, "ST_COD": null, "ENTITYID": null, "POSTAL_COD": null, "SHAPE.AREA": null, "SHAPE.LEN": null }, "geometry": { "type": "LineString", "coordinates": [ [ 103.8377244, 1.3692982 ], [ 103.8377277, 1.3693283 ] ] } },
{ "type": "Feature", "properties": { "name": null, "audit_layer": "network_uncovered_edge", "len_m": null, "is_covered": 0.0, "is_synthesized": null, "synth_class": null, "covered": null, "indoor": null, "tunnel": null, "bridge": null, "layer": null, "level": null, "highway": "footway", "footway": null, "length": 19.18, "length_m": null, "effective_len_m": 19.18, "dist_to_route_m": 77.553168434860837, "OBJECTID": null, "source_area_m2": null, "STATION_NA": null, "EXIT_CODE": null, "INC_CRC": null, "FMEL_UPD_D": null, "BLK_NO": null, "ST_COD": null, "ENTITYID": null, "POSTAL_COD": null, "SHAPE.AREA": null, "SHAPE.LEN": null }, "geometry": { "type": "LineString", "coordinates": [ [ 103.8380544, 1.3694598 ], [ 103.8379517, 1.3695984 ] ] } },
{ "type": "Feature", "properties": { "name": null, "audit_layer": "network_uncovered_edge", "len_m": null, "is_covered": 0.0, "is_synthesized": null, "synth_class": null, "covered": null, "indoor": null, "tunnel": null, "bridge": null, "layer": null, "level": null, "highway": "footway", "footway": null, "length": 6.808, "length_m": null, "effective_len_m": 6.808, "dist_to_route_m": 79.003700499469943, "OBJECTID": null, "source_area_m2": null, "STATION_NA": null, "EXIT_CODE": null, "INC_CRC": null, "FMEL_UPD_D": null, "BLK_NO": null, "ST_COD": null, "ENTITYID": null, "POSTAL_COD": null, "SHAPE.AREA": null, "SHAPE.LEN": null }, "geometry": { "type": "LineString", "coordinates": [ [ 103.8380544, 1.3694598 ], [ 103.8380063, 1.3694219 ] ] } },
{ "type": "Feature", "properties": { "name": null, "audit_layer": "network_uncovered_edge", "len_m": null, "is_covered": 0.0, "is_synthesized": null, "synth_class": null, "covered": null, "indoor": null, "tunnel": null, "bridge": null, "layer": null, "level": null, "highway": "footway", "footway": null, "length": 2.851, "length_m": null, "effective_len_m": 2.851, "dist_to_route_m": 76.274847210826096, "OBJECTID": null, "source_area_m2": null, "STATION_NA": null, "EXIT_CODE": null, "INC_CRC": null, "FMEL_UPD_D": null, "BLK_NO": null, "ST_COD": null, "ENTITYID": null, "POSTAL_COD": null, "SHAPE.AREA": null, "SHAPE.LEN": null }, "geometry": { "type": "LineString", "coordinates": [ [ 103.8380063, 1.3694219 ], [ 103.8379826, 1.3694121 ] ] } },
{ "type": "Feature", "properties": { "name": null, "audit_layer": "network_uncovered_edge", "len_m": null, "is_covered": 0.0, "is_synthesized": null, "synth_class": null, "covered": null, "indoor": null, "tunnel": null, "bridge": null, "layer": null, "level": null, "highway": "footway", "footway": null, "length": 3.596, "length_m": null, "effective_len_m": 3.596, "dist_to_route_m": 72.81865253783846, "OBJECTID": null, "source_area_m2": null, "STATION_NA": null, "EXIT_CODE": null, "INC_CRC": null, "FMEL_UPD_D": null, "BLK_NO": null, "ST_COD": null, "ENTITYID": null, "POSTAL_COD": null, "SHAPE.AREA": null, "SHAPE.LEN": null }, "geometry": { "type": "LineString", "coordinates": [ [ 103.8379826, 1.3694121 ], [ 103.83795240000002, 1.3694005 ] ] } },
{ "type": "Feature", "properties": { "name": null, "audit_layer": "network_uncovered_edge", "len_m": null, "is_covered": 0.0, "is_synthesized": null, "synth_class": null, "covered": null, "indoor": null, "tunnel": null, "bridge": null, "layer": null, "level": null, "highway": "footway", "footway": null, "length": 3.497, "length_m": null, "effective_len_m": 3.497, "dist_to_route_m": 69.713234508833239, "OBJECTID": null, "source_area_m2": null, "STATION_NA": null, "EXIT_CODE": null, "INC_CRC": null, "FMEL_UPD_D": null, "BLK_NO": null, "ST_COD": null, "ENTITYID": null, "POSTAL_COD": null, "SHAPE.AREA": null, "SHAPE.LEN": null }, "geometry": { "type": "LineString", "coordinates": [ [ 103.83795240000002, 1.3694005 ], [ 103.8379255, 1.3693842 ] ] } },
{ "type": "Feature", "properties": { "name": null, "audit_layer": "network_uncovered_edge", "len_m": null, "is_covered": 0.0, "is_synthesized": null, "synth_class": null, "covered": null, "indoor": null, "tunnel": null, "bridge": null, "layer": null, "level": null, "highway": "footway", "footway": null, "length": 3.232, "length_m": null, "effective_len_m": 3.232, "dist_to_route_m": 67.302477874736084, "OBJECTID": null, "source_area_m2": null, "STATION_NA": null, "EXIT_CODE": null, "INC_CRC": null, "FMEL_UPD_D": null, "BLK_NO": null, "ST_COD": null, "ENTITYID": null, "POSTAL_COD": null, "SHAPE.AREA": null, "SHAPE.LEN": null }, "geometry": { "type": "LineString", "coordinates": [ [ 103.8379255, 1.3693842 ], [ 103.8379046, 1.369364 ] ] } },
{ "type": "Feature", "properties": { "name": null, "audit_layer": "network_uncovered_edge", "len_m": null, "is_covered": 0.0, "is_synthesized": null, "synth_class": null, "covered": null, "indoor": null, "tunnel": null, "bridge": null, "layer": null, "level": null, "highway": "footway", "footway": null, "length": 3.444, "length_m": null, "effective_len_m": 3.444, "dist_to_route_m": 65.033834270542926, "OBJECTID": null, "source_area_m2": null, "STATION_NA": null, "EXIT_CODE": null, "INC_CRC": null, "FMEL_UPD_D": null, "BLK_NO": null, "ST_COD": null, "ENTITYID": null, "POSTAL_COD": null, "SHAPE.AREA": null, "SHAPE.LEN": null }, "geometry": { "type": "LineString", "coordinates": [ [ 103.8379046, 1.369364 ], [ 103.8378843, 1.3693406 ] ] } },
{ "type": "Feature", "properties": { "name": null, "audit_layer": "network_uncovered_edge", "len_m": null, "is_covered": 0.0, "is_synthesized": null, "synth_class": null, "covered": null, "indoor": null, "tunnel": null, "bridge": null, "layer": null, "level": null, "highway": "footway", "footway": null, "length": 3.249, "length_m": null, "effective_len_m": 3.249, "dist_to_route_m": 62.45677989867783, "OBJECTID": null, "source_area_m2": null, "STATION_NA": null, "EXIT_CODE": null, "INC_CRC": null, "FMEL_UPD_D": null, "BLK_NO": null, "ST_COD": null, "ENTITYID": null, "POSTAL_COD": null, "SHAPE.AREA": null, "SHAPE.LEN": null }, "geometry": { "type": "LineString", "coordinates": [ [ 103.8378843, 1.3693406 ], [ 103.8378606, 1.3693235 ] ] } },
{ "type": "Feature", "properties": { "name": null, "audit_layer": "network_uncovered_edge", "len_m": null, "is_covered": 0.0, "is_synthesized": null, "synth_class": null, "covered": null, "indoor": null, "tunnel": null, "bridge": null, "layer": null, "level": null, "highway": "footway", "footway": null, "length": 2.452, "length_m": null, "effective_len_m": 2.452, "dist_to_route_m": 60.29233971473947, "OBJECTID": null, "source_area_m2": null, "STATION_NA": null, "EXIT_CODE": null, "INC_CRC": null, "FMEL_UPD_D": null, "BLK_NO": null, "ST_COD": null, "ENTITYID": null, "POSTAL_COD": null, "SHAPE.AREA": null, "SHAPE.LEN": null }, "geometry": { "type": "LineString", "coordinates": [ [ 103.8378606, 1.3693235 ], [ 103.8378406, 1.3693142 ] ] } },
{ "type": "Feature", "properties": { "name": null, "audit_layer": "network_uncovered_edge", "len_m": null, "is_covered": 0.0, "is_synthesized": null, "synth_class": null, "covered": null, "indoor": null, "tunnel": null, "bridge": null, "layer": null, "level": null, "highway": "footway", "footway": null, "length": 6.338, "length_m": null, "effective_len_m": 6.338, "dist_to_route_m": 54.191029501905426, "OBJECTID": null, "source_area_m2": null, "STATION_NA": null, "EXIT_CODE": null, "INC_CRC": null, "FMEL_UPD_D": null, "BLK_NO": null, "ST_COD": null, "ENTITYID": null, "POSTAL_COD": null, "SHAPE.AREA": null, "SHAPE.LEN": null }, "geometry": { "type": "LineString", "coordinates": [ [ 103.8378406, 1.3693142 ], [ 103.8377847, 1.369303 ] ] } },
{ "type": "Feature", "properties": { "name": null, "audit_layer": "network_uncovered_edge", "len_m": null, "is_covered": 0.0, "is_synthesized": null, "synth_class": null, "covered": null, "indoor": null, "tunnel": null, "bridge": null, "layer": null, "level": null, "highway": "footway", "footway": null, "length": 2.036, "length_m": null, "effective_len_m": 2.036, "dist_to_route_m": 52.269042106819974, "OBJECTID": null, "source_area_m2": null, "STATION_NA": null, "EXIT_CODE": null, "INC_CRC": null, "FMEL_UPD_D": null, "BLK_NO": null, "ST_COD": null, "ENTITYID": null, "POSTAL_COD": null, "SHAPE.AREA": null, "SHAPE.LEN": null }, "geometry": { "type": "LineString", "coordinates": [ [ 103.8377847, 1.369303 ], [ 103.8377669, 1.3692987 ] ] } },
{ "type": "Feature", "properties": { "name": null, "audit_layer": "network_uncovered_edge", "len_m": null, "is_covered": 0.0, "is_synthesized": null, "synth_class": null, "covered": null, "indoor": null, "tunnel": null, "bridge": null, "layer": null, "level": null, "highway": "footway", "footway": null, "length": 2.212, "length_m": null, "effective_len_m": 2.212, "dist_to_route_m": 50.420740798224656, "OBJECTID": null, "source_area_m2": null, "STATION_NA": null, "EXIT_CODE": null, "INC_CRC": null, "FMEL_UPD_D": null, "BLK_NO": null, "ST_COD": null, "ENTITYID": null, "POSTAL_COD": null, "SHAPE.AREA": null, "SHAPE.LEN": null }, "geometry": { "type": "LineString", "coordinates": [ [ 103.8377669, 1.3692987 ], [ 103.8377491, 1.3692898 ] ] } },
{ "type": "Feature", "properties": { "name": null, "audit_layer": "network_uncovered_edge", "len_m": null, "is_covered": 0.0, "is_synthesized": null, "synth_class": null, "covered": null, "indoor": null, "tunnel": null, "bridge": null, "layer": null, "level": null, "highway": "footway", "footway": null, "length": 1.811, "length_m": null, "effective_len_m": 1.811, "dist_to_route_m": 49.106090452182649, "OBJECTID": null, "source_area_m2": null, "STATION_NA": null, "EXIT_CODE": null, "INC_CRC": null, "FMEL_UPD_D": null, "BLK_NO": null, "ST_COD": null, "ENTITYID": null, "POSTAL_COD": null, "SHAPE.AREA": null, "SHAPE.LEN": null }, "geometry": { "type": "LineString", "coordinates": [ [ 103.8377491, 1.3692898 ], [ 103.8377358, 1.3692804 ] ] } },
{ "type": "Feature", "properties": { "name": null, "audit_layer": "network_uncovered_edge", "len_m": null, "is_covered": 0.0, "is_synthesized": null, "synth_class": null, "covered": null, "indoor": null, "tunnel": null, "bridge": null, "layer": null, "level": null, "highway": "footway", "footway": null, "length": 1.986, "length_m": null, "effective_len_m": 1.986, "dist_to_route_m": 48.159487646127111, "OBJECTID": null, "source_area_m2": null, "STATION_NA": null, "EXIT_CODE": null, "INC_CRC": null, "FMEL_UPD_D": null, "BLK_NO": null, "ST_COD": null, "ENTITYID": null, "POSTAL_COD": null, "SHAPE.AREA": null, "SHAPE.LEN": null }, "geometry": { "type": "LineString", "coordinates": [ [ 103.8377358, 1.3692804 ], [ 103.8377247, 1.3692664 ] ] } },
{ "type": "Feature", "properties": { "name": null, "audit_layer": "network_uncovered_edge", "len_m": null, "is_covered": 0.0, "is_synthesized": null, "synth_class": null, "covered": null, "indoor": null, "tunnel": null, "bridge": null, "layer": null, "level": null, "highway": "footway", "footway": null, "length": 2.243, "length_m": null, "effective_len_m": 2.243, "dist_to_route_m": 47.286710237407092, "OBJECTID": null, "source_area_m2": null, "STATION_NA": null, "EXIT_CODE": null, "INC_CRC": null, "FMEL_UPD_D": null, "BLK_NO": null, "ST_COD": null, "ENTITYID": null, "POSTAL_COD": null, "SHAPE.AREA": null, "SHAPE.LEN": null }, "geometry": { "type": "LineString", "coordinates": [ [ 103.8377247, 1.3692664 ], [ 103.8377131, 1.3692499 ] ] } },
{ "type": "Feature", "properties": { "name": null, "audit_layer": "network_uncovered_edge", "len_m": null, "is_covered": 0.0, "is_synthesized": null, "synth_class": null, "covered": null, "indoor": null, "tunnel": null, "bridge": null, "layer": null, "level": null, "highway": "footway", "footway": null, "length": 1.672, "length_m": null, "effective_len_m": 1.672, "dist_to_route_m": 46.255539377124606, "OBJECTID": null, "source_area_m2": null, "STATION_NA": null, "EXIT_CODE": null, "INC_CRC": null, "FMEL_UPD_D": null, "BLK_NO": null, "ST_COD": null, "ENTITYID": null, "POSTAL_COD": null, "SHAPE.AREA": null, "SHAPE.LEN": null }, "geometry": { "type": "LineString", "coordinates": [ [ 103.8377131, 1.3692499 ], [ 103.837701200000012, 1.3692407 ] ] } },
{ "type": "Feature", "properties": { "name": null, "audit_layer": "network_uncovered_edge", "len_m": null, "is_covered": 0.0, "is_synthesized": null, "synth_class": null, "covered": null, "indoor": null, "tunnel": null, "bridge": null, "layer": null, "level": null, "highway": "footway", "footway": null, "length": 0.985, "length_m": null, "effective_len_m": 0.985, "dist_to_route_m": 45.510426230324647, "OBJECTID": null, "source_area_m2": null, "STATION_NA": null, "EXIT_CODE": null, "INC_CRC": null, "FMEL_UPD_D": null, "BLK_NO": null, "ST_COD": null, "ENTITYID": null, "POSTAL_COD": null, "SHAPE.AREA": null, "SHAPE.LEN": null }, "geometry": { "type": "LineString", "coordinates": [ [ 103.837701200000012, 1.3692407 ], [ 103.8376932, 1.3692369 ] ] } },
{ "type": "Feature", "properties": { "name": null, "audit_layer": "network_uncovered_edge", "len_m": null, "is_covered": 0.0, "is_synthesized": null, "synth_class": null, "covered": null, "indoor": null, "tunnel": null, "bridge": null, "layer": null, "level": null, "highway": "footway", "footway": null, "length": 3.104, "length_m": null, "effective_len_m": 3.104, "dist_to_route_m": 42.998682228899163, "OBJECTID": null, "source_area_m2": null, "STATION_NA": null, "EXIT_CODE": null, "INC_CRC": null, "FMEL_UPD_D": null, "BLK_NO": null, "ST_COD": null, "ENTITYID": null, "POSTAL_COD": null, "SHAPE.AREA": null, "SHAPE.LEN": null }, "geometry": { "type": "LineString", "coordinates": [ [ 103.8376932, 1.3692369 ], [ 103.8376668, 1.3692278 ] ] } },
{ "type": "Feature", "properties": { "name": null, "audit_layer": "network_uncovered_edge", "len_m": null, "is_covered": 0.0, "is_synthesized": null, "synth_class": null, "covered": null, "indoor": null, "tunnel": null, "bridge": null, "layer": null, "level": null, "highway": "footway", "footway": null, "length": 3.254, "length_m": null, "effective_len_m": 3.254, "dist_to_route_m": 40.28246097412066, "OBJECTID": null, "source_area_m2": null, "STATION_NA": null, "EXIT_CODE": null, "INC_CRC": null, "FMEL_UPD_D": null, "BLK_NO": null, "ST_COD": null, "ENTITYID": null, "POSTAL_COD": null, "SHAPE.AREA": null, "SHAPE.LEN": null }, "geometry": { "type": "LineString", "coordinates": [ [ 103.8376668, 1.3692278 ], [ 103.8376384, 1.3692207 ] ] } },
{ "type": "Feature", "properties": { "name": null, "audit_layer": "network_uncovered_edge", "len_m": null, "is_covered": 0.0, "is_synthesized": null, "synth_class": null, "covered": null, "indoor": null, "tunnel": null, "bridge": null, "layer": null, "level": null, "highway": "footway", "footway": null, "length": 2.037, "length_m": null, "effective_len_m": 2.037, "dist_to_route_m": 38.426614193755185, "OBJECTID": null, "source_area_m2": null, "STATION_NA": null, "EXIT_CODE": null, "INC_CRC": null, "FMEL_UPD_D": null, "BLK_NO": null, "ST_COD": null, "ENTITYID": null, "POSTAL_COD": null, "SHAPE.AREA": null, "SHAPE.LEN": null }, "geometry": { "type": "LineString", "coordinates": [ [ 103.8376384, 1.3692207 ], [ 103.8376201, 1.3692197 ] ] } },
{ "type": "Feature", "properties": { "name": null, "audit_layer": "network_uncovered_edge", "len_m": null, "is_covered": 0.0, "is_synthesized": null, "synth_class": null, "covered": null, "indoor": null, "tunnel": null, "bridge": null, "layer": null, "level": null, "highway": "footway", "footway": null, "length": 5.36, "length_m": null, "effective_len_m": 5.36, "dist_to_route_m": 33.287729018098794, "OBJECTID": null, "source_area_m2": null, "STATION_NA": null, "EXIT_CODE": null, "INC_CRC": null, "FMEL_UPD_D": null, "BLK_NO": null, "ST_COD": null, "ENTITYID": null, "POSTAL_COD": null, "SHAPE.AREA": null, "SHAPE.LEN": null }, "geometry": { "type": "LineString", "coordinates": [ [ 103.8376201, 1.3692197 ], [ 103.837572200000011, 1.3692252 ] ] } },
{ "type": "Feature", "properties": { "name": null, "audit_layer": "network_uncovered_edge", "len_m": null, "is_covered": 0.0, "is_synthesized": null, "synth_class": null, "covered": null, "indoor": null, "tunnel": null, "bridge": null, "layer": null, "level": null, "highway": "footway", "footway": null, "length": 4.233, "length_m": null, "effective_len_m": 4.233, "dist_to_route_m": 29.120294741533776, "OBJECTID": null, "source_area_m2": null, "STATION_NA": null, "EXIT_CODE": null, "INC_CRC": null, "FMEL_UPD_D": null, "BLK_NO": null, "ST_COD": null, "ENTITYID": null, "POSTAL_COD": null, "SHAPE.AREA": null, "SHAPE.LEN": null }, "geometry": { "type": "LineString", "coordinates": [ [ 103.837572200000011, 1.3692252 ], [ 103.8375354, 1.369235 ] ] } },
{ "type": "Feature", "properties": { "name": null, "audit_layer": "network_uncovered_edge", "len_m": null, "is_covered": 0.0, "is_synthesized": null, "synth_class": null, "covered": null, "indoor": null, "tunnel": null, "bridge": null, "layer": null, "level": null, "highway": "footway", "footway": null, "length": 3.431, "length_m": null, "effective_len_m": 3.431, "dist_to_route_m": 26.121990643050545, "OBJECTID": null, "source_area_m2": null, "STATION_NA": null, "EXIT_CODE": null, "INC_CRC": null, "FMEL_UPD_D": null, "BLK_NO": null, "ST_COD": null, "ENTITYID": null, "POSTAL_COD": null, "SHAPE.AREA": null, "SHAPE.LEN": null }, "geometry": { "type": "LineString", "coordinates": [ [ 103.8375354, 1.369235 ], [ 103.8375169, 1.3692597 ] ] } },
{ "type": "Feature", "properties": { "name": null, "audit_layer": "network_uncovered_edge", "len_m": null, "is_covered": 0.0, "is_synthesized": null, "synth_class": null, "covered": null, "indoor": null, "tunnel": null, "bridge": null, "layer": null, "level": null, "highway": "footway", "footway": null, "length": 4.331, "length_m": null, "effective_len_m": 4.331, "dist_to_route_m": 22.735386480271831, "OBJECTID": null, "source_area_m2": null, "STATION_NA": null, "EXIT_CODE": null, "INC_CRC": null, "FMEL_UPD_D": null, "BLK_NO": null, "ST_COD": null, "ENTITYID": null, "POSTAL_COD": null, "SHAPE.AREA": null, "SHAPE.LEN": null }, "geometry": { "type": "LineString", "coordinates": [ [ 103.8375169, 1.3692597 ], [ 103.8374962, 1.3692927 ] ] } },
{ "type": "Feature", "properties": { "name": null, "audit_layer": "network_uncovered_edge", "len_m": null, "is_covered": 0.0, "is_synthesized": null, "synth_class": null, "covered": null, "indoor": null, "tunnel": null, "bridge": null, "layer": null, "level": null, "highway": "footway", "footway": null, "length": 6.14, "length_m": null, "effective_len_m": 6.14, "dist_to_route_m": 18.642162140836835, "OBJECTID": null, "source_area_m2": null, "STATION_NA": null, "EXIT_CODE": null, "INC_CRC": null, "FMEL_UPD_D": null, "BLK_NO": null, "ST_COD": null, "ENTITYID": null, "POSTAL_COD": null, "SHAPE.AREA": null, "SHAPE.LEN": null }, "geometry": { "type": "LineString", "coordinates": [ [ 103.8374962, 1.3692927 ], [ 103.8374672, 1.3693397 ] ] } },
{ "type": "Feature", "properties": { "name": null, "audit_layer": "network_uncovered_edge", "len_m": null, "is_covered": 0.0, "is_synthesized": null, "synth_class": null, "covered": null, "indoor": null, "tunnel": null, "bridge": null, "layer": null, "level": null, "highway": "footway", "footway": null, "length": 2.547, "length_m": null, "effective_len_m": 2.547, "dist_to_route_m": 37.022629903036695, "OBJECTID": null, "source_area_m2": null, "STATION_NA": null, "EXIT_CODE": null, "INC_CRC": null, "FMEL_UPD_D": null, "BLK_NO": null, "ST_COD": null, "ENTITYID": null, "POSTAL_COD": null, "SHAPE.AREA": null, "SHAPE.LEN": null }, "geometry": { "type": "LineString", "coordinates": [ [ 103.8376201, 1.3692197 ], [ 103.8376009, 1.3692072 ] ] } },
{ "type": "Feature", "properties": { "name": null, "audit_layer": "network_uncovered_edge", "len_m": null, "is_covered": 0.0, "is_synthesized": null, "synth_class": null, "covered": null, "indoor": null, "tunnel": null, "bridge": null, "layer": null, "level": null, "highway": "footway", "footway": null, "length": 7.157, "length_m": null, "effective_len_m": 7.157, "dist_to_route_m": 33.808146418337856, "OBJECTID": null, "source_area_m2": null, "STATION_NA": null, "EXIT_CODE": null, "INC_CRC": null, "FMEL_UPD_D": null, "BLK_NO": null, "ST_COD": null, "ENTITYID": null, "POSTAL_COD": null, "SHAPE.AREA": null, "SHAPE.LEN": null }, "geometry": { "type": "LineString", "coordinates": [ [ 103.8376009, 1.3692072 ], [ 103.837547, 1.369172 ] ] } },
{ "type": "Feature", "properties": { "name": null, "audit_layer": "network_uncovered_edge", "len_m": null, "is_covered": 0.0, "is_synthesized": null, "synth_class": null, "covered": null, "indoor": null, "tunnel": null, "bridge": null, "layer": null, "level": null, "highway": "footway", "footway": null, "length": 10.31, "length_m": null, "effective_len_m": 10.31, "dist_to_route_m": 26.121990643050545, "OBJECTID": null, "source_area_m2": null, "STATION_NA": null, "EXIT_CODE": null, "INC_CRC": null, "FMEL_UPD_D": null, "BLK_NO": null, "ST_COD": null, "ENTITYID": null, "POSTAL_COD": null, "SHAPE.AREA": null, "SHAPE.LEN": null }, "geometry": { "type": "LineString", "coordinates": [ [ 103.837547, 1.369172 ], [ 103.8375169, 1.3692597 ] ] } },
{ "type": "Feature", "properties": { "name": null, "audit_layer": "network_uncovered_edge", "len_m": null, "is_covered": 0.0, "is_synthesized": null, "synth_class": null, "covered": null, "indoor": null, "tunnel": null, "bridge": null, "layer": null, "level": null, "highway": "steps", "footway": null, "length": 7.235, "length_m": null, "effective_len_m": 7.235, "dist_to_route_m": 37.022629903036695, "OBJECTID": null, "source_area_m2": null, "STATION_NA": null, "EXIT_CODE": null, "INC_CRC": null, "FMEL_UPD_D": null, "BLK_NO": null, "ST_COD": null, "ENTITYID": null, "POSTAL_COD": null, "SHAPE.AREA": null, "SHAPE.LEN": null }, "geometry": { "type": "LineString", "coordinates": [ [ 103.8376009, 1.3692072 ], [ 103.8376375, 1.3691534 ] ] } },
{ "type": "Feature", "properties": { "name": null, "audit_layer": "network_uncovered_edge", "len_m": null, "is_covered": 0.0, "is_synthesized": null, "synth_class": null, "covered": null, "indoor": null, "tunnel": null, "bridge": null, "layer": null, "level": null, "highway": "footway", "footway": null, "length": 5.982, "length_m": null, "effective_len_m": 5.982, "dist_to_route_m": 43.397169007406923, "OBJECTID": null, "source_area_m2": null, "STATION_NA": null, "EXIT_CODE": null, "INC_CRC": null, "FMEL_UPD_D": null, "BLK_NO": null, "ST_COD": null, "ENTITYID": null, "POSTAL_COD": null, "SHAPE.AREA": null, "SHAPE.LEN": null }, "geometry": { "type": "LineString", "coordinates": [ [ 103.8376375, 1.3691534 ], [ 103.837661, 1.369105 ] ] } },
{ "type": "Feature", "properties": { "name": null, "audit_layer": "network_uncovered_edge", "len_m": null, "is_covered": 0.0, "is_synthesized": null, "synth_class": null, "covered": null, "indoor": null, "tunnel": null, "bridge": null, "layer": null, "level": null, "highway": "footway", "footway": null, "length": 61.048, "length_m": null, "effective_len_m": 61.048, "dist_to_route_m": 48.455546676239805, "OBJECTID": null, "source_area_m2": null, "STATION_NA": null, "EXIT_CODE": null, "INC_CRC": null, "FMEL_UPD_D": null, "BLK_NO": null, "ST_COD": null, "ENTITYID": null, "POSTAL_COD": null, "SHAPE.AREA": null, "SHAPE.LEN": null }, "geometry": { "type": "LineString", "coordinates": [ [ 103.837661, 1.369105 ], [ 103.8379854, 1.368662 ] ] } },
{ "type": "Feature", "properties": { "name": null, "audit_layer": "network_uncovered_edge", "len_m": null, "is_covered": 0.0, "is_synthesized": null, "synth_class": null, "covered": null, "indoor": null, "tunnel": null, "bridge": null, "layer": null, "level": null, "highway": "footway", "footway": null, "length": 1.604, "length_m": null, "effective_len_m": 1.604, "dist_to_route_m": 31.148678436210094, "OBJECTID": null, "source_area_m2": null, "STATION_NA": null, "EXIT_CODE": null, "INC_CRC": null, "FMEL_UPD_D": null, "BLK_NO": null, "ST_COD": null, "ENTITYID": null, "POSTAL_COD": null, "SHAPE.AREA": null, "SHAPE.LEN": null }, "geometry": { "type": "LineString", "coordinates": [ [ 103.8373189, 1.3690181 ], [ 103.837331100000014, 1.3690104 ] ] } },
{ "type": "Feature", "properties": { "name": null, "audit_layer": "network_uncovered_edge", "len_m": null, "is_covered": 0.0, "is_synthesized": null, "synth_class": null, "covered": null, "indoor": null, "tunnel": null, "bridge": null, "layer": null, "level": null, "highway": "footway", "footway": null, "length": 11.287, "length_m": null, "effective_len_m": 11.287, "dist_to_route_m": 32.622656026623574, "OBJECTID": null, "source_area_m2": null, "STATION_NA": null, "EXIT_CODE": null, "INC_CRC": null, "FMEL_UPD_D": null, "BLK_NO": null, "ST_COD": null, "ENTITYID": null, "POSTAL_COD": null, "SHAPE.AREA": null, "SHAPE.LEN": null }, "geometry": { "type": "LineString", "coordinates": [ [ 103.837331100000014, 1.3690104 ], [ 103.8373936, 1.3689304 ] ] } },
{ "type": "Feature", "properties": { "name": null, "audit_layer": "network_uncovered_edge", "len_m": null, "is_covered": 0.0, "is_synthesized": null, "synth_class": null, "covered": null, "indoor": null, "tunnel": null, "bridge": null, "layer": null, "level": null, "highway": "footway", "footway": null, "length": 67.621, "length_m": null, "effective_len_m": 67.621, "dist_to_route_m": 43.856353235380638, "OBJECTID": null, "source_area_m2": null, "STATION_NA": null, "EXIT_CODE": null, "INC_CRC": null, "FMEL_UPD_D": null, "BLK_NO": null, "ST_COD": null, "ENTITYID": null, "POSTAL_COD": null, "SHAPE.AREA": null, "SHAPE.LEN": null }, "geometry": { "type": "LineString", "coordinates": [ [ 103.8373936, 1.3689304 ], [ 103.8377457, 1.3684345 ] ] } },
{ "type": "Feature", "properties": { "name": null, "audit_layer": "network_uncovered_edge", "len_m": null, "is_covered": 0.0, "is_synthesized": null, "synth_class": null, "covered": null, "indoor": null, "tunnel": null, "bridge": null, "layer": null, "level": null, "highway": "footway", "footway": null, "length": 35.504, "length_m": null, "effective_len_m": 35.504, "dist_to_route_m": 43.856353235380638, "OBJECTID": null, "source_area_m2": null, "STATION_NA": null, "EXIT_CODE": null, "INC_CRC": null, "FMEL_UPD_D": null, "BLK_NO": null, "ST_COD": null, "ENTITYID": null, "POSTAL_COD": null, "SHAPE.AREA": null, "SHAPE.LEN": null }, "geometry": { "type": "LineString", "coordinates": [ [ 103.8373936, 1.3689304 ], [ 103.837661, 1.369105 ] ] } },
{ "type": "Feature", "properties": { "name": null, "audit_layer": "network_uncovered_edge", "len_m": null, "is_covered": 0.0, "is_synthesized": null, "synth_class": null, "covered": null, "indoor": null, "tunnel": null, "bridge": null, "layer": null, "level": null, "highway": "footway", "footway": null, "length": 8.748, "length_m": null, "effective_len_m": 8.748, "dist_to_route_m": 31.148678436210094, "OBJECTID": null, "source_area_m2": null, "STATION_NA": null, "EXIT_CODE": null, "INC_CRC": null, "FMEL_UPD_D": null, "BLK_NO": null, "ST_COD": null, "ENTITYID": null, "POSTAL_COD": null, "SHAPE.AREA": null, "SHAPE.LEN": null }, "geometry": { "type": "LineString", "coordinates": [ [ 103.8373189, 1.3690181 ], [ 103.8373838, 1.3690626 ] ] } },
{ "type": "Feature", "properties": { "name": null, "audit_layer": "network_uncovered_edge", "len_m": null, "is_covered": 0.0, "is_synthesized": null, "synth_class": null, "covered": null, "indoor": null, "tunnel": null, "bridge": null, "layer": null, "level": null, "highway": "footway", "footway": null, "length": 1.98, "length_m": null, "effective_len_m": 1.98, "dist_to_route_m": 33.196012548068566, "OBJECTID": null, "source_area_m2": null, "STATION_NA": null, "EXIT_CODE": null, "INC_CRC": null, "FMEL_UPD_D": null, "BLK_NO": null, "ST_COD": null, "ENTITYID": null, "POSTAL_COD": null, "SHAPE.AREA": null, "SHAPE.LEN": null }, "geometry": { "type": "LineString", "coordinates": [ [ 103.837547, 1.369172 ], [ 103.8375324, 1.3691618 ] ] } },
{ "type": "Feature", "properties": { "name": null, "audit_layer": "network_uncovered_edge", "len_m": null, "is_covered": 0.0, "is_synthesized": null, "synth_class": null, "covered": null, "indoor": null, "tunnel": null, "bridge": null, "layer": null, "level": null, "highway": "footway", "footway": null, "length": 3.925, "length_m": null, "effective_len_m": 3.925, "dist_to_route_m": 42.525554123857724, "OBJECTID": null, "source_area_m2": null, "STATION_NA": null, "EXIT_CODE": null, "INC_CRC": null, "FMEL_UPD_D": null, "BLK_NO": null, "ST_COD": null, "ENTITYID": null, "POSTAL_COD": null, "SHAPE.AREA": null, "SHAPE.LEN": null }, "geometry": { "type": "LineString", "coordinates": [ [ 103.8375299, 1.3696954 ], [ 103.837515, 1.3697274 ] ] } },
{ "type": "Feature", "properties": { "name": null, "audit_layer": "network_uncovered_edge", "len_m": null, "is_covered": 0.0, "is_synthesized": null, "synth_class": null, "covered": null, "indoor": null, "tunnel": null, "bridge": null, "layer": null, "level": null, "highway": "footway", "footway": null, "length": 15.646, "length_m": null, "effective_len_m": 15.646, "dist_to_route_m": 43.049932740681982, "OBJECTID": null, "source_area_m2": null, "STATION_NA": null, "EXIT_CODE": null, "INC_CRC": null, "FMEL_UPD_D": null, "BLK_NO": null, "ST_COD": null, "ENTITYID": null, "POSTAL_COD": null, "SHAPE.AREA": null, "SHAPE.LEN": null }, "geometry": { "type": "LineString", "coordinates": [ [ 103.837515, 1.3697274 ], [ 103.8376364, 1.3697986 ] ] } },
{ "type": "Feature", "properties": { "name": null, "audit_layer": "network_uncovered_edge", "len_m": null, "is_covered": 0.0, "is_synthesized": null, "synth_class": null, "covered": null, "indoor": null, "tunnel": null, "bridge": null, "layer": null, "level": null, "highway": "footway", "footway": null, "length": 2.734, "length_m": null, "effective_len_m": 2.734, "dist_to_route_m": 58.680001272574351, "OBJECTID": null, "source_area_m2": null, "STATION_NA": null, "EXIT_CODE": null, "INC_CRC": null, "FMEL_UPD_D": null, "BLK_NO": null, "ST_COD": null, "ENTITYID": null, "POSTAL_COD": null, "SHAPE.AREA": null, "SHAPE.LEN": null }, "geometry": { "type": "LineString", "coordinates": [ [ 103.8376364, 1.3697986 ], [ 103.8376236, 1.3698196 ] ] } },
{ "type": "Feature", "properties": { "name": null, "audit_layer": "network_uncovered_edge", "len_m": null, "is_covered": 0.0, "is_synthesized": null, "synth_class": null, "covered": null, "indoor": null, "tunnel": null, "bridge": null, "layer": null, "level": null, "highway": "footway", "footway": null, "length": 15.787, "length_m": null, "effective_len_m": 15.787, "dist_to_route_m": 42.969870180063147, "OBJECTID": null, "source_area_m2": null, "STATION_NA": null, "EXIT_CODE": null, "INC_CRC": null, "FMEL_UPD_D": null, "BLK_NO": null, "ST_COD": null, "ENTITYID": null, "POSTAL_COD": null, "SHAPE.AREA": null, "SHAPE.LEN": null }, "geometry": { "type": "LineString", "coordinates": [ [ 103.8376236, 1.3698196 ], [ 103.8374975, 1.3697543 ] ] } },
{ "type": "Feature", "properties": { "name": null, "audit_layer": "network_uncovered_edge", "len_m": null, "is_covered": 0.0, "is_synthesized": null, "synth_class": null, "covered": null, "indoor": null, "tunnel": null, "bridge": null, "layer": null, "level": null, "highway": "footway", "footway": null, "length": 6.115, "length_m": null, "effective_len_m": 6.115, "dist_to_route_m": 42.969870180063147, "OBJECTID": null, "source_area_m2": null, "STATION_NA": null, "EXIT_CODE": null, "INC_CRC": null, "FMEL_UPD_D": null, "BLK_NO": null, "ST_COD": null, "ENTITYID": null, "POSTAL_COD": null, "SHAPE.AREA": null, "SHAPE.LEN": null }, "geometry": { "type": "LineString", "coordinates": [ [ 103.8374975, 1.3697543 ], [ 103.8374712, 1.3698026 ] ] } },
{ "type": "Feature", "properties": { "name": null, "audit_layer": "network_uncovered_edge", "len_m": null, "is_covered": 0.0, "is_synthesized": null, "synth_class": null, "covered": null, "indoor": null, "tunnel": null, "bridge": null, "layer": null, "level": null, "highway": "steps", "footway": null, "length": 13.127, "length_m": null, "effective_len_m": 13.127, "dist_to_route_m": 40.22138071555861, "OBJECTID": null, "source_area_m2": null, "STATION_NA": null, "EXIT_CODE": null, "INC_CRC": null, "FMEL_UPD_D": null, "BLK_NO": null, "ST_COD": null, "ENTITYID": null, "POSTAL_COD": null, "SHAPE.AREA": null, "SHAPE.LEN": null }, "geometry": { "type": "LineString", "coordinates": [ [ 103.8375113, 1.3696859 ], [ 103.8374558, 1.3697901 ] ] } },
{ "type": "Feature", "properties": { "name": null, "audit_layer": "network_uncovered_edge", "len_m": null, "is_covered": 0.0, "is_synthesized": null, "synth_class": null, "covered": null, "indoor": null, "tunnel": null, "bridge": null, "layer": null, "level": null, "highway": "steps", "footway": null, "length": 18.398, "length_m": null, "effective_len_m": 18.398, "dist_to_route_m": 78.301850791965606, "OBJECTID": null, "source_area_m2": null, "STATION_NA": null, "EXIT_CODE": null, "INC_CRC": null, "FMEL_UPD_D": null, "BLK_NO": null, "ST_COD": null, "ENTITYID": null, "POSTAL_COD": null, "SHAPE.AREA": null, "SHAPE.LEN": null }, "geometry": { "type": "LineString", "coordinates": [ [ 103.8378333, 1.369821 ], [ 103.8377754, 1.369976 ] ] } },
{ "type": "Feature", "properties": { "name": null, "audit_layer": "network_uncovered_edge", "len_m": null, "is_covered": 0.0, "is_synthesized": null, "synth_class": null, "covered": null, "indoor": null, "tunnel": null, "bridge": null, "layer": null, "level": null, "highway": "footway", "footway": null, "length": 7.808, "length_m": null, "effective_len_m": 7.808, "dist_to_route_m": 74.694184184637479, "OBJECTID": null, "source_area_m2": null, "STATION_NA": null, "EXIT_CODE": null, "INC_CRC": null, "FMEL_UPD_D": null, "BLK_NO": null, "ST_COD": null, "ENTITYID": null, "POSTAL_COD": null, "SHAPE.AREA": null, "SHAPE.LEN": null }, "geometry": { "type": "LineString", "coordinates": [ [ 103.8377754, 1.369976 ], [ 103.8377077, 1.3699573 ] ] } },
{ "type": "Feature", "properties": { "name": null, "audit_layer": "network_uncovered_edge", "len_m": null, "is_covered": 0.0, "is_synthesized": null, "synth_class": null, "covered": null, "indoor": null, "tunnel": null, "bridge": null, "layer": null, "level": null, "highway": "footway", "footway": null, "length": 7.57, "length_m": null, "effective_len_m": 7.57, "dist_to_route_m": 67.237179861437156, "OBJECTID": null, "source_area_m2": null, "STATION_NA": null, "EXIT_CODE": null, "INC_CRC": null, "FMEL_UPD_D": null, "BLK_NO": null, "ST_COD": null, "ENTITYID": null, "POSTAL_COD": null, "SHAPE.AREA": null, "SHAPE.LEN": null }, "geometry": { "type": "LineString", "coordinates": [ [ 103.8377077, 1.3699573 ], [ 103.8376446, 1.3699317 ] ] } },
{ "type": "Feature", "properties": { "name": null, "audit_layer": "network_uncovered_edge", "len_m": null, "is_covered": 0.0, "is_synthesized": null, "synth_class": null, "covered": null, "indoor": null, "tunnel": null, "bridge": null, "layer": null, "level": null, "highway": "footway", "footway": null, "length": 16.133, "length_m": null, "effective_len_m": 16.133, "dist_to_route_m": 51.140234153242098, "OBJECTID": null, "source_area_m2": null, "STATION_NA": null, "EXIT_CODE": null, "INC_CRC": null, "FMEL_UPD_D": null, "BLK_NO": null, "ST_COD": null, "ENTITYID": null, "POSTAL_COD": null, "SHAPE.AREA": null, "SHAPE.LEN": null }, "geometry": { "type": "LineString", "coordinates": [ [ 103.8376446, 1.3699317 ], [ 103.8375255, 1.3698488 ] ] } },
{ "type": "Feature", "properties": { "name": null, "audit_layer": "network_uncovered_edge", "len_m": null, "is_covered": 0.0, "is_synthesized": null, "synth_class": null, "covered": null, "indoor": null, "tunnel": null, "bridge": null, "layer": null, "level": null, "highway": "footway", "footway": null, "length": 7.926, "length_m": null, "effective_len_m": 7.926, "dist_to_route_m": 43.309907529725358, "OBJECTID": null, "source_area_m2": null, "STATION_NA": null, "EXIT_CODE": null, "INC_CRC": null, "FMEL_UPD_D": null, "BLK_NO": null, "ST_COD": null, "ENTITYID": null, "POSTAL_COD": null, "SHAPE.AREA": null, "SHAPE.LEN": null }, "geometry": { "type": "LineString", "coordinates": [ [ 103.8375255, 1.3698488 ], [ 103.8374712, 1.3698026 ] ] } },
{ "type": "Feature", "properties": { "name": null, "audit_layer": "network_uncovered_edge", "len_m": null, "is_covered": 0.0, "is_synthesized": null, "synth_class": null, "covered": null, "indoor": null, "tunnel": null, "bridge": null, "layer": null, "level": null, "highway": "footway", "footway": null, "length": 2.205, "length_m": null, "effective_len_m": 2.205, "dist_to_route_m": 41.124396726471716, "OBJECTID": null, "source_area_m2": null, "STATION_NA": null, "EXIT_CODE": null, "INC_CRC": null, "FMEL_UPD_D": null, "BLK_NO": null, "ST_COD": null, "ENTITYID": null, "POSTAL_COD": null, "SHAPE.AREA": null, "SHAPE.LEN": null }, "geometry": { "type": "LineString", "coordinates": [ [ 103.8374712, 1.3698026 ], [ 103.8374558, 1.3697901 ] ] } },
{ "type": "Feature", "properties": { "name": null, "audit_layer": "network_uncovered_edge", "len_m": null, "is_covered": 0.0, "is_synthesized": null, "synth_class": null, "covered": null, "indoor": null, "tunnel": null, "bridge": null, "layer": null, "level": null, "highway": "footway", "footway": null, "length": 1.738, "length_m": null, "effective_len_m": 1.738, "dist_to_route_m": 39.443545986053167, "OBJECTID": null, "source_area_m2": null, "STATION_NA": null, "EXIT_CODE": null, "INC_CRC": null, "FMEL_UPD_D": null, "BLK_NO": null, "ST_COD": null, "ENTITYID": null, "POSTAL_COD": null, "SHAPE.AREA": null, "SHAPE.LEN": null }, "geometry": { "type": "LineString", "coordinates": [ [ 103.8374558, 1.3697901 ], [ 103.837445, 1.3697788 ] ] } },
{ "type": "Feature", "properties": { "name": null, "audit_layer": "network_uncovered_edge", "len_m": null, "is_covered": 0.0, "is_synthesized": null, "synth_class": null, "covered": null, "indoor": null, "tunnel": null, "bridge": null, "layer": null, "level": null, "highway": "footway", "footway": null, "length": 5.287, "length_m": null, "effective_len_m": 5.287, "dist_to_route_m": 34.30069108190321, "OBJECTID": null, "source_area_m2": null, "STATION_NA": null, "EXIT_CODE": null, "INC_CRC": null, "FMEL_UPD_D": null, "BLK_NO": null, "ST_COD": null, "ENTITYID": null, "POSTAL_COD": null, "SHAPE.AREA": null, "SHAPE.LEN": null }, "geometry": { "type": "LineString", "coordinates": [ [ 103.837445, 1.3697788 ], [ 103.8373999, 1.3697637 ] ] } },
{ "type": "Feature", "properties": { "name": null, "audit_layer": "network_uncovered_edge", "len_m": null, "is_covered": 0.0, "is_synthesized": null, "synth_class": null, "covered": null, "indoor": null, "tunnel": null, "bridge": null, "layer": null, "level": null, "highway": "footway", "footway": null, "length": 4.535, "length_m": null, "effective_len_m": 4.535, "dist_to_route_m": 30.761773383057673, "OBJECTID": null, "source_area_m2": null, "STATION_NA": null, "EXIT_CODE": null, "INC_CRC": null, "FMEL_UPD_D": null, "BLK_NO": null, "ST_COD": null, "ENTITYID": null, "POSTAL_COD": null, "SHAPE.AREA": null, "SHAPE.LEN": null }, "geometry": { "type": "LineString", "coordinates": [ [ 103.8373999, 1.3697637 ], [ 103.8373594, 1.3697686 ] ] } },
{ "type": "Feature", "properties": { "name": null, "audit_layer": "network_uncovered_edge", "len_m": null, "is_covered": 0.0, "is_synthesized": null, "synth_class": null, "covered": null, "indoor": null, "tunnel": null, "bridge": null, "layer": null, "level": null, "highway": "footway", "footway": null, "length": 4.689, "length_m": null, "effective_len_m": 4.689, "dist_to_route_m": 28.569065537486203, "OBJECTID": null, "source_area_m2": null, "STATION_NA": null, "EXIT_CODE": null, "INC_CRC": null, "FMEL_UPD_D": null, "BLK_NO": null, "ST_COD": null, "ENTITYID": null, "POSTAL_COD": null, "SHAPE.AREA": null, "SHAPE.LEN": null }, "geometry": { "type": "LineString", "coordinates": [ [ 103.8373594, 1.3697686 ], [ 103.837323, 1.3697899 ] ] } },
{ "type": "Feature", "properties": { "name": null, "audit_layer": "network_uncovered_edge", "len_m": null, "is_covered": 0.0, "is_synthesized": null, "synth_class": null, "covered": null, "indoor": null, "tunnel": null, "bridge": null, "layer": null, "level": null, "highway": "footway", "footway": null, "length": 4.88, "length_m": null, "effective_len_m": 4.88, "dist_to_route_m": 27.09601556532521, "OBJECTID": null, "source_area_m2": null, "STATION_NA": null, "EXIT_CODE": null, "INC_CRC": null, "FMEL_UPD_D": null, "BLK_NO": null, "ST_COD": null, "ENTITYID": null, "POSTAL_COD": null, "SHAPE.AREA": null, "SHAPE.LEN": null }, "geometry": { "type": "LineString", "coordinates": [ [ 103.837323, 1.3697899 ], [ 103.837289700000014, 1.3698185 ] ] } },
{ "type": "Feature", "properties": { "name": null, "audit_layer": "network_uncovered_edge", "len_m": null, "is_covered": 0.0, "is_synthesized": null, "synth_class": null, "covered": null, "indoor": null, "tunnel": null, "bridge": null, "layer": null, "level": null, "highway": "footway", "footway": null, "length": 4.765, "length_m": null, "effective_len_m": 4.765, "dist_to_route_m": 27.024949057511098, "OBJECTID": null, "source_area_m2": null, "STATION_NA": null, "EXIT_CODE": null, "INC_CRC": null, "FMEL_UPD_D": null, "BLK_NO": null, "ST_COD": null, "ENTITYID": null, "POSTAL_COD": null, "SHAPE.AREA": null, "SHAPE.LEN": null }, "geometry": { "type": "LineString", "coordinates": [ [ 103.837289700000014, 1.3698185 ], [ 103.8372666, 1.3698546 ] ] } },
{ "type": "Feature", "properties": { "name": null, "audit_layer": "network_uncovered_edge", "len_m": null, "is_covered": 0.0, "is_synthesized": null, "synth_class": null, "covered": null, "indoor": null, "tunnel": null, "bridge": null, "layer": null, "level": null, "highway": "footway", "footway": null, "length": 4.515, "length_m": null, "effective_len_m": 4.515, "dist_to_route_m": 27.024949057511098, "OBJECTID": null, "source_area_m2": null, "STATION_NA": null, "EXIT_CODE": null, "INC_CRC": null, "FMEL_UPD_D": null, "BLK_NO": null, "ST_COD": null, "ENTITYID": null, "POSTAL_COD": null, "SHAPE.AREA": null, "SHAPE.LEN": null }, "geometry": { "type": "LineString", "coordinates": [ [ 103.8372666, 1.3698546 ], [ 103.8372482, 1.3698908 ] ] } },
{ "type": "Feature", "properties": { "name": null, "audit_layer": "network_uncovered_edge", "len_m": null, "is_covered": 0.0, "is_synthesized": null, "synth_class": null, "covered": null, "indoor": null, "tunnel": null, "bridge": null, "layer": null, "level": null, "highway": "footway", "footway": null, "length": 4.523, "length_m": null, "effective_len_m": 4.523, "dist_to_route_m": 27.403668763996183, "OBJECTID": null, "source_area_m2": null, "STATION_NA": null, "EXIT_CODE": null, "INC_CRC": null, "FMEL_UPD_D": null, "BLK_NO": null, "ST_COD": null, "ENTITYID": null, "POSTAL_COD": null, "SHAPE.AREA": null, "SHAPE.LEN": null }, "geometry": { "type": "LineString", "coordinates": [ [ 103.8372482, 1.3698908 ], [ 103.8372322, 1.3699282 ] ] } },
{ "type": "Feature", "properties": { "name": null, "audit_layer": "network_uncovered_edge", "len_m": null, "is_covered": 0.0, "is_synthesized": null, "synth_class": null, "covered": null, "indoor": null, "tunnel": null, "bridge": null, "layer": null, "level": null, "highway": "footway", "footway": null, "length": 4.593, "length_m": null, "effective_len_m": 4.593, "dist_to_route_m": 28.079247371300255, "OBJECTID": null, "source_area_m2": null, "STATION_NA": null, "EXIT_CODE": null, "INC_CRC": null, "FMEL_UPD_D": null, "BLK_NO": null, "ST_COD": null, "ENTITYID": null, "POSTAL_COD": null, "SHAPE.AREA": null, "SHAPE.LEN": null }, "geometry": { "type": "LineString", "coordinates": [ [ 103.8372322, 1.3699282 ], [ 103.8372208, 1.3699679 ] ] } },
{ "type": "Feature", "properties": { "name": null, "audit_layer": "network_uncovered_edge", "len_m": null, "is_covered": 0.0, "is_synthesized": null, "synth_class": null, "covered": null, "indoor": null, "tunnel": null, "bridge": null, "layer": null, "level": null, "highway": "footway", "footway": null, "length": 4.037, "length_m": null, "effective_len_m": 4.037, "dist_to_route_m": 29.32380546721572, "OBJECTID": null, "source_area_m2": null, "STATION_NA": null, "EXIT_CODE": null, "INC_CRC": null, "FMEL_UPD_D": null, "BLK_NO": null, "ST_COD": null, "ENTITYID": null, "POSTAL_COD": null, "SHAPE.AREA": null, "SHAPE.LEN": null }, "geometry": { "type": "LineString", "coordinates": [ [ 103.8372208, 1.3699679 ], [ 103.8372132, 1.3700034 ] ] } },
{ "type": "Feature", "properties": { "name": null, "audit_layer": "network_uncovered_edge", "len_m": null, "is_covered": 0.0, "is_synthesized": null, "synth_class": null, "covered": null, "indoor": null, "tunnel": null, "bridge": null, "layer": null, "level": null, "highway": "footway", "footway": null, "length": 3.959, "length_m": null, "effective_len_m": 3.959, "dist_to_route_m": 30.68170970465453, "OBJECTID": null, "source_area_m2": null, "STATION_NA": null, "EXIT_CODE": null, "INC_CRC": null, "FMEL_UPD_D": null, "BLK_NO": null, "ST_COD": null, "ENTITYID": null, "POSTAL_COD": null, "SHAPE.AREA": null, "SHAPE.LEN": null }, "geometry": { "type": "LineString", "coordinates": [ [ 103.8372132, 1.3700034 ], [ 103.8372126, 1.370039 ] ] } },
{ "type": "Feature", "properties": { "name": null, "audit_layer": "network_uncovered_edge", "len_m": null, "is_covered": 0.0, "is_synthesized": null, "synth_class": null, "covered": null, "indoor": null, "tunnel": null, "bridge": null, "layer": null, "level": null, "highway": "footway", "footway": null, "length": 4.097, "length_m": null, "effective_len_m": 4.097, "dist_to_route_m": 32.706646757599401, "OBJECTID": null, "source_area_m2": null, "STATION_NA": null, "EXIT_CODE": null, "INC_CRC": null, "FMEL_UPD_D": null, "BLK_NO": null, "ST_COD": null, "ENTITYID": null, "POSTAL_COD": null, "SHAPE.AREA": null, "SHAPE.LEN": null }, "geometry": { "type": "LineString", "coordinates": [ [ 103.8372126, 1.370039 ], [ 103.8372144, 1.3700758 ] ] } },
{ "type": "Feature", "properties": { "name": null, "audit_layer": "network_uncovered_edge", "len_m": null, "is_covered": 0.0, "is_synthesized": null, "synth_class": null, "covered": null, "indoor": null, "tunnel": null, "bridge": null, "layer": null, "level": null, "highway": "footway", "footway": null, "length": 4.105, "length_m": null, "effective_len_m": 4.105, "dist_to_route_m": 34.920358858487688, "OBJECTID": null, "source_area_m2": null, "STATION_NA": null, "EXIT_CODE": null, "INC_CRC": null, "FMEL_UPD_D": null, "BLK_NO": null, "ST_COD": null, "ENTITYID": null, "POSTAL_COD": null, "SHAPE.AREA": null, "SHAPE.LEN": null }, "geometry": { "type": "LineString", "coordinates": [ [ 103.8372144, 1.3700758 ], [ 103.8372278, 1.3701102 ] ] } },
{ "type": "Feature", "properties": { "name": null, "audit_layer": "network_uncovered_edge", "len_m": null, "is_covered": 0.0, "is_synthesized": null, "synth_class": null, "covered": null, "indoor": null, "tunnel": null, "bridge": null, "layer": null, "level": null, "highway": "footway", "footway": null, "length": 4.552, "length_m": null, "effective_len_m": 4.552, "dist_to_route_m": 37.843972126303754, "OBJECTID": null, "source_area_m2": null, "STATION_NA": null, "EXIT_CODE": null, "INC_CRC": null, "FMEL_UPD_D": null, "BLK_NO": null, "ST_COD": null, "ENTITYID": null, "POSTAL_COD": null, "SHAPE.AREA": null, "SHAPE.LEN": null }, "geometry": { "type": "LineString", "coordinates": [ [ 103.8372278, 1.3701102 ], [ 103.8372503, 1.3701444 ] ] } },
{ "type": "Feature", "properties": { "name": null, "audit_layer": "network_uncovered_edge", "len_m": null, "is_covered": 0.0, "is_synthesized": null, "synth_class": null, "covered": null, "indoor": null, "tunnel": null, "bridge": null, "layer": null, "level": null, "highway": "footway", "footway": null, "length": 5.777, "length_m": null, "effective_len_m": 5.777, "dist_to_route_m": 41.681608198525971, "OBJECTID": null, "source_area_m2": null, "STATION_NA": null, "EXIT_CODE": null, "INC_CRC": null, "FMEL_UPD_D": null, "BLK_NO": null, "ST_COD": null, "ENTITYID": null, "POSTAL_COD": null, "SHAPE.AREA": null, "SHAPE.LEN": null }, "geometry": { "type": "LineString", "coordinates": [ [ 103.8372503, 1.3701444 ], [ 103.8372914, 1.3701762 ] ] } },
{ "type": "Feature", "properties": { "name": null, "audit_layer": "network_uncovered_edge", "len_m": null, "is_covered": 0.0, "is_synthesized": null, "synth_class": null, "covered": null, "indoor": null, "tunnel": null, "bridge": null, "layer": null, "level": null, "highway": "footway", "footway": null, "length": 6.435, "length_m": null, "effective_len_m": 6.435, "dist_to_route_m": 47.296918972266148, "OBJECTID": null, "source_area_m2": null, "STATION_NA": null, "EXIT_CODE": null, "INC_CRC": null, "FMEL_UPD_D": null, "BLK_NO": null, "ST_COD": null, "ENTITYID": null, "POSTAL_COD": null, "SHAPE.AREA": null, "SHAPE.LEN": null }, "geometry": { "type": "LineString", "coordinates": [ [ 103.8372914, 1.3701762 ], [ 103.8373437, 1.370201 ] ] } },
{ "type": "Feature", "properties": { "name": null, "audit_layer": "network_uncovered_edge", "len_m": null, "is_covered": 0.0, "is_synthesized": null, "synth_class": null, "covered": null, "indoor": null, "tunnel": null, "bridge": null, "layer": null, "level": null, "highway": "footway", "footway": null, "length": 6.491, "length_m": null, "effective_len_m": 6.491, "dist_to_route_m": 53.730058126525762, "OBJECTID": null, "source_area_m2": null, "STATION_NA": null, "EXIT_CODE": null, "INC_CRC": null, "FMEL_UPD_D": null, "BLK_NO": null, "ST_COD": null, "ENTITYID": null, "POSTAL_COD": null, "SHAPE.AREA": null, "SHAPE.LEN": null }, "geometry": { "type": "LineString", "coordinates": [ [ 103.8373437, 1.370201 ], [ 103.8374006, 1.3702141 ] ] } },
{ "type": "Feature", "properties": { "name": null, "audit_layer": "network_uncovered_edge", "len_m": null, "is_covered": 0.0, "is_synthesized": null, "synth_class": null, "covered": null, "indoor": null, "tunnel": null, "bridge": null, "layer": null, "level": null, "highway": "footway", "footway": null, "length": 6.827, "length_m": null, "effective_len_m": 6.827, "dist_to_route_m": 60.097785225612348, "OBJECTID": null, "source_area_m2": null, "STATION_NA": null, "EXIT_CODE": null, "INC_CRC": null, "FMEL_UPD_D": null, "BLK_NO": null, "ST_COD": null, "ENTITYID": null, "POSTAL_COD": null, "SHAPE.AREA": null, "SHAPE.LEN": null }, "geometry": { "type": "LineString", "coordinates": [ [ 103.8374006, 1.3702141 ], [ 103.8374615, 1.370222 ] ] } },
{ "type": "Feature", "properties": { "name": null, "audit_layer": "network_uncovered_edge", "len_m": null, "is_covered": 0.0, "is_synthesized": null, "synth_class": null, "covered": null, "indoor": null, "tunnel": null, "bridge": null, "layer": null, "level": null, "highway": "footway", "footway": null, "length": 6.504, "length_m": null, "effective_len_m": 6.504, "dist_to_route_m": 66.634814818639953, "OBJECTID": null, "source_area_m2": null, "STATION_NA": null, "EXIT_CODE": null, "INC_CRC": null, "FMEL_UPD_D": null, "BLK_NO": null, "ST_COD": null, "ENTITYID": null, "POSTAL_COD": null, "SHAPE.AREA": null, "SHAPE.LEN": null }, "geometry": { "type": "LineString", "coordinates": [ [ 103.8374615, 1.370222 ], [ 103.83752, 1.3702229 ] ] } },
{ "type": "Feature", "properties": { "name": null, "audit_layer": "network_uncovered_edge", "len_m": null, "is_covered": 0.0, "is_synthesized": null, "synth_class": null, "covered": null, "indoor": null, "tunnel": null, "bridge": null, "layer": null, "level": null, "highway": "footway", "footway": null, "length": 6.927, "length_m": null, "effective_len_m": 6.927, "dist_to_route_m": 72.495174364477521, "OBJECTID": null, "source_area_m2": null, "STATION_NA": null, "EXIT_CODE": null, "INC_CRC": null, "FMEL_UPD_D": null, "BLK_NO": null, "ST_COD": null, "ENTITYID": null, "POSTAL_COD": null, "SHAPE.AREA": null, "SHAPE.LEN": null }, "geometry": { "type": "LineString", "coordinates": [ [ 103.83752, 1.3702229 ], [ 103.837582, 1.3702167 ] ] } },
{ "type": "Feature", "properties": { "name": null, "audit_layer": "network_uncovered_edge", "len_m": null, "is_covered": 0.0, "is_synthesized": null, "synth_class": null, "covered": null, "indoor": null, "tunnel": null, "bridge": null, "layer": null, "level": null, "highway": "footway", "footway": null, "length": 5.592, "length_m": null, "effective_len_m": 5.592, "dist_to_route_m": 77.988862003298706, "OBJECTID": null, "source_area_m2": null, "STATION_NA": null, "EXIT_CODE": null, "INC_CRC": null, "FMEL_UPD_D": null, "BLK_NO": null, "ST_COD": null, "ENTITYID": null, "POSTAL_COD": null, "SHAPE.AREA": null, "SHAPE.LEN": null }, "geometry": { "type": "LineString", "coordinates": [ [ 103.837582, 1.3702167 ], [ 103.8376323, 1.3702176 ] ] } },
{ "type": "Feature", "properties": { "name": null, "audit_layer": "network_uncovered_edge", "len_m": null, "is_covered": 0.0, "is_synthesized": null, "synth_class": null, "covered": null, "indoor": null, "tunnel": null, "bridge": null, "layer": null, "level": null, "highway": "footway", "footway": null, "length": 25.815, "length_m": null, "effective_len_m": 25.815, "dist_to_route_m": 26.45813855231113, "OBJECTID": null, "source_area_m2": null, "STATION_NA": null, "EXIT_CODE": null, "INC_CRC": null, "FMEL_UPD_D": null, "BLK_NO": null, "ST_COD": null, "ENTITYID": null, "POSTAL_COD": null, "SHAPE.AREA": null, "SHAPE.LEN": null }, "geometry": { "type": "LineString", "coordinates": [ [ 103.8361805, 1.3672261 ], [ 103.836293, 1.367023 ] ] } },
{ "type": "Feature", "properties": { "name": null, "audit_layer": "network_uncovered_edge", "len_m": null, "is_covered": 0.0, "is_synthesized": null, "synth_class": null, "covered": null, "indoor": null, "tunnel": null, "bridge": null, "layer": null, "level": null, "highway": "footway", "footway": null, "length": 43.595, "length_m": null, "effective_len_m": 43.595, "dist_to_route_m": 0.0, "OBJECTID": null, "source_area_m2": null, "STATION_NA": null, "EXIT_CODE": null, "INC_CRC": null, "FMEL_UPD_D": null, "BLK_NO": null, "ST_COD": null, "ENTITYID": null, "POSTAL_COD": null, "SHAPE.AREA": null, "SHAPE.LEN": null }, "geometry": { "type": "LineString", "coordinates": [ [ 103.836293, 1.367023 ], [ 103.8366633, 1.3668939 ] ] } },
{ "type": "Feature", "properties": { "name": null, "audit_layer": "network_uncovered_edge", "len_m": null, "is_covered": 0.0, "is_synthesized": null, "synth_class": null, "covered": null, "indoor": null, "tunnel": null, "bridge": null, "layer": null, "level": null, "highway": "footway", "footway": null, "length": 37.049, "length_m": null, "effective_len_m": 37.049, "dist_to_route_m": 0.19973122214065092, "OBJECTID": null, "source_area_m2": null, "STATION_NA": null, "EXIT_CODE": null, "INC_CRC": null, "FMEL_UPD_D": null, "BLK_NO": null, "ST_COD": null, "ENTITYID": null, "POSTAL_COD": null, "SHAPE.AREA": null, "SHAPE.LEN": null }, "geometry": { "type": "LineString", "coordinates": [ [ 103.8366633, 1.3668939 ], [ 103.836978, 1.3667842 ] ] } },
{ "type": "Feature", "properties": { "name": null, "audit_layer": "network_uncovered_edge", "len_m": null, "is_covered": 0.0, "is_synthesized": null, "synth_class": null, "covered": null, "indoor": null, "tunnel": null, "bridge": null, "layer": null, "level": null, "highway": "footway", "footway": null, "length": 15.577, "length_m": null, "effective_len_m": 15.577, "dist_to_route_m": 0.36754749625097921, "OBJECTID": null, "source_area_m2": null, "STATION_NA": null, "EXIT_CODE": null, "INC_CRC": null, "FMEL_UPD_D": null, "BLK_NO": null, "ST_COD": null, "ENTITYID": null, "POSTAL_COD": null, "SHAPE.AREA": null, "SHAPE.LEN": null }, "geometry": { "type": "LineString", "coordinates": [ [ 103.836978, 1.3667842 ], [ 103.8370217, 1.3669173 ] ] } },
{ "type": "Feature", "properties": { "name": null, "audit_layer": "network_uncovered_edge", "len_m": null, "is_covered": 0.0, "is_synthesized": null, "synth_class": null, "covered": null, "indoor": null, "tunnel": null, "bridge": null, "layer": null, "level": null, "highway": "footway", "footway": null, "length": 37.024, "length_m": null, "effective_len_m": 37.024, "dist_to_route_m": 0.0, "OBJECTID": null, "source_area_m2": null, "STATION_NA": null, "EXIT_CODE": null, "INC_CRC": null, "FMEL_UPD_D": null, "BLK_NO": null, "ST_COD": null, "ENTITYID": null, "POSTAL_COD": null, "SHAPE.AREA": null, "SHAPE.LEN": null }, "geometry": { "type": "LineString", "coordinates": [ [ 103.8370217, 1.3669173 ], [ 103.8367071, 1.3670266 ] ] } },
{ "type": "Feature", "properties": { "name": null, "audit_layer": "network_uncovered_edge", "len_m": null, "is_covered": 0.0, "is_synthesized": null, "synth_class": null, "covered": null, "indoor": null, "tunnel": null, "bridge": null, "layer": null, "level": null, "highway": "footway", "footway": null, "length": 14.945, "length_m": null, "effective_len_m": 14.945, "dist_to_route_m": 0.0, "OBJECTID": null, "source_area_m2": null, "STATION_NA": null, "EXIT_CODE": null, "INC_CRC": null, "FMEL_UPD_D": null, "BLK_NO": null, "ST_COD": null, "ENTITYID": null, "POSTAL_COD": null, "SHAPE.AREA": null, "SHAPE.LEN": null }, "geometry": { "type": "LineString", "coordinates": [ [ 103.8367071, 1.3670266 ], [ 103.8365816, 1.3670748 ] ] } },
{ "type": "Feature", "properties": { "name": null, "audit_layer": "network_uncovered_edge", "len_m": null, "is_covered": 0.0, "is_synthesized": null, "synth_class": null, "covered": null, "indoor": null, "tunnel": null, "bridge": null, "layer": null, "level": null, "highway": "footway", "footway": null, "length": 15.538, "length_m": null, "effective_len_m": 15.538, "dist_to_route_m": 0.0, "OBJECTID": null, "source_area_m2": null, "STATION_NA": null, "EXIT_CODE": null, "INC_CRC": null, "FMEL_UPD_D": null, "BLK_NO": null, "ST_COD": null, "ENTITYID": null, "POSTAL_COD": null, "SHAPE.AREA": null, "SHAPE.LEN": null }, "geometry": { "type": "LineString", "coordinates": [ [ 103.8366633, 1.3668939 ], [ 103.8367071, 1.3670266 ] ] } },
{ "type": "Feature", "properties": { "name": null, "audit_layer": "network_uncovered_edge", "len_m": null, "is_covered": 0.0, "is_synthesized": null, "synth_class": null, "covered": null, "indoor": null, "tunnel": null, "bridge": null, "layer": null, "level": null, "highway": "footway", "footway": null, "length": 5.243, "length_m": null, "effective_len_m": 5.243, "dist_to_route_m": 0.0, "OBJECTID": null, "source_area_m2": null, "STATION_NA": null, "EXIT_CODE": null, "INC_CRC": null, "FMEL_UPD_D": null, "BLK_NO": null, "ST_COD": null, "ENTITYID": null, "POSTAL_COD": null, "SHAPE.AREA": null, "SHAPE.LEN": null }, "geometry": { "type": "LineString", "coordinates": [ [ 103.836978, 1.3667842 ], [ 103.8370218, 1.3667667 ] ] } },
{ "type": "Feature", "properties": { "name": null, "audit_layer": "network_uncovered_edge", "len_m": null, "is_covered": 0.0, "is_synthesized": null, "synth_class": null, "covered": null, "indoor": null, "tunnel": null, "bridge": null, "layer": null, "level": null, "highway": "footway", "footway": null, "length": 28.174, "length_m": null, "effective_len_m": 28.174, "dist_to_route_m": 17.046631513359969, "OBJECTID": null, "source_area_m2": null, "STATION_NA": null, "EXIT_CODE": null, "INC_CRC": null, "FMEL_UPD_D": null, "BLK_NO": null, "ST_COD": null, "ENTITYID": null, "POSTAL_COD": null, "SHAPE.AREA": null, "SHAPE.LEN": null }, "geometry": { "type": "LineString", "coordinates": [ [ 103.8362608, 1.3665806 ], [ 103.8362701, 1.3668338 ] ] } },
{ "type": "Feature", "properties": { "name": null, "audit_layer": "network_uncovered_edge", "len_m": null, "is_covered": 0.0, "is_synthesized": null, "synth_class": null, "covered": null, "indoor": null, "tunnel": null, "bridge": null, "layer": null, "level": null, "highway": "steps", "footway": null, "length": 10.215, "length_m": null, "effective_len_m": 10.215, "dist_to_route_m": 7.3862218936307604, "OBJECTID": null, "source_area_m2": null, "STATION_NA": null, "EXIT_CODE": null, "INC_CRC": null, "FMEL_UPD_D": null, "BLK_NO": null, "ST_COD": null, "ENTITYID": null, "POSTAL_COD": null, "SHAPE.AREA": null, "SHAPE.LEN": null }, "geometry": { "type": "LineString", "coordinates": [ [ 103.8365765, 1.3663782 ], [ 103.8366063, 1.3664651 ] ] } },
{ "type": "Feature", "properties": { "name": null, "audit_layer": "network_uncovered_edge", "len_m": null, "is_covered": 0.0, "is_synthesized": null, "synth_class": null, "covered": null, "indoor": null, "tunnel": null, "bridge": null, "layer": null, "level": null, "highway": "footway", "footway": null, "length": 19.949, "length_m": null, "effective_len_m": 19.949, "dist_to_route_m": 17.550588129169107, "OBJECTID": null, "source_area_m2": null, "STATION_NA": null, "EXIT_CODE": null, "INC_CRC": null, "FMEL_UPD_D": null, "BLK_NO": null, "ST_COD": null, "ENTITYID": null, "POSTAL_COD": null, "SHAPE.AREA": null, "SHAPE.LEN": null }, "geometry": { "type": "LineString", "coordinates": [ [ 103.8366063, 1.3664651 ], [ 103.836597700000013, 1.3666443 ] ] } },
{ "type": "Feature", "properties": { "name": null, "audit_layer": "network_uncovered_edge", "len_m": null, "is_covered": 0.0, "is_synthesized": null, "synth_class": null, "covered": null, "indoor": null, "tunnel": null, "bridge": null, "layer": null, "level": null, "highway": "footway", "footway": null, "length": 7.214, "length_m": null, "effective_len_m": 7.214, "dist_to_route_m": 20.883827914292151, "OBJECTID": null, "source_area_m2": null, "STATION_NA": null, "EXIT_CODE": null, "INC_CRC": null, "FMEL_UPD_D": null, "BLK_NO": null, "ST_COD": null, "ENTITYID": null, "POSTAL_COD": null, "SHAPE.AREA": null, "SHAPE.LEN": null }, "geometry": { "type": "LineString", "coordinates": [ [ 103.836597700000013, 1.3666443 ], [ 103.8366077, 1.3667084 ] ] } },
{ "type": "Feature", "properties": { "name": null, "audit_layer": "network_uncovered_edge", "len_m": null, "is_covered": 0.0, "is_synthesized": null, "synth_class": null, "covered": null, "indoor": null, "tunnel": null, "bridge": null, "layer": null, "level": null, "highway": "service", "footway": null, "length": 39.205, "length_m": null, "effective_len_m": 39.205, "dist_to_route_m": 63.246554186779726, "OBJECTID": null, "source_area_m2": null, "STATION_NA": null, "EXIT_CODE": null, "INC_CRC": null, "FMEL_UPD_D": null, "BLK_NO": null, "ST_COD": null, "ENTITYID": null, "POSTAL_COD": null, "SHAPE.AREA": null, "SHAPE.LEN": null }, "geometry": { "type": "LineString", "coordinates": [ [ 103.8352344, 1.3680368 ], [ 103.8355682, 1.367923 ] ] } },
{ "type": "Feature", "properties": { "name": null, "audit_layer": "network_uncovered_edge", "len_m": null, "is_covered": 0.0, "is_synthesized": null, "synth_class": null, "covered": null, "indoor": null, "tunnel": null, "bridge": null, "layer": null, "level": null, "highway": "footway", "footway": null, "length": 1.842, "length_m": null, "effective_len_m": 1.842, "dist_to_route_m": 61.490001171992702, "OBJECTID": null, "source_area_m2": null, "STATION_NA": null, "EXIT_CODE": null, "INC_CRC": null, "FMEL_UPD_D": null, "BLK_NO": null, "ST_COD": null, "ENTITYID": null, "POSTAL_COD": null, "SHAPE.AREA": null, "SHAPE.LEN": null }, "geometry": { "type": "LineString", "coordinates": [ [ 103.8378524, 1.3693379 ], [ 103.8378606, 1.3693235 ] ] } },
{ "type": "Feature", "properties": { "name": null, "audit_layer": "network_uncovered_edge", "len_m": null, "is_covered": 0.0, "is_synthesized": null, "synth_class": null, "covered": null, "indoor": null, "tunnel": null, "bridge": null, "layer": null, "level": null, "highway": "footway", "footway": null, "length": 1.308, "length_m": null, "effective_len_m": 1.308, "dist_to_route_m": 45.255267107896827, "OBJECTID": null, "source_area_m2": null, "STATION_NA": null, "EXIT_CODE": null, "INC_CRC": null, "FMEL_UPD_D": null, "BLK_NO": null, "ST_COD": null, "ENTITYID": null, "POSTAL_COD": null, "SHAPE.AREA": null, "SHAPE.LEN": null }, "geometry": { "type": "LineString", "coordinates": [ [ 103.837694400000018, 1.3692503 ], [ 103.837701200000012, 1.3692407 ] ] } },
{ "type": "Feature", "properties": { "name": null, "audit_layer": "network_covered_edge", "len_m": null, "is_covered": 1.0, "is_synthesized": null, "synth_class": null, "covered": "yes", "indoor": null, "tunnel": null, "bridge": null, "layer": null, "level": null, "highway": "footway", "footway": null, "length": 2.011, "length_m": null, "effective_len_m": 2.011, "dist_to_route_m": 0.0, "OBJECTID": null, "source_area_m2": null, "STATION_NA": null, "EXIT_CODE": null, "INC_CRC": null, "FMEL_UPD_D": null, "BLK_NO": null, "ST_COD": null, "ENTITYID": null, "POSTAL_COD": null, "SHAPE.AREA": null, "SHAPE.LEN": null }, "geometry": { "type": "LineString", "coordinates": [ [ 103.8370218, 1.3667667 ], [ 103.837039, 1.3667611 ] ] } },
{ "type": "Feature", "properties": { "name": null, "audit_layer": "network_uncovered_edge", "len_m": null, "is_covered": 0.0, "is_synthesized": null, "synth_class": null, "covered": null, "indoor": null, "tunnel": null, "bridge": null, "layer": null, "level": null, "highway": "footway", "footway": null, "length": 9.266, "length_m": null, "effective_len_m": 9.266, "dist_to_route_m": 72.970411233913097, "OBJECTID": null, "source_area_m2": null, "STATION_NA": null, "EXIT_CODE": null, "INC_CRC": null, "FMEL_UPD_D": null, "BLK_NO": null, "ST_COD": null, "ENTITYID": null, "POSTAL_COD": null, "SHAPE.AREA": null, "SHAPE.LEN": null }, "geometry": { "type": "LineString", "coordinates": [ [ 103.8372494, 1.3674052 ], [ 103.8372815, 1.3674821 ] ] } },
{ "type": "Feature", "properties": { "name": null, "audit_layer": "network_uncovered_edge", "len_m": null, "is_covered": 0.0, "is_synthesized": null, "synth_class": null, "covered": null, "indoor": null, "tunnel": null, "bridge": null, "layer": null, "level": null, "highway": "footway", "footway": null, "length": 10.149, "length_m": null, "effective_len_m": 10.149, "dist_to_route_m": 75.706127596142267, "OBJECTID": null, "source_area_m2": null, "STATION_NA": null, "EXIT_CODE": null, "INC_CRC": null, "FMEL_UPD_D": null, "BLK_NO": null, "ST_COD": null, "ENTITYID": null, "POSTAL_COD": null, "SHAPE.AREA": null, "SHAPE.LEN": null }, "geometry": { "type": "LineString", "coordinates": [ [ 103.8372815, 1.3674821 ], [ 103.8371947, 1.3675104 ] ] } },
{ "type": "Feature", "properties": { "name": null, "audit_layer": "network_uncovered_edge", "len_m": null, "is_covered": 0.0, "is_synthesized": null, "synth_class": null, "covered": null, "indoor": null, "tunnel": null, "bridge": null, "layer": null, "level": null, "highway": "footway", "footway": null, "length": 6.544, "length_m": null, "effective_len_m": 6.544, "dist_to_route_m": 75.706127596142267, "OBJECTID": null, "source_area_m2": null, "STATION_NA": null, "EXIT_CODE": null, "INC_CRC": null, "FMEL_UPD_D": null, "BLK_NO": null, "ST_COD": null, "ENTITYID": null, "POSTAL_COD": null, "SHAPE.AREA": null, "SHAPE.LEN": null }, "geometry": { "type": "LineString", "coordinates": [ [ 103.8371947, 1.3675104 ], [ 103.837214, 1.367566 ] ] } },
{ "type": "Feature", "properties": { "name": null, "audit_layer": "network_covered_edge", "len_m": null, "is_covered": 1.0, "is_synthesized": null, "synth_class": null, "covered": "yes", "indoor": null, "tunnel": null, "bridge": null, "layer": null, "level": null, "highway": "footway", "footway": null, "length": 10.019, "length_m": null, "effective_len_m": 10.019, "dist_to_route_m": 0.19418720519977598, "OBJECTID": null, "source_area_m2": null, "STATION_NA": null, "EXIT_CODE": null, "INC_CRC": null, "FMEL_UPD_D": null, "BLK_NO": null, "ST_COD": null, "ENTITYID": null, "POSTAL_COD": null, "SHAPE.AREA": null, "SHAPE.LEN": null }, "geometry": { "type": "LineString", "coordinates": [ [ 103.8369386, 1.366476 ], [ 103.8369685, 1.366561 ] ] } },
{ "type": "Feature", "properties": { "name": null, "audit_layer": "network_covered_edge", "len_m": null, "is_covered": 1.0, "is_synthesized": null, "synth_class": null, "covered": "yes", "indoor": null, "tunnel": null, "bridge": null, "layer": null, "level": null, "highway": "footway", "footway": null, "length": 23.59, "length_m": null, "effective_len_m": 23.59, "dist_to_route_m": 0.0, "OBJECTID": null, "source_area_m2": null, "STATION_NA": null, "EXIT_CODE": null, "INC_CRC": null, "FMEL_UPD_D": null, "BLK_NO": null, "ST_COD": null, "ENTITYID": null, "POSTAL_COD": null, "SHAPE.AREA": null, "SHAPE.LEN": null }, "geometry": { "type": "LineString", "coordinates": [ [ 103.8369685, 1.366561 ], [ 103.837039, 1.3667611 ] ] } },
{ "type": "Feature", "properties": { "name": null, "audit_layer": "network_covered_edge", "len_m": null, "is_covered": 1.0, "is_synthesized": null, "synth_class": null, "covered": "yes", "indoor": null, "tunnel": null, "bridge": null, "layer": null, "level": null, "highway": "footway", "footway": null, "length": 16.46, "length_m": null, "effective_len_m": 16.46, "dist_to_route_m": 0.059416673549198606, "OBJECTID": null, "source_area_m2": null, "STATION_NA": null, "EXIT_CODE": null, "INC_CRC": null, "FMEL_UPD_D": null, "BLK_NO": null, "ST_COD": null, "ENTITYID": null, "POSTAL_COD": null, "SHAPE.AREA": null, "SHAPE.LEN": null }, "geometry": { "type": "LineString", "coordinates": [ [ 103.837039, 1.3667611 ], [ 103.837085, 1.3669018 ] ] } },
{ "type": "Feature", "properties": { "name": null, "audit_layer": "network_covered_edge", "len_m": null, "is_covered": 1.0, "is_synthesized": null, "synth_class": null, "covered": "yes", "indoor": null, "tunnel": null, "bridge": null, "layer": null, "level": null, "highway": "footway", "footway": null, "length": 48.275, "length_m": null, "effective_len_m": 48.275, "dist_to_route_m": 16.270266964140994, "OBJECTID": null, "source_area_m2": null, "STATION_NA": null, "EXIT_CODE": null, "INC_CRC": null, "FMEL_UPD_D": null, "BLK_NO": null, "ST_COD": null, "ENTITYID": null, "POSTAL_COD": null, "SHAPE.AREA": null, "SHAPE.LEN": null }, "geometry": { "type": "LineString", "coordinates": [ [ 103.837085, 1.3669018 ], [ 103.8372198, 1.3673145 ] ] } },
{ "type": "Feature", "properties": { "name": null, "audit_layer": "network_covered_edge", "len_m": null, "is_covered": 1.0, "is_synthesized": null, "synth_class": null, "covered": "yes", "indoor": null, "tunnel": null, "bridge": null, "layer": null, "level": null, "highway": "footway", "footway": null, "length": 10.609, "length_m": null, "effective_len_m": 10.609, "dist_to_route_m": 64.1826954226417, "OBJECTID": null, "source_area_m2": null, "STATION_NA": null, "EXIT_CODE": null, "INC_CRC": null, "FMEL_UPD_D": null, "BLK_NO": null, "ST_COD": null, "ENTITYID": null, "POSTAL_COD": null, "SHAPE.AREA": null, "SHAPE.LEN": null }, "geometry": { "type": "LineString", "coordinates": [ [ 103.8372198, 1.3673145 ], [ 103.8372494, 1.3674052 ] ] } },
{ "type": "Feature", "properties": { "name": null, "audit_layer": "network_uncovered_edge", "len_m": null, "is_covered": 0.0, "is_synthesized": null, "synth_class": null, "covered": null, "indoor": null, "tunnel": null, "bridge": null, "layer": null, "level": null, "highway": "footway", "footway": null, "length": 15.895, "length_m": null, "effective_len_m": 15.895, "dist_to_route_m": 75.714076208461435, "OBJECTID": null, "source_area_m2": null, "STATION_NA": null, "EXIT_CODE": null, "INC_CRC": null, "FMEL_UPD_D": null, "BLK_NO": null, "ST_COD": null, "ENTITYID": null, "POSTAL_COD": null, "SHAPE.AREA": null, "SHAPE.LEN": null }, "geometry": { "type": "LineString", "coordinates": [ [ 103.8353015, 1.3659946 ], [ 103.8354441, 1.3659841 ] ] } },
{ "type": "Feature", "properties": { "name": "Ang Mo Kio Avenue 3", "audit_layer": "network_uncovered_edge", "len_m": null, "is_covered": 0.0, "is_synthesized": null, "synth_class": null, "covered": null, "indoor": null, "tunnel": null, "bridge": null, "layer": null, "level": null, "highway": "primary", "footway": null, "length": 22.761, "length_m": null, "effective_len_m": 22.761, "dist_to_route_m": 44.044489693749576, "OBJECTID": null, "source_area_m2": null, "STATION_NA": null, "EXIT_CODE": null, "INC_CRC": null, "FMEL_UPD_D": null, "BLK_NO": null, "ST_COD": null, "ENTITYID": null, "POSTAL_COD": null, "SHAPE.AREA": null, "SHAPE.LEN": null }, "geometry": { "type": "LineString", "coordinates": [ [ 103.8378265, 1.3696358 ], [ 103.8376363, 1.36956 ] ] } },
{ "type": "Feature", "properties": { "name": "Ang Mo Kio Avenue 3", "audit_layer": "network_uncovered_edge", "len_m": null, "is_covered": 0.0, "is_synthesized": null, "synth_class": null, "covered": null, "indoor": null, "tunnel": null, "bridge": null, "layer": null, "level": null, "highway": "primary", "footway": null, "length": 29.39, "length_m": null, "effective_len_m": 29.39, "dist_to_route_m": 14.681982148365565, "OBJECTID": null, "source_area_m2": null, "STATION_NA": null, "EXIT_CODE": null, "INC_CRC": null, "FMEL_UPD_D": null, "BLK_NO": null, "ST_COD": null, "ENTITYID": null, "POSTAL_COD": null, "SHAPE.AREA": null, "SHAPE.LEN": null }, "geometry": { "type": "LineString", "coordinates": [ [ 103.8376363, 1.36956 ], [ 103.8374102, 1.369423 ] ] } },
{ "type": "Feature", "properties": { "name": "Ang Mo Kio Avenue 3", "audit_layer": "network_uncovered_edge", "len_m": null, "is_covered": 0.0, "is_synthesized": null, "synth_class": null, "covered": null, "indoor": null, "tunnel": null, "bridge": null, "layer": null, "level": null, "highway": "primary", "footway": null, "length": 14.374, "length_m": null, "effective_len_m": 14.374, "dist_to_route_m": 0.3234468265114579, "OBJECTID": null, "source_area_m2": null, "STATION_NA": null, "EXIT_CODE": null, "INC_CRC": null, "FMEL_UPD_D": null, "BLK_NO": null, "ST_COD": null, "ENTITYID": null, "POSTAL_COD": null, "SHAPE.AREA": null, "SHAPE.LEN": null }, "geometry": { "type": "LineString", "coordinates": [ [ 103.8374102, 1.369423 ], [ 103.8373013, 1.3693533 ] ] } },
{ "type": "Feature", "properties": { "name": "Ang Mo Kio Avenue 3", "audit_layer": "network_uncovered_edge", "len_m": null, "is_covered": 0.0, "is_synthesized": null, "synth_class": null, "covered": null, "indoor": null, "tunnel": null, "bridge": null, "layer": null, "level": null, "highway": "primary", "footway": null, "length": 33.97, "length_m": null, "effective_len_m": 33.97, "dist_to_route_m": 66.572181057943055, "OBJECTID": null, "source_area_m2": null, "STATION_NA": null, "EXIT_CODE": null, "INC_CRC": null, "FMEL_UPD_D": null, "BLK_NO": null, "ST_COD": null, "ENTITYID": null, "POSTAL_COD": null, "SHAPE.AREA": null, "SHAPE.LEN": null }, "geometry": { "type": "LineString", "coordinates": [ [ 103.8381156, 1.3697348 ], [ 103.8378265, 1.3696358 ] ] } },
{ "type": "Feature", "properties": { "name": "Ang Mo Kio Street 11", "audit_layer": "network_uncovered_edge", "len_m": null, "is_covered": 0.0, "is_synthesized": null, "synth_class": null, "covered": null, "indoor": null, "tunnel": null, "bridge": null, "layer": null, "level": null, "highway": "residential", "footway": null, "length": 7.944, "length_m": null, "effective_len_m": 7.944, "dist_to_route_m": 27.430309293663587, "OBJECTID": null, "source_area_m2": null, "STATION_NA": null, "EXIT_CODE": null, "INC_CRC": null, "FMEL_UPD_D": null, "BLK_NO": null, "ST_COD": null, "ENTITYID": null, "POSTAL_COD": null, "SHAPE.AREA": null, "SHAPE.LEN": null }, "geometry": { "type": "LineString", "coordinates": [ [ 103.8366433, 1.3710475 ], [ 103.8367146, 1.3710523 ] ] } },
{ "type": "Feature", "properties": { "name": "Ang Mo Kio Street 11", "audit_layer": "network_uncovered_edge", "len_m": null, "is_covered": 0.0, "is_synthesized": null, "synth_class": null, "covered": null, "indoor": null, "tunnel": null, "bridge": null, "layer": null, "level": null, "highway": "residential", "footway": null, "length": 93.452, "length_m": null, "effective_len_m": 93.452, "dist_to_route_m": 28.552107125727549, "OBJECTID": null, "source_area_m2": null, "STATION_NA": null, "EXIT_CODE": null, "INC_CRC": null, "FMEL_UPD_D": null, "BLK_NO": null, "ST_COD": null, "ENTITYID": null, "POSTAL_COD": null, "SHAPE.AREA": null, "SHAPE.LEN": null }, "geometry": { "type": "LineString", "coordinates": [ [ 103.8367146, 1.3710523 ], [ 103.8375475, 1.3711663 ] ] } },
{ "type": "Feature", "properties": { "name": "Ang Mo Kio Avenue 1", "audit_layer": "network_uncovered_edge", "len_m": null, "is_covered": 0.0, "is_synthesized": null, "synth_class": null, "covered": null, "indoor": null, "tunnel": null, "bridge": null, "layer": null, "level": null, "highway": "primary", "footway": null, "length": 74.167, "length_m": null, "effective_len_m": 74.167, "dist_to_route_m": 13.285904121628276, "OBJECTID": null, "source_area_m2": null, "STATION_NA": null, "EXIT_CODE": null, "INC_CRC": null, "FMEL_UPD_D": null, "BLK_NO": null, "ST_COD": null, "ENTITYID": null, "POSTAL_COD": null, "SHAPE.AREA": null, "SHAPE.LEN": null }, "geometry": { "type": "LineString", "coordinates": [ [ 103.8368382, 1.3660941 ], [ 103.8362026, 1.3662969 ] ] } },
{ "type": "Feature", "properties": { "name": "Ang Mo Kio Avenue 1", "audit_layer": "network_uncovered_edge", "len_m": null, "is_covered": 0.0, "is_synthesized": null, "synth_class": null, "covered": null, "indoor": null, "tunnel": null, "bridge": null, "layer": null, "level": null, "highway": "primary", "footway": null, "length": 6.693, "length_m": null, "effective_len_m": 6.693, "dist_to_route_m": 15.482991245020889, "OBJECTID": null, "source_area_m2": null, "STATION_NA": null, "EXIT_CODE": null, "INC_CRC": null, "FMEL_UPD_D": null, "BLK_NO": null, "ST_COD": null, "ENTITYID": null, "POSTAL_COD": null, "SHAPE.AREA": null, "SHAPE.LEN": null }, "geometry": { "type": "LineString", "coordinates": [ [ 103.8356766, 1.3664769 ], [ 103.8356187, 1.3664934 ] ] } },
{ "type": "Feature", "properties": { "name": null, "audit_layer": "network_uncovered_edge", "len_m": null, "is_covered": 0.0, "is_synthesized": null, "synth_class": null, "covered": null, "indoor": null, "tunnel": null, "bridge": null, "layer": null, "level": null, "highway": "service", "footway": null, "length": 11.981, "length_m": null, "effective_len_m": 11.981, "dist_to_route_m": 6.9572203517607489, "OBJECTID": null, "source_area_m2": null, "STATION_NA": null, "EXIT_CODE": null, "INC_CRC": null, "FMEL_UPD_D": null, "BLK_NO": null, "ST_COD": null, "ENTITYID": null, "POSTAL_COD": null, "SHAPE.AREA": null, "SHAPE.LEN": null }, "geometry": { "type": "LineString", "coordinates": [ [ 103.8369941, 1.3692159 ], [ 103.836938, 1.3693079 ] ] } },
{ "type": "Feature", "properties": { "name": null, "audit_layer": "network_uncovered_edge", "len_m": null, "is_covered": 0.0, "is_synthesized": null, "synth_class": null, "covered": null, "indoor": null, "tunnel": null, "bridge": null, "layer": null, "level": null, "highway": "service", "footway": null, "length": 5.295, "length_m": null, "effective_len_m": 5.295, "dist_to_route_m": 18.817802497111835, "OBJECTID": null, "source_area_m2": null, "STATION_NA": null, "EXIT_CODE": null, "INC_CRC": null, "FMEL_UPD_D": null, "BLK_NO": null, "ST_COD": null, "ENTITYID": null, "POSTAL_COD": null, "SHAPE.AREA": null, "SHAPE.LEN": null }, "geometry": { "type": "LineString", "coordinates": [ [ 103.836938, 1.3693079 ], [ 103.8369101, 1.3693465 ] ] } },
{ "type": "Feature", "properties": { "name": "Ang Mo Kio Avenue 1", "audit_layer": "network_uncovered_edge", "len_m": null, "is_covered": 0.0, "is_synthesized": null, "synth_class": null, "covered": null, "indoor": null, "tunnel": null, "bridge": null, "layer": null, "level": null, "highway": "primary", "footway": null, "length": 15.632, "length_m": null, "effective_len_m": 15.632, "dist_to_route_m": 13.295287022542855, "OBJECTID": null, "source_area_m2": null, "STATION_NA": null, "EXIT_CODE": null, "INC_CRC": null, "FMEL_UPD_D": null, "BLK_NO": null, "ST_COD": null, "ENTITYID": null, "POSTAL_COD": null, "SHAPE.AREA": null, "SHAPE.LEN": null }, "geometry": { "type": "LineString", "coordinates": [ [ 103.83697, 1.3660451 ], [ 103.8368382, 1.3660941 ] ] } },
{ "type": "Feature", "properties": { "name": "Ang Mo Kio Avenue 4", "audit_layer": "network_uncovered_edge", "len_m": null, "is_covered": 0.0, "is_synthesized": null, "synth_class": null, "covered": null, "indoor": null, "tunnel": null, "bridge": null, "layer": null, "level": null, "highway": "secondary", "footway": null, "length": 10.383, "length_m": null, "effective_len_m": 10.383, "dist_to_route_m": 77.512546137737388, "OBJECTID": null, "source_area_m2": null, "STATION_NA": null, "EXIT_CODE": null, "INC_CRC": null, "FMEL_UPD_D": null, "BLK_NO": null, "ST_COD": null, "ENTITYID": null, "POSTAL_COD": null, "SHAPE.AREA": null, "SHAPE.LEN": null }, "geometry": { "type": "LineString", "coordinates": [ [ 103.8366453, 1.3715912 ], [ 103.8366248, 1.3715001 ] ] } },
{ "type": "Feature", "properties": { "name": "Ang Mo Kio Avenue 4", "audit_layer": "network_uncovered_edge", "len_m": null, "is_covered": 0.0, "is_synthesized": null, "synth_class": null, "covered": null, "indoor": null, "tunnel": null, "bridge": null, "layer": null, "level": null, "highway": "secondary", "footway": null, "length": 54.759, "length_m": null, "effective_len_m": 54.759, "dist_to_route_m": 0.0, "OBJECTID": null, "source_area_m2": null, "STATION_NA": null, "EXIT_CODE": null, "INC_CRC": null, "FMEL_UPD_D": null, "BLK_NO": null, "ST_COD": null, "ENTITYID": null, "POSTAL_COD": null, "SHAPE.AREA": null, "SHAPE.LEN": null }, "geometry": { "type": "LineString", "coordinates": [ [ 103.8369435, 1.3699198 ], [ 103.8371984, 1.3694984 ] ] } },
{ "type": "Feature", "properties": { "name": "Ang Mo Kio Avenue 4", "audit_layer": "network_uncovered_edge", "len_m": null, "is_covered": 0.0, "is_synthesized": null, "synth_class": null, "covered": null, "indoor": null, "tunnel": null, "bridge": null, "layer": null, "level": null, "highway": "secondary", "footway": null, "length": 12.258, "length_m": null, "effective_len_m": 12.258, "dist_to_route_m": 0.0, "OBJECTID": null, "source_area_m2": null, "STATION_NA": null, "EXIT_CODE": null, "INC_CRC": null, "FMEL_UPD_D": null, "BLK_NO": null, "ST_COD": null, "ENTITYID": null, "POSTAL_COD": null, "SHAPE.AREA": null, "SHAPE.LEN": null }, "geometry": { "type": "LineString", "coordinates": [ [ 103.8371984, 1.3694984 ], [ 103.8372625, 1.3694087 ] ] } },
{ "type": "Feature", "properties": { "name": "Ang Mo Kio Street 11", "audit_layer": "network_uncovered_edge", "len_m": null, "is_covered": 0.0, "is_synthesized": null, "synth_class": null, "covered": null, "indoor": null, "tunnel": null, "bridge": null, "layer": null, "level": null, "highway": "tertiary", "footway": null, "length": 52.387, "length_m": null, "effective_len_m": 52.387, "dist_to_route_m": 53.915499550597524, "OBJECTID": null, "source_area_m2": null, "STATION_NA": null, "EXIT_CODE": null, "INC_CRC": null, "FMEL_UPD_D": null, "BLK_NO": null, "ST_COD": null, "ENTITYID": null, "POSTAL_COD": null, "SHAPE.AREA": null, "SHAPE.LEN": null }, "geometry": { "type": "LineString", "coordinates": [ [ 103.8357493, 1.3709594 ], [ 103.8362187, 1.3710012 ] ] } },
{ "type": "Feature", "properties": { "name": "Ang Mo Kio Street 11", "audit_layer": "network_uncovered_edge", "len_m": null, "is_covered": 0.0, "is_synthesized": null, "synth_class": null, "covered": null, "indoor": null, "tunnel": null, "bridge": null, "layer": null, "level": null, "highway": "tertiary", "footway": null, "length": 24.048, "length_m": null, "effective_len_m": 24.048, "dist_to_route_m": 35.776095564939617, "OBJECTID": null, "source_area_m2": null, "STATION_NA": null, "EXIT_CODE": null, "INC_CRC": null, "FMEL_UPD_D": null, "BLK_NO": null, "ST_COD": null, "ENTITYID": null, "POSTAL_COD": null, "SHAPE.AREA": null, "SHAPE.LEN": null }, "geometry": { "type": "LineString", "coordinates": [ [ 103.8362187, 1.3710012 ], [ 103.8364332, 1.3710293 ] ] } },
{ "type": "Feature", "properties": { "name": "Ang Mo Kio Street 11", "audit_layer": "network_uncovered_edge", "len_m": null, "is_covered": 0.0, "is_synthesized": null, "synth_class": null, "covered": null, "indoor": null, "tunnel": null, "bridge": null, "layer": null, "level": null, "highway": "tertiary", "footway": null, "length": 13.95, "length_m": null, "effective_len_m": 13.95, "dist_to_route_m": 28.895715541313248, "OBJECTID": null, "source_area_m2": null, "STATION_NA": null, "EXIT_CODE": null, "INC_CRC": null, "FMEL_UPD_D": null, "BLK_NO": null, "ST_COD": null, "ENTITYID": null, "POSTAL_COD": null, "SHAPE.AREA": null, "SHAPE.LEN": null }, "geometry": { "type": "LineString", "coordinates": [ [ 103.8364332, 1.3710293 ], [ 103.8365582, 1.3710404 ] ] } },
{ "type": "Feature", "properties": { "name": "Ang Mo Kio Street 22", "audit_layer": "network_uncovered_edge", "len_m": null, "is_covered": 0.0, "is_synthesized": null, "synth_class": null, "covered": null, "indoor": null, "tunnel": null, "bridge": null, "layer": null, "level": null, "highway": "residential", "footway": null, "length": 45.725, "length_m": null, "effective_len_m": 45.725, "dist_to_route_m": 51.600711374004632, "OBJECTID": null, "source_area_m2": null, "STATION_NA": null, "EXIT_CODE": null, "INC_CRC": null, "FMEL_UPD_D": null, "BLK_NO": null, "ST_COD": null, "ENTITYID": null, "POSTAL_COD": null, "SHAPE.AREA": null, "SHAPE.LEN": null }, "geometry": { "type": "LineString", "coordinates": [ [ 103.8373039, 1.3671437 ], [ 103.837423, 1.3675373 ] ] } },
{ "type": "Feature", "properties": { "name": "Ang Mo Kio Street 22", "audit_layer": "network_uncovered_edge", "len_m": null, "is_covered": 0.0, "is_synthesized": null, "synth_class": null, "covered": null, "indoor": null, "tunnel": null, "bridge": null, "layer": null, "level": null, "highway": "residential", "footway": null, "length": 24.779, "length_m": null, "effective_len_m": 24.779, "dist_to_route_m": 29.066049150892809, "OBJECTID": null, "source_area_m2": null, "STATION_NA": null, "EXIT_CODE": null, "INC_CRC": null, "FMEL_UPD_D": null, "BLK_NO": null, "ST_COD": null, "ENTITYID": null, "POSTAL_COD": null, "SHAPE.AREA": null, "SHAPE.LEN": null }, "geometry": { "type": "LineString", "coordinates": [ [ 103.8372387, 1.3669306 ], [ 103.8373039, 1.3671437 ] ] } },
{ "type": "Feature", "properties": { "name": "Ang Mo Kio Avenue 1", "audit_layer": "network_uncovered_edge", "len_m": null, "is_covered": 0.0, "is_synthesized": null, "synth_class": null, "covered": null, "indoor": null, "tunnel": null, "bridge": null, "layer": null, "level": null, "highway": "primary", "footway": null, "length": 23.836, "length_m": null, "effective_len_m": 23.836, "dist_to_route_m": 0.43124213815510243, "OBJECTID": null, "source_area_m2": null, "STATION_NA": null, "EXIT_CODE": null, "INC_CRC": null, "FMEL_UPD_D": null, "BLK_NO": null, "ST_COD": null, "ENTITYID": null, "POSTAL_COD": null, "SHAPE.AREA": null, "SHAPE.LEN": null }, "geometry": { "type": "LineString", "coordinates": [ [ 103.83689, 1.3662061 ], [ 103.8370942, 1.3661407 ] ] } },
{ "type": "Feature", "properties": { "name": "Ang Mo Kio Avenue 1", "audit_layer": "network_uncovered_edge", "len_m": null, "is_covered": 0.0, "is_synthesized": null, "synth_class": null, "covered": null, "indoor": null, "tunnel": null, "bridge": null, "layer": null, "level": null, "highway": "primary", "footway": null, "length": 2.546, "length_m": null, "effective_len_m": 2.546, "dist_to_route_m": 0.008449290974017731, "OBJECTID": null, "source_area_m2": null, "STATION_NA": null, "EXIT_CODE": null, "INC_CRC": null, "FMEL_UPD_D": null, "BLK_NO": null, "ST_COD": null, "ENTITYID": null, "POSTAL_COD": null, "SHAPE.AREA": null, "SHAPE.LEN": null }, "geometry": { "type": "LineString", "coordinates": [ [ 103.8368675, 1.3662104 ], [ 103.83689, 1.3662061 ] ] } },
{ "type": "Feature", "properties": { "name": "Ang Mo Kio Street 22", "audit_layer": "network_uncovered_edge", "len_m": null, "is_covered": 0.0, "is_synthesized": null, "synth_class": null, "covered": null, "indoor": null, "tunnel": null, "bridge": null, "layer": null, "level": null, "highway": "residential", "footway": null, "length": 3.703, "length_m": null, "effective_len_m": 3.703, "dist_to_route_m": 0.0, "OBJECTID": null, "source_area_m2": null, "STATION_NA": null, "EXIT_CODE": null, "INC_CRC": null, "FMEL_UPD_D": null, "BLK_NO": null, "ST_COD": null, "ENTITYID": null, "POSTAL_COD": null, "SHAPE.AREA": null, "SHAPE.LEN": null }, "geometry": { "type": "LineString", "coordinates": [ [ 103.83689, 1.3662061 ], [ 103.8369229, 1.3662113 ] ] } },
{ "type": "Feature", "properties": { "name": "Ang Mo Kio Street 22", "audit_layer": "network_uncovered_edge", "len_m": null, "is_covered": 0.0, "is_synthesized": null, "synth_class": null, "covered": null, "indoor": null, "tunnel": null, "bridge": null, "layer": null, "level": null, "highway": "residential", "footway": null, "length": 3.243, "length_m": null, "effective_len_m": 3.243, "dist_to_route_m": 0.0, "OBJECTID": null, "source_area_m2": null, "STATION_NA": null, "EXIT_CODE": null, "INC_CRC": null, "FMEL_UPD_D": null, "BLK_NO": null, "ST_COD": null, "ENTITYID": null, "POSTAL_COD": null, "SHAPE.AREA": null, "SHAPE.LEN": null }, "geometry": { "type": "LineString", "coordinates": [ [ 103.8369229, 1.3662113 ], [ 103.8369509, 1.3662195 ] ] } },
{ "type": "Feature", "properties": { "name": "Ang Mo Kio Street 22", "audit_layer": "network_uncovered_edge", "len_m": null, "is_covered": 0.0, "is_synthesized": null, "synth_class": null, "covered": null, "indoor": null, "tunnel": null, "bridge": null, "layer": null, "level": null, "highway": "residential", "footway": null, "length": 3.059, "length_m": null, "effective_len_m": 3.059, "dist_to_route_m": 0.0, "OBJECTID": null, "source_area_m2": null, "STATION_NA": null, "EXIT_CODE": null, "INC_CRC": null, "FMEL_UPD_D": null, "BLK_NO": null, "ST_COD": null, "ENTITYID": null, "POSTAL_COD": null, "SHAPE.AREA": null, "SHAPE.LEN": null }, "geometry": { "type": "LineString", "coordinates": [ [ 103.8369509, 1.3662195 ], [ 103.8369737, 1.3662349 ] ] } },
{ "type": "Feature", "properties": { "name": "Ang Mo Kio Street 22", "audit_layer": "network_uncovered_edge", "len_m": null, "is_covered": 0.0, "is_synthesized": null, "synth_class": null, "covered": null, "indoor": null, "tunnel": null, "bridge": null, "layer": null, "level": null, "highway": "residential", "footway": null, "length": 2.713, "length_m": null, "effective_len_m": 2.713, "dist_to_route_m": 0.049705248936536071, "OBJECTID": null, "source_area_m2": null, "STATION_NA": null, "EXIT_CODE": null, "INC_CRC": null, "FMEL_UPD_D": null, "BLK_NO": null, "ST_COD": null, "ENTITYID": null, "POSTAL_COD": null, "SHAPE.AREA": null, "SHAPE.LEN": null }, "geometry": { "type": "LineString", "coordinates": [ [ 103.8369737, 1.3662349 ], [ 103.8369907, 1.3662524 ] ] } },
{ "type": "Feature", "properties": { "name": "Ang Mo Kio Street 22", "audit_layer": "network_uncovered_edge", "len_m": null, "is_covered": 0.0, "is_synthesized": null, "synth_class": null, "covered": null, "indoor": null, "tunnel": null, "bridge": null, "layer": null, "level": null, "highway": "residential", "footway": null, "length": 4.729, "length_m": null, "effective_len_m": 4.729, "dist_to_route_m": 0.0, "OBJECTID": null, "source_area_m2": null, "STATION_NA": null, "EXIT_CODE": null, "INC_CRC": null, "FMEL_UPD_D": null, "BLK_NO": null, "ST_COD": null, "ENTITYID": null, "POSTAL_COD": null, "SHAPE.AREA": null, "SHAPE.LEN": null }, "geometry": { "type": "LineString", "coordinates": [ [ 103.8369907, 1.3662524 ], [ 103.8370127, 1.3662888 ] ] } },
{ "type": "Feature", "properties": { "name": "Ang Mo Kio Street 22", "audit_layer": "network_uncovered_edge", "len_m": null, "is_covered": 0.0, "is_synthesized": null, "synth_class": null, "covered": null, "indoor": null, "tunnel": null, "bridge": null, "layer": null, "level": null, "highway": "residential", "footway": null, "length": 2.658, "length_m": null, "effective_len_m": 2.658, "dist_to_route_m": 0.074557876680191301, "OBJECTID": null, "source_area_m2": null, "STATION_NA": null, "EXIT_CODE": null, "INC_CRC": null, "FMEL_UPD_D": null, "BLK_NO": null, "ST_COD": null, "ENTITYID": null, "POSTAL_COD": null, "SHAPE.AREA": null, "SHAPE.LEN": null }, "geometry": { "type": "LineString", "coordinates": [ [ 103.8370127, 1.3662888 ], [ 103.8370213, 1.3663111 ] ] } },
{ "type": "Feature", "properties": { "name": "Ang Mo Kio Street 22", "audit_layer": "network_uncovered_edge", "len_m": null, "is_covered": 0.0, "is_synthesized": null, "synth_class": null, "covered": null, "indoor": null, "tunnel": null, "bridge": null, "layer": null, "level": null, "highway": "residential", "footway": null, "length": 2.218, "length_m": null, "effective_len_m": 2.218, "dist_to_route_m": 0.0, "OBJECTID": null, "source_area_m2": null, "STATION_NA": null, "EXIT_CODE": null, "INC_CRC": null, "FMEL_UPD_D": null, "BLK_NO": null, "ST_COD": null, "ENTITYID": null, "POSTAL_COD": null, "SHAPE.AREA": null, "SHAPE.LEN": null }, "geometry": { "type": "LineString", "coordinates": [ [ 103.8370213, 1.3663111 ], [ 103.837028500000017, 1.3663297 ] ] } },
{ "type": "Feature", "properties": { "name": "Ang Mo Kio Street 22", "audit_layer": "network_uncovered_edge", "len_m": null, "is_covered": 0.0, "is_synthesized": null, "synth_class": null, "covered": null, "indoor": null, "tunnel": null, "bridge": null, "layer": null, "level": null, "highway": "residential", "footway": null, "length": 18.074, "length_m": null, "effective_len_m": 18.074, "dist_to_route_m": 0.0, "OBJECTID": null, "source_area_m2": null, "STATION_NA": null, "EXIT_CODE": null, "INC_CRC": null, "FMEL_UPD_D": null, "BLK_NO": null, "ST_COD": null, "ENTITYID": null, "POSTAL_COD": null, "SHAPE.AREA": null, "SHAPE.LEN": null }, "geometry": { "type": "LineString", "coordinates": [ [ 103.837028500000017, 1.3663297 ], [ 103.8370834, 1.3664827 ] ] } },
{ "type": "Feature", "properties": { "name": "Ang Mo Kio Street 22", "audit_layer": "network_uncovered_edge", "len_m": null, "is_covered": 0.0, "is_synthesized": null, "synth_class": null, "covered": null, "indoor": null, "tunnel": null, "bridge": null, "layer": null, "level": null, "highway": "residential", "footway": null, "length": 14.744, "length_m": null, "effective_len_m": 14.744, "dist_to_route_m": 0.48197964791450548, "OBJECTID": null, "source_area_m2": null, "STATION_NA": null, "EXIT_CODE": null, "INC_CRC": null, "FMEL_UPD_D": null, "BLK_NO": null, "ST_COD": null, "ENTITYID": null, "POSTAL_COD": null, "SHAPE.AREA": null, "SHAPE.LEN": null }, "geometry": { "type": "LineString", "coordinates": [ [ 103.8370834, 1.3664827 ], [ 103.8371282, 1.3666075 ] ] } },
{ "type": "Feature", "properties": { "name": "Ang Mo Kio Street 22", "audit_layer": "network_uncovered_edge", "len_m": null, "is_covered": 0.0, "is_synthesized": null, "synth_class": null, "covered": null, "indoor": null, "tunnel": null, "bridge": null, "layer": null, "level": null, "highway": "residential", "footway": null, "length": 5.789, "length_m": null, "effective_len_m": 5.789, "dist_to_route_m": 13.234054604405479, "OBJECTID": null, "source_area_m2": null, "STATION_NA": null, "EXIT_CODE": null, "INC_CRC": null, "FMEL_UPD_D": null, "BLK_NO": null, "ST_COD": null, "ENTITYID": null, "POSTAL_COD": null, "SHAPE.AREA": null, "SHAPE.LEN": null }, "geometry": { "type": "LineString", "coordinates": [ [ 103.8371282, 1.3666075 ], [ 103.8371458, 1.3666565 ] ] } },
{ "type": "Feature", "properties": { "name": "Ang Mo Kio Street 22", "audit_layer": "network_uncovered_edge", "len_m": null, "is_covered": 0.0, "is_synthesized": null, "synth_class": null, "covered": null, "indoor": null, "tunnel": null, "bridge": null, "layer": null, "level": null, "highway": "residential", "footway": null, "length": 22.096, "length_m": null, "effective_len_m": 22.096, "dist_to_route_m": 14.8390655508954, "OBJECTID": null, "source_area_m2": null, "STATION_NA": null, "EXIT_CODE": null, "INC_CRC": null, "FMEL_UPD_D": null, "BLK_NO": null, "ST_COD": null, "ENTITYID": null, "POSTAL_COD": null, "SHAPE.AREA": null, "SHAPE.LEN": null }, "geometry": { "type": "LineString", "coordinates": [ [ 103.8371458, 1.3666565 ], [ 103.8372096, 1.3668447 ] ] } },
{ "type": "Feature", "properties": { "name": "Ang Mo Kio Street 22", "audit_layer": "network_uncovered_edge", "len_m": null, "is_covered": 0.0, "is_synthesized": null, "synth_class": null, "covered": null, "indoor": null, "tunnel": null, "bridge": null, "layer": null, "level": null, "highway": "residential", "footway": null, "length": 7.771, "length_m": null, "effective_len_m": 7.771, "dist_to_route_m": 21.070384348453135, "OBJECTID": null, "source_area_m2": null, "STATION_NA": null, "EXIT_CODE": null, "INC_CRC": null, "FMEL_UPD_D": null, "BLK_NO": null, "ST_COD": null, "ENTITYID": null, "POSTAL_COD": null, "SHAPE.AREA": null, "SHAPE.LEN": null }, "geometry": { "type": "LineString", "coordinates": [ [ 103.8372096, 1.3668447 ], [ 103.837232, 1.3669109 ] ] } },
{ "type": "Feature", "properties": { "name": "Ang Mo Kio Street 22", "audit_layer": "network_uncovered_edge", "len_m": null, "is_covered": 0.0, "is_synthesized": null, "synth_class": null, "covered": null, "indoor": null, "tunnel": null, "bridge": null, "layer": null, "level": null, "highway": "residential", "footway": null, "length": 2.314, "length_m": null, "effective_len_m": 2.314, "dist_to_route_m": 27.110439801611417, "OBJECTID": null, "source_area_m2": null, "STATION_NA": null, "EXIT_CODE": null, "INC_CRC": null, "FMEL_UPD_D": null, "BLK_NO": null, "ST_COD": null, "ENTITYID": null, "POSTAL_COD": null, "SHAPE.AREA": null, "SHAPE.LEN": null }, "geometry": { "type": "LineString", "coordinates": [ [ 103.837232, 1.3669109 ], [ 103.8372387, 1.3669306 ] ] } },
{ "type": "Feature", "properties": { "name": "Ang Mo Kio Street 22", "audit_layer": "network_uncovered_edge", "len_m": null, "is_covered": 0.0, "is_synthesized": null, "synth_class": null, "covered": null, "indoor": null, "tunnel": null, "bridge": null, "layer": null, "level": null, "highway": "residential", "footway": null, "length": 8.344, "length_m": null, "effective_len_m": 8.344, "dist_to_route_m": 45.90489049089593, "OBJECTID": null, "source_area_m2": null, "STATION_NA": null, "EXIT_CODE": null, "INC_CRC": null, "FMEL_UPD_D": null, "BLK_NO": null, "ST_COD": null, "ENTITYID": null, "POSTAL_COD": null, "SHAPE.AREA": null, "SHAPE.LEN": null }, "geometry": { "type": "LineString", "coordinates": [ [ 103.837351200000015, 1.3671287 ], [ 103.8373278, 1.3670574 ] ] } },
{ "type": "Feature", "properties": { "name": "Ang Mo Kio Street 22", "audit_layer": "network_uncovered_edge", "len_m": null, "is_covered": 0.0, "is_synthesized": null, "synth_class": null, "covered": null, "indoor": null, "tunnel": null, "bridge": null, "layer": null, "level": null, "highway": "residential", "footway": null, "length": 52.579, "length_m": null, "effective_len_m": 52.579, "dist_to_route_m": 18.065183301684698, "OBJECTID": null, "source_area_m2": null, "STATION_NA": null, "EXIT_CODE": null, "INC_CRC": null, "FMEL_UPD_D": null, "BLK_NO": null, "ST_COD": null, "ENTITYID": null, "POSTAL_COD": null, "SHAPE.AREA": null, "SHAPE.LEN": null }, "geometry": { "type": "LineString", "coordinates": [ [ 103.8373278, 1.3670574 ], [ 103.837181, 1.3666079 ] ] } },
{ "type": "Feature", "properties": { "name": "Ang Mo Kio Street 22", "audit_layer": "network_uncovered_edge", "len_m": null, "is_covered": 0.0, "is_synthesized": null, "synth_class": null, "covered": null, "indoor": null, "tunnel": null, "bridge": null, "layer": null, "level": null, "highway": "residential", "footway": null, "length": 34.842, "length_m": null, "effective_len_m": 34.842, "dist_to_route_m": 6.3919203007855696, "OBJECTID": null, "source_area_m2": null, "STATION_NA": null, "EXIT_CODE": null, "INC_CRC": null, "FMEL_UPD_D": null, "BLK_NO": null, "ST_COD": null, "ENTITYID": null, "POSTAL_COD": null, "SHAPE.AREA": null, "SHAPE.LEN": null }, "geometry": { "type": "LineString", "coordinates": [ [ 103.837181, 1.3666079 ], [ 103.837086, 1.3663093 ] ] } },
{ "type": "Feature", "properties": { "name": "Ang Mo Kio Street 22", "audit_layer": "network_uncovered_edge", "len_m": null, "is_covered": 0.0, "is_synthesized": null, "synth_class": null, "covered": null, "indoor": null, "tunnel": null, "bridge": null, "layer": null, "level": null, "highway": "residential", "footway": null, "length": 2.193, "length_m": null, "effective_len_m": 2.193, "dist_to_route_m": 6.6391657474675725, "OBJECTID": null, "source_area_m2": null, "STATION_NA": null, "EXIT_CODE": null, "INC_CRC": null, "FMEL_UPD_D": null, "BLK_NO": null, "ST_COD": null, "ENTITYID": null, "POSTAL_COD": null, "SHAPE.AREA": null, "SHAPE.LEN": null }, "geometry": { "type": "LineString", "coordinates": [ [ 103.837086, 1.3663093 ], [ 103.8370811, 1.3662902 ] ] } },
{ "type": "Feature", "properties": { "name": "Ang Mo Kio Street 22", "audit_layer": "network_uncovered_edge", "len_m": null, "is_covered": 0.0, "is_synthesized": null, "synth_class": null, "covered": null, "indoor": null, "tunnel": null, "bridge": null, "layer": null, "level": null, "highway": "residential", "footway": null, "length": 6.648, "length_m": null, "effective_len_m": 6.648, "dist_to_route_m": 7.0581456447508577, "OBJECTID": null, "source_area_m2": null, "STATION_NA": null, "EXIT_CODE": null, "INC_CRC": null, "FMEL_UPD_D": null, "BLK_NO": null, "ST_COD": null, "ENTITYID": null, "POSTAL_COD": null, "SHAPE.AREA": null, "SHAPE.LEN": null }, "geometry": { "type": "LineString", "coordinates": [ [ 103.8370811, 1.3662902 ], [ 103.8370662, 1.3662323 ] ] } },
{ "type": "Feature", "properties": { "name": "Ang Mo Kio Street 22", "audit_layer": "network_uncovered_edge", "len_m": null, "is_covered": 0.0, "is_synthesized": null, "synth_class": null, "covered": null, "indoor": null, "tunnel": null, "bridge": null, "layer": null, "level": null, "highway": "residential", "footway": null, "length": 2.849, "length_m": null, "effective_len_m": 2.849, "dist_to_route_m": 8.4548633559317139, "OBJECTID": null, "source_area_m2": null, "STATION_NA": null, "EXIT_CODE": null, "INC_CRC": null, "FMEL_UPD_D": null, "BLK_NO": null, "ST_COD": null, "ENTITYID": null, "POSTAL_COD": null, "SHAPE.AREA": null, "SHAPE.LEN": null }, "geometry": { "type": "LineString", "coordinates": [ [ 103.8370662, 1.3662323 ], [ 103.8370637, 1.3662068 ] ] } },
{ "type": "Feature", "properties": { "name": "Ang Mo Kio Street 22", "audit_layer": "network_uncovered_edge", "len_m": null, "is_covered": 0.0, "is_synthesized": null, "synth_class": null, "covered": null, "indoor": null, "tunnel": null, "bridge": null, "layer": null, "level": null, "highway": "residential", "footway": null, "length": 2.876, "length_m": null, "effective_len_m": 2.876, "dist_to_route_m": 9.4915654161288625, "OBJECTID": null, "source_area_m2": null, "STATION_NA": null, "EXIT_CODE": null, "INC_CRC": null, "FMEL_UPD_D": null, "BLK_NO": null, "ST_COD": null, "ENTITYID": null, "POSTAL_COD": null, "SHAPE.AREA": null, "SHAPE.LEN": null }, "geometry": { "type": "LineString", "coordinates": [ [ 103.8370637, 1.3662068 ], [ 103.8370674, 1.3661812 ] ] } },
{ "type": "Feature", "properties": { "name": "Ang Mo Kio Street 22", "audit_layer": "network_uncovered_edge", "len_m": null, "is_covered": 0.0, "is_synthesized": null, "synth_class": null, "covered": null, "indoor": null, "tunnel": null, "bridge": null, "layer": null, "level": null, "highway": "residential", "footway": null, "length": 2.265, "length_m": null, "effective_len_m": 2.265, "dist_to_route_m": 11.492198412993567, "OBJECTID": null, "source_area_m2": null, "STATION_NA": null, "EXIT_CODE": null, "INC_CRC": null, "FMEL_UPD_D": null, "BLK_NO": null, "ST_COD": null, "ENTITYID": null, "POSTAL_COD": null, "SHAPE.AREA": null, "SHAPE.LEN": null }, "geometry": { "type": "LineString", "coordinates": [ [ 103.8370674, 1.3661812 ], [ 103.837075, 1.3661623 ] ] } },
{ "type": "Feature", "properties": { "name": "Ang Mo Kio Street 22", "audit_layer": "network_uncovered_edge", "len_m": null, "is_covered": 0.0, "is_synthesized": null, "synth_class": null, "covered": null, "indoor": null, "tunnel": null, "bridge": null, "layer": null, "level": null, "highway": "residential", "footway": null, "length": 3.213, "length_m": null, "effective_len_m": 3.213, "dist_to_route_m": 13.546447731447, "OBJECTID": null, "source_area_m2": null, "STATION_NA": null, "EXIT_CODE": null, "INC_CRC": null, "FMEL_UPD_D": null, "BLK_NO": null, "ST_COD": null, "ENTITYID": null, "POSTAL_COD": null, "SHAPE.AREA": null, "SHAPE.LEN": null }, "geometry": { "type": "LineString", "coordinates": [ [ 103.837075, 1.3661623 ], [ 103.8370942, 1.3661407 ] ] } },
{ "type": "Feature", "properties": { "name": "Ang Mo Kio Avenue 1", "audit_layer": "network_uncovered_edge", "len_m": null, "is_covered": 0.0, "is_synthesized": null, "synth_class": null, "covered": null, "indoor": null, "tunnel": null, "bridge": null, "layer": null, "level": null, "highway": "primary", "footway": null, "length": 173.935, "length_m": null, "effective_len_m": 173.935, "dist_to_route_m": 62.612218511968216, "OBJECTID": null, "source_area_m2": null, "STATION_NA": null, "EXIT_CODE": null, "INC_CRC": null, "FMEL_UPD_D": null, "BLK_NO": null, "ST_COD": null, "ENTITYID": null, "POSTAL_COD": null, "SHAPE.AREA": null, "SHAPE.LEN": null }, "geometry": { "type": "LineString", "coordinates": [ [ 103.8388827, 1.3653395 ], [ 103.8374133, 1.365877 ] ] } },
{ "type": "Feature", "properties": { "name": "Ang Mo Kio Avenue 1", "audit_layer": "network_uncovered_edge", "len_m": null, "is_covered": 0.0, "is_synthesized": null, "synth_class": null, "covered": null, "indoor": null, "tunnel": null, "bridge": null, "layer": null, "level": null, "highway": "primary", "footway": null, "length": 34.99, "length_m": null, "effective_len_m": 34.99, "dist_to_route_m": 31.366517706037612, "OBJECTID": null, "source_area_m2": null, "STATION_NA": null, "EXIT_CODE": null, "INC_CRC": null, "FMEL_UPD_D": null, "BLK_NO": null, "ST_COD": null, "ENTITYID": null, "POSTAL_COD": null, "SHAPE.AREA": null, "SHAPE.LEN": null }, "geometry": { "type": "LineString", "coordinates": [ [ 103.8374133, 1.365877 ], [ 103.837119300000012, 1.3659894 ] ] } },
{ "type": "Feature", "properties": { "name": "Ang Mo Kio Avenue 4", "audit_layer": "network_uncovered_edge", "len_m": null, "is_covered": 0.0, "is_synthesized": null, "synth_class": null, "covered": null, "indoor": null, "tunnel": null, "bridge": null, "layer": null, "level": null, "highway": "secondary", "footway": null, "length": 10.67, "length_m": null, "effective_len_m": 10.67, "dist_to_route_m": 28.895715541313248, "OBJECTID": null, "source_area_m2": null, "STATION_NA": null, "EXIT_CODE": null, "INC_CRC": null, "FMEL_UPD_D": null, "BLK_NO": null, "ST_COD": null, "ENTITYID": null, "POSTAL_COD": null, "SHAPE.AREA": null, "SHAPE.LEN": null }, "geometry": { "type": "LineString", "coordinates": [ [ 103.8365582, 1.3710404 ], [ 103.8365447, 1.3711354 ] ] } },
{ "type": "Feature", "properties": { "name": "Ang Mo Kio Avenue 4", "audit_layer": "network_uncovered_edge", "len_m": null, "is_covered": 0.0, "is_synthesized": null, "synth_class": null, "covered": null, "indoor": null, "tunnel": null, "bridge": null, "layer": null, "level": null, "highway": "secondary", "footway": null, "length": 10.882, "length_m": null, "effective_len_m": 10.882, "dist_to_route_m": 39.243849096876836, "OBJECTID": null, "source_area_m2": null, "STATION_NA": null, "EXIT_CODE": null, "INC_CRC": null, "FMEL_UPD_D": null, "BLK_NO": null, "ST_COD": null, "ENTITYID": null, "POSTAL_COD": null, "SHAPE.AREA": null, "SHAPE.LEN": null }, "geometry": { "type": "LineString", "coordinates": [ [ 103.8365447, 1.3711354 ], [ 103.8365391, 1.3712331 ] ] } },
{ "type": "Feature", "properties": { "name": "Ang Mo Kio Avenue 4", "audit_layer": "network_uncovered_edge", "len_m": null, "is_covered": 0.0, "is_synthesized": null, "synth_class": null, "covered": null, "indoor": null, "tunnel": null, "bridge": null, "layer": null, "level": null, "highway": "secondary", "footway": null, "length": 18.681, "length_m": null, "effective_len_m": 18.681, "dist_to_route_m": 49.744150232305159, "OBJECTID": null, "source_area_m2": null, "STATION_NA": null, "EXIT_CODE": null, "INC_CRC": null, "FMEL_UPD_D": null, "BLK_NO": null, "ST_COD": null, "ENTITYID": null, "POSTAL_COD": null, "SHAPE.AREA": null, "SHAPE.LEN": null }, "geometry": { "type": "LineString", "coordinates": [ [ 103.8365391, 1.3712331 ], [ 103.8365492, 1.3714008 ] ] } },
{ "type": "Feature", "properties": { "name": "Ang Mo Kio Avenue 4", "audit_layer": "network_uncovered_edge", "len_m": null, "is_covered": 0.0, "is_synthesized": null, "synth_class": null, "covered": null, "indoor": null, "tunnel": null, "bridge": null, "layer": null, "level": null, "highway": "secondary", "footway": null, "length": 13.248, "length_m": null, "effective_len_m": 13.248, "dist_to_route_m": 67.568065835118148, "OBJECTID": null, "source_area_m2": null, "STATION_NA": null, "EXIT_CODE": null, "INC_CRC": null, "FMEL_UPD_D": null, "BLK_NO": null, "ST_COD": null, "ENTITYID": null, "POSTAL_COD": null, "SHAPE.AREA": null, "SHAPE.LEN": null }, "geometry": { "type": "LineString", "coordinates": [ [ 103.8365492, 1.3714008 ], [ 103.8365649, 1.3715189 ] ] } },
{ "type": "Feature", "properties": { "name": "Ang Mo Kio Avenue 4", "audit_layer": "network_uncovered_edge", "len_m": null, "is_covered": 0.0, "is_synthesized": null, "synth_class": null, "covered": null, "indoor": null, "tunnel": null, "bridge": null, "layer": null, "level": null, "highway": "secondary", "footway": null, "length": 10.15, "length_m": null, "effective_len_m": 10.15, "dist_to_route_m": 8.6939182093356777, "OBJECTID": null, "source_area_m2": null, "STATION_NA": null, "EXIT_CODE": null, "INC_CRC": null, "FMEL_UPD_D": null, "BLK_NO": null, "ST_COD": null, "ENTITYID": null, "POSTAL_COD": null, "SHAPE.AREA": null, "SHAPE.LEN": null }, "geometry": { "type": "LineString", "coordinates": [ [ 103.8367151, 1.3702213 ], [ 103.8366881, 1.3703085 ] ] } },
{ "type": "Feature", "properties": { "name": "Ang Mo Kio Avenue 4", "audit_layer": "network_uncovered_edge", "len_m": null, "is_covered": 0.0, "is_synthesized": null, "synth_class": null, "covered": null, "indoor": null, "tunnel": null, "bridge": null, "layer": null, "level": null, "highway": "secondary", "footway": null, "length": 14.599, "length_m": null, "effective_len_m": 14.599, "dist_to_route_m": 8.4549361326568295, "OBJECTID": null, "source_area_m2": null, "STATION_NA": null, "EXIT_CODE": null, "INC_CRC": null, "FMEL_UPD_D": null, "BLK_NO": null, "ST_COD": null, "ENTITYID": null, "POSTAL_COD": null, "SHAPE.AREA": null, "SHAPE.LEN": null }, "geometry": { "type": "LineString", "coordinates": [ [ 103.8366881, 1.3703085 ], [ 103.8366492, 1.3704339 ] ] } },
{ "type": "Feature", "properties": { "name": "Ang Mo Kio Avenue 4", "audit_layer": "network_uncovered_edge", "len_m": null, "is_covered": 0.0, "is_synthesized": null, "synth_class": null, "covered": null, "indoor": null, "tunnel": null, "bridge": null, "layer": null, "level": null, "highway": "secondary", "footway": null, "length": 25.346, "length_m": null, "effective_len_m": 25.346, "dist_to_route_m": 8.6990469320404102, "OBJECTID": null, "source_area_m2": null, "STATION_NA": null, "EXIT_CODE": null, "INC_CRC": null, "FMEL_UPD_D": null, "BLK_NO": null, "ST_COD": null, "ENTITYID": null, "POSTAL_COD": null, "SHAPE.AREA": null, "SHAPE.LEN": null }, "geometry": { "type": "LineString", "coordinates": [ [ 103.8366492, 1.3704339 ], [ 103.8366006, 1.3706566 ] ] } },
{ "type": "Feature", "properties": { "name": "Ang Mo Kio Street 11", "audit_layer": "network_uncovered_edge", "len_m": null, "is_covered": 0.0, "is_synthesized": null, "synth_class": null, "covered": null, "indoor": null, "tunnel": null, "bridge": null, "layer": null, "level": null, "highway": "residential", "footway": null, "length": 99.055, "length_m": null, "effective_len_m": 99.055, "dist_to_route_m": 19.983269433192071, "OBJECTID": null, "source_area_m2": null, "STATION_NA": null, "EXIT_CODE": null, "INC_CRC": null, "FMEL_UPD_D": null, "BLK_NO": null, "ST_COD": null, "ENTITYID": null, "POSTAL_COD": null, "SHAPE.AREA": null, "SHAPE.LEN": null }, "geometry": { "type": "LineString", "coordinates": [ [ 103.8375985, 1.3711085 ], [ 103.8367181, 1.370971 ] ] } },
{ "type": "Feature", "properties": { "name": "Ang Mo Kio Street 11", "audit_layer": "network_uncovered_edge", "len_m": null, "is_covered": 0.0, "is_synthesized": null, "synth_class": null, "covered": null, "indoor": null, "tunnel": null, "bridge": null, "layer": null, "level": null, "highway": "residential", "footway": null, "length": 8.011, "length_m": null, "effective_len_m": 8.011, "dist_to_route_m": 18.064180228388697, "OBJECTID": null, "source_area_m2": null, "STATION_NA": null, "EXIT_CODE": null, "INC_CRC": null, "FMEL_UPD_D": null, "BLK_NO": null, "ST_COD": null, "ENTITYID": null, "POSTAL_COD": null, "SHAPE.AREA": null, "SHAPE.LEN": null }, "geometry": { "type": "LineString", "coordinates": [ [ 103.8367181, 1.370971 ], [ 103.8366465, 1.3709628 ] ] } },
{ "type": "Feature", "properties": { "name": "Ang Mo Kio Avenue 3", "audit_layer": "network_uncovered_edge", "len_m": null, "is_covered": 0.0, "is_synthesized": null, "synth_class": null, "covered": null, "indoor": null, "tunnel": null, "bridge": null, "layer": null, "level": null, "highway": "primary", "footway": null, "length": 51.357, "length_m": null, "effective_len_m": 51.357, "dist_to_route_m": 6.5363402436780218, "OBJECTID": null, "source_area_m2": null, "STATION_NA": null, "EXIT_CODE": null, "INC_CRC": null, "FMEL_UPD_D": null, "BLK_NO": null, "ST_COD": null, "ENTITYID": null, "POSTAL_COD": null, "SHAPE.AREA": null, "SHAPE.LEN": null }, "geometry": { "type": "LineString", "coordinates": [ [ 103.8359689, 1.3675497 ], [ 103.8361318, 1.3679819 ] ] } },
{ "type": "Feature", "properties": { "name": "Ang Mo Kio Avenue 3", "audit_layer": "network_uncovered_edge", "len_m": null, "is_covered": 0.0, "is_synthesized": null, "synth_class": null, "covered": null, "indoor": null, "tunnel": null, "bridge": null, "layer": null, "level": null, "highway": "primary", "footway": null, "length": 18.82, "length_m": null, "effective_len_m": 18.82, "dist_to_route_m": 0.0, "OBJECTID": null, "source_area_m2": null, "STATION_NA": null, "EXIT_CODE": null, "INC_CRC": null, "FMEL_UPD_D": null, "BLK_NO": null, "ST_COD": null, "ENTITYID": null, "POSTAL_COD": null, "SHAPE.AREA": null, "SHAPE.LEN": null }, "geometry": { "type": "LineString", "coordinates": [ [ 103.8358051, 1.3668619 ], [ 103.8357532, 1.3667008 ] ] } },
{ "type": "Feature", "properties": { "name": "Ang Mo Kio Avenue 3", "audit_layer": "network_uncovered_edge", "len_m": null, "is_covered": 0.0, "is_synthesized": null, "synth_class": null, "covered": null, "indoor": null, "tunnel": null, "bridge": null, "layer": null, "level": null, "highway": "primary", "footway": null, "length": 10.91, "length_m": null, "effective_len_m": 10.91, "dist_to_route_m": 0.0, "OBJECTID": null, "source_area_m2": null, "STATION_NA": null, "EXIT_CODE": null, "INC_CRC": null, "FMEL_UPD_D": null, "BLK_NO": null, "ST_COD": null, "ENTITYID": null, "POSTAL_COD": null, "SHAPE.AREA": null, "SHAPE.LEN": null }, "geometry": { "type": "LineString", "coordinates": [ [ 103.8357532, 1.3667008 ], [ 103.8357244, 1.366607 ] ] } },
{ "type": "Feature", "properties": { "name": "Ang Mo Kio Avenue 3", "audit_layer": "network_uncovered_edge", "len_m": null, "is_covered": 0.0, "is_synthesized": null, "synth_class": null, "covered": null, "indoor": null, "tunnel": null, "bridge": null, "layer": null, "level": null, "highway": "primary", "footway": null, "length": 74.649, "length_m": null, "effective_len_m": 74.649, "dist_to_route_m": 0.33865433364196224, "OBJECTID": null, "source_area_m2": null, "STATION_NA": null, "EXIT_CODE": null, "INC_CRC": null, "FMEL_UPD_D": null, "BLK_NO": null, "ST_COD": null, "ENTITYID": null, "POSTAL_COD": null, "SHAPE.AREA": null, "SHAPE.LEN": null }, "geometry": { "type": "LineString", "coordinates": [ [ 103.8360165, 1.3674991 ], [ 103.8358051, 1.3668619 ] ] } },
{ "type": "Feature", "properties": { "name": "Ang Mo Kio Avenue 1", "audit_layer": "network_uncovered_edge", "len_m": null, "is_covered": 0.0, "is_synthesized": null, "synth_class": null, "covered": null, "indoor": null, "tunnel": null, "bridge": null, "layer": null, "level": null, "highway": "primary", "footway": null, "length": 25.147, "length_m": null, "effective_len_m": 25.147, "dist_to_route_m": 0.0, "OBJECTID": null, "source_area_m2": null, "STATION_NA": null, "EXIT_CODE": null, "INC_CRC": null, "FMEL_UPD_D": null, "BLK_NO": null, "ST_COD": null, "ENTITYID": null, "POSTAL_COD": null, "SHAPE.AREA": null, "SHAPE.LEN": null }, "geometry": { "type": "LineString", "coordinates": [ [ 103.835923, 1.366534 ], [ 103.836137, 1.3664607 ] ] } },
{ "type": "Feature", "properties": { "name": "Ang Mo Kio Avenue 1", "audit_layer": "network_uncovered_edge", "len_m": null, "is_covered": 0.0, "is_synthesized": null, "synth_class": null, "covered": null, "indoor": null, "tunnel": null, "bridge": null, "layer": null, "level": null, "highway": "primary", "footway": null, "length": 36.463, "length_m": null, "effective_len_m": 36.463, "dist_to_route_m": 0.0, "OBJECTID": null, "source_area_m2": null, "STATION_NA": null, "EXIT_CODE": null, "INC_CRC": null, "FMEL_UPD_D": null, "BLK_NO": null, "ST_COD": null, "ENTITYID": null, "POSTAL_COD": null, "SHAPE.AREA": null, "SHAPE.LEN": null }, "geometry": { "type": "LineString", "coordinates": [ [ 103.836137, 1.3664607 ], [ 103.8364473, 1.3663544 ] ] } },
{ "type": "Feature", "properties": { "name": "Ang Mo Kio Avenue 1", "audit_layer": "network_uncovered_edge", "len_m": null, "is_covered": 0.0, "is_synthesized": null, "synth_class": null, "covered": null, "indoor": null, "tunnel": null, "bridge": null, "layer": null, "level": null, "highway": "primary", "footway": null, "length": 49.379, "length_m": null, "effective_len_m": 49.379, "dist_to_route_m": 0.0, "OBJECTID": null, "source_area_m2": null, "STATION_NA": null, "EXIT_CODE": null, "INC_CRC": null, "FMEL_UPD_D": null, "BLK_NO": null, "ST_COD": null, "ENTITYID": null, "POSTAL_COD": null, "SHAPE.AREA": null, "SHAPE.LEN": null }, "geometry": { "type": "LineString", "coordinates": [ [ 103.8364473, 1.3663544 ], [ 103.8368675, 1.3662104 ] ] } },
{ "type": "Feature", "properties": { "name": "Ang Mo Kio Avenue 1", "audit_layer": "network_uncovered_edge", "len_m": null, "is_covered": 0.0, "is_synthesized": null, "synth_class": null, "covered": null, "indoor": null, "tunnel": null, "bridge": null, "layer": null, "level": null, "highway": "primary", "footway": null, "length": 7.682, "length_m": null, "effective_len_m": 7.682, "dist_to_route_m": 0.14220533846797975, "OBJECTID": null, "source_area_m2": null, "STATION_NA": null, "EXIT_CODE": null, "INC_CRC": null, "FMEL_UPD_D": null, "BLK_NO": null, "ST_COD": null, "ENTITYID": null, "POSTAL_COD": null, "SHAPE.AREA": null, "SHAPE.LEN": null }, "geometry": { "type": "LineString", "coordinates": [ [ 103.8356596, 1.366631 ], [ 103.8357244, 1.366607 ] ] } },
{ "type": "Feature", "properties": { "name": null, "audit_layer": "network_uncovered_edge", "len_m": null, "is_covered": 0.0, "is_synthesized": null, "synth_class": null, "covered": null, "indoor": null, "tunnel": null, "bridge": null, "layer": null, "level": null, "highway": "service", "footway": null, "length": 67.811, "length_m": null, "effective_len_m": 67.811, "dist_to_route_m": 42.771775547909954, "OBJECTID": null, "source_area_m2": null, "STATION_NA": null, "EXIT_CODE": null, "INC_CRC": null, "FMEL_UPD_D": null, "BLK_NO": null, "ST_COD": null, "ENTITYID": null, "POSTAL_COD": null, "SHAPE.AREA": null, "SHAPE.LEN": null }, "geometry": { "type": "LineString", "coordinates": [ [ 103.837463, 1.3664478 ], [ 103.8376524, 1.3670275 ] ] } },
{ "type": "Feature", "properties": { "name": null, "audit_layer": "network_uncovered_edge", "len_m": null, "is_covered": 0.0, "is_synthesized": null, "synth_class": null, "covered": null, "indoor": null, "tunnel": null, "bridge": null, "layer": null, "level": null, "highway": "service", "footway": null, "length": 19.029, "length_m": null, "effective_len_m": 19.029, "dist_to_route_m": 74.294731188384304, "OBJECTID": null, "source_area_m2": null, "STATION_NA": null, "EXIT_CODE": null, "INC_CRC": null, "FMEL_UPD_D": null, "BLK_NO": null, "ST_COD": null, "ENTITYID": null, "POSTAL_COD": null, "SHAPE.AREA": null, "SHAPE.LEN": null }, "geometry": { "type": "LineString", "coordinates": [ [ 103.837813700000012, 1.3669702 ], [ 103.8376524, 1.3670275 ] ] } },
{ "type": "Feature", "properties": { "name": null, "audit_layer": "network_uncovered_edge", "len_m": null, "is_covered": 0.0, "is_synthesized": null, "synth_class": null, "covered": null, "indoor": null, "tunnel": null, "bridge": null, "layer": null, "level": null, "highway": "service", "footway": null, "length": 74.342, "length_m": null, "effective_len_m": 74.342, "dist_to_route_m": 47.645442267104571, "OBJECTID": null, "source_area_m2": null, "STATION_NA": null, "EXIT_CODE": null, "INC_CRC": null, "FMEL_UPD_D": null, "BLK_NO": null, "ST_COD": null, "ENTITYID": null, "POSTAL_COD": null, "SHAPE.AREA": null, "SHAPE.LEN": null }, "geometry": { "type": "LineString", "coordinates": [ [ 103.8377892, 1.3707081 ], [ 103.8371249, 1.370631 ] ] } },
{ "type": "Feature", "properties": { "name": null, "audit_layer": "network_uncovered_edge", "len_m": null, "is_covered": 0.0, "is_synthesized": null, "synth_class": null, "covered": null, "indoor": null, "tunnel": null, "bridge": null, "layer": null, "level": null, "highway": "service", "footway": null, "length": 5.516, "length_m": null, "effective_len_m": 5.516, "dist_to_route_m": 51.600711374004632, "OBJECTID": null, "source_area_m2": null, "STATION_NA": null, "EXIT_CODE": null, "INC_CRC": null, "FMEL_UPD_D": null, "BLK_NO": null, "ST_COD": null, "ENTITYID": null, "POSTAL_COD": null, "SHAPE.AREA": null, "SHAPE.LEN": null }, "geometry": { "type": "LineString", "coordinates": [ [ 103.8373039, 1.3671437 ], [ 103.837351200000015, 1.3671287 ] ] } },
{ "type": "Feature", "properties": { "name": null, "audit_layer": "network_uncovered_edge", "len_m": null, "is_covered": 0.0, "is_synthesized": null, "synth_class": null, "covered": null, "indoor": null, "tunnel": null, "bridge": null, "layer": null, "level": null, "highway": "service", "footway": null, "length": 18.601, "length_m": null, "effective_len_m": 18.601, "dist_to_route_m": 72.803758448818641, "OBJECTID": null, "source_area_m2": null, "STATION_NA": null, "EXIT_CODE": null, "INC_CRC": null, "FMEL_UPD_D": null, "BLK_NO": null, "ST_COD": null, "ENTITYID": null, "POSTAL_COD": null, "SHAPE.AREA": null, "SHAPE.LEN": null }, "geometry": { "type": "LineString", "coordinates": [ [ 103.8369607, 1.3676844 ], [ 103.8368013, 1.3677353 ] ] } },
{ "type": "Feature", "properties": { "name": null, "audit_layer": "network_uncovered_edge", "len_m": null, "is_covered": 0.0, "is_synthesized": null, "synth_class": null, "covered": null, "indoor": null, "tunnel": null, "bridge": null, "layer": null, "level": null, "highway": "service", "footway": null, "length": 20.536, "length_m": null, "effective_len_m": 20.536, "dist_to_route_m": 61.843232260979079, "OBJECTID": null, "source_area_m2": null, "STATION_NA": null, "EXIT_CODE": null, "INC_CRC": null, "FMEL_UPD_D": null, "BLK_NO": null, "ST_COD": null, "ENTITYID": null, "POSTAL_COD": null, "SHAPE.AREA": null, "SHAPE.LEN": null }, "geometry": { "type": "LineString", "coordinates": [ [ 103.8369645, 1.3682915 ], [ 103.837073100000012, 1.3681421 ] ] } },
{ "type": "Feature", "properties": { "name": null, "audit_layer": "network_uncovered_edge", "len_m": null, "is_covered": 0.0, "is_synthesized": null, "synth_class": null, "covered": null, "indoor": null, "tunnel": null, "bridge": null, "layer": null, "level": null, "highway": "service", "footway": null, "length": 20.893, "length_m": null, "effective_len_m": 20.893, "dist_to_route_m": 51.906024363966743, "OBJECTID": null, "source_area_m2": null, "STATION_NA": null, "EXIT_CODE": null, "INC_CRC": null, "FMEL_UPD_D": null, "BLK_NO": null, "ST_COD": null, "ENTITYID": null, "POSTAL_COD": null, "SHAPE.AREA": null, "SHAPE.LEN": null }, "geometry": { "type": "LineString", "coordinates": [ [ 103.8368013, 1.3677353 ], [ 103.8366236, 1.3677965 ] ] } },
{ "type": "Feature", "properties": { "name": "Ang Mo Kio Avenue 3", "audit_layer": "network_uncovered_edge", "len_m": null, "is_covered": 0.0, "is_synthesized": null, "synth_class": null, "covered": null, "indoor": null, "tunnel": null, "bridge": null, "layer": null, "level": null, "highway": "primary", "footway": null, "length": 28.798, "length_m": null, "effective_len_m": 28.798, "dist_to_route_m": 7.1435997437784851, "OBJECTID": null, "source_area_m2": null, "STATION_NA": null, "EXIT_CODE": null, "INC_CRC": null, "FMEL_UPD_D": null, "BLK_NO": null, "ST_COD": null, "ENTITYID": null, "POSTAL_COD": null, "SHAPE.AREA": null, "SHAPE.LEN": null }, "geometry": { "type": "LineString", "coordinates": [ [ 103.8358867, 1.3673041 ], [ 103.8359689, 1.3675497 ] ] } },
{ "type": "Feature", "properties": { "name": "Ang Mo Kio Street 22", "audit_layer": "network_uncovered_edge", "len_m": null, "is_covered": 0.0, "is_synthesized": null, "synth_class": null, "covered": null, "indoor": null, "tunnel": null, "bridge": null, "layer": null, "level": null, "highway": "residential", "footway": null, "length": 45.958, "length_m": null, "effective_len_m": 45.958, "dist_to_route_m": 53.493381982331918, "OBJECTID": null, "source_area_m2": null, "STATION_NA": null, "EXIT_CODE": null, "INC_CRC": null, "FMEL_UPD_D": null, "BLK_NO": null, "ST_COD": null, "ENTITYID": null, "POSTAL_COD": null, "SHAPE.AREA": null, "SHAPE.LEN": null }, "geometry": { "type": "LineString", "coordinates": [ [ 103.8374745, 1.3675232 ], [ 103.837351200000015, 1.3671287 ] ] } },
{ "type": "Feature", "properties": { "name": null, "audit_layer": "network_uncovered_edge", "len_m": null, "is_covered": 0.0, "is_synthesized": null, "synth_class": null, "covered": null, "indoor": null, "tunnel": null, "bridge": null, "layer": null, "level": null, "highway": "footway", "footway": null, "length": 13.823, "length_m": null, "effective_len_m": 13.823, "dist_to_route_m": 75.509152674502744, "OBJECTID": null, "source_area_m2": null, "STATION_NA": null, "EXIT_CODE": null, "INC_CRC": null, "FMEL_UPD_D": null, "BLK_NO": null, "ST_COD": null, "ENTITYID": null, "POSTAL_COD": null, "SHAPE.AREA": null, "SHAPE.LEN": null }, "geometry": { "type": "LineString", "coordinates": [ [ 103.8377537, 1.3665611 ], [ 103.8378717, 1.3665219 ] ] } },
{ "type": "Feature", "properties": { "name": null, "audit_layer": "network_uncovered_edge", "len_m": null, "is_covered": 0.0, "is_synthesized": null, "synth_class": null, "covered": null, "indoor": null, "tunnel": null, "bridge": null, "layer": null, "level": null, "highway": "service", "footway": null, "length": 14.951, "length_m": null, "effective_len_m": 14.951, "dist_to_route_m": 63.67051232286753, "OBJECTID": null, "source_area_m2": null, "STATION_NA": null, "EXIT_CODE": null, "INC_CRC": null, "FMEL_UPD_D": null, "BLK_NO": null, "ST_COD": null, "ENTITYID": null, "POSTAL_COD": null, "SHAPE.AREA": null, "SHAPE.LEN": null }, "geometry": { "type": "LineString", "coordinates": [ [ 103.8375239, 1.3670672 ], [ 103.8376524, 1.3670275 ] ] } },
{ "type": "Feature", "properties": { "name": null, "audit_layer": "network_uncovered_edge", "len_m": null, "is_covered": 0.0, "is_synthesized": null, "synth_class": null, "covered": null, "indoor": null, "tunnel": null, "bridge": null, "layer": null, "level": null, "highway": "footway", "footway": null, "length": 3.078, "length_m": null, "effective_len_m": 3.078, "dist_to_route_m": 47.658282657479511, "OBJECTID": null, "source_area_m2": null, "STATION_NA": null, "EXIT_CODE": null, "INC_CRC": null, "FMEL_UPD_D": null, "BLK_NO": null, "ST_COD": null, "ENTITYID": null, "POSTAL_COD": null, "SHAPE.AREA": null, "SHAPE.LEN": null }, "geometry": { "type": "LineString", "coordinates": [ [ 103.8377277, 1.3693283 ], [ 103.8377323, 1.3693556 ] ] } },
{ "type": "Feature", "properties": { "name": null, "audit_layer": "network_uncovered_edge", "len_m": null, "is_covered": 0.0, "is_synthesized": null, "synth_class": null, "covered": null, "indoor": null, "tunnel": null, "bridge": null, "layer": null, "level": null, "highway": "footway", "footway": null, "length": 3.0, "length_m": null, "effective_len_m": 3.0, "dist_to_route_m": 48.113749470070275, "OBJECTID": null, "source_area_m2": null, "STATION_NA": null, "EXIT_CODE": null, "INC_CRC": null, "FMEL_UPD_D": null, "BLK_NO": null, "ST_COD": null, "ENTITYID": null, "POSTAL_COD": null, "SHAPE.AREA": null, "SHAPE.LEN": null }, "geometry": { "type": "LineString", "coordinates": [ [ 103.8377323, 1.3693556 ], [ 103.8377452, 1.3693793 ] ] } },
{ "type": "Feature", "properties": { "name": null, "audit_layer": "network_uncovered_edge", "len_m": null, "is_covered": 0.0, "is_synthesized": null, "synth_class": null, "covered": null, "indoor": null, "tunnel": null, "bridge": null, "layer": null, "level": null, "highway": "footway", "footway": null, "length": 3.861, "length_m": null, "effective_len_m": 3.861, "dist_to_route_m": 49.651194590274422, "OBJECTID": null, "source_area_m2": null, "STATION_NA": null, "EXIT_CODE": null, "INC_CRC": null, "FMEL_UPD_D": null, "BLK_NO": null, "ST_COD": null, "ENTITYID": null, "POSTAL_COD": null, "SHAPE.AREA": null, "SHAPE.LEN": null }, "geometry": { "type": "LineString", "coordinates": [ [ 103.8377452, 1.3693793 ], [ 103.8377714, 1.3694021 ] ] } },
{ "type": "Feature", "properties": { "name": null, "audit_layer": "network_uncovered_edge", "len_m": null, "is_covered": 0.0, "is_synthesized": null, "synth_class": null, "covered": null, "indoor": null, "tunnel": null, "bridge": null, "layer": null, "level": null, "highway": "footway", "footway": null, "length": 3.991, "length_m": null, "effective_len_m": 3.991, "dist_to_route_m": 52.776489562096323, "OBJECTID": null, "source_area_m2": null, "STATION_NA": null, "EXIT_CODE": null, "INC_CRC": null, "FMEL_UPD_D": null, "BLK_NO": null, "ST_COD": null, "ENTITYID": null, "POSTAL_COD": null, "SHAPE.AREA": null, "SHAPE.LEN": null }, "geometry": { "type": "LineString", "coordinates": [ [ 103.8377714, 1.3694021 ], [ 103.8378024, 1.3694202 ] ] } },
{ "type": "Feature", "properties": { "name": null, "audit_layer": "network_uncovered_edge", "len_m": null, "is_covered": 0.0, "is_synthesized": null, "synth_class": null, "covered": null, "indoor": null, "tunnel": null, "bridge": null, "layer": null, "level": null, "highway": "footway", "footway": null, "length": 4.766, "length_m": null, "effective_len_m": 4.766, "dist_to_route_m": 56.447314758848954, "OBJECTID": null, "source_area_m2": null, "STATION_NA": null, "EXIT_CODE": null, "INC_CRC": null, "FMEL_UPD_D": null, "BLK_NO": null, "ST_COD": null, "ENTITYID": null, "POSTAL_COD": null, "SHAPE.AREA": null, "SHAPE.LEN": null }, "geometry": { "type": "LineString", "coordinates": [ [ 103.8378024, 1.3694202 ], [ 103.8378435, 1.3694324 ] ] } },
{ "type": "Feature", "properties": { "name": null, "audit_layer": "network_uncovered_edge", "len_m": null, "is_covered": 0.0, "is_synthesized": null, "synth_class": null, "covered": null, "indoor": null, "tunnel": null, "bridge": null, "layer": null, "level": null, "highway": "footway", "footway": null, "length": 2.434, "length_m": null, "effective_len_m": 2.434, "dist_to_route_m": 61.167392185141097, "OBJECTID": null, "source_area_m2": null, "STATION_NA": null, "EXIT_CODE": null, "INC_CRC": null, "FMEL_UPD_D": null, "BLK_NO": null, "ST_COD": null, "ENTITYID": null, "POSTAL_COD": null, "SHAPE.AREA": null, "SHAPE.LEN": null }, "geometry": { "type": "LineString", "coordinates": [ [ 103.8378435, 1.3694324 ], [ 103.8378653, 1.3694304 ] ] } },
{ "type": "Feature", "properties": { "name": null, "audit_layer": "network_uncovered_edge", "len_m": null, "is_covered": 0.0, "is_synthesized": null, "synth_class": null, "covered": null, "indoor": null, "tunnel": null, "bridge": null, "layer": null, "level": null, "highway": "footway", "footway": null, "length": 2.352, "length_m": null, "effective_len_m": 2.352, "dist_to_route_m": 63.536108140725887, "OBJECTID": null, "source_area_m2": null, "STATION_NA": null, "EXIT_CODE": null, "INC_CRC": null, "FMEL_UPD_D": null, "BLK_NO": null, "ST_COD": null, "ENTITYID": null, "POSTAL_COD": null, "SHAPE.AREA": null, "SHAPE.LEN": null }, "geometry": { "type": "LineString", "coordinates": [ [ 103.8378653, 1.3694304 ], [ 103.8378823, 1.3694178 ] ] } },
{ "type": "Feature", "properties": { "name": null, "audit_layer": "network_uncovered_edge", "len_m": null, "is_covered": 0.0, "is_synthesized": null, "synth_class": null, "covered": null, "indoor": null, "tunnel": null, "bridge": null, "layer": null, "level": null, "highway": "footway", "footway": null, "length": 2.564, "length_m": null, "effective_len_m": 2.564, "dist_to_route_m": 65.23516778894475, "OBJECTID": null, "source_area_m2": null, "STATION_NA": null, "EXIT_CODE": null, "INC_CRC": null, "FMEL_UPD_D": null, "BLK_NO": null, "ST_COD": null, "ENTITYID": null, "POSTAL_COD": null, "SHAPE.AREA": null, "SHAPE.LEN": null }, "geometry": { "type": "LineString", "coordinates": [ [ 103.8378823, 1.3694178 ], [ 103.8378892, 1.3693958 ] ] } },
{ "type": "Feature", "properties": { "name": null, "audit_layer": "network_uncovered_edge", "len_m": null, "is_covered": 0.0, "is_synthesized": null, "synth_class": null, "covered": null, "indoor": null, "tunnel": null, "bridge": null, "layer": null, "level": null, "highway": "footway", "footway": null, "length": 2.341, "length_m": null, "effective_len_m": 2.341, "dist_to_route_m": 65.350644420180103, "OBJECTID": null, "source_area_m2": null, "STATION_NA": null, "EXIT_CODE": null, "INC_CRC": null, "FMEL_UPD_D": null, "BLK_NO": null, "ST_COD": null, "ENTITYID": null, "POSTAL_COD": null, "SHAPE.AREA": null, "SHAPE.LEN": null }, "geometry": { "type": "LineString", "coordinates": [ [ 103.8378892, 1.3693958 ], [ 103.8378867, 1.3693749 ] ] } },
{ "type": "Feature", "properties": { "name": null, "audit_layer": "network_uncovered_edge", "len_m": null, "is_covered": 0.0, "is_synthesized": null, "synth_class": null, "covered": null, "indoor": null, "tunnel": null, "bridge": null, "layer": null, "level": null, "highway": "footway", "footway": null, "length": 3.46, "length_m": null, "effective_len_m": 3.46, "dist_to_route_m": 63.356286944461111, "OBJECTID": null, "source_area_m2": null, "STATION_NA": null, "EXIT_CODE": null, "INC_CRC": null, "FMEL_UPD_D": null, "BLK_NO": null, "ST_COD": null, "ENTITYID": null, "POSTAL_COD": null, "SHAPE.AREA": null, "SHAPE.LEN": null }, "geometry": { "type": "LineString", "coordinates": [ [ 103.8378867, 1.3693749 ], [ 103.8378693, 1.3693491 ] ] } },
{ "type": "Feature", "properties": { "name": null, "audit_layer": "network_uncovered_edge", "len_m": null, "is_covered": 0.0, "is_synthesized": null, "synth_class": null, "covered": null, "indoor": null, "tunnel": null, "bridge": null, "layer": null, "level": null, "highway": "footway", "footway": null, "length": 2.254, "length_m": null, "effective_len_m": 2.254, "dist_to_route_m": 61.490001171992702, "OBJECTID": null, "source_area_m2": null, "STATION_NA": null, "EXIT_CODE": null, "INC_CRC": null, "FMEL_UPD_D": null, "BLK_NO": null, "ST_COD": null, "ENTITYID": null, "POSTAL_COD": null, "SHAPE.AREA": null, "SHAPE.LEN": null }, "geometry": { "type": "LineString", "coordinates": [ [ 103.8378693, 1.3693491 ], [ 103.8378524, 1.3693379 ] ] } },
{ "type": "Feature", "properties": { "name": null, "audit_layer": "network_uncovered_edge", "len_m": null, "is_covered": 0.0, "is_synthesized": null, "synth_class": null, "covered": null, "indoor": null, "tunnel": null, "bridge": null, "layer": null, "level": null, "highway": "footway", "footway": null, "length": 2.355, "length_m": null, "effective_len_m": 2.355, "dist_to_route_m": 59.275019933274962, "OBJECTID": null, "source_area_m2": null, "STATION_NA": null, "EXIT_CODE": null, "INC_CRC": null, "FMEL_UPD_D": null, "BLK_NO": null, "ST_COD": null, "ENTITYID": null, "POSTAL_COD": null, "SHAPE.AREA": null, "SHAPE.LEN": null }, "geometry": { "type": "LineString", "coordinates": [ [ 103.8378524, 1.3693379 ], [ 103.8378323, 1.3693312 ] ] } },
{ "type": "Feature", "properties": { "name": null, "audit_layer": "network_uncovered_edge", "len_m": null, "is_covered": 0.0, "is_synthesized": null, "synth_class": null, "covered": null, "indoor": null, "tunnel": null, "bridge": null, "layer": null, "level": null, "highway": "footway", "footway": null, "length": 5.838, "length_m": null, "effective_len_m": 5.838, "dist_to_route_m": 53.70255884191932, "OBJECTID": null, "source_area_m2": null, "STATION_NA": null, "EXIT_CODE": null, "INC_CRC": null, "FMEL_UPD_D": null, "BLK_NO": null, "ST_COD": null, "ENTITYID": null, "POSTAL_COD": null, "SHAPE.AREA": null, "SHAPE.LEN": null }, "geometry": { "type": "LineString", "coordinates": [ [ 103.8378323, 1.3693312 ], [ 103.8377815, 1.3693179 ] ] } },
{ "type": "Feature", "properties": { "name": null, "audit_layer": "network_uncovered_edge", "len_m": null, "is_covered": 0.0, "is_synthesized": null, "synth_class": null, "covered": null, "indoor": null, "tunnel": null, "bridge": null, "layer": null, "level": null, "highway": "footway", "footway": null, "length": 2.48, "length_m": null, "effective_len_m": 2.48, "dist_to_route_m": 51.221973375441955, "OBJECTID": null, "source_area_m2": null, "STATION_NA": null, "EXIT_CODE": null, "INC_CRC": null, "FMEL_UPD_D": null, "BLK_NO": null, "ST_COD": null, "ENTITYID": null, "POSTAL_COD": null, "SHAPE.AREA": null, "SHAPE.LEN": null }, "geometry": { "type": "LineString", "coordinates": [ [ 103.8377815, 1.3693179 ], [ 103.8377592, 1.3693185 ] ] } },
{ "type": "Feature", "properties": { "name": null, "audit_layer": "network_uncovered_edge", "len_m": null, "is_covered": 0.0, "is_synthesized": null, "synth_class": null, "covered": null, "indoor": null, "tunnel": null, "bridge": null, "layer": null, "level": null, "highway": "footway", "footway": null, "length": 3.667, "length_m": null, "effective_len_m": 3.667, "dist_to_route_m": 47.658282657479511, "OBJECTID": null, "source_area_m2": null, "STATION_NA": null, "EXIT_CODE": null, "INC_CRC": null, "FMEL_UPD_D": null, "BLK_NO": null, "ST_COD": null, "ENTITYID": null, "POSTAL_COD": null, "SHAPE.AREA": null, "SHAPE.LEN": null }, "geometry": { "type": "LineString", "coordinates": [ [ 103.8377592, 1.3693185 ], [ 103.8377277, 1.3693283 ] ] } },
{ "type": "Feature", "properties": { "name": null, "audit_layer": "network_uncovered_edge", "len_m": null, "is_covered": 0.0, "is_synthesized": null, "synth_class": null, "covered": null, "indoor": null, "tunnel": null, "bridge": null, "layer": null, "level": null, "highway": "service", "footway": null, "length": 13.286, "length_m": null, "effective_len_m": 13.286, "dist_to_route_m": 77.552601563465331, "OBJECTID": null, "source_area_m2": null, "STATION_NA": null, "EXIT_CODE": null, "INC_CRC": null, "FMEL_UPD_D": null, "BLK_NO": null, "ST_COD": null, "ENTITYID": null, "POSTAL_COD": null, "SHAPE.AREA": null, "SHAPE.LEN": null }, "geometry": { "type": "LineString", "coordinates": [ [ 103.8369952, 1.3677988 ], [ 103.8369607, 1.3676844 ] ] } },
{ "type": "Feature", "properties": { "name": "Ang Mo Kio Avenue 1", "audit_layer": "network_uncovered_edge", "len_m": null, "is_covered": 0.0, "is_synthesized": null, "synth_class": null, "covered": null, "indoor": null, "tunnel": null, "bridge": null, "layer": null, "level": null, "highway": "primary", "footway": null, "length": 17.715, "length_m": null, "effective_len_m": 17.715, "dist_to_route_m": 19.063948272495569, "OBJECTID": null, "source_area_m2": null, "STATION_NA": null, "EXIT_CODE": null, "INC_CRC": null, "FMEL_UPD_D": null, "BLK_NO": null, "ST_COD": null, "ENTITYID": null, "POSTAL_COD": null, "SHAPE.AREA": null, "SHAPE.LEN": null }, "geometry": { "type": "LineString", "coordinates": [ [ 103.837119300000012, 1.3659894 ], [ 103.83697, 1.3660451 ] ] } },
{ "type": "Feature", "properties": { "name": "Ang Mo Kio Avenue 3", "audit_layer": "network_uncovered_edge", "len_m": null, "is_covered": 0.0, "is_synthesized": null, "synth_class": null, "covered": null, "indoor": null, "tunnel": null, "bridge": null, "layer": null, "level": null, "highway": "primary", "footway": null, "length": 6.939, "length_m": null, "effective_len_m": 6.939, "dist_to_route_m": 6.4796912838508351, "OBJECTID": null, "source_area_m2": null, "STATION_NA": null, "EXIT_CODE": null, "INC_CRC": null, "FMEL_UPD_D": null, "BLK_NO": null, "ST_COD": null, "ENTITYID": null, "POSTAL_COD": null, "SHAPE.AREA": null, "SHAPE.LEN": null }, "geometry": { "type": "LineString", "coordinates": [ [ 103.836476, 1.3686686 ], [ 103.8365114, 1.36872 ] ] } },
{ "type": "Feature", "properties": { "name": "Ang Mo Kio Avenue 3", "audit_layer": "network_uncovered_edge", "len_m": null, "is_covered": 0.0, "is_synthesized": null, "synth_class": null, "covered": null, "indoor": null, "tunnel": null, "bridge": null, "layer": null, "level": null, "highway": "primary", "footway": null, "length": 14.518, "length_m": null, "effective_len_m": 14.518, "dist_to_route_m": 6.1594490755020193, "OBJECTID": null, "source_area_m2": null, "STATION_NA": null, "EXIT_CODE": null, "INC_CRC": null, "FMEL_UPD_D": null, "BLK_NO": null, "ST_COD": null, "ENTITYID": null, "POSTAL_COD": null, "SHAPE.AREA": null, "SHAPE.LEN": null }, "geometry": { "type": "LineString", "coordinates": [ [ 103.8365114, 1.36872 ], [ 103.8365962, 1.3688193 ] ] } },
{ "type": "Feature", "properties": { "name": "Ang Mo Kio Avenue 3", "audit_layer": "network_uncovered_edge", "len_m": null, "is_covered": 0.0, "is_synthesized": null, "synth_class": null, "covered": null, "indoor": null, "tunnel": null, "bridge": null, "layer": null, "level": null, "highway": "primary", "footway": null, "length": 39.34, "length_m": null, "effective_len_m": 39.34, "dist_to_route_m": 6.2947814660958281, "OBJECTID": null, "source_area_m2": null, "STATION_NA": null, "EXIT_CODE": null, "INC_CRC": null, "FMEL_UPD_D": null, "BLK_NO": null, "ST_COD": null, "ENTITYID": null, "POSTAL_COD": null, "SHAPE.AREA": null, "SHAPE.LEN": null }, "geometry": { "type": "LineString", "coordinates": [ [ 103.8365962, 1.3688193 ], [ 103.8368318, 1.3690833 ] ] } },
{ "type": "Feature", "properties": { "name": "Ang Mo Kio Avenue 4", "audit_layer": "network_uncovered_edge", "len_m": null, "is_covered": 0.0, "is_synthesized": null, "synth_class": null, "covered": null, "indoor": null, "tunnel": null, "bridge": null, "layer": null, "level": null, "highway": "secondary", "footway": null, "length": 22.912, "length_m": null, "effective_len_m": 22.912, "dist_to_route_m": 7.2128401827937827, "OBJECTID": null, "source_area_m2": null, "STATION_NA": null, "EXIT_CODE": null, "INC_CRC": null, "FMEL_UPD_D": null, "BLK_NO": null, "ST_COD": null, "ENTITYID": null, "POSTAL_COD": null, "SHAPE.AREA": null, "SHAPE.LEN": null }, "geometry": { "type": "LineString", "coordinates": [ [ 103.8368147, 1.3700409 ], [ 103.8367151, 1.3702213 ] ] } },
{ "type": "Feature", "properties": { "name": null, "audit_layer": "network_uncovered_edge", "len_m": null, "is_covered": 0.0, "is_synthesized": null, "synth_class": null, "covered": null, "indoor": null, "tunnel": null, "bridge": null, "layer": null, "level": null, "highway": "footway", "footway": null, "length": 53.175, "length_m": null, "effective_len_m": 53.175, "dist_to_route_m": 57.346805091473364, "OBJECTID": null, "source_area_m2": null, "STATION_NA": null, "EXIT_CODE": null, "INC_CRC": null, "FMEL_UPD_D": null, "BLK_NO": null, "ST_COD": null, "ENTITYID": null, "POSTAL_COD": null, "SHAPE.AREA": null, "SHAPE.LEN": null }, "geometry": { "type": "LineString", "coordinates": [ [ 103.835751, 1.3710164 ], [ 103.8362253, 1.3710785 ] ] } },
{ "type": "Feature", "properties": { "name": null, "audit_layer": "network_uncovered_edge", "len_m": null, "is_covered": 0.0, "is_synthesized": null, "synth_class": null, "covered": null, "indoor": null, "tunnel": null, "bridge": null, "layer": null, "level": null, "highway": "footway", "footway": null, "length": 8.485, "length_m": null, "effective_len_m": 8.485, "dist_to_route_m": 51.477479544712864, "OBJECTID": null, "source_area_m2": null, "STATION_NA": null, "EXIT_CODE": null, "INC_CRC": null, "FMEL_UPD_D": null, "BLK_NO": null, "ST_COD": null, "ENTITYID": null, "POSTAL_COD": null, "SHAPE.AREA": null, "SHAPE.LEN": null }, "geometry": { "type": "LineString", "coordinates": [ [ 103.8362253, 1.3710785 ], [ 103.8363003, 1.3710927 ] ] } },
{ "type": "Feature", "properties": { "name": null, "audit_layer": "network_uncovered_edge", "len_m": null, "is_covered": 0.0, "is_synthesized": null, "synth_class": null, "covered": null, "indoor": null, "tunnel": null, "bridge": null, "layer": null, "level": null, "highway": "footway", "footway": null, "length": 12.693, "length_m": null, "effective_len_m": 12.693, "dist_to_route_m": 44.310321126672221, "OBJECTID": null, "source_area_m2": null, "STATION_NA": null, "EXIT_CODE": null, "INC_CRC": null, "FMEL_UPD_D": null, "BLK_NO": null, "ST_COD": null, "ENTITYID": null, "POSTAL_COD": null, "SHAPE.AREA": null, "SHAPE.LEN": null }, "geometry": { "type": "LineString", "coordinates": [ [ 103.8363003, 1.3710927 ], [ 103.8364125, 1.3711139 ] ] } },
{ "type": "Feature", "properties": { "name": null, "audit_layer": "network_uncovered_edge", "len_m": null, "is_covered": 0.0, "is_synthesized": null, "synth_class": null, "covered": null, "indoor": null, "tunnel": null, "bridge": null, "layer": null, "level": null, "highway": "footway", "footway": null, "length": 25.903, "length_m": null, "effective_len_m": 25.903, "dist_to_route_m": 39.199585273347942, "OBJECTID": null, "source_area_m2": null, "STATION_NA": null, "EXIT_CODE": null, "INC_CRC": null, "FMEL_UPD_D": null, "BLK_NO": null, "ST_COD": null, "ENTITYID": null, "POSTAL_COD": null, "SHAPE.AREA": null, "SHAPE.LEN": null }, "geometry": { "type": "LineString", "coordinates": [ [ 103.836708, 1.3711512 ], [ 103.836941, 1.3711538 ] ] } },
{ "type": "Feature", "properties": { "name": null, "audit_layer": "network_uncovered_edge", "len_m": null, "is_covered": 0.0, "is_synthesized": null, "synth_class": null, "covered": null, "indoor": null, "tunnel": null, "bridge": null, "layer": null, "level": null, "highway": "footway", "footway": null, "length": 38.204, "length_m": null, "effective_len_m": 38.204, "dist_to_route_m": 50.084077888129514, "OBJECTID": null, "source_area_m2": null, "STATION_NA": null, "EXIT_CODE": null, "INC_CRC": null, "FMEL_UPD_D": null, "BLK_NO": null, "ST_COD": null, "ENTITYID": null, "POSTAL_COD": null, "SHAPE.AREA": null, "SHAPE.LEN": null }, "geometry": { "type": "LineString", "coordinates": [ [ 103.836941, 1.3711538 ], [ 103.837282900000019, 1.3711887 ] ] } },
{ "type": "Feature", "properties": { "name": null, "audit_layer": "network_uncovered_edge", "len_m": null, "is_covered": 0.0, "is_synthesized": null, "synth_class": null, "covered": null, "indoor": null, "tunnel": null, "bridge": null, "layer": null, "level": null, "highway": "footway", "footway": null, "length": 37.175, "length_m": null, "effective_len_m": 37.175, "dist_to_route_m": 9.2202677872276553, "OBJECTID": null, "source_area_m2": null, "STATION_NA": null, "EXIT_CODE": null, "INC_CRC": null, "FMEL_UPD_D": null, "BLK_NO": null, "ST_COD": null, "ENTITYID": null, "POSTAL_COD": null, "SHAPE.AREA": null, "SHAPE.LEN": null }, "geometry": { "type": "LineString", "coordinates": [ [ 103.8371015, 1.3662834 ], [ 103.8372124, 1.3665988 ] ] } },
{ "type": "Feature", "properties": { "name": null, "audit_layer": "network_uncovered_edge", "len_m": null, "is_covered": 0.0, "is_synthesized": null, "synth_class": null, "covered": null, "indoor": null, "tunnel": null, "bridge": null, "layer": null, "level": null, "highway": "footway", "footway": null, "length": 52.405, "length_m": null, "effective_len_m": 52.405, "dist_to_route_m": 19.740033599560885, "OBJECTID": null, "source_area_m2": null, "STATION_NA": null, "EXIT_CODE": null, "INC_CRC": null, "FMEL_UPD_D": null, "BLK_NO": null, "ST_COD": null, "ENTITYID": null, "POSTAL_COD": null, "SHAPE.AREA": null, "SHAPE.LEN": null }, "geometry": { "type": "LineString", "coordinates": [ [ 103.8372124, 1.3665988 ], [ 103.8373688, 1.3670434 ] ] } },
{ "type": "Feature", "properties": { "name": null, "audit_layer": "network_uncovered_edge", "len_m": null, "is_covered": 0.0, "is_synthesized": null, "synth_class": null, "covered": null, "indoor": null, "tunnel": null, "bridge": null, "layer": null, "level": null, "highway": "footway", "footway": null, "length": 8.43, "length_m": null, "effective_len_m": 8.43, "dist_to_route_m": 48.176147533850234, "OBJECTID": null, "source_area_m2": null, "STATION_NA": null, "EXIT_CODE": null, "INC_CRC": null, "FMEL_UPD_D": null, "BLK_NO": null, "ST_COD": null, "ENTITYID": null, "POSTAL_COD": null, "SHAPE.AREA": null, "SHAPE.LEN": null }, "geometry": { "type": "LineString", "coordinates": [ [ 103.8373688, 1.3670434 ], [ 103.837394, 1.3671149 ] ] } },
{ "type": "Feature", "properties": { "name": null, "audit_layer": "network_uncovered_edge", "len_m": null, "is_covered": 0.0, "is_synthesized": null, "synth_class": null, "covered": null, "indoor": null, "tunnel": null, "bridge": null, "layer": null, "level": null, "highway": "footway", "footway": null, "length": 44.134, "length_m": null, "effective_len_m": 44.134, "dist_to_route_m": 55.606271989982744, "OBJECTID": null, "source_area_m2": null, "STATION_NA": null, "EXIT_CODE": null, "INC_CRC": null, "FMEL_UPD_D": null, "BLK_NO": null, "ST_COD": null, "ENTITYID": null, "POSTAL_COD": null, "SHAPE.AREA": null, "SHAPE.LEN": null }, "geometry": { "type": "LineString", "coordinates": [ [ 103.837394, 1.3671149 ], [ 103.8374989, 1.3674977 ] ] } },
{ "type": "Feature", "properties": { "name": null, "audit_layer": "network_uncovered_edge", "len_m": null, "is_covered": 0.0, "is_synthesized": null, "synth_class": null, "covered": null, "indoor": null, "tunnel": null, "bridge": null, "layer": null, "level": null, "highway": "footway", "footway": null, "length": 93.193, "length_m": null, "effective_len_m": 93.193, "dist_to_route_m": 32.723068807535952, "OBJECTID": null, "source_area_m2": null, "STATION_NA": null, "EXIT_CODE": null, "INC_CRC": null, "FMEL_UPD_D": null, "BLK_NO": null, "ST_COD": null, "ENTITYID": null, "POSTAL_COD": null, "SHAPE.AREA": null, "SHAPE.LEN": null }, "geometry": { "type": "LineString", "coordinates": [ [ 103.8370094, 1.3687519 ], [ 103.8374989, 1.3680715 ] ] } },
{ "type": "Feature", "properties": { "name": null, "audit_layer": "network_uncovered_edge", "len_m": null, "is_covered": 0.0, "is_synthesized": null, "synth_class": null, "covered": null, "indoor": null, "tunnel": null, "bridge": null, "layer": null, "level": null, "highway": "steps", "footway": null, "length": 7.563, "length_m": null, "effective_len_m": 7.563, "dist_to_route_m": 64.1826954226417, "OBJECTID": null, "source_area_m2": null, "STATION_NA": null, "EXIT_CODE": null, "INC_CRC": null, "FMEL_UPD_D": null, "BLK_NO": null, "ST_COD": null, "ENTITYID": null, "POSTAL_COD": null, "SHAPE.AREA": null, "SHAPE.LEN": null }, "geometry": { "type": "LineString", "coordinates": [ [ 103.8372848, 1.3672944 ], [ 103.8372198, 1.3673145 ] ] } },
{ "type": "Feature", "properties": { "name": null, "audit_layer": "network_uncovered_edge", "len_m": null, "is_covered": 0.0, "is_synthesized": null, "synth_class": null, "covered": null, "indoor": null, "tunnel": null, "bridge": null, "layer": null, "level": null, "highway": "footway", "footway": null, "length": 7.857, "length_m": null, "effective_len_m": 7.857, "dist_to_route_m": 23.688528224046539, "OBJECTID": null, "source_area_m2": null, "STATION_NA": null, "EXIT_CODE": null, "INC_CRC": null, "FMEL_UPD_D": null, "BLK_NO": null, "ST_COD": null, "ENTITYID": null, "POSTAL_COD": null, "SHAPE.AREA": null, "SHAPE.LEN": null }, "geometry": { "type": "LineString", "coordinates": [ [ 103.837165, 1.3669334 ], [ 103.837232, 1.3669109 ] ] } },
{ "type": "Feature", "properties": { "name": null, "audit_layer": "network_uncovered_edge", "len_m": null, "is_covered": 0.0, "is_synthesized": null, "synth_class": null, "covered": null, "indoor": null, "tunnel": null, "bridge": null, "layer": null, "level": null, "highway": "footway", "footway": null, "length": 7.881, "length_m": null, "effective_len_m": 7.881, "dist_to_route_m": 16.253571404322319, "OBJECTID": null, "source_area_m2": null, "STATION_NA": null, "EXIT_CODE": null, "INC_CRC": null, "FMEL_UPD_D": null, "BLK_NO": null, "ST_COD": null, "ENTITYID": null, "POSTAL_COD": null, "SHAPE.AREA": null, "SHAPE.LEN": null }, "geometry": { "type": "LineString", "coordinates": [ [ 103.837141800000012, 1.3668654 ], [ 103.8372096, 1.3668447 ] ] } },
{ "type": "Feature", "properties": { "name": null, "audit_layer": "network_uncovered_edge", "len_m": null, "is_covered": 0.0, "is_synthesized": null, "synth_class": null, "covered": null, "indoor": null, "tunnel": null, "bridge": null, "layer": null, "level": null, "highway": "steps", "footway": null, "length": 7.283, "length_m": null, "effective_len_m": 7.283, "dist_to_route_m": 16.270266964140994, "OBJECTID": null, "source_area_m2": null, "STATION_NA": null, "EXIT_CODE": null, "INC_CRC": null, "FMEL_UPD_D": null, "BLK_NO": null, "ST_COD": null, "ENTITYID": null, "POSTAL_COD": null, "SHAPE.AREA": null, "SHAPE.LEN": null }, "geometry": { "type": "LineString", "coordinates": [ [ 103.837085, 1.3669018 ], [ 103.8371466, 1.3668795 ] ] } },
{ "type": "Feature", "properties": { "name": null, "audit_layer": "network_uncovered_edge", "len_m": null, "is_covered": 0.0, "is_synthesized": null, "synth_class": null, "covered": null, "indoor": null, "tunnel": null, "bridge": null, "layer": null, "level": null, "highway": "footway", "footway": null, "length": 7.817, "length_m": null, "effective_len_m": 7.817, "dist_to_route_m": 7.0463714340742039, "OBJECTID": null, "source_area_m2": null, "STATION_NA": null, "EXIT_CODE": null, "INC_CRC": null, "FMEL_UPD_D": null, "BLK_NO": null, "ST_COD": null, "ENTITYID": null, "POSTAL_COD": null, "SHAPE.AREA": null, "SHAPE.LEN": null }, "geometry": { "type": "LineString", "coordinates": [ [ 103.837061, 1.3666282 ], [ 103.8371282, 1.3666075 ] ] } },
{ "type": "Feature", "properties": { "name": null, "audit_layer": "network_uncovered_edge", "len_m": null, "is_covered": 0.0, "is_synthesized": null, "synth_class": null, "covered": null, "indoor": null, "tunnel": null, "bridge": null, "layer": null, "level": null, "highway": "footway", "footway": null, "length": 7.574, "length_m": null, "effective_len_m": 7.574, "dist_to_route_m": 0.0, "OBJECTID": null, "source_area_m2": null, "STATION_NA": null, "EXIT_CODE": null, "INC_CRC": null, "FMEL_UPD_D": null, "BLK_NO": null, "ST_COD": null, "ENTITYID": null, "POSTAL_COD": null, "SHAPE.AREA": null, "SHAPE.LEN": null }, "geometry": { "type": "LineString", "coordinates": [ [ 103.8370199, 1.3665074 ], [ 103.8370834, 1.3664827 ] ] } },
{ "type": "Feature", "properties": { "name": null, "audit_layer": "network_uncovered_edge", "len_m": null, "is_covered": 0.0, "is_synthesized": null, "synth_class": null, "covered": null, "indoor": null, "tunnel": null, "bridge": null, "layer": null, "level": null, "highway": "steps", "footway": null, "length": 7.328, "length_m": null, "effective_len_m": 7.328, "dist_to_route_m": 0.0, "OBJECTID": null, "source_area_m2": null, "STATION_NA": null, "EXIT_CODE": null, "INC_CRC": null, "FMEL_UPD_D": null, "BLK_NO": null, "ST_COD": null, "ENTITYID": null, "POSTAL_COD": null, "SHAPE.AREA": null, "SHAPE.LEN": null }, "geometry": { "type": "LineString", "coordinates": [ [ 103.8370306, 1.3665389 ], [ 103.8369685, 1.366561 ] ] } },
{ "type": "Feature", "properties": { "name": null, "audit_layer": "network_uncovered_edge", "len_m": null, "is_covered": 0.0, "is_synthesized": null, "synth_class": null, "covered": null, "indoor": null, "tunnel": null, "bridge": null, "layer": null, "level": null, "highway": "footway", "footway": null, "length": 3.634, "length_m": null, "effective_len_m": 3.634, "dist_to_route_m": 18.065183301684698, "OBJECTID": null, "source_area_m2": null, "STATION_NA": null, "EXIT_CODE": null, "INC_CRC": null, "FMEL_UPD_D": null, "BLK_NO": null, "ST_COD": null, "ENTITYID": null, "POSTAL_COD": null, "SHAPE.AREA": null, "SHAPE.LEN": null }, "geometry": { "type": "LineString", "coordinates": [ [ 103.8372124, 1.3665988 ], [ 103.837181, 1.3666079 ] ] } },
{ "type": "Feature", "properties": { "name": null, "audit_layer": "network_uncovered_edge", "len_m": null, "is_covered": 0.0, "is_synthesized": null, "synth_class": null, "covered": null, "indoor": null, "tunnel": null, "bridge": null, "layer": null, "level": null, "highway": "footway", "footway": null, "length": 4.816, "length_m": null, "effective_len_m": 4.816, "dist_to_route_m": 45.90489049089593, "OBJECTID": null, "source_area_m2": null, "STATION_NA": null, "EXIT_CODE": null, "INC_CRC": null, "FMEL_UPD_D": null, "BLK_NO": null, "ST_COD": null, "ENTITYID": null, "POSTAL_COD": null, "SHAPE.AREA": null, "SHAPE.LEN": null }, "geometry": { "type": "LineString", "coordinates": [ [ 103.8373278, 1.3670574 ], [ 103.8373688, 1.3670434 ] ] } },
{ "type": "Feature", "properties": { "name": null, "audit_layer": "network_uncovered_edge", "len_m": null, "is_covered": 0.0, "is_synthesized": null, "synth_class": null, "covered": null, "indoor": null, "tunnel": null, "bridge": null, "layer": null, "level": null, "highway": "footway", "footway": null, "length": 7.627, "length_m": null, "effective_len_m": 7.627, "dist_to_route_m": 63.513372265454358, "OBJECTID": null, "source_area_m2": null, "STATION_NA": null, "EXIT_CODE": null, "INC_CRC": null, "FMEL_UPD_D": null, "BLK_NO": null, "ST_COD": null, "ENTITYID": null, "POSTAL_COD": null, "SHAPE.AREA": null, "SHAPE.LEN": null }, "geometry": { "type": "LineString", "coordinates": [ [ 103.8375311, 1.3660544 ], [ 103.8375086, 1.3659896 ] ] } },
{ "type": "Feature", "properties": { "name": null, "audit_layer": "network_uncovered_edge", "len_m": null, "is_covered": 0.0, "is_synthesized": null, "synth_class": null, "covered": null, "indoor": null, "tunnel": null, "bridge": null, "layer": null, "level": null, "highway": "footway", "footway": null, "length": 2.565, "length_m": null, "effective_len_m": 2.565, "dist_to_route_m": 0.35893663104868406, "OBJECTID": null, "source_area_m2": null, "STATION_NA": null, "EXIT_CODE": null, "INC_CRC": null, "FMEL_UPD_D": null, "BLK_NO": null, "ST_COD": null, "ENTITYID": null, "POSTAL_COD": null, "SHAPE.AREA": null, "SHAPE.LEN": null }, "geometry": { "type": "LineString", "coordinates": [ [ 103.8364473, 1.3663544 ], [ 103.8364528, 1.3663768 ] ] } },
{ "type": "Feature", "properties": { "name": null, "audit_layer": "network_uncovered_edge", "len_m": null, "is_covered": 0.0, "is_synthesized": null, "synth_class": null, "covered": null, "indoor": null, "tunnel": null, "bridge": null, "layer": null, "level": null, "highway": "footway", "footway": null, "length": 7.681, "length_m": null, "effective_len_m": 7.681, "dist_to_route_m": 2.8984050882530665, "OBJECTID": null, "source_area_m2": null, "STATION_NA": null, "EXIT_CODE": null, "INC_CRC": null, "FMEL_UPD_D": null, "BLK_NO": null, "ST_COD": null, "ENTITYID": null, "POSTAL_COD": null, "SHAPE.AREA": null, "SHAPE.LEN": null }, "geometry": { "type": "LineString", "coordinates": [ [ 103.8364528, 1.3663768 ], [ 103.8365185, 1.3663554 ] ] } },
{ "type": "Feature", "properties": { "name": null, "audit_layer": "network_uncovered_edge", "len_m": null, "is_covered": 0.0, "is_synthesized": null, "synth_class": null, "covered": null, "indoor": null, "tunnel": null, "bridge": null, "layer": null, "level": null, "highway": "footway", "footway": null, "length": 4.554, "length_m": null, "effective_len_m": 4.554, "dist_to_route_m": 2.9635857287828742, "OBJECTID": null, "source_area_m2": null, "STATION_NA": null, "EXIT_CODE": null, "INC_CRC": null, "FMEL_UPD_D": null, "BLK_NO": null, "ST_COD": null, "ENTITYID": null, "POSTAL_COD": null, "SHAPE.AREA": null, "SHAPE.LEN": null }, "geometry": { "type": "LineString", "coordinates": [ [ 103.8365185, 1.3663554 ], [ 103.8365307, 1.3663945 ] ] } },
{ "type": "Feature", "properties": { "name": null, "audit_layer": "network_uncovered_edge", "len_m": null, "is_covered": 0.0, "is_synthesized": null, "synth_class": null, "covered": null, "indoor": null, "tunnel": null, "bridge": null, "layer": null, "level": null, "highway": "footway", "footway": null, "length": 4.332, "length_m": null, "effective_len_m": 4.332, "dist_to_route_m": 2.9357909165121181, "OBJECTID": null, "source_area_m2": null, "STATION_NA": null, "EXIT_CODE": null, "INC_CRC": null, "FMEL_UPD_D": null, "BLK_NO": null, "ST_COD": null, "ENTITYID": null, "POSTAL_COD": null, "SHAPE.AREA": null, "SHAPE.LEN": null }, "geometry": { "type": "LineString", "coordinates": [ [ 103.8361256, 1.3665333 ], [ 103.8361128, 1.3664965 ] ] } },
{ "type": "Feature", "properties": { "name": null, "audit_layer": "network_uncovered_edge", "len_m": null, "is_covered": 0.0, "is_synthesized": null, "synth_class": null, "covered": null, "indoor": null, "tunnel": null, "bridge": null, "layer": null, "level": null, "highway": "footway", "footway": null, "length": 3.693, "length_m": null, "effective_len_m": 3.693, "dist_to_route_m": 2.7805190634208214, "OBJECTID": null, "source_area_m2": null, "STATION_NA": null, "EXIT_CODE": null, "INC_CRC": null, "FMEL_UPD_D": null, "BLK_NO": null, "ST_COD": null, "ENTITYID": null, "POSTAL_COD": null, "SHAPE.AREA": null, "SHAPE.LEN": null }, "geometry": { "type": "LineString", "coordinates": [ [ 103.8361128, 1.3664965 ], [ 103.836144, 1.3664851 ] ] } },
{ "type": "Feature", "properties": { "name": null, "audit_layer": "network_uncovered_edge", "len_m": null, "is_covered": 0.0, "is_synthesized": null, "synth_class": null, "covered": null, "indoor": null, "tunnel": null, "bridge": null, "layer": null, "level": null, "highway": "footway", "footway": null, "length": 2.823, "length_m": null, "effective_len_m": 2.823, "dist_to_route_m": 0.0, "OBJECTID": null, "source_area_m2": null, "STATION_NA": null, "EXIT_CODE": null, "INC_CRC": null, "FMEL_UPD_D": null, "BLK_NO": null, "ST_COD": null, "ENTITYID": null, "POSTAL_COD": null, "SHAPE.AREA": null, "SHAPE.LEN": null }, "geometry": { "type": "LineString", "coordinates": [ [ 103.836144, 1.3664851 ], [ 103.836137, 1.3664607 ] ] } },
{ "type": "Feature", "properties": { "name": null, "audit_layer": "network_covered_edge", "len_m": null, "is_covered": 1.0, "is_synthesized": null, "synth_class": null, "covered": "yes", "indoor": null, "tunnel": null, "bridge": "yes", "layer": "1", "level": null, "highway": "steps", "footway": null, "length": 8.318, "length_m": null, "effective_len_m": 8.318, "dist_to_route_m": 14.094105769525301, "OBJECTID": null, "source_area_m2": null, "STATION_NA": null, "EXIT_CODE": null, "INC_CRC": null, "FMEL_UPD_D": null, "BLK_NO": null, "ST_COD": null, "ENTITYID": null, "POSTAL_COD": null, "SHAPE.AREA": null, "SHAPE.LEN": null }, "geometry": { "type": "LineString", "coordinates": [ [ 103.8366882, 1.3686427 ], [ 103.8367418, 1.3686949 ] ] } },
{ "type": "Feature", "properties": { "name": null, "audit_layer": "network_covered_edge", "len_m": null, "is_covered": 1.0, "is_synthesized": null, "synth_class": null, "covered": "yes", "indoor": null, "tunnel": null, "bridge": "yes", "layer": "1", "level": null, "highway": "steps", "footway": null, "length": 3.438, "length_m": null, "effective_len_m": 3.438, "dist_to_route_m": 11.54611509199956, "OBJECTID": null, "source_area_m2": null, "STATION_NA": null, "EXIT_CODE": null, "INC_CRC": null, "FMEL_UPD_D": null, "BLK_NO": null, "ST_COD": null, "ENTITYID": null, "POSTAL_COD": null, "SHAPE.AREA": null, "SHAPE.LEN": null }, "geometry": { "type": "LineString", "coordinates": [ [ 103.8367418, 1.3686949 ], [ 103.8367163, 1.3687124 ] ] } },
{ "type": "Feature", "properties": { "name": null, "audit_layer": "network_covered_edge", "len_m": null, "is_covered": 1.0, "is_synthesized": null, "synth_class": null, "covered": "yes", "indoor": null, "tunnel": null, "bridge": "yes", "layer": "1", "level": null, "highway": "steps", "footway": null, "length": 4.913, "length_m": null, "effective_len_m": 4.913, "dist_to_route_m": 11.518217386497513, "OBJECTID": null, "source_area_m2": null, "STATION_NA": null, "EXIT_CODE": null, "INC_CRC": null, "FMEL_UPD_D": null, "BLK_NO": null, "ST_COD": null, "ENTITYID": null, "POSTAL_COD": null, "SHAPE.AREA": null, "SHAPE.LEN": null }, "geometry": { "type": "LineString", "coordinates": [ [ 103.8367163, 1.3687124 ], [ 103.8366868, 1.3686795 ] ] } },
{ "type": "Feature", "properties": { "name": null, "audit_layer": "network_covered_edge", "len_m": null, "is_covered": 1.0, "is_synthesized": null, "synth_class": null, "covered": "yes", "indoor": null, "tunnel": null, "bridge": "yes", "layer": "1", "level": null, "highway": "footway", "footway": null, "length": 34.905, "length_m": null, "effective_len_m": 34.905, "dist_to_route_m": 0.0, "OBJECTID": null, "source_area_m2": null, "STATION_NA": null, "EXIT_CODE": null, "INC_CRC": null, "FMEL_UPD_D": null, "BLK_NO": null, "ST_COD": null, "ENTITYID": null, "POSTAL_COD": null, "SHAPE.AREA": null, "SHAPE.LEN": null }, "geometry": { "type": "LineString", "coordinates": [ [ 103.8364401, 1.3688351 ], [ 103.8366882, 1.3686427 ] ] } },
{ "type": "Feature", "properties": { "name": null, "audit_layer": "network_uncovered_edge", "len_m": null, "is_covered": 0.0, "is_synthesized": null, "synth_class": null, "covered": null, "indoor": null, "tunnel": null, "bridge": null, "layer": null, "level": null, "highway": "service", "footway": null, "length": 7.929, "length_m": null, "effective_len_m": 7.929, "dist_to_route_m": 62.749551945358021, "OBJECTID": null, "source_area_m2": null, "STATION_NA": null, "EXIT_CODE": null, "INC_CRC": null, "FMEL_UPD_D": null, "BLK_NO": null, "ST_COD": null, "ENTITYID": null, "POSTAL_COD": null, "SHAPE.AREA": null, "SHAPE.LEN": null }, "geometry": { "type": "LineString", "coordinates": [ [ 103.836246, 1.3700747 ], [ 103.8362305, 1.3701443 ] ] } },
{ "type": "Feature", "properties": { "name": null, "audit_layer": "network_uncovered_edge", "len_m": null, "is_covered": 0.0, "is_synthesized": null, "synth_class": null, "covered": null, "indoor": null, "tunnel": null, "bridge": null, "layer": null, "level": null, "highway": "service", "footway": null, "length": 11.452, "length_m": null, "effective_len_m": 11.452, "dist_to_route_m": 61.588953720300069, "OBJECTID": null, "source_area_m2": null, "STATION_NA": null, "EXIT_CODE": null, "INC_CRC": null, "FMEL_UPD_D": null, "BLK_NO": null, "ST_COD": null, "ENTITYID": null, "POSTAL_COD": null, "SHAPE.AREA": null, "SHAPE.LEN": null }, "geometry": { "type": "LineString", "coordinates": [ [ 103.8362305, 1.3701443 ], [ 103.836208, 1.3702448 ] ] } },
{ "type": "Feature", "properties": { "name": null, "audit_layer": "network_uncovered_edge", "len_m": null, "is_covered": 0.0, "is_synthesized": null, "synth_class": null, "covered": null, "indoor": null, "tunnel": null, "bridge": null, "layer": null, "level": null, "highway": "footway", "footway": "crossing", "length": 7.745, "length_m": null, "effective_len_m": 7.745, "dist_to_route_m": 30.032415392124527, "OBJECTID": null, "source_area_m2": null, "STATION_NA": null, "EXIT_CODE": null, "INC_CRC": null, "FMEL_UPD_D": null, "BLK_NO": null, "ST_COD": null, "ENTITYID": null, "POSTAL_COD": null, "SHAPE.AREA": null, "SHAPE.LEN": null }, "geometry": { "type": "LineString", "coordinates": [ [ 103.835793, 1.3676818 ], [ 103.835774300000011, 1.3676147 ] ] } },
{ "type": "Feature", "properties": { "name": null, "audit_layer": "network_uncovered_edge", "len_m": null, "is_covered": 0.0, "is_synthesized": null, "synth_class": null, "covered": null, "indoor": null, "tunnel": null, "bridge": null, "layer": null, "level": null, "highway": "footway", "footway": "crossing", "length": 10.068, "length_m": null, "effective_len_m": 10.068, "dist_to_route_m": 29.323899974809024, "OBJECTID": null, "source_area_m2": null, "STATION_NA": null, "EXIT_CODE": null, "INC_CRC": null, "FMEL_UPD_D": null, "BLK_NO": null, "ST_COD": null, "ENTITYID": null, "POSTAL_COD": null, "SHAPE.AREA": null, "SHAPE.LEN": null }, "geometry": { "type": "LineString", "coordinates": [ [ 103.835774300000011, 1.3676147 ], [ 103.8357514, 1.3675271 ] ] } },
{ "type": "Feature", "properties": { "name": null, "audit_layer": "network_uncovered_edge", "len_m": null, "is_covered": 0.0, "is_synthesized": null, "synth_class": null, "covered": null, "indoor": null, "tunnel": null, "bridge": null, "layer": null, "level": null, "highway": "footway", "footway": null, "length": 13.71, "length_m": null, "effective_len_m": 13.71, "dist_to_route_m": 77.630372322893038, "OBJECTID": null, "source_area_m2": null, "STATION_NA": null, "EXIT_CODE": null, "INC_CRC": null, "FMEL_UPD_D": null, "BLK_NO": null, "ST_COD": null, "ENTITYID": null, "POSTAL_COD": null, "SHAPE.AREA": null, "SHAPE.LEN": null }, "geometry": { "type": "LineString", "coordinates": [ [ 103.8362074, 1.3714644 ], [ 103.8362159, 1.3713414 ] ] } },
{ "type": "Feature", "properties": { "name": null, "audit_layer": "network_uncovered_edge", "len_m": null, "is_covered": 0.0, "is_synthesized": null, "synth_class": null, "covered": null, "indoor": null, "tunnel": null, "bridge": null, "layer": null, "level": null, "highway": "footway", "footway": null, "length": 10.89, "length_m": null, "effective_len_m": 10.89, "dist_to_route_m": 69.1048815692874, "OBJECTID": null, "source_area_m2": null, "STATION_NA": null, "EXIT_CODE": null, "INC_CRC": null, "FMEL_UPD_D": null, "BLK_NO": null, "ST_COD": null, "ENTITYID": null, "POSTAL_COD": null, "SHAPE.AREA": null, "SHAPE.LEN": null }, "geometry": { "type": "LineString", "coordinates": [ [ 103.8362159, 1.3713414 ], [ 103.8362227, 1.3712437 ] ] } },
{ "type": "Feature", "properties": { "name": null, "audit_layer": "network_uncovered_edge", "len_m": null, "is_covered": 0.0, "is_synthesized": null, "synth_class": null, "covered": null, "indoor": null, "tunnel": null, "bridge": null, "layer": null, "level": null, "highway": "footway", "footway": null, "length": 2.05, "length_m": null, "effective_len_m": 2.05, "dist_to_route_m": 69.1048815692874, "OBJECTID": null, "source_area_m2": null, "STATION_NA": null, "EXIT_CODE": null, "INC_CRC": null, "FMEL_UPD_D": null, "BLK_NO": null, "ST_COD": null, "ENTITYID": null, "POSTAL_COD": null, "SHAPE.AREA": null, "SHAPE.LEN": null }, "geometry": { "type": "LineString", "coordinates": [ [ 103.8362227, 1.3712437 ], [ 103.8362045, 1.3712407 ] ] } },
{ "type": "Feature", "properties": { "name": null, "audit_layer": "network_uncovered_edge", "len_m": null, "is_covered": 0.0, "is_synthesized": null, "synth_class": null, "covered": null, "indoor": null, "tunnel": null, "bridge": null, "layer": null, "level": null, "highway": "footway", "footway": null, "length": 2.512, "length_m": null, "effective_len_m": 2.512, "dist_to_route_m": 68.384270522985219, "OBJECTID": null, "source_area_m2": null, "STATION_NA": null, "EXIT_CODE": null, "INC_CRC": null, "FMEL_UPD_D": null, "BLK_NO": null, "ST_COD": null, "ENTITYID": null, "POSTAL_COD": null, "SHAPE.AREA": null, "SHAPE.LEN": null }, "geometry": { "type": "LineString", "coordinates": [ [ 103.8362045, 1.3712407 ], [ 103.8362074, 1.3712183 ] ] } },
{ "type": "Feature", "properties": { "name": null, "audit_layer": "network_uncovered_edge", "len_m": null, "is_covered": 0.0, "is_synthesized": null, "synth_class": null, "covered": null, "indoor": null, "tunnel": null, "bridge": null, "layer": null, "level": null, "highway": "footway", "footway": null, "length": 15.672, "length_m": null, "effective_len_m": 15.672, "dist_to_route_m": 57.346805091473364, "OBJECTID": null, "source_area_m2": null, "STATION_NA": null, "EXIT_CODE": null, "INC_CRC": null, "FMEL_UPD_D": null, "BLK_NO": null, "ST_COD": null, "ENTITYID": null, "POSTAL_COD": null, "SHAPE.AREA": null, "SHAPE.LEN": null }, "geometry": { "type": "LineString", "coordinates": [ [ 103.8362074, 1.3712183 ], [ 103.8362253, 1.3710785 ] ] } },
{ "type": "Feature", "properties": { "name": null, "audit_layer": "network_uncovered_edge", "len_m": null, "is_covered": 0.0, "is_synthesized": null, "synth_class": null, "covered": null, "indoor": null, "tunnel": null, "bridge": null, "layer": null, "level": null, "highway": "service", "footway": null, "length": 89.812, "length_m": null, "effective_len_m": 89.812, "dist_to_route_m": 60.981235077695345, "OBJECTID": null, "source_area_m2": null, "STATION_NA": null, "EXIT_CODE": null, "INC_CRC": null, "FMEL_UPD_D": null, "BLK_NO": null, "ST_COD": null, "ENTITYID": null, "POSTAL_COD": null, "SHAPE.AREA": null, "SHAPE.LEN": null }, "geometry": { "type": "LineString", "coordinates": [ [ 103.837813700000012, 1.3669702 ], [ 103.8375663, 1.3662013 ] ] } },
{ "type": "Feature", "properties": { "name": null, "audit_layer": "network_uncovered_edge", "len_m": null, "is_covered": 0.0, "is_synthesized": null, "synth_class": null, "covered": null, "indoor": null, "tunnel": null, "bridge": null, "layer": null, "level": null, "highway": "footway", "footway": null, "length": 9.795, "length_m": null, "effective_len_m": 9.795, "dist_to_route_m": 29.753146687977999, "OBJECTID": null, "source_area_m2": null, "STATION_NA": null, "EXIT_CODE": null, "INC_CRC": null, "FMEL_UPD_D": null, "BLK_NO": null, "ST_COD": null, "ENTITYID": null, "POSTAL_COD": null, "SHAPE.AREA": null, "SHAPE.LEN": null }, "geometry": { "type": "LineString", "coordinates": [ [ 103.8370115, 1.3707323 ], [ 103.8369528, 1.3706666 ] ] } },
{ "type": "Feature", "properties": { "name": null, "audit_layer": "network_uncovered_edge", "len_m": null, "is_covered": 0.0, "is_synthesized": null, "synth_class": null, "covered": null, "indoor": null, "tunnel": null, "bridge": null, "layer": null, "level": null, "highway": "footway", "footway": null, "length": 4.882, "length_m": null, "effective_len_m": 4.882, "dist_to_route_m": 29.191341863535136, "OBJECTID": null, "source_area_m2": null, "STATION_NA": null, "EXIT_CODE": null, "INC_CRC": null, "FMEL_UPD_D": null, "BLK_NO": null, "ST_COD": null, "ENTITYID": null, "POSTAL_COD": null, "SHAPE.AREA": null, "SHAPE.LEN": null }, "geometry": { "type": "LineString", "coordinates": [ [ 103.8369528, 1.3706666 ], [ 103.836957, 1.3706229 ] ] } },
{ "type": "Feature", "properties": { "name": null, "audit_layer": "network_uncovered_edge", "len_m": null, "is_covered": 0.0, "is_synthesized": null, "synth_class": null, "covered": null, "indoor": null, "tunnel": null, "bridge": null, "layer": null, "level": null, "highway": "footway", "footway": null, "length": 18.811, "length_m": null, "effective_len_m": 18.811, "dist_to_route_m": 10.531324060057928, "OBJECTID": null, "source_area_m2": null, "STATION_NA": null, "EXIT_CODE": null, "INC_CRC": null, "FMEL_UPD_D": null, "BLK_NO": null, "ST_COD": null, "ENTITYID": null, "POSTAL_COD": null, "SHAPE.AREA": null, "SHAPE.LEN": null }, "geometry": { "type": "LineString", "coordinates": [ [ 103.836957, 1.3706229 ], [ 103.8367883, 1.3706097 ] ] } },
{ "type": "Feature", "properties": { "name": null, "audit_layer": "network_uncovered_edge", "len_m": null, "is_covered": 0.0, "is_synthesized": null, "synth_class": null, "covered": null, "indoor": null, "tunnel": null, "bridge": null, "layer": null, "level": null, "highway": "footway", "footway": null, "length": 2.731, "length_m": null, "effective_len_m": 2.731, "dist_to_route_m": 8.572387589818959, "OBJECTID": null, "source_area_m2": null, "STATION_NA": null, "EXIT_CODE": null, "INC_CRC": null, "FMEL_UPD_D": null, "BLK_NO": null, "ST_COD": null, "ENTITYID": null, "POSTAL_COD": null, "SHAPE.AREA": null, "SHAPE.LEN": null }, "geometry": { "type": "LineString", "coordinates": [ [ 103.8367801, 1.3705805 ], [ 103.8367818, 1.370556 ] ] } },
{ "type": "Feature", "properties": { "name": null, "audit_layer": "network_uncovered_edge", "len_m": null, "is_covered": 0.0, "is_synthesized": null, "synth_class": null, "covered": null, "indoor": null, "tunnel": null, "bridge": null, "layer": null, "level": null, "highway": "footway", "footway": null, "length": 6.412, "length_m": null, "effective_len_m": 6.412, "dist_to_route_m": 9.6329456092657963, "OBJECTID": null, "source_area_m2": null, "STATION_NA": null, "EXIT_CODE": null, "INC_CRC": null, "FMEL_UPD_D": null, "BLK_NO": null, "ST_COD": null, "ENTITYID": null, "POSTAL_COD": null, "SHAPE.AREA": null, "SHAPE.LEN": null }, "geometry": { "type": "LineString", "coordinates": [ [ 103.8368507, 1.3703418 ], [ 103.8369002, 1.3703714 ] ] } },
{ "type": "Feature", "properties": { "name": null, "audit_layer": "network_uncovered_edge", "len_m": null, "is_covered": 0.0, "is_synthesized": null, "synth_class": null, "covered": null, "indoor": null, "tunnel": null, "bridge": null, "layer": null, "level": null, "highway": "footway", "footway": null, "length": 11.268, "length_m": null, "effective_len_m": 11.268, "dist_to_route_m": 15.89664618412516, "OBJECTID": null, "source_area_m2": null, "STATION_NA": null, "EXIT_CODE": null, "INC_CRC": null, "FMEL_UPD_D": null, "BLK_NO": null, "ST_COD": null, "ENTITYID": null, "POSTAL_COD": null, "SHAPE.AREA": null, "SHAPE.LEN": null }, "geometry": { "type": "LineString", "coordinates": [ [ 103.8369002, 1.3703714 ], [ 103.8369566, 1.3702872 ] ] } },
{ "type": "Feature", "properties": { "name": null, "audit_layer": "network_uncovered_edge", "len_m": null, "is_covered": 0.0, "is_synthesized": null, "synth_class": null, "covered": null, "indoor": null, "tunnel": null, "bridge": null, "layer": null, "level": null, "highway": "footway", "footway": null, "length": 3.842, "length_m": null, "effective_len_m": 3.842, "dist_to_route_m": 18.361575638060835, "OBJECTID": null, "source_area_m2": null, "STATION_NA": null, "EXIT_CODE": null, "INC_CRC": null, "FMEL_UPD_D": null, "BLK_NO": null, "ST_COD": null, "ENTITYID": null, "POSTAL_COD": null, "SHAPE.AREA": null, "SHAPE.LEN": null }, "geometry": { "type": "LineString", "coordinates": [ [ 103.8369566, 1.3702872 ], [ 103.8369856, 1.370306 ] ] } },
{ "type": "Feature", "properties": { "name": null, "audit_layer": "network_covered_edge", "len_m": null, "is_covered": 1.0, "is_synthesized": null, "synth_class": null, "covered": null, "indoor": null, "tunnel": null, "bridge": null, "layer": null, "level": null, "highway": "footway", "footway": null, "length": 4.442, "length_m": null, "effective_len_m": 4.442, "dist_to_route_m": 24.518956068569423, "OBJECTID": null, "source_area_m2": null, "STATION_NA": null, "EXIT_CODE": null, "INC_CRC": null, "FMEL_UPD_D": null, "BLK_NO": null, "ST_COD": null, "ENTITYID": null, "POSTAL_COD": null, "SHAPE.AREA": null, "SHAPE.LEN": null }, "geometry": { "type": "LineString", "coordinates": [ [ 103.8364792, 1.3705486 ], [ 103.8364689, 1.3705872 ] ] } },
{ "type": "Feature", "properties": { "name": null, "audit_layer": "network_uncovered_edge", "len_m": null, "is_covered": 0.0, "is_synthesized": null, "synth_class": null, "covered": null, "indoor": null, "tunnel": null, "bridge": null, "layer": null, "level": null, "highway": "steps", "footway": null, "length": 8.412, "length_m": null, "effective_len_m": 8.412, "dist_to_route_m": 23.609034598119919, "OBJECTID": null, "source_area_m2": null, "STATION_NA": null, "EXIT_CODE": null, "INC_CRC": null, "FMEL_UPD_D": null, "BLK_NO": null, "ST_COD": null, "ENTITYID": null, "POSTAL_COD": null, "SHAPE.AREA": null, "SHAPE.LEN": null }, "geometry": { "type": "LineString", "coordinates": [ [ 103.8365154, 1.3704187 ], [ 103.836443, 1.3703967 ] ] } },
{ "type": "Feature", "properties": { "name": null, "audit_layer": "network_uncovered_edge", "len_m": null, "is_covered": 0.0, "is_synthesized": null, "synth_class": null, "covered": null, "indoor": null, "tunnel": null, "bridge": null, "layer": null, "level": null, "highway": "footway", "footway": null, "length": 2.666, "length_m": null, "effective_len_m": 2.666, "dist_to_route_m": 31.998039684114172, "OBJECTID": null, "source_area_m2": null, "STATION_NA": null, "EXIT_CODE": null, "INC_CRC": null, "FMEL_UPD_D": null, "BLK_NO": null, "ST_COD": null, "ENTITYID": null, "POSTAL_COD": null, "SHAPE.AREA": null, "SHAPE.LEN": null }, "geometry": { "type": "LineString", "coordinates": [ [ 103.836443, 1.3703967 ], [ 103.83642, 1.3703899 ] ] } },
{ "type": "Feature", "properties": { "name": null, "audit_layer": "network_uncovered_edge", "len_m": null, "is_covered": 0.0, "is_synthesized": null, "synth_class": null, "covered": null, "indoor": null, "tunnel": null, "bridge": null, "layer": null, "level": null, "highway": "footway", "footway": null, "length": 5.526, "length_m": null, "effective_len_m": 5.526, "dist_to_route_m": 34.658650429550867, "OBJECTID": null, "source_area_m2": null, "STATION_NA": null, "EXIT_CODE": null, "INC_CRC": null, "FMEL_UPD_D": null, "BLK_NO": null, "ST_COD": null, "ENTITYID": null, "POSTAL_COD": null, "SHAPE.AREA": null, "SHAPE.LEN": null }, "geometry": { "type": "LineString", "coordinates": [ [ 103.83642, 1.3703899 ], [ 103.8363721, 1.3703766 ] ] } },
{ "type": "Feature", "properties": { "name": null, "audit_layer": "network_uncovered_edge", "len_m": null, "is_covered": 0.0, "is_synthesized": null, "synth_class": null, "covered": null, "indoor": null, "tunnel": null, "bridge": null, "layer": null, "level": null, "highway": "footway", "footway": null, "length": 6.885, "length_m": null, "effective_len_m": 6.885, "dist_to_route_m": 21.897148975959873, "OBJECTID": null, "source_area_m2": null, "STATION_NA": null, "EXIT_CODE": null, "INC_CRC": null, "FMEL_UPD_D": null, "BLK_NO": null, "ST_COD": null, "ENTITYID": null, "POSTAL_COD": null, "SHAPE.AREA": null, "SHAPE.LEN": null }, "geometry": { "type": "LineString", "coordinates": [ [ 103.8365372, 1.3703884 ], [ 103.836554, 1.3703288 ] ] } },
{ "type": "Feature", "properties": { "name": null, "audit_layer": "network_uncovered_edge", "len_m": null, "is_covered": 0.0, "is_synthesized": null, "synth_class": null, "covered": null, "indoor": null, "tunnel": null, "bridge": null, "layer": null, "level": null, "highway": "footway", "footway": null, "length": 2.249, "length_m": null, "effective_len_m": 2.249, "dist_to_route_m": 22.128694265434703, "OBJECTID": null, "source_area_m2": null, "STATION_NA": null, "EXIT_CODE": null, "INC_CRC": null, "FMEL_UPD_D": null, "BLK_NO": null, "ST_COD": null, "ENTITYID": null, "POSTAL_COD": null, "SHAPE.AREA": null, "SHAPE.LEN": null }, "geometry": { "type": "LineString", "coordinates": [ [ 103.836554, 1.3703288 ], [ 103.8365344, 1.3703238 ] ] } },
{ "type": "Feature", "properties": { "name": null, "audit_layer": "network_uncovered_edge", "len_m": null, "is_covered": 0.0, "is_synthesized": null, "synth_class": null, "covered": null, "indoor": null, "tunnel": null, "bridge": null, "layer": null, "level": null, "highway": "footway", "footway": null, "length": 6.091, "length_m": null, "effective_len_m": 6.091, "dist_to_route_m": 24.372512922081139, "OBJECTID": null, "source_area_m2": null, "STATION_NA": null, "EXIT_CODE": null, "INC_CRC": null, "FMEL_UPD_D": null, "BLK_NO": null, "ST_COD": null, "ENTITYID": null, "POSTAL_COD": null, "SHAPE.AREA": null, "SHAPE.LEN": null }, "geometry": { "type": "LineString", "coordinates": [ [ 103.8365344, 1.3703238 ], [ 103.836516, 1.3703754 ] ] } },
{ "type": "Feature", "properties": { "name": null, "audit_layer": "network_uncovered_edge", "len_m": null, "is_covered": 0.0, "is_synthesized": null, "synth_class": null, "covered": null, "indoor": null, "tunnel": null, "bridge": null, "layer": null, "level": null, "highway": "footway", "footway": null, "length": 2.176, "length_m": null, "effective_len_m": 2.176, "dist_to_route_m": 24.568944267896224, "OBJECTID": null, "source_area_m2": null, "STATION_NA": null, "EXIT_CODE": null, "INC_CRC": null, "FMEL_UPD_D": null, "BLK_NO": null, "ST_COD": null, "ENTITYID": null, "POSTAL_COD": null, "SHAPE.AREA": null, "SHAPE.LEN": null }, "geometry": { "type": "LineString", "coordinates": [ [ 103.836516, 1.3703754 ], [ 103.8364971, 1.3703703 ] ] } },
{ "type": "Feature", "properties": { "name": null, "audit_layer": "network_uncovered_edge", "len_m": null, "is_covered": 0.0, "is_synthesized": null, "synth_class": null, "covered": null, "indoor": null, "tunnel": null, "bridge": null, "layer": null, "level": null, "highway": "footway", "footway": null, "length": 7.441, "length_m": null, "effective_len_m": 7.441, "dist_to_route_m": 26.746384637992435, "OBJECTID": null, "source_area_m2": null, "STATION_NA": null, "EXIT_CODE": null, "INC_CRC": null, "FMEL_UPD_D": null, "BLK_NO": null, "ST_COD": null, "ENTITYID": null, "POSTAL_COD": null, "SHAPE.AREA": null, "SHAPE.LEN": null }, "geometry": { "type": "LineString", "coordinates": [ [ 103.8364971, 1.3703703 ], [ 103.8365134, 1.3703054 ] ] } },
{ "type": "Feature", "properties": { "name": null, "audit_layer": "network_uncovered_edge", "len_m": null, "is_covered": 0.0, "is_synthesized": null, "synth_class": null, "covered": null, "indoor": null, "tunnel": null, "bridge": null, "layer": null, "level": null, "highway": "footway", "footway": null, "length": 2.124, "length_m": null, "effective_len_m": 2.124, "dist_to_route_m": 27.235316175611228, "OBJECTID": null, "source_area_m2": null, "STATION_NA": null, "EXIT_CODE": null, "INC_CRC": null, "FMEL_UPD_D": null, "BLK_NO": null, "ST_COD": null, "ENTITYID": null, "POSTAL_COD": null, "SHAPE.AREA": null, "SHAPE.LEN": null }, "geometry": { "type": "LineString", "coordinates": [ [ 103.8365134, 1.3703054 ], [ 103.8364946, 1.370302 ] ] } },
{ "type": "Feature", "properties": { "name": null, "audit_layer": "network_uncovered_edge", "len_m": null, "is_covered": 0.0, "is_synthesized": null, "synth_class": null, "covered": null, "indoor": null, "tunnel": null, "bridge": null, "layer": null, "level": null, "highway": "footway", "footway": null, "length": 12.818, "length_m": null, "effective_len_m": 12.818, "dist_to_route_m": 29.338456547656914, "OBJECTID": null, "source_area_m2": null, "STATION_NA": null, "EXIT_CODE": null, "INC_CRC": null, "FMEL_UPD_D": null, "BLK_NO": null, "ST_COD": null, "ENTITYID": null, "POSTAL_COD": null, "SHAPE.AREA": null, "SHAPE.LEN": null }, "geometry": { "type": "LineString", "coordinates": [ [ 103.8364946, 1.370302 ], [ 103.83642, 1.3703899 ] ] } },
{ "type": "Feature", "properties": { "name": null, "audit_layer": "network_uncovered_edge", "len_m": null, "is_covered": 0.0, "is_synthesized": null, "synth_class": null, "covered": null, "indoor": null, "tunnel": null, "bridge": null, "layer": null, "level": null, "highway": "footway", "footway": null, "length": 2.794, "length_m": null, "effective_len_m": 2.794, "dist_to_route_m": 59.776494046485041, "OBJECTID": null, "source_area_m2": null, "STATION_NA": null, "EXIT_CODE": null, "INC_CRC": null, "FMEL_UPD_D": null, "BLK_NO": null, "ST_COD": null, "ENTITYID": null, "POSTAL_COD": null, "SHAPE.AREA": null, "SHAPE.LEN": null }, "geometry": { "type": "LineString", "coordinates": [ [ 103.8369528, 1.3712726 ], [ 103.836928, 1.3712685 ] ] } },
{ "type": "Feature", "properties": { "name": null, "audit_layer": "network_uncovered_edge", "len_m": null, "is_covered": 0.0, "is_synthesized": null, "synth_class": null, "covered": null, "indoor": null, "tunnel": null, "bridge": null, "layer": null, "level": null, "highway": "footway", "footway": null, "length": 34.734, "length_m": null, "effective_len_m": 34.734, "dist_to_route_m": 59.776494046485041, "OBJECTID": null, "source_area_m2": null, "STATION_NA": null, "EXIT_CODE": null, "INC_CRC": null, "FMEL_UPD_D": null, "BLK_NO": null, "ST_COD": null, "ENTITYID": null, "POSTAL_COD": null, "SHAPE.AREA": null, "SHAPE.LEN": null }, "geometry": { "type": "LineString", "coordinates": [ [ 103.836928, 1.3712685 ], [ 103.8368836, 1.3715777 ] ] } },
{ "type": "Feature", "properties": { "name": null, "audit_layer": "network_uncovered_edge", "len_m": null, "is_covered": 0.0, "is_synthesized": null, "synth_class": null, "covered": null, "indoor": null, "tunnel": null, "bridge": null, "layer": null, "level": null, "highway": "footway", "footway": null, "length": 20.095, "length_m": null, "effective_len_m": 20.095, "dist_to_route_m": 66.362149088905184, "OBJECTID": null, "source_area_m2": null, "STATION_NA": null, "EXIT_CODE": null, "INC_CRC": null, "FMEL_UPD_D": null, "BLK_NO": null, "ST_COD": null, "ENTITYID": null, "POSTAL_COD": null, "SHAPE.AREA": null, "SHAPE.LEN": null }, "geometry": { "type": "LineString", "coordinates": [ [ 103.836827, 1.3715596 ], [ 103.8368162, 1.3713792 ] ] } },
{ "type": "Feature", "properties": { "name": null, "audit_layer": "network_uncovered_edge", "len_m": null, "is_covered": 0.0, "is_synthesized": null, "synth_class": null, "covered": null, "indoor": null, "tunnel": null, "bridge": null, "layer": null, "level": null, "highway": "footway", "footway": null, "length": 11.303, "length_m": null, "effective_len_m": 11.303, "dist_to_route_m": 51.477479544712864, "OBJECTID": null, "source_area_m2": null, "STATION_NA": null, "EXIT_CODE": null, "INC_CRC": null, "FMEL_UPD_D": null, "BLK_NO": null, "ST_COD": null, "ENTITYID": null, "POSTAL_COD": null, "SHAPE.AREA": null, "SHAPE.LEN": null }, "geometry": { "type": "LineString", "coordinates": [ [ 103.8363201, 1.3711924 ], [ 103.8363003, 1.3710927 ] ] } },
{ "type": "Feature", "properties": { "name": null, "audit_layer": "network_uncovered_edge", "len_m": null, "is_covered": 0.0, "is_synthesized": null, "synth_class": null, "covered": null, "indoor": null, "tunnel": null, "bridge": null, "layer": null, "level": null, "highway": "steps", "footway": null, "length": 3.961, "length_m": null, "effective_len_m": 3.961, "dist_to_route_m": 73.943405742342918, "OBJECTID": null, "source_area_m2": null, "STATION_NA": null, "EXIT_CODE": null, "INC_CRC": null, "FMEL_UPD_D": null, "BLK_NO": null, "ST_COD": null, "ENTITYID": null, "POSTAL_COD": null, "SHAPE.AREA": null, "SHAPE.LEN": null }, "geometry": { "type": "LineString", "coordinates": [ [ 103.836266600000016, 1.371368 ], [ 103.836259, 1.3713332 ] ] } },
{ "type": "Feature", "properties": { "name": null, "audit_layer": "network_uncovered_edge", "len_m": null, "is_covered": 0.0, "is_synthesized": null, "synth_class": null, "covered": null, "indoor": null, "tunnel": null, "bridge": null, "layer": null, "level": null, "highway": "steps", "footway": null, "length": 4.877, "length_m": null, "effective_len_m": 4.877, "dist_to_route_m": 73.943405742342918, "OBJECTID": null, "source_area_m2": null, "STATION_NA": null, "EXIT_CODE": null, "INC_CRC": null, "FMEL_UPD_D": null, "BLK_NO": null, "ST_COD": null, "ENTITYID": null, "POSTAL_COD": null, "SHAPE.AREA": null, "SHAPE.LEN": null }, "geometry": { "type": "LineString", "coordinates": [ [ 103.836259, 1.3713332 ], [ 103.8362159, 1.3713414 ] ] } },
{ "type": "Feature", "properties": { "name": null, "audit_layer": "network_uncovered_edge", "len_m": null, "is_covered": 0.0, "is_synthesized": null, "synth_class": null, "covered": null, "indoor": null, "tunnel": null, "bridge": null, "layer": null, "level": null, "highway": "footway", "footway": null, "length": 5.427, "length_m": null, "effective_len_m": 5.427, "dist_to_route_m": 63.967228095508069, "OBJECTID": null, "source_area_m2": null, "STATION_NA": null, "EXIT_CODE": null, "INC_CRC": null, "FMEL_UPD_D": null, "BLK_NO": null, "ST_COD": null, "ENTITYID": null, "POSTAL_COD": null, "SHAPE.AREA": null, "SHAPE.LEN": null }, "geometry": { "type": "LineString", "coordinates": [ [ 103.8362074, 1.3712183 ], [ 103.8362557, 1.3712112 ] ] } },
{ "type": "Feature", "properties": { "name": null, "audit_layer": "network_synthetic_edge", "len_m": null, "is_covered": 1.0, "is_synthesized": 1.0, "synth_class": "UNREPRESENTED-surface", "covered": null, "indoor": null, "tunnel": null, "bridge": null, "layer": null, "level": null, "highway": null, "footway": null, "length": null, "length_m": 0.35697289515167979, "effective_len_m": 0.35697289515167979, "dist_to_route_m": 63.419521883724229, "OBJECTID": null, "source_area_m2": null, "STATION_NA": null, "EXIT_CODE": null, "INC_CRC": null, "FMEL_UPD_D": null, "BLK_NO": null, "ST_COD": null, "ENTITYID": null, "POSTAL_COD": null, "SHAPE.AREA": null, "SHAPE.LEN": null }, "geometry": { "type": "LineString", "coordinates": [ [ 103.837533606274633, 1.366061300684567 ], [ 103.837532505033963, 1.366058268568914 ] ] } },
{ "type": "Feature", "properties": { "name": null, "audit_layer": "network_synthetic_edge", "len_m": null, "is_covered": 1.0, "is_synthesized": 1.0, "synth_class": "UNREPRESENTED-surface", "covered": null, "indoor": null, "tunnel": null, "bridge": null, "layer": null, "level": null, "highway": null, "footway": null, "length": null, "length_m": 0.36935161635250247, "effective_len_m": 0.36935161635250247, "dist_to_route_m": 62.889084468252626, "OBJECTID": null, "source_area_m2": null, "STATION_NA": null, "EXIT_CODE": null, "INC_CRC": null, "FMEL_UPD_D": null, "BLK_NO": null, "ST_COD": null, "ENTITYID": null, "POSTAL_COD": null, "SHAPE.AREA": null, "SHAPE.LEN": null }, "geometry": { "type": "LineString", "coordinates": [ [ 103.837552619396646, 1.366113650715464 ], [ 103.837551479968269, 1.366110513455383 ] ] } },
{ "type": "Feature", "properties": { "name": null, "audit_layer": "network_synthetic_edge", "len_m": null, "is_covered": 1.0, "is_synthesized": 1.0, "synth_class": "UNREPRESENTED-surface", "covered": null, "indoor": null, "tunnel": null, "bridge": null, "layer": null, "level": null, "highway": null, "footway": null, "length": null, "length_m": 0.4660170691830981, "effective_len_m": 0.4660170691830981, "dist_to_route_m": 68.519213934237399, "OBJECTID": null, "source_area_m2": null, "STATION_NA": null, "EXIT_CODE": null, "INC_CRC": null, "FMEL_UPD_D": null, "BLK_NO": null, "ST_COD": null, "ENTITYID": null, "POSTAL_COD": null, "SHAPE.AREA": null, "SHAPE.LEN": null }, "geometry": { "type": "LineString", "coordinates": [ [ 103.837354149072127, 1.365743073391743 ], [ 103.837355693650551, 1.365746990705556 ] ] } },
{ "type": "Feature", "properties": { "name": null, "audit_layer": "network_synthetic_edge", "len_m": null, "is_covered": 1.0, "is_synthesized": 1.0, "synth_class": "UNREPRESENTED-surface", "covered": null, "indoor": null, "tunnel": null, "bridge": null, "layer": null, "level": null, "highway": null, "footway": null, "length": null, "length_m": 0.4579430398020034, "effective_len_m": 0.4579430398020034, "dist_to_route_m": 19.643275522382364, "OBJECTID": null, "source_area_m2": null, "STATION_NA": null, "EXIT_CODE": null, "INC_CRC": null, "FMEL_UPD_D": null, "BLK_NO": null, "ST_COD": null, "ENTITYID": null, "POSTAL_COD": null, "SHAPE.AREA": null, "SHAPE.LEN": null }, "geometry": { "type": "LineString", "coordinates": [ [ 103.836128886595802, 1.368301294023476 ], [ 103.836127339493473, 1.368297456406157 ] ] } },
{ "type": "Feature", "properties": { "name": null, "audit_layer": "network_synthetic_edge", "len_m": null, "is_covered": 1.0, "is_synthesized": 1.0, "synth_class": "UNREPRESENTED-surface", "covered": null, "indoor": null, "tunnel": null, "bridge": null, "layer": null, "level": null, "highway": null, "footway": null, "length": null, "length_m": 0.50246397905294793, "effective_len_m": 0.50246397905294793, "dist_to_route_m": 19.004092075434102, "OBJECTID": null, "source_area_m2": null, "STATION_NA": null, "EXIT_CODE": null, "INC_CRC": null, "FMEL_UPD_D": null, "BLK_NO": null, "ST_COD": null, "ENTITYID": null, "POSTAL_COD": null, "SHAPE.AREA": null, "SHAPE.LEN": null }, "geometry": { "type": "LineString", "coordinates": [ [ 103.836096968100776, 1.368222119575127 ], [ 103.836098665611345, 1.368226330283255 ] ] } },
{ "type": "Feature", "properties": { "name": null, "audit_layer": "network_synthetic_edge", "len_m": null, "is_covered": 1.0, "is_synthesized": 1.0, "synth_class": "UNREPRESENTED-surface", "covered": null, "indoor": null, "tunnel": null, "bridge": null, "layer": null, "level": null, "highway": null, "footway": null, "length": null, "length_m": 0.0, "effective_len_m": 0.0, "dist_to_route_m": 19.506303635863585, "OBJECTID": null, "source_area_m2": null, "STATION_NA": null, "EXIT_CODE": null, "INC_CRC": null, "FMEL_UPD_D": null, "BLK_NO": null, "ST_COD": null, "ENTITYID": null, "POSTAL_COD": null, "SHAPE.AREA": null, "SHAPE.LEN": null }, "geometry": { "type": "LineString", "coordinates": [ [ 103.8363137, 1.3686329 ], [ 103.8363137, 1.3686329 ] ] } },
{ "type": "Feature", "properties": { "name": null, "audit_layer": "lta_covered_linkway", "len_m": null, "is_covered": null, "is_synthesized": null, "synth_class": null, "covered": null, "indoor": null, "tunnel": null, "bridge": null, "layer": null, "level": null, "highway": null, "footway": null, "length": null, "length_m": null, "effective_len_m": null, "dist_to_route_m": null, "OBJECTID": 1302.0, "source_area_m2": 41.29, "STATION_NA": null, "EXIT_CODE": null, "INC_CRC": null, "FMEL_UPD_D": null, "BLK_NO": null, "ST_COD": null, "ENTITYID": null, "POSTAL_COD": null, "SHAPE.AREA": null, "SHAPE.LEN": null }, "geometry": { "type": "Polygon", "coordinates": [ [ [ 103.837569114607135, 1.366051107339959 ], [ 103.837689217256326, 1.366008222168172 ], [ 103.837694968094553, 1.366006576214625 ], [ 103.83768848937747, 1.365987105262769 ], [ 103.837682585780982, 1.365987883026848 ], [ 103.837589287427264, 1.366021046234321 ], [ 103.837589107714521, 1.366021643115084 ], [ 103.837583401805702, 1.366023894992386 ], [ 103.837582970491539, 1.36602329811271 ], [ 103.837540863575839, 1.366037677579854 ], [ 103.83754856165271, 1.36605872302821 ], [ 103.837569114607135, 1.366051107339959 ] ] ] } },
{ "type": "Feature", "properties": { "name": null, "audit_layer": "lta_covered_linkway", "len_m": null, "is_covered": null, "is_synthesized": null, "synth_class": null, "covered": null, "indoor": null, "tunnel": null, "bridge": null, "layer": null, "level": null, "highway": null, "footway": null, "length": null, "length_m": null, "effective_len_m": null, "dist_to_route_m": null, "OBJECTID": 1316.0, "source_area_m2": 3.01, "STATION_NA": null, "EXIT_CODE": null, "INC_CRC": null, "FMEL_UPD_D": null, "BLK_NO": null, "ST_COD": null, "ENTITYID": null, "POSTAL_COD": null, "SHAPE.AREA": null, "SHAPE.LEN": null }, "geometry": { "type": "Polygon", "coordinates": [ [ [ 103.837958211153449, 1.365588898677986 ], [ 103.837974467149209, 1.36558260065336 ], [ 103.83796850961312, 1.36556951451328 ], [ 103.837953330999582, 1.365574860240157 ], [ 103.837958211153449, 1.365588898677986 ] ] ] } },
{ "type": "Feature", "properties": { "name": null, "audit_layer": "lta_covered_linkway", "len_m": null, "is_covered": null, "is_synthesized": null, "synth_class": null, "covered": null, "indoor": null, "tunnel": null, "bridge": null, "layer": null, "level": null, "highway": null, "footway": null, "length": null, "length_m": null, "effective_len_m": null, "dist_to_route_m": null, "OBJECTID": 1320.0, "source_area_m2": 39.08, "STATION_NA": null, "EXIT_CODE": null, "INC_CRC": null, "FMEL_UPD_D": null, "BLK_NO": null, "ST_COD": null, "ENTITYID": null, "POSTAL_COD": null, "SHAPE.AREA": null, "SHAPE.LEN": null }, "geometry": { "type": "Polygon", "coordinates": [ [ [ 103.837560191886283, 1.366090519552547 ], [ 103.83748687768707, 1.366115534398084 ], [ 103.837477447209508, 1.366117796229631 ], [ 103.837485082389918, 1.366140972360611 ], [ 103.837494928903027, 1.366137564698734 ], [ 103.837586969265217, 1.366103976445973 ], [ 103.837569114607135, 1.366051107339959 ], [ 103.83754856165271, 1.36605872302821 ], [ 103.837560191886283, 1.366090519552547 ] ] ] } },
{ "type": "Feature", "properties": { "name": null, "audit_layer": "lta_covered_linkway", "len_m": null, "is_covered": null, "is_synthesized": null, "synth_class": null, "covered": null, "indoor": null, "tunnel": null, "bridge": null, "layer": null, "level": null, "highway": null, "footway": null, "length": null, "length_m": null, "effective_len_m": null, "dist_to_route_m": null, "OBJECTID": 1326.0, "source_area_m2": 2.96, "STATION_NA": null, "EXIT_CODE": null, "INC_CRC": null, "FMEL_UPD_D": null, "BLK_NO": null, "ST_COD": null, "ENTITYID": null, "POSTAL_COD": null, "SHAPE.AREA": null, "SHAPE.LEN": null }, "geometry": { "type": "Polygon", "coordinates": [ [ [ 103.837712993358537, 1.36599060510785 ], [ 103.837709282249932, 1.365980150663192 ], [ 103.837689091419008, 1.365987304221819 ], [ 103.837692856442104, 1.36599800284478 ], [ 103.837712993358537, 1.36599060510785 ] ] ] } },
{ "type": "Feature", "properties": { "name": null, "audit_layer": "lta_covered_linkway", "len_m": null, "is_covered": null, "is_synthesized": null, "synth_class": null, "covered": null, "indoor": null, "tunnel": null, "bridge": null, "layer": null, "level": null, "highway": null, "footway": null, "length": null, "length_m": null, "effective_len_m": null, "dist_to_route_m": null, "OBJECTID": 1409.0, "source_area_m2": 180.67, "STATION_NA": null, "EXIT_CODE": null, "INC_CRC": null, "FMEL_UPD_D": null, "BLK_NO": null, "ST_COD": null, "ENTITYID": null, "POSTAL_COD": null, "SHAPE.AREA": null, "SHAPE.LEN": null }, "geometry": { "type": "Polygon", "coordinates": [ [ [ 103.837353899657458, 1.36575234282138 ], [ 103.837357150676851, 1.36575073214305 ], [ 103.837375436643583, 1.365805066320268 ], [ 103.837781598483289, 1.365657120639964 ], [ 103.837959317297688, 1.365592078420786 ], [ 103.837953330999582, 1.365574860240157 ], [ 103.837618418451001, 1.36569280715419 ], [ 103.837389292526353, 1.365775773936598 ], [ 103.837371932081794, 1.365719260239903 ], [ 103.837345991316198, 1.365730119890344 ], [ 103.837353899657458, 1.36575234282138 ] ] ] } },
{ "type": "Feature", "properties": { "name": null, "audit_layer": "lta_covered_linkway", "len_m": null, "is_covered": null, "is_synthesized": null, "synth_class": null, "covered": null, "indoor": null, "tunnel": null, "bridge": null, "layer": null, "level": null, "highway": null, "footway": null, "length": null, "length_m": null, "effective_len_m": null, "dist_to_route_m": null, "OBJECTID": 1414.0, "source_area_m2": 80.75, "STATION_NA": null, "EXIT_CODE": null, "INC_CRC": null, "FMEL_UPD_D": null, "BLK_NO": null, "ST_COD": null, "ENTITYID": null, "POSTAL_COD": null, "SHAPE.AREA": null, "SHAPE.LEN": null }, "geometry": { "type": "Polygon", "coordinates": [ [ [ 103.837718397340439, 1.365984178685122 ], [ 103.837685326432251, 1.365996781966694 ], [ 103.83771101664658, 1.366067792605618 ], [ 103.837730686347385, 1.366082244311193 ], [ 103.837742232973184, 1.366090247914085 ], [ 103.837750652575522, 1.366096325226692 ], [ 103.837761731945207, 1.366104120826561 ], [ 103.837769756177067, 1.366110080572487 ], [ 103.837781105118054, 1.36611813843739 ], [ 103.837805770868201, 1.366135267051391 ], [ 103.837833745074164, 1.366111791510014 ], [ 103.837789520147638, 1.366080735722453 ], [ 103.83777095029636, 1.366067087090831 ], [ 103.837751072128029, 1.366052959148386 ], [ 103.837739910090136, 1.36604509029513 ], [ 103.837718397340439, 1.365984178685122 ] ] ] } },
{ "type": "Feature", "properties": { "name": null, "audit_layer": "lta_covered_linkway", "len_m": null, "is_covered": null, "is_synthesized": null, "synth_class": null, "covered": null, "indoor": null, "tunnel": null, "bridge": null, "layer": null, "level": null, "highway": null, "footway": null, "length": null, "length_m": null, "effective_len_m": null, "dist_to_route_m": null, "OBJECTID": 2012.0, "source_area_m2": 320.63, "STATION_NA": null, "EXIT_CODE": null, "INC_CRC": null, "FMEL_UPD_D": null, "BLK_NO": null, "ST_COD": null, "ENTITYID": null, "POSTAL_COD": null, "SHAPE.AREA": null, "SHAPE.LEN": null }, "geometry": { "type": "Polygon", "coordinates": [ [ [ 103.836779886529158, 1.368788901518813 ], [ 103.836801210469346, 1.368772302785634 ], [ 103.836657674442748, 1.368585517397539 ], [ 103.836581390200365, 1.368473325685654 ], [ 103.836466540136286, 1.3682756363259 ], [ 103.836441157277051, 1.368228995579199 ], [ 103.836349823713647, 1.368039429182735 ], [ 103.836329216750983, 1.367987949175324 ], [ 103.836343362926485, 1.367982409926165 ], [ 103.836333588254178, 1.367957125721379 ], [ 103.836294018859434, 1.36797262114876 ], [ 103.836324669165705, 1.368049190922682 ], [ 103.836417190640148, 1.368241433332505 ], [ 103.836443081192186, 1.368289007382765 ], [ 103.836558602488225, 1.368487852520283 ], [ 103.83663587156461, 1.368601491214394 ], [ 103.836779886529158, 1.368788901518813 ] ] ] } },
{ "type": "Feature", "properties": { "name": null, "audit_layer": "lta_covered_linkway", "len_m": null, "is_covered": null, "is_synthesized": null, "synth_class": null, "covered": null, "indoor": null, "tunnel": null, "bridge": null, "layer": null, "level": null, "highway": null, "footway": null, "length": null, "length_m": null, "effective_len_m": null, "dist_to_route_m": null, "OBJECTID": 2421.0, "source_area_m2": 48.68, "STATION_NA": null, "EXIT_CODE": null, "INC_CRC": null, "FMEL_UPD_D": null, "BLK_NO": null, "ST_COD": null, "ENTITYID": null, "POSTAL_COD": null, "SHAPE.AREA": null, "SHAPE.LEN": null }, "geometry": { "type": "Polygon", "coordinates": [ [ [ 103.836092642603703, 1.368319096918663 ], [ 103.836129625919583, 1.36830191757138 ], [ 103.836089188381152, 1.368213731247018 ], [ 103.836052205066323, 1.368230911498063 ], [ 103.836092642603703, 1.368319096918663 ] ] ] } },
{ "type": "Feature", "properties": { "name": null, "audit_layer": "lta_covered_linkway", "len_m": null, "is_covered": null, "is_synthesized": null, "synth_class": null, "covered": null, "indoor": null, "tunnel": null, "bridge": null, "layer": null, "level": null, "highway": null, "footway": null, "length": null, "length_m": null, "effective_len_m": null, "dist_to_route_m": null, "OBJECTID": 2422.0, "source_area_m2": 99.78, "STATION_NA": null, "EXIT_CODE": null, "INC_CRC": null, "FMEL_UPD_D": null, "BLK_NO": null, "ST_COD": null, "ENTITYID": null, "POSTAL_COD": null, "SHAPE.AREA": null, "SHAPE.LEN": null }, "geometry": { "type": "Polygon", "coordinates": [ [ [ 103.836084175284483, 1.36823482193261 ], [ 103.835950357194577, 1.367880049012139 ], [ 103.835931860145337, 1.367886280102394 ], [ 103.835958834390979, 1.367963264083939 ], [ 103.836010934513055, 1.368102405899729 ], [ 103.836063964661435, 1.368242038782947 ], [ 103.836084175284483, 1.36823482193261 ] ] ] } },
{ "type": "Feature", "properties": { "name": null, "audit_layer": "lta_covered_linkway", "len_m": null, "is_covered": null, "is_synthesized": null, "synth_class": null, "covered": null, "indoor": null, "tunnel": null, "bridge": null, "layer": null, "level": null, "highway": null, "footway": null, "length": null, "length_m": null, "effective_len_m": null, "dist_to_route_m": null, "OBJECTID": 2423.0, "source_area_m2": 114.27, "STATION_NA": null, "EXIT_CODE": null, "INC_CRC": null, "FMEL_UPD_D": null, "BLK_NO": null, "ST_COD": null, "ENTITYID": null, "POSTAL_COD": null, "SHAPE.AREA": null, "SHAPE.LEN": null }, "geometry": { "type": "Polygon", "coordinates": [ [ [ 103.836321464695345, 1.368637318925209 ], [ 103.836310650385357, 1.368620263532501 ], [ 103.836293871401651, 1.368630241404665 ], [ 103.836256730740359, 1.368571586191042 ], [ 103.836236039328313, 1.368535720937087 ], [ 103.836175055051356, 1.368419832152192 ], [ 103.836105818296687, 1.368287767011018 ], [ 103.836087303276116, 1.368296445312277 ], [ 103.836092035158288, 1.368308401907174 ], [ 103.836146895662196, 1.36841328368371 ], [ 103.836217371553616, 1.368547890085725 ], [ 103.836286148226094, 1.368657107364353 ], [ 103.836321464695345, 1.368637318925209 ] ] ] } },
{ "type": "Feature", "properties": { "name": null, "audit_layer": "lta_covered_linkway", "len_m": null, "is_covered": null, "is_synthesized": null, "synth_class": null, "covered": null, "indoor": null, "tunnel": null, "bridge": null, "layer": null, "level": null, "highway": null, "footway": null, "length": null, "length_m": null, "effective_len_m": null, "dist_to_route_m": null, "OBJECTID": 2957.0, "source_area_m2": 85.65, "STATION_NA": null, "EXIT_CODE": null, "INC_CRC": null, "FMEL_UPD_D": null, "BLK_NO": null, "ST_COD": null, "ENTITYID": null, "POSTAL_COD": null, "SHAPE.AREA": null, "SHAPE.LEN": null }, "geometry": { "type": "Polygon", "coordinates": [ [ [ 103.83646381180202, 1.37083273449297 ], [ 103.83650971765374, 1.370582311441406 ], [ 103.836482849486416, 1.370577268741894 ], [ 103.836436943631981, 1.370827691792957 ], [ 103.83646381180202, 1.37083273449297 ] ] ] } },
{ "type": "Feature", "properties": { "name": null, "audit_layer": "lta_covered_linkway", "len_m": null, "is_covered": null, "is_synthesized": null, "synth_class": null, "covered": null, "indoor": null, "tunnel": null, "bridge": null, "layer": null, "level": null, "highway": null, "footway": null, "length": null, "length_m": null, "effective_len_m": null, "dist_to_route_m": null, "OBJECTID": 3037.0, "source_area_m2": 109.53, "STATION_NA": null, "EXIT_CODE": null, "INC_CRC": null, "FMEL_UPD_D": null, "BLK_NO": null, "ST_COD": null, "ENTITYID": null, "POSTAL_COD": null, "SHAPE.AREA": null, "SHAPE.LEN": null }, "geometry": { "type": "Polygon", "coordinates": [ [ [ 103.836768451234761, 1.370616789065847 ], [ 103.836771186447322, 1.37059118108296 ], [ 103.836741201140256, 1.370587891048829 ], [ 103.836723522905672, 1.370761571520815 ], [ 103.836709342729421, 1.37088158429813 ], [ 103.836739323547306, 1.370884926785774 ], [ 103.836753503722079, 1.3707649112952 ], [ 103.836768451234761, 1.370616789065847 ] ] ] } },
{ "type": "Feature", "properties": { "name": null, "audit_layer": "lta_covered_linkway", "len_m": null, "is_covered": null, "is_synthesized": null, "synth_class": null, "covered": null, "indoor": null, "tunnel": null, "bridge": null, "layer": null, "level": null, "highway": null, "footway": null, "length": null, "length_m": null, "effective_len_m": null, "dist_to_route_m": null, "OBJECTID": 3040.0, "source_area_m2": 24.12, "STATION_NA": null, "EXIT_CODE": null, "INC_CRC": null, "FMEL_UPD_D": null, "BLK_NO": null, "ST_COD": null, "ENTITYID": null, "POSTAL_COD": null, "SHAPE.AREA": null, "SHAPE.LEN": null }, "geometry": { "type": "Polygon", "coordinates": [ [ [ 103.83685738950318, 1.372760794253725 ], [ 103.836836284663292, 1.372697473412299 ], [ 103.836808502645823, 1.372707170951074 ], [ 103.836829532004728, 1.372770265701802 ], [ 103.83685738950318, 1.372760794253725 ] ] ] } },
{ "type": "Feature", "properties": { "name": null, "audit_layer": "mrt_lrt_exit", "len_m": null, "is_covered": null, "is_synthesized": null, "synth_class": null, "covered": null, "indoor": null, "tunnel": null, "bridge": null, "layer": null, "level": null, "highway": null, "footway": null, "length": null, "length_m": null, "effective_len_m": null, "dist_to_route_m": null, "OBJECTID": 21410.0, "source_area_m2": null, "STATION_NA": "MAYFLOWER MRT STATION", "EXIT_CODE": "Exit 3", "INC_CRC": "03D1FF1990E162EB", "FMEL_UPD_D": "20251202172807", "BLK_NO": null, "ST_COD": null, "ENTITYID": null, "POSTAL_COD": null, "SHAPE.AREA": null, "SHAPE.LEN": null }, "geometry": { "type": "Point", "coordinates": [ 103.837461041244623, 1.373532092097433 ] } },
{ "type": "Feature", "properties": { "name": null, "audit_layer": "mrt_lrt_exit", "len_m": null, "is_covered": null, "is_synthesized": null, "synth_class": null, "covered": null, "indoor": null, "tunnel": null, "bridge": null, "layer": null, "level": null, "highway": null, "footway": null, "length": null, "length_m": null, "effective_len_m": null, "dist_to_route_m": null, "OBJECTID": 21411.0, "source_area_m2": null, "STATION_NA": "MAYFLOWER MRT STATION", "EXIT_CODE": "Exit 2", "INC_CRC": "4F085EF4AAB00599", "FMEL_UPD_D": "20251202172807", "BLK_NO": null, "ST_COD": null, "ENTITYID": null, "POSTAL_COD": null, "SHAPE.AREA": null, "SHAPE.LEN": null }, "geometry": { "type": "Point", "coordinates": [ 103.837031676997995, 1.373719761049192 ] } },
{ "type": "Feature", "properties": { "name": null, "audit_layer": "mrt_lrt_exit", "len_m": null, "is_covered": null, "is_synthesized": null, "synth_class": null, "covered": null, "indoor": null, "tunnel": null, "bridge": null, "layer": null, "level": null, "highway": null, "footway": null, "length": null, "length_m": null, "effective_len_m": null, "dist_to_route_m": null, "OBJECTID": 21412.0, "source_area_m2": null, "STATION_NA": "MAYFLOWER MRT STATION", "EXIT_CODE": "Exit 1", "INC_CRC": "4C504570F6BC8EC3", "FMEL_UPD_D": "20251202172807", "BLK_NO": null, "ST_COD": null, "ENTITYID": null, "POSTAL_COD": null, "SHAPE.AREA": null, "SHAPE.LEN": null }, "geometry": { "type": "Point", "coordinates": [ 103.836716751309666, 1.372703972347034 ] } },
{ "type": "Feature", "properties": { "name": null, "audit_layer": "mrt_lrt_exit", "len_m": null, "is_covered": null, "is_synthesized": null, "synth_class": null, "covered": null, "indoor": null, "tunnel": null, "bridge": null, "layer": null, "level": null, "highway": null, "footway": null, "length": null, "length_m": null, "effective_len_m": null, "dist_to_route_m": null, "OBJECTID": 21413.0, "source_area_m2": null, "STATION_NA": "MAYFLOWER MRT STATION", "EXIT_CODE": "Exit 7", "INC_CRC": "0C15214EBA575804", "FMEL_UPD_D": "20251202172807", "BLK_NO": null, "ST_COD": null, "ENTITYID": null, "POSTAL_COD": null, "SHAPE.AREA": null, "SHAPE.LEN": null }, "geometry": { "type": "Point", "coordinates": [ 103.836284967240232, 1.371377307618476 ] } },
{ "type": "Feature", "properties": { "name": null, "audit_layer": "mrt_lrt_exit", "len_m": null, "is_covered": null, "is_synthesized": null, "synth_class": null, "covered": null, "indoor": null, "tunnel": null, "bridge": null, "layer": null, "level": null, "highway": null, "footway": null, "length": null, "length_m": null, "effective_len_m": null, "dist_to_route_m": null, "OBJECTID": 21133.0, "source_area_m2": null, "STATION_NA": "MAYFLOWER MRT STATION", "EXIT_CODE": "Exit 4", "INC_CRC": "AE51C872434B37D7", "FMEL_UPD_D": "20251202172807", "BLK_NO": null, "ST_COD": null, "ENTITYID": null, "POSTAL_COD": null, "SHAPE.AREA": null, "SHAPE.LEN": null }, "geometry": { "type": "Point", "coordinates": [ 103.836795978097442, 1.371276322901537 ] } },
{ "type": "Feature", "properties": { "name": null, "audit_layer": "mrt_lrt_exit", "len_m": null, "is_covered": null, "is_synthesized": null, "synth_class": null, "covered": null, "indoor": null, "tunnel": null, "bridge": null, "layer": null, "level": null, "highway": null, "footway": null, "length": null, "length_m": null, "effective_len_m": null, "dist_to_route_m": null, "OBJECTID": 21134.0, "source_area_m2": null, "STATION_NA": "MAYFLOWER MRT STATION", "EXIT_CODE": "Exit 5", "INC_CRC": "728784A5D5FEAA7A", "FMEL_UPD_D": "20251202172807", "BLK_NO": null, "ST_COD": null, "ENTITYID": null, "POSTAL_COD": null, "SHAPE.AREA": null, "SHAPE.LEN": null }, "geometry": { "type": "Point", "coordinates": [ 103.836760326587452, 1.370777338154852 ] } },
{ "type": "Feature", "properties": { "name": null, "audit_layer": "mrt_lrt_exit", "len_m": null, "is_covered": null, "is_synthesized": null, "synth_class": null, "covered": null, "indoor": null, "tunnel": null, "bridge": null, "layer": null, "level": null, "highway": null, "footway": null, "length": null, "length_m": null, "effective_len_m": null, "dist_to_route_m": null, "OBJECTID": 21135.0, "source_area_m2": null, "STATION_NA": "MAYFLOWER MRT STATION", "EXIT_CODE": "Exit 6", "INC_CRC": "64DA1E7B1619F148", "FMEL_UPD_D": "20251202172807", "BLK_NO": null, "ST_COD": null, "ENTITYID": null, "POSTAL_COD": null, "SHAPE.AREA": null, "SHAPE.LEN": null }, "geometry": { "type": "Point", "coordinates": [ 103.836308734746027, 1.370896144193217 ] } },
{ "type": "Feature", "properties": { "name": null, "audit_layer": "mrt_lrt_exit", "len_m": null, "is_covered": null, "is_synthesized": null, "synth_class": null, "covered": null, "indoor": null, "tunnel": null, "bridge": null, "layer": null, "level": null, "highway": null, "footway": null, "length": null, "length_m": null, "effective_len_m": null, "dist_to_route_m": null, "OBJECTID": 21297.0, "source_area_m2": null, "STATION_NA": "BRIGHT HILL MRT STATION", "EXIT_CODE": "Exit 1", "INC_CRC": "CFB9350F44E8991A", "FMEL_UPD_D": "20251202172807", "BLK_NO": null, "ST_COD": null, "ENTITYID": null, "POSTAL_COD": null, "SHAPE.AREA": null, "SHAPE.LEN": null }, "geometry": { "type": "Point", "coordinates": [ 103.833635413993861, 1.364037182165615 ] } },
{ "type": "Feature", "properties": { "name": null, "audit_layer": "mrt_lrt_exit", "len_m": null, "is_covered": null, "is_synthesized": null, "synth_class": null, "covered": null, "indoor": null, "tunnel": null, "bridge": null, "layer": null, "level": null, "highway": null, "footway": null, "length": null, "length_m": null, "effective_len_m": null, "dist_to_route_m": null, "OBJECTID": 21298.0, "source_area_m2": null, "STATION_NA": "BRIGHT HILL MRT STATION", "EXIT_CODE": "Exit 2", "INC_CRC": "F273E9D550B06062", "FMEL_UPD_D": "20251202172807", "BLK_NO": null, "ST_COD": null, "ENTITYID": null, "POSTAL_COD": null, "SHAPE.AREA": null, "SHAPE.LEN": null }, "geometry": { "type": "Point", "coordinates": [ 103.833510631568586, 1.363282762355168 ] } },
{ "type": "Feature", "properties": { "name": null, "audit_layer": "hdb_building_point", "len_m": null, "is_covered": null, "is_synthesized": null, "synth_class": null, "covered": null, "indoor": null, "tunnel": null, "bridge": null, "layer": null, "level": null, "highway": null, "footway": null, "length": null, "length_m": null, "effective_len_m": null, "dist_to_route_m": null, "OBJECTID": 948285.0, "source_area_m2": null, "STATION_NA": null, "EXIT_CODE": null, "INC_CRC": "4CF5A3CEC17C2571", "FMEL_UPD_D": "20130426120342", "BLK_NO": "101", "ST_COD": "ANA05P", "ENTITYID": 9659.0, "POSTAL_COD": "560101", "SHAPE.AREA": 1243.7822229599999, "SHAPE.LEN": 282.28606315214302 }, "geometry": { "type": "Polygon", "coordinates": [ [ [ 103.839817237435454, 1.370199377902419 ], [ 103.839841181651153, 1.370202245576214 ], [ 103.839835345571828, 1.370252697362158 ], [ 103.839853427511429, 1.370254601903874 ], [ 103.839852562211348, 1.370263227732728 ], [ 103.839912008959089, 1.370269819480416 ], [ 103.839900580299656, 1.370364926981221 ], [ 103.839826554240872, 1.370357779993411 ], [ 103.839825438244119, 1.370368134063067 ], [ 103.839748069498853, 1.370359434288465 ], [ 103.839749312191401, 1.370347948858791 ], [ 103.839607045069386, 1.370332151802778 ], [ 103.839605940755973, 1.370343600153082 ], [ 103.839528574708822, 1.370335235890477 ], [ 103.839529811112598, 1.370323833662441 ], [ 103.839387389439239, 1.370308020315129 ], [ 103.839385796302736, 1.370319596181945 ], [ 103.839308772611602, 1.370310884635435 ], [ 103.839310391807388, 1.37029945617998 ], [ 103.839167973730753, 1.370283486364496 ], [ 103.839166862225994, 1.37029464350933 ], [ 103.839089467427399, 1.370286181561166 ], [ 103.839090688557803, 1.370274897805101 ], [ 103.839018228710842, 1.370267050810386 ], [ 103.839027667070113, 1.370171563485346 ], [ 103.839086131676027, 1.370178208613522 ], [ 103.839086911614586, 1.370169572837128 ], [ 103.839129279223556, 1.370173992362599 ], [ 103.839135064995489, 1.3701226850498 ], [ 103.839158349660693, 1.370126278936595 ], [ 103.839182156394187, 1.37012938265644 ], [ 103.839176550333917, 1.370179267403894 ], [ 103.839194323164918, 1.37018146134795 ], [ 103.839193424615758, 1.370190242727318 ], [ 103.839305738769085, 1.370202520097674 ], [ 103.839306734363817, 1.370193888842492 ], [ 103.839347650783196, 1.370198690913803 ], [ 103.839353891226082, 1.3701469368434 ], [ 103.839377755467481, 1.370149614605566 ], [ 103.839371453922922, 1.370201613758902 ], [ 103.839413847590507, 1.370205639880776 ], [ 103.839412881649551, 1.370214498131358 ], [ 103.839525343170777, 1.370226828848456 ], [ 103.839526394475882, 1.370218113487165 ], [ 103.839567131181141, 1.370222589079663 ], [ 103.839573406665124, 1.370171411088669 ], [ 103.839596974380257, 1.370174674877465 ], [ 103.839621082135352, 1.370177565162153 ], [ 103.83961550843388, 1.370227949119576 ], [ 103.839633499617634, 1.370229902498875 ], [ 103.839632699912798, 1.370238673025766 ], [ 103.839744815487336, 1.370251284086325 ], [ 103.839745793108975, 1.370242611230263 ], [ 103.839786732893302, 1.37024757517516 ], [ 103.839793481917724, 1.370195803015005 ], [ 103.839817359637891, 1.370198204037253 ], [ 103.839817237435454, 1.370199377902419 ] ] ] } },
{ "type": "Feature", "properties": { "name": null, "audit_layer": "hdb_building_point", "len_m": null, "is_covered": null, "is_synthesized": null, "synth_class": null, "covered": null, "indoor": null, "tunnel": null, "bridge": null, "layer": null, "level": null, "highway": null, "footway": null, "length": null, "length_m": null, "effective_len_m": null, "dist_to_route_m": null, "OBJECTID": 947835.0, "source_area_m2": null, "STATION_NA": null, "EXIT_CODE": null, "INC_CRC": "B1F9012021BFB7CB", "FMEL_UPD_D": "20230328181025", "BLK_NO": "235", "ST_COD": "ANA05P", "ENTITYID": 11053637.0, "POSTAL_COD": "560235", "SHAPE.AREA": 1296.781179395, "SHAPE.LEN": 288.15862918943401 }, "geometry": { "type": "Polygon", "coordinates": [ [ [ 103.836224514218159, 1.366989610697107 ], [ 103.836143970990747, 1.367017290671692 ], [ 103.836135856880972, 1.366992397149305 ], [ 103.83612564823899, 1.366995767727047 ], [ 103.8361269314005, 1.366999706232105 ], [ 103.836125003071515, 1.367000342906835 ], [ 103.836123882551618, 1.366996906323776 ], [ 103.836122705426277, 1.366997295201805 ], [ 103.836108785640107, 1.36695459294415 ], [ 103.836098516794308, 1.366958139872887 ], [ 103.836099939234273, 1.366962312608155 ], [ 103.836098070210866, 1.366962958326437 ], [ 103.836096001697427, 1.366956892757419 ], [ 103.83609487489197, 1.366957281635376 ], [ 103.836078388786262, 1.366908937955942 ], [ 103.836079222658228, 1.366908649462768 ], [ 103.83607636070559, 1.366900257869643 ], [ 103.836140089009859, 1.366878244663911 ], [ 103.836138919967254, 1.366874791802356 ], [ 103.836141171780937, 1.366874020376952 ], [ 103.836142782921115, 1.36687876919204 ], [ 103.836191572516483, 1.366861915400853 ], [ 103.836190003609076, 1.366857280535649 ], [ 103.836192255422716, 1.366856508205833 ], [ 103.836193822532977, 1.366861138549216 ], [ 103.836242472849449, 1.366844332688461 ], [ 103.836240941681993, 1.366839808155691 ], [ 103.836243192597038, 1.366839035825828 ], [ 103.836244722865928, 1.366843555836776 ], [ 103.836293653535151, 1.366826653207655 ], [ 103.836292035206085, 1.366821871835561 ], [ 103.836293472916282, 1.36682137895523 ], [ 103.836283291189673, 1.366789806705448 ], [ 103.836307063727673, 1.366782040899625 ], [ 103.83631769384013, 1.3668132342201 ], [ 103.836319695851572, 1.366812547805086 ], [ 103.836321269252025, 1.366817196235663 ], [ 103.836370236761567, 1.366800293604925 ], [ 103.836368684028187, 1.366795737419512 ], [ 103.8363707282723, 1.366795031108386 ], [ 103.836371697832092, 1.366797876237268 ], [ 103.836420575483956, 1.366781004353995 ], [ 103.836419589749795, 1.366778093206559 ], [ 103.836421841563293, 1.366777320876527 ], [ 103.836422825500307, 1.366780227502143 ], [ 103.83647167529584, 1.366763365565866 ], [ 103.836470577240078, 1.366760144221641 ], [ 103.836472759863753, 1.366759391787666 ], [ 103.836474455470309, 1.366764367597863 ], [ 103.836523149812763, 1.366747559018232 ], [ 103.836521574614778, 1.366742905161602 ], [ 103.836523826428206, 1.366742132831472 ], [ 103.836525399829043, 1.366746782166282 ], [ 103.836574051938044, 1.366729988055497 ], [ 103.836572505494317, 1.36672542011347 ], [ 103.836574757307716, 1.366724647783293 ], [ 103.836576301954295, 1.366729211203499 ], [ 103.836625281141622, 1.36671230495005 ], [ 103.836624923509646, 1.366711246844302 ], [ 103.836626794329845, 1.366710605647425 ], [ 103.836614913400567, 1.366675739706566 ], [ 103.836639967294815, 1.366667091236097 ], [ 103.836651822165805, 1.366701880305903 ], [ 103.836652357712794, 1.366701696719203 ], [ 103.836652840246416, 1.366703121996683 ], [ 103.836701580413376, 1.366686297134788 ], [ 103.83669995130073, 1.366681484110231 ], [ 103.836702203114058, 1.366680712684298 ], [ 103.836703831328123, 1.366685521187033 ], [ 103.836752765585231, 1.366668629400858 ], [ 103.836751127486764, 1.36666378924542 ], [ 103.836753379300035, 1.366663016915074 ], [ 103.836755016499936, 1.366667852548691 ], [ 103.836803692867107, 1.366651050293908 ], [ 103.836802105088637, 1.366646359358542 ], [ 103.836804356901879, 1.366645587028148 ], [ 103.836805459450943, 1.366648846355516 ], [ 103.836869202119374, 1.366627048368986 ], [ 103.83687223300565, 1.366635582850485 ], [ 103.836872964440587, 1.366635331436122 ], [ 103.836889304093475, 1.36668364707507 ], [ 103.836888634659772, 1.366683887636974 ], [ 103.836890762480436, 1.366689879047353 ], [ 103.836889088446938, 1.366690481356477 ], [ 103.836887112485087, 1.366684916805824 ], [ 103.836876101424039, 1.366688878842232 ], [ 103.836891618879704, 1.366732569563286 ], [ 103.836890538800091, 1.366732957537185 ], [ 103.836891727612084, 1.366736306396449 ], [ 103.836889744470881, 1.366737019942844 ], [ 103.836888450525862, 1.366733374452243 ], [ 103.83687860490825, 1.366736915957521 ], [ 103.836887300398473, 1.366761397990793 ], [ 103.836806883884478, 1.366789012873348 ], [ 103.836798393268779, 1.366764562492241 ], [ 103.836788810032871, 1.366767933976278 ], [ 103.836789877537612, 1.366771086588712 ], [ 103.836787625724227, 1.366771858919093 ], [ 103.836786564509509, 1.36676872348957 ], [ 103.836776977679278, 1.366772095877928 ], [ 103.836785442236163, 1.366796469388183 ], [ 103.836704998763693, 1.366824766158031 ], [ 103.836696315853729, 1.366799339063384 ], [ 103.836649246123912, 1.366815620399892 ], [ 103.836657692708783, 1.366840353847613 ], [ 103.836577466686364, 1.36686810347245 ], [ 103.836569504430514, 1.366842959442396 ], [ 103.83655924996296, 1.366846501851275 ], [ 103.836560579850655, 1.366850400564011 ], [ 103.836558334327123, 1.366851176511623 ], [ 103.836557026903762, 1.366847342008722 ], [ 103.836547415811452, 1.366850662847425 ], [ 103.83655586419259, 1.366875433374435 ], [ 103.836475429699817, 1.366903220979423 ], [ 103.836466948070353, 1.366876907606666 ], [ 103.836444774984301, 1.366883945398723 ], [ 103.836453860452551, 1.36691060966412 ], [ 103.836373566134142, 1.366938323107615 ], [ 103.836364728672123, 1.366911913872336 ], [ 103.836354822848691, 1.366915332381983 ], [ 103.836356637965281, 1.366920659085458 ], [ 103.836354633258097, 1.366921351831057 ], [ 103.836353483085219, 1.36691797764928 ], [ 103.836330024147117, 1.366926074452503 ], [ 103.836331181508555, 1.366929470339025 ], [ 103.83632920375841, 1.366930153136561 ], [ 103.836327663605061, 1.366925633125683 ], [ 103.836317854826973, 1.366929018173575 ], [ 103.836326548516368, 1.36695453208854 ], [ 103.836246031349944, 1.366982321494621 ], [ 103.836237914543801, 1.366957654968022 ], [ 103.836228062634135, 1.366961040919961 ], [ 103.836229273011256, 1.366964617679329 ], [ 103.83622702119753, 1.366965389104815 ], [ 103.836225810820409, 1.366961815058539 ], [ 103.836216204220023, 1.366965116904251 ], [ 103.836224514218159, 1.366989610697107 ] ] ] } },
{ "type": "Feature", "properties": { "name": null, "audit_layer": "hdb_building_point", "len_m": null, "is_covered": null, "is_synthesized": null, "synth_class": null, "covered": null, "indoor": null, "tunnel": null, "bridge": null, "layer": null, "level": null, "highway": null, "footway": null, "length": null, "length_m": null, "effective_len_m": null, "dist_to_route_m": null, "OBJECTID": 936376.0, "source_area_m2": null, "STATION_NA": null, "EXIT_CODE": null, "INC_CRC": "C77289CFBA6B6BED", "FMEL_UPD_D": "20130426120338", "BLK_NO": "226", "ST_COD": "ANA02E", "ENTITYID": 8862.0, "POSTAL_COD": "560226", "SHAPE.AREA": 1113.4533612949999, "SHAPE.LEN": 252.24504957105199 }, "geometry": { "type": "Polygon", "coordinates": [ [ [ 103.838426034688979, 1.367661759503665 ], [ 103.838429962360848, 1.367673307323023 ], [ 103.838503841796623, 1.367647809516937 ], [ 103.838496020598313, 1.367624890229421 ], [ 103.838574583372733, 1.367597760937802 ], [ 103.838582388397299, 1.367620609684685 ], [ 103.838655442044981, 1.36759536148027 ], [ 103.838647461797422, 1.367571911331754 ], [ 103.838728429138598, 1.367543967197478 ], [ 103.838736708612316, 1.367568228559824 ], [ 103.838771166030739, 1.367556313481864 ], [ 103.83880148396733, 1.367645237745444 ], [ 103.838736622571972, 1.367667649849334 ], [ 103.838754151982116, 1.367719033980318 ], [ 103.83872683548816, 1.367728467466252 ], [ 103.838709430081835, 1.367677400766659 ], [ 103.838280383190153, 1.367825633334397 ], [ 103.838297684355169, 1.367877052739384 ], [ 103.838268367643067, 1.36788719524584 ], [ 103.838251050305729, 1.367836447783351 ], [ 103.838037343637453, 1.367910280515823 ], [ 103.838006918795244, 1.367821074081182 ], [ 103.838044885132888, 1.367807952584858 ], [ 103.838036358557289, 1.36778298400774 ], [ 103.838116799351155, 1.367755181880457 ], [ 103.83812493864184, 1.367779055272901 ], [ 103.838198010270517, 1.367753805273729 ], [ 103.838189994982528, 1.367730286392084 ], [ 103.838268137233584, 1.36770329909661 ], [ 103.838276258553961, 1.367727065773593 ], [ 103.838350400375106, 1.367701462161093 ], [ 103.838342314098441, 1.367677765120337 ], [ 103.838422088147183, 1.367650210779976 ], [ 103.838426034688979, 1.367661759503665 ] ] ] } },
{ "type": "Feature", "properties": { "name": null, "audit_layer": "hdb_building_point", "len_m": null, "is_covered": null, "is_synthesized": null, "synth_class": null, "covered": null, "indoor": null, "tunnel": null, "bridge": null, "layer": null, "level": null, "highway": null, "footway": null, "length": null, "length_m": null, "effective_len_m": null, "dist_to_route_m": null, "OBJECTID": 936913.0, "source_area_m2": null, "STATION_NA": null, "EXIT_CODE": null, "INC_CRC": "0F0D36DCE2BDBEF2", "FMEL_UPD_D": "20130426120312", "BLK_NO": "221", "ST_COD": "ANA02E", "ENTITYID": 6736.0, "POSTAL_COD": "560221", "SHAPE.AREA": 1158.33481194, "SHAPE.LEN": 295.02991634724799 }, "geometry": { "type": "Polygon", "coordinates": [ [ [ 103.839785106543445, 1.366234903574388 ], [ 103.839799132294019, 1.366229946715672 ], [ 103.839791644460746, 1.366208358655522 ], [ 103.83985839369852, 1.366185186851722 ], [ 103.839864459087082, 1.366202886149028 ], [ 103.839884848497249, 1.366195807633724 ], [ 103.839886049893494, 1.366199312946488 ], [ 103.83988681457501, 1.366199047965647 ], [ 103.839898392720812, 1.366230054968526 ], [ 103.839897628039296, 1.366230319949371 ], [ 103.839898859088606, 1.366233911176656 ], [ 103.839873202271491, 1.366242817426779 ], [ 103.839890197041868, 1.366292410005739 ], [ 103.839813738771895, 1.366318952402569 ], [ 103.839828389156509, 1.366361704376681 ], [ 103.83980077885046, 1.366371288904569 ], [ 103.839785689062566, 1.366327254542888 ], [ 103.839436440737217, 1.366448495444726 ], [ 103.839445817374937, 1.366475856962861 ], [ 103.839399516844765, 1.366491930347801 ], [ 103.839390374735743, 1.366465252528308 ], [ 103.839214009131993, 1.366526478432908 ], [ 103.839229099809316, 1.366570512798169 ], [ 103.83920148949845, 1.366580097319131 ], [ 103.839186839123556, 1.366537345341204 ], [ 103.83911037993947, 1.366563887715527 ], [ 103.839093150654961, 1.366513612336577 ], [ 103.839067494730457, 1.366522518578045 ], [ 103.839066322089636, 1.36651909827505 ], [ 103.839065557407935, 1.366519364159992 ], [ 103.839054596586067, 1.366487377725082 ], [ 103.839055361267739, 1.366487111840143 ], [ 103.83905418862696, 1.36648369153714 ], [ 103.83907398318965, 1.366476820129609 ], [ 103.839068064273945, 1.366459548594278 ], [ 103.839131699986353, 1.366437457533607 ], [ 103.839138847254475, 1.366458084257377 ], [ 103.839151996005072, 1.366453484628493 ], [ 103.839144855925497, 1.36643289046186 ], [ 103.839207310019134, 1.366411209983447 ], [ 103.8392148373852, 1.366432931891233 ], [ 103.839227583576857, 1.366428438977914 ], [ 103.839220087660749, 1.36640677404504 ], [ 103.839283979462323, 1.366384593447614 ], [ 103.839291135717289, 1.366405234640739 ], [ 103.839304864043868, 1.366400419770862 ], [ 103.839297740137354, 1.366379817465363 ], [ 103.839360987664037, 1.366357861149834 ], [ 103.839368254444977, 1.366379065761415 ], [ 103.839362901673653, 1.366380923339229 ], [ 103.839364689839115, 1.366386139708043 ], [ 103.839426704529686, 1.366364611158208 ], [ 103.839424917262647, 1.366359394789439 ], [ 103.839419649855401, 1.366361223427505 ], [ 103.839412383074034, 1.366340018816079 ], [ 103.839474916236853, 1.366318310295173 ], [ 103.839481960171184, 1.36633858612484 ], [ 103.839494952569595, 1.36633402176468 ], [ 103.839487950867991, 1.366313785726972 ], [ 103.839550494812272, 1.366292073586604 ], [ 103.839557704085294, 1.366312904695304 ], [ 103.839570449377092, 1.366308411780157 ], [ 103.839563261669781, 1.366287641263848 ], [ 103.839626661049635, 1.366265632487761 ], [ 103.839633599851808, 1.366285631581783 ], [ 103.839646627293803, 1.366281067220705 ], [ 103.839639699274471, 1.366261106109994 ], [ 103.839702242317443, 1.366239393965656 ], [ 103.839709396778375, 1.366260019783349 ], [ 103.839721931804647, 1.366255598312736 ], [ 103.839714790822327, 1.366235038513639 ], [ 103.839777601637266, 1.36621323321709 ], [ 103.839785106543445, 1.366234903574388 ] ] ] } },
{ "type": "Feature", "properties": { "name": null, "audit_layer": "hdb_building_point", "len_m": null, "is_covered": null, "is_synthesized": null, "synth_class": null, "covered": null, "indoor": null, "tunnel": null, "bridge": null, "layer": null, "level": null, "highway": null, "footway": null, "length": null, "length_m": null, "effective_len_m": null, "dist_to_route_m": null, "OBJECTID": 936761.0, "source_area_m2": null, "STATION_NA": null, "EXIT_CODE": null, "INC_CRC": "2CC5A43D4FEDE73D", "FMEL_UPD_D": "20130426120337", "BLK_NO": "225", "ST_COD": "ANA02E", "ENTITYID": 8824.0, "POSTAL_COD": "560225", "SHAPE.AREA": 1691.2046025300001, "SHAPE.LEN": 316.65958508911598 }, "geometry": { "type": "Polygon", "coordinates": [ [ [ 103.838640782720987, 1.367158586112227 ], [ 103.838662344930725, 1.367221748675837 ], [ 103.838650814497157, 1.367225745991782 ], [ 103.838664749601392, 1.367266617800988 ], [ 103.838652781564605, 1.367270756198751 ], [ 103.838661074515315, 1.367295096241086 ], [ 103.838580330026815, 1.367323006006771 ], [ 103.838572247343521, 1.367299337906373 ], [ 103.838550555894003, 1.367306836942703 ], [ 103.838558849742299, 1.367331140810816 ], [ 103.838477753911064, 1.367359192558996 ], [ 103.838469459164983, 1.367334923960813 ], [ 103.838421356082677, 1.36735154899286 ], [ 103.838429509752174, 1.367375464889431 ], [ 103.838350027747509, 1.367402949593404 ], [ 103.838341611694887, 1.367378292118387 ], [ 103.83831999033228, 1.367385756786631 ], [ 103.838328249134008, 1.367409918670415 ], [ 103.838250172488699, 1.367436909585209 ], [ 103.838241964906302, 1.367412852607312 ], [ 103.838190967530679, 1.36743050409415 ], [ 103.838195043465731, 1.367442409137519 ], [ 103.838199103226557, 1.36745431327655 ], [ 103.838118059503941, 1.367482328837824 ], [ 103.8381097126436, 1.367457848617263 ], [ 103.838087617733791, 1.367465489635388 ], [ 103.838095912476547, 1.367489793505091 ], [ 103.838016904010075, 1.367517101845982 ], [ 103.838008803360182, 1.367493398473523 ], [ 103.83798572631386, 1.367501356924499 ], [ 103.837993808992167, 1.367525061201434 ], [ 103.837915327983339, 1.367552192282527 ], [ 103.837906699871084, 1.367526934308503 ], [ 103.837858246339152, 1.367543666044856 ], [ 103.837866698330473, 1.367568465506686 ], [ 103.837786549574787, 1.367596161814399 ], [ 103.837778220688989, 1.36757178740328 ], [ 103.837756336940785, 1.367579357877527 ], [ 103.837764665826398, 1.367603732288722 ], [ 103.837683833257387, 1.367631677294435 ], [ 103.837675573562677, 1.367607479233875 ], [ 103.837662166014979, 1.367612113220926 ], [ 103.837648318087389, 1.367571524471797 ], [ 103.837636490224114, 1.367575627594001 ], [ 103.837614648584349, 1.367513313315439 ], [ 103.838640782720987, 1.367158586112227 ] ] ] } },
{ "type": "Feature", "properties": { "name": null, "audit_layer": "hdb_building_point", "len_m": null, "is_covered": null, "is_synthesized": null, "synth_class": null, "covered": null, "indoor": null, "tunnel": null, "bridge": null, "layer": null, "level": null, "highway": null, "footway": null, "length": null, "length_m": null, "effective_len_m": null, "dist_to_route_m": null, "OBJECTID": 936624.0, "source_area_m2": null, "STATION_NA": null, "EXIT_CODE": null, "INC_CRC": "CBD2BB9F9F9788C7", "FMEL_UPD_D": "20130426120305", "BLK_NO": "224", "ST_COD": "ANA02E", "ENTITYID": 6369.0, "POSTAL_COD": "560224", "SHAPE.AREA": 908.29184083999996, "SHAPE.LEN": 219.01480279094099 }, "geometry": { "type": "Polygon", "coordinates": [ [ [ 103.837920568427791, 1.36659843972821 ], [ 103.837914513835088, 1.366580642754604 ], [ 103.837978064197628, 1.366558745258781 ], [ 103.837984932899005, 1.366578936987332 ], [ 103.837998025042808, 1.366574425992611 ], [ 103.837991156341332, 1.366554233359733 ], [ 103.838054575511478, 1.366532381080344 ], [ 103.838061444213409, 1.366552573713041 ], [ 103.838074366527493, 1.366548120597554 ], [ 103.838067496926897, 1.366527927964895 ], [ 103.838130916994217, 1.366506075683477 ], [ 103.838137785696716, 1.366526268315956 ], [ 103.838150962305392, 1.366521727476205 ], [ 103.838144093602793, 1.366501534843762 ], [ 103.838207598134161, 1.366479652716114 ], [ 103.838214466837229, 1.366499845348375 ], [ 103.838227558980179, 1.366495334352396 ], [ 103.838220689378446, 1.366475141720173 ], [ 103.838284024078987, 1.36645331837452 ], [ 103.838293076318706, 1.366479927466803 ], [ 103.838344593944854, 1.366462175592187 ], [ 103.838335541704637, 1.366435566500098 ], [ 103.83839870567509, 1.366413801935441 ], [ 103.838405575278117, 1.366433993662792 ], [ 103.838418837249776, 1.366429423881723 ], [ 103.838411967646664, 1.366409232154409 ], [ 103.838475302343724, 1.366387407899317 ], [ 103.838482171048753, 1.366407600530817 ], [ 103.838495433020142, 1.366403030749322 ], [ 103.838488564315014, 1.36638283811786 ], [ 103.838551473089268, 1.366361161273051 ], [ 103.838557455800114, 1.366378748432697 ], [ 103.838577508252598, 1.366371839045408 ], [ 103.83857864045676, 1.366375124598458 ], [ 103.838579658534755, 1.366374773702869 ], [ 103.838590485462703, 1.366406601876558 ], [ 103.838589588691434, 1.366406911171127 ], [ 103.838590892523413, 1.366410697741618 ], [ 103.838566421809858, 1.36641918163697 ], [ 103.83856767262597, 1.366422860588238 ], [ 103.838568522671693, 1.366422567572337 ], [ 103.838581504382176, 1.366460727195855 ], [ 103.838580392853018, 1.366461110648766 ], [ 103.838582452386845, 1.366467290165561 ], [ 103.837929394352344, 1.366692230429294 ], [ 103.83791181644466, 1.366640934015148 ], [ 103.837911080516989, 1.366641187238565 ], [ 103.837900195189576, 1.366609187232721 ], [ 103.837900859231766, 1.366608958427281 ], [ 103.837899725231239, 1.366605650264809 ], [ 103.837920568427791, 1.36659843972821 ] ] ] } },
{ "type": "Feature", "properties": { "name": null, "audit_layer": "hdb_building_point", "len_m": null, "is_covered": null, "is_synthesized": null, "synth_class": null, "covered": null, "indoor": null, "tunnel": null, "bridge": null, "layer": null, "level": null, "highway": null, "footway": null, "length": null, "length_m": null, "effective_len_m": null, "dist_to_route_m": null, "OBJECTID": 936522.0, "source_area_m2": null, "STATION_NA": null, "EXIT_CODE": null, "INC_CRC": "E61273F0230B33B5", "FMEL_UPD_D": "20200702144226", "BLK_NO": "226D", "ST_COD": "ANA02E", "ENTITYID": 11050879.0, "POSTAL_COD": "564226", "SHAPE.AREA": 2410.1935650649998, "SHAPE.LEN": 232.64309617619401 }, "geometry": { "type": "Polygon", "coordinates": [ [ [ 103.839176387163931, 1.366618673944586 ], [ 103.839244300964225, 1.366595341178259 ], [ 103.839358194506673, 1.366556073395304 ], [ 103.839364264385438, 1.366573807964035 ], [ 103.839388988493766, 1.366565134143374 ], [ 103.839467838520378, 1.366795440260535 ], [ 103.839491273382066, 1.366864624069494 ], [ 103.839395818451266, 1.366896937250484 ], [ 103.839158515491391, 1.366978945596642 ], [ 103.838979188161176, 1.36704075932784 ], [ 103.838966446360359, 1.367003065453759 ], [ 103.838922940035189, 1.366875457943929 ], [ 103.838760955980305, 1.366931955764704 ], [ 103.838755066718932, 1.366914872336367 ], [ 103.838736349397209, 1.366859507196036 ], [ 103.838736494965318, 1.366859456551305 ], [ 103.838732773067193, 1.366848582483317 ], [ 103.838894176640693, 1.366791756381545 ], [ 103.838870945775682, 1.366724195900061 ], [ 103.838933953397827, 1.366702463878759 ], [ 103.838988685203205, 1.366683544448412 ], [ 103.839124458894986, 1.366636616658984 ], [ 103.839176387163931, 1.366618673944586 ] ] ] } },
{ "type": "Feature", "properties": { "name": null, "audit_layer": "hdb_building_point", "len_m": null, "is_covered": null, "is_synthesized": null, "synth_class": null, "covered": null, "indoor": null, "tunnel": null, "bridge": null, "layer": null, "level": null, "highway": null, "footway": null, "length": null, "length_m": null, "effective_len_m": null, "dist_to_route_m": null, "OBJECTID": 937078.0, "source_area_m2": null, "STATION_NA": null, "EXIT_CODE": null, "INC_CRC": "135930459AE77F35", "FMEL_UPD_D": "20230328181025", "BLK_NO": "234", "ST_COD": "ANA05P", "ENTITYID": 11053638.0, "POSTAL_COD": "560234", "SHAPE.AREA": 1164.5949440750001, "SHAPE.LEN": 287.15879204175798 }, "geometry": { "type": "Polygon", "coordinates": [ [ [ 103.836322209811087, 1.367347396992269 ], [ 103.836258838227934, 1.36736921395531 ], [ 103.836252490710862, 1.367350575919128 ], [ 103.836234224598869, 1.367356869412606 ], [ 103.836235067459981, 1.36735934194359 ], [ 103.836232788688818, 1.367360126934578 ], [ 103.83623167266164, 1.367356852232786 ], [ 103.836230995140554, 1.3673570855596 ], [ 103.836230205295251, 1.367354767674845 ], [ 103.836230882816324, 1.367354534348032 ], [ 103.836221534067064, 1.367327084189621 ], [ 103.836220856545992, 1.367327318420796 ], [ 103.836220002003458, 1.367324809715248 ], [ 103.836220949095264, 1.367324483238587 ], [ 103.836219834865247, 1.367321212154245 ], [ 103.836245395560596, 1.367312405423579 ], [ 103.836228355030087, 1.367262375106583 ], [ 103.836304799891323, 1.367236038115293 ], [ 103.836290209767654, 1.36719320020498 ], [ 103.836318014188123, 1.367183621143632 ], [ 103.836332605210828, 1.367226458149411 ], [ 103.836681547394903, 1.367106239633707 ], [ 103.836672895035562, 1.367080836052465 ], [ 103.836719238726801, 1.367064869435323 ], [ 103.836727891086582, 1.367090273016399 ], [ 103.83690404832771, 1.367029581775053 ], [ 103.836889458194676, 1.366986744772718 ], [ 103.836917117940828, 1.366977215444636 ], [ 103.836931708972855, 1.367020052446803 ], [ 103.837008428780791, 1.366993620474287 ], [ 103.837025535819933, 1.367043847032741 ], [ 103.837051108190778, 1.367035036675962 ], [ 103.83705226735043, 1.367038439797041 ], [ 103.837053047308203, 1.367038171199627 ], [ 103.837053798515541, 1.367040374229906 ], [ 103.837053018557782, 1.367040642827321 ], [ 103.837062388881122, 1.367068154479259 ], [ 103.837063168838881, 1.367067885881841 ], [ 103.837063982946404, 1.367070277019794 ], [ 103.83706297205643, 1.367070625201633 ], [ 103.837064160869048, 1.367074115141631 ], [ 103.837062059116491, 1.367074839540726 ], [ 103.837061169528823, 1.367072226833635 ], [ 103.837042807274173, 1.367078552890573 ], [ 103.837049136825144, 1.367097133045393 ], [ 103.836985776037992, 1.367118947314645 ], [ 103.836979441095991, 1.367100347263652 ], [ 103.836966203379262, 1.367104904375581 ], [ 103.836972538321163, 1.367123504426609 ], [ 103.83690942104478, 1.367145233683216 ], [ 103.836903086103305, 1.367126634536387 ], [ 103.836889841197745, 1.367131194360997 ], [ 103.836896176139106, 1.367149794412224 ], [ 103.836832547575639, 1.3671717000186 ], [ 103.836826212634691, 1.367153099967206 ], [ 103.836813554494327, 1.367157458117292 ], [ 103.836819889435191, 1.367176057264355 ], [ 103.836756473831173, 1.367197890519245 ], [ 103.836750138890736, 1.367179290467652 ], [ 103.836698782081342, 1.367196971767183 ], [ 103.83670511702141, 1.367215570914547 ], [ 103.836641908086179, 1.367237332721318 ], [ 103.836635573146523, 1.367218732669425 ], [ 103.836622330037088, 1.367223292492545 ], [ 103.836628664976644, 1.367241891640109 ], [ 103.836564999566974, 1.367263809900496 ], [ 103.83655866462783, 1.367245210752766 ], [ 103.836545538332061, 1.367249729878908 ], [ 103.836551873271119, 1.367268329026673 ], [ 103.836488745204335, 1.367290062793981 ], [ 103.836482410265702, 1.367271462741686 ], [ 103.836468904773511, 1.367276113000732 ], [ 103.836475239712044, 1.367294712148697 ], [ 103.836412183529376, 1.367316421496046 ], [ 103.836405847692717, 1.367297821443553 ], [ 103.836392783397628, 1.367302319768395 ], [ 103.836399119234216, 1.367320918916558 ], [ 103.836335734173915, 1.367342740403482 ], [ 103.836329399236334, 1.367324141255151 ], [ 103.836315874873605, 1.367328796939539 ], [ 103.836322209811087, 1.367347396992269 ] ] ] } },
{ "type": "Feature", "properties": { "name": null, "audit_layer": "hdb_building_point", "len_m": null, "is_covered": null, "is_synthesized": null, "synth_class": null, "covered": null, "indoor": null, "tunnel": null, "bridge": null, "layer": null, "level": null, "highway": null, "footway": null, "length": null, "length_m": null, "effective_len_m": null, "dist_to_route_m": null, "OBJECTID": 937581.0, "source_area_m2": null, "STATION_NA": null, "EXIT_CODE": null, "INC_CRC": "D7A5A1B4B7D15F63", "FMEL_UPD_D": "20230328181025", "BLK_NO": "229", "ST_COD": "ANA05P", "ENTITYID": 11053643.0, "POSTAL_COD": "560229", "SHAPE.AREA": 1130.42163267, "SHAPE.LEN": 318.72877386296102 }, "geometry": { "type": "Polygon", "coordinates": [ [ [ 103.838007060872442, 1.369266996131912 ], [ 103.838028952768326, 1.369283089251376 ], [ 103.838035122334446, 1.369274589119261 ], [ 103.83803194588441, 1.369272254056935 ], [ 103.83803302326713, 1.369270769088649 ], [ 103.838036199717166, 1.369273104150973 ], [ 103.83805100092485, 1.369252709802639 ], [ 103.838047527946244, 1.369250156789128 ], [ 103.83804860532895, 1.369248671820834 ], [ 103.838052078307541, 1.369251224834344 ], [ 103.838066875920674, 1.369230835912103 ], [ 103.838063420913528, 1.369228296464042 ], [ 103.838064498296205, 1.369226812400105 ], [ 103.838067953303366, 1.369229351848163 ], [ 103.838074245074438, 1.369220681695216 ], [ 103.838052354077405, 1.369204588576157 ], [ 103.838102443834117, 1.36913557101133 ], [ 103.838124335729432, 1.369151664129937 ], [ 103.83813043430807, 1.36914326076469 ], [ 103.838127146435227, 1.369140843405563 ], [ 103.838128223817847, 1.369139359341596 ], [ 103.838131511690648, 1.369141775796358 ], [ 103.838146707367926, 1.369120838828046 ], [ 103.838143415900817, 1.369118419660219 ], [ 103.838144493283409, 1.36911693469188 ], [ 103.83814778475049, 1.36911935476407 ], [ 103.838162220239269, 1.369099464146674 ], [ 103.838158847900758, 1.369096985290989 ], [ 103.838159925283335, 1.369095500322644 ], [ 103.838163297621819, 1.369097979178327 ], [ 103.838169466288434, 1.369089479950221 ], [ 103.838147575291956, 1.369073385927653 ], [ 103.838197571592232, 1.369004497685052 ], [ 103.838219462588413, 1.369020590802807 ], [ 103.838264860017091, 1.368958039448783 ], [ 103.838242969021152, 1.368941945427073 ], [ 103.838292887140625, 1.368873164801928 ], [ 103.838314778136237, 1.36888925882319 ], [ 103.838321174139352, 1.368880445779796 ], [ 103.838317669711017, 1.3688778683489 ], [ 103.838318747093382, 1.368876384284844 ], [ 103.838322251521717, 1.368878960811375 ], [ 103.838337005999065, 1.368858631575542 ], [ 103.8383335438036, 1.36885608579733 ], [ 103.83833462118595, 1.368854601733267 ], [ 103.838338084279982, 1.368857146607112 ], [ 103.838352917830989, 1.368836707942932 ], [ 103.838349397228399, 1.368834119659743 ], [ 103.838350474610721, 1.368832634691309 ], [ 103.838353995213311, 1.368835222974497 ], [ 103.83836017825567, 1.368826703849838 ], [ 103.838338286361747, 1.368810609828985 ], [ 103.838388482133098, 1.368741447559467 ], [ 103.838410374026751, 1.368757540675506 ], [ 103.838416462719124, 1.368749149970627 ], [ 103.838412885506585, 1.368746520086894 ], [ 103.838413962888836, 1.36874503511843 ], [ 103.838417540101375, 1.368747665906527 ], [ 103.838432362868204, 1.368727242616055 ], [ 103.838428639188578, 1.368724506017671 ], [ 103.838429716570801, 1.368723021049199 ], [ 103.838434875268888, 1.368726813942004 ], [ 103.838435624674048, 1.368725781156378 ], [ 103.838503490174759, 1.368775672075003 ], [ 103.838503042688231, 1.368776289756784 ], [ 103.838508142979265, 1.368779973221474 ], [ 103.838506905652139, 1.368781709603601 ], [ 103.83850388555382, 1.368779529187848 ], [ 103.838489172412508, 1.368799825867517 ], [ 103.838492063116576, 1.368801913134045 ], [ 103.838490825789435, 1.368803650420527 ], [ 103.838487919809666, 1.368801552301658 ], [ 103.838465937258235, 1.368831876588154 ], [ 103.838515298481241, 1.368868164098505 ], [ 103.838514380145412, 1.36886943021051 ], [ 103.838509986131186, 1.368866199830812 ], [ 103.838494112938946, 1.368888096333448 ], [ 103.838498506953201, 1.368891326713175 ], [ 103.838497140232249, 1.368893211411318 ], [ 103.838447779009002, 1.368856923900599 ], [ 103.838425497233629, 1.368887659673105 ], [ 103.838428231586335, 1.368889633894507 ], [ 103.838426993360528, 1.368891370276593 ], [ 103.838424245529254, 1.368889386107211 ], [ 103.838409580010676, 1.36890961676768 ], [ 103.838412715126225, 1.368911880384818 ], [ 103.838411476900404, 1.36891361767126 ], [ 103.838408328306286, 1.368911344106141 ], [ 103.83839375623846, 1.368931443633488 ], [ 103.838396466329755, 1.368933400672056 ], [ 103.838395228103906, 1.368935137054124 ], [ 103.838392504534028, 1.368933170971941 ], [ 103.838370415949257, 1.368963639956042 ], [ 103.83837344772914, 1.368965829415578 ], [ 103.838371841989186, 1.368968082190421 ], [ 103.838409881213423, 1.368996045957899 ], [ 103.838395000936458, 1.369016572345843 ], [ 103.838356819737797, 1.368988503672175 ], [ 103.838355200519288, 1.36899077453432 ], [ 103.838352275669394, 1.368988662849865 ], [ 103.838330296708847, 1.369018982613246 ], [ 103.838333223355903, 1.369021095202088 ], [ 103.838331986028535, 1.369022832488485 ], [ 103.838329045004343, 1.3690207090473 ], [ 103.838314311193045, 1.369041031952467 ], [ 103.838317370828676, 1.369043241308028 ], [ 103.838316132602699, 1.369044977690055 ], [ 103.838313059488513, 1.369042759290876 ], [ 103.838298464056336, 1.369062892279152 ], [ 103.838301534474851, 1.369065108869626 ], [ 103.83830029624886, 1.369066846156008 ], [ 103.838297212351776, 1.369064619617554 ], [ 103.838275008747985, 1.369095247769101 ], [ 103.838278124095055, 1.369097496916625 ], [ 103.838276564181868, 1.369099686385806 ], [ 103.83831451983994, 1.369127589562538 ], [ 103.838299509269078, 1.369148295014271 ], [ 103.838261284039419, 1.369120194686448 ], [ 103.83825983285287, 1.369122230413464 ], [ 103.83825695383004, 1.369120152190278 ], [ 103.838235052143915, 1.36915036523761 ], [ 103.83823794913819, 1.369152457026249 ], [ 103.838236338905148, 1.369154716131557 ], [ 103.838233423040876, 1.369152610777491 ], [ 103.83821904595932, 1.369172444420238 ], [ 103.83822202741932, 1.36917459680113 ], [ 103.83822041718625, 1.369176855906427 ], [ 103.838217417754819, 1.369174689960106 ], [ 103.838203061340067, 1.36919449375869 ], [ 103.838206010451472, 1.369196622626196 ], [ 103.838204400218402, 1.369198881731482 ], [ 103.838201433135509, 1.369196739298546 ], [ 103.838180089458504, 1.36922618092148 ], [ 103.838229450685304, 1.369262469341983 ], [ 103.838228100138153, 1.369264332335193 ], [ 103.838226630075212, 1.369263251622888 ], [ 103.838210906040032, 1.369284942832584 ], [ 103.838212375204421, 1.3692860235449 ], [ 103.838211084861271, 1.369287804240826 ], [ 103.838161722735649, 1.369251515819951 ], [ 103.838139742871732, 1.369281835581527 ], [ 103.838142672214659, 1.36928394997932 ], [ 103.838141061981446, 1.369286209084562 ], [ 103.838138114667089, 1.369284082025702 ], [ 103.838123839122119, 1.369303774586826 ], [ 103.838126753189343, 1.369305878132298 ], [ 103.838125142956088, 1.369308137237529 ], [ 103.838122210917433, 1.369306020126626 ], [ 103.838107823949798, 1.369325865525439 ], [ 103.838110746104178, 1.369327975401464 ], [ 103.838109135870894, 1.369330234506684 ], [ 103.838106195745098, 1.369328111969592 ], [ 103.838084541161322, 1.369357982260941 ], [ 103.838087441750091, 1.369360114746144 ], [ 103.838085820733866, 1.369362350337898 ], [ 103.838123990253905, 1.369390410876556 ], [ 103.838109148610513, 1.369410883000731 ], [ 103.838070979090318, 1.369382823366204 ], [ 103.8380696752685, 1.369384622149364 ], [ 103.838066774679731, 1.36938248966414 ], [ 103.838044776842082, 1.369412834747049 ], [ 103.838047481542219, 1.369414787264195 ], [ 103.838045871308836, 1.369417046369371 ], [ 103.838043148637269, 1.369415080286795 ], [ 103.838028817379538, 1.369434848814042 ], [ 103.838031768288261, 1.36943697858612 ], [ 103.838030158054835, 1.369439237691285 ], [ 103.838024879845989, 1.369435427614945 ], [ 103.83802426702276, 1.36943627319676 ], [ 103.837956578531845, 1.369386512492907 ], [ 103.837957193152221, 1.369385665102376 ], [ 103.837952008394922, 1.369381853216961 ], [ 103.837953243027101, 1.369380152105343 ], [ 103.83795667646865, 1.369382676179408 ], [ 103.83797146240201, 1.369362303536356 ], [ 103.837968067599064, 1.369359807497529 ], [ 103.837969144981855, 1.369358323433636 ], [ 103.837972539784829, 1.369360818568097 ], [ 103.837978672510062, 1.369352369080605 ], [ 103.837956781512446, 1.369336275056323 ], [ 103.838007060872442, 1.369266996131912 ] ] ] } },
{ "type": "Feature", "properties": { "name": null, "audit_layer": "hdb_building_point", "len_m": null, "is_covered": null, "is_synthesized": null, "synth_class": null, "covered": null, "indoor": null, "tunnel": null, "bridge": null, "layer": null, "level": null, "highway": null, "footway": null, "length": null, "length_m": null, "effective_len_m": null, "dist_to_route_m": null, "OBJECTID": 938278.0, "source_area_m2": null, "STATION_NA": null, "EXIT_CODE": null, "INC_CRC": "6CEB54A0659DA98D", "FMEL_UPD_D": "20130920101235", "BLK_NO": "109", "ST_COD": "ANA06H", "ENTITYID": 844.0, "POSTAL_COD": "560109", "SHAPE.AREA": 1340.0125334100001, "SHAPE.LEN": 262.35754364239801 }, "geometry": { "type": "Polygon", "coordinates": [ [ [ 103.838104636569469, 1.370157671765651 ], [ 103.838103450456174, 1.370157540635206 ], [ 103.838103015555944, 1.370161526169467 ], [ 103.838089431863025, 1.370160038517398 ], [ 103.83808481958468, 1.370202641319179 ], [ 103.838072323162038, 1.370201260379828 ], [ 103.838069189903322, 1.370230086093163 ], [ 103.837985282269926, 1.370220814715989 ], [ 103.837988271761105, 1.37019341247242 ], [ 103.83796493048898, 1.370190833271012 ], [ 103.837961940997545, 1.370218235514553 ], [ 103.837876326080647, 1.370208775124719 ], [ 103.837879315573048, 1.37018137288128 ], [ 103.837830956296401, 1.370176029084588 ], [ 103.83782796770204, 1.370203432232332 ], [ 103.837743839920648, 1.37019413642922 ], [ 103.837746829414542, 1.370166733281575 ], [ 103.837723692118459, 1.370164176686529 ], [ 103.837720703522876, 1.370191579834145 ], [ 103.837634855878051, 1.370182094113848 ], [ 103.837637822908846, 1.370154662026716 ], [ 103.837616412665838, 1.370152323379296 ], [ 103.837613430359056, 1.370179726526773 ], [ 103.837529179475112, 1.370170417150825 ], [ 103.837532084506947, 1.370143675093875 ], [ 103.837485367814196, 1.370135745709776 ], [ 103.837446975444436, 1.370107790067713 ], [ 103.83743180491507, 1.370128840076921 ], [ 103.837364901769135, 1.370080101286851 ], [ 103.837380633903948, 1.370058239157979 ], [ 103.837358192079762, 1.370041874724314 ], [ 103.837341458939676, 1.37006511420153 ], [ 103.837275853334532, 1.370017296049577 ], [ 103.837293307126785, 1.369993067197087 ], [ 103.837283463276066, 1.36998589198721 ], [ 103.837308114600418, 1.369951597548173 ], [ 103.837298254575558, 1.369944423242745 ], [ 103.83733568983078, 1.369892397815932 ], [ 103.837526680309253, 1.370031615325112 ], [ 103.837830468169997, 1.370067360673357 ], [ 103.837833461256949, 1.370039912307357 ], [ 103.837885988101291, 1.370045653111968 ], [ 103.837882977942584, 1.370073348369514 ], [ 103.838109916451955, 1.370098262256662 ], [ 103.838109018796359, 1.370106492877793 ], [ 103.838110204909626, 1.370106624008235 ], [ 103.838104636569469, 1.370157671765651 ] ] ] } },
{ "type": "Feature", "properties": { "name": null, "audit_layer": "hdb_building_point", "len_m": null, "is_covered": null, "is_synthesized": null, "synth_class": null, "covered": null, "indoor": null, "tunnel": null, "bridge": null, "layer": null, "level": null, "highway": null, "footway": null, "length": null, "length_m": null, "effective_len_m": null, "dist_to_route_m": null, "OBJECTID": 938102.0, "source_area_m2": null, "STATION_NA": null, "EXIT_CODE": null, "INC_CRC": "5E7470F47200131B", "FMEL_UPD_D": "20211108105656", "BLK_NO": "115", "ST_COD": "ANA06H", "ENTITYID": 11052243.0, "POSTAL_COD": "560115", "SHAPE.AREA": 884.38129934999995, "SHAPE.LEN": 212.966571306845 }, "geometry": { "type": "Polygon", "coordinates": [ [ [ 103.836358374465277, 1.373022347034119 ], [ 103.836335141008703, 1.373029933775379 ], [ 103.836341882116812, 1.373049382120299 ], [ 103.836273201625687, 1.373073185073641 ], [ 103.836266736379059, 1.373053335190457 ], [ 103.836262725157596, 1.373054981138363 ], [ 103.836243644898374, 1.373062727041713 ], [ 103.836249718366034, 1.373081252031797 ], [ 103.836181253529887, 1.373104721271802 ], [ 103.836175771326239, 1.373089126421045 ], [ 103.836174329113689, 1.373084748395381 ], [ 103.83616439091692, 1.373088881351919 ], [ 103.836164825828817, 1.373091626096935 ], [ 103.836143594388233, 1.373099061805101 ], [ 103.836124179783525, 1.373041154479954 ], [ 103.836142679567047, 1.373034539033575 ], [ 103.83612914613461, 1.37299474250019 ], [ 103.836132165333083, 1.372993112832235 ], [ 103.836134351562222, 1.372997052240384 ], [ 103.836143695803244, 1.372993224055428 ], [ 103.836136784866127, 1.372973154411885 ], [ 103.836205478834131, 1.37294919410307 ], [ 103.836212467048441, 1.372968878487147 ], [ 103.836235544152473, 1.372960554690401 ], [ 103.836229015108231, 1.372940990586278 ], [ 103.836297493418201, 1.372917840585443 ], [ 103.836304046724194, 1.372937246425604 ], [ 103.836323374989476, 1.372930707847741 ], [ 103.836320911080406, 1.372909785383626 ], [ 103.836389352546746, 1.372886260973383 ], [ 103.83639607837938, 1.372905882956131 ], [ 103.836404156533689, 1.372903106547418 ], [ 103.836401397908801, 1.37289497631626 ], [ 103.836427240813833, 1.372886086382048 ], [ 103.836415548548445, 1.372844690027474 ], [ 103.836437726181472, 1.372837083390786 ], [ 103.836448857728158, 1.372870425477863 ], [ 103.836454638260619, 1.372887397674396 ], [ 103.836460924664408, 1.372885541006299 ], [ 103.836465259371323, 1.372883997250793 ], [ 103.836458511071626, 1.372862640697612 ], [ 103.836527408111337, 1.372839376739698 ], [ 103.836534598508592, 1.3728606166291 ], [ 103.836544817058865, 1.372857074220494 ], [ 103.836544266232124, 1.372855261875255 ], [ 103.836546502775434, 1.372854427144017 ], [ 103.836547048210036, 1.372855696870705 ], [ 103.83655767471258, 1.372852797464482 ], [ 103.836550416922407, 1.372831632637473 ], [ 103.836619065055345, 1.37280788574672 ], [ 103.836624319022917, 1.372822640442401 ], [ 103.83662677752352, 1.372829246819937 ], [ 103.836636845113574, 1.372825753246814 ], [ 103.836635462206246, 1.372821500927971 ], [ 103.836637536107787, 1.372820460906185 ], [ 103.836639276646764, 1.372824857018447 ], [ 103.836640637984232, 1.372826075195215 ], [ 103.836648775481748, 1.372850905409077 ], [ 103.836650616662041, 1.372856214929094 ], [ 103.836649763019551, 1.37285650432685 ], [ 103.836651173782684, 1.372860800055128 ], [ 103.83667063233942, 1.372854373615427 ], [ 103.836690170958278, 1.372912024096548 ], [ 103.836670452714529, 1.372918862926876 ], [ 103.836668570208019, 1.372919439009554 ], [ 103.836667015673015, 1.372914908146781 ], [ 103.836656219341279, 1.37291850572294 ], [ 103.836663436697151, 1.372939800778118 ], [ 103.836594684325945, 1.372963098201239 ], [ 103.836588225367294, 1.372943511488908 ], [ 103.836575436903686, 1.372948187069628 ], [ 103.836564937999071, 1.372951960091633 ], [ 103.836571658441116, 1.372970991524013 ], [ 103.836502812616914, 1.372994454443262 ], [ 103.836496242235782, 1.37297465068341 ], [ 103.836485904175291, 1.372978464401243 ], [ 103.836487083105681, 1.372981934445352 ], [ 103.836466365650168, 1.372989488627441 ], [ 103.83646781684962, 1.37299442283694 ], [ 103.836440405936997, 1.373003888853673 ], [ 103.836437691341729, 1.372995659142439 ], [ 103.836427014518691, 1.372998789161076 ], [ 103.836433740351453, 1.373018013223422 ], [ 103.836364968207903, 1.373041865919574 ], [ 103.836358374465277, 1.373022347034119 ] ] ] } },
{ "type": "Feature", "properties": { "name": null, "audit_layer": "hdb_building_point", "len_m": null, "is_covered": null, "is_synthesized": null, "synth_class": null, "covered": null, "indoor": null, "tunnel": null, "bridge": null, "layer": null, "level": null, "highway": null, "footway": null, "length": null, "length_m": null, "effective_len_m": null, "dist_to_route_m": null, "OBJECTID": 938146.0, "source_area_m2": null, "STATION_NA": null, "EXIT_CODE": null, "INC_CRC": "346C4CF28057DC41", "FMEL_UPD_D": "20130426120342", "BLK_NO": "104C", "ST_COD": "ANS01L", "ENTITYID": 9715.0, "POSTAL_COD": "562104", "SHAPE.AREA": 1623.331902115, "SHAPE.LEN": 167.293948520317 }, "geometry": { "type": "Polygon", "coordinates": [ [ [ 103.838061229999369, 1.371875492801245 ], [ 103.838514487824838, 1.371727519775198 ], [ 103.838599390786314, 1.37199085780245 ], [ 103.838145855257963, 1.372138750356661 ], [ 103.838061229999369, 1.371875492801245 ] ] ] } },
{ "type": "Feature", "properties": { "name": null, "audit_layer": "hdb_building_point", "len_m": null, "is_covered": null, "is_synthesized": null, "synth_class": null, "covered": null, "indoor": null, "tunnel": null, "bridge": null, "layer": null, "level": null, "highway": null, "footway": null, "length": null, "length_m": null, "effective_len_m": null, "dist_to_route_m": null, "OBJECTID": 938898.0, "source_area_m2": null, "STATION_NA": null, "EXIT_CODE": null, "INC_CRC": "ACD08D5A00215F05", "FMEL_UPD_D": "20230328181025", "BLK_NO": "230", "ST_COD": "ANA05P", "ENTITYID": 11053642.0, "POSTAL_COD": "560230", "SHAPE.AREA": 1317.297579565, "SHAPE.LEN": 276.87847938235302 }, "geometry": { "type": "Polygon", "coordinates": [ [ [ 103.837773701083236, 1.369145955557454 ], [ 103.837723691289582, 1.369214973115249 ], [ 103.837700801982237, 1.369198172781916 ], [ 103.837694516499894, 1.369206847455694 ], [ 103.837697547380955, 1.369209071281932 ], [ 103.837696383735548, 1.369210677435041 ], [ 103.837693353753053, 1.369208452704436 ], [ 103.83769295748462, 1.369208998941192 ], [ 103.83765758252926, 1.369183034706911 ], [ 103.837651266495499, 1.369191751885753 ], [ 103.837654174272231, 1.369193886180204 ], [ 103.837652984568322, 1.369195528507912 ], [ 103.837599800829409, 1.36915649352791 ], [ 103.837736496361657, 1.368967840175141 ], [ 103.83772690770796, 1.368960802429926 ], [ 103.837726144823918, 1.368961855111368 ], [ 103.837706502955385, 1.36894743867633 ], [ 103.837721269119641, 1.368927059704244 ], [ 103.837740910988103, 1.368941476139163 ], [ 103.837740311643415, 1.368942302729234 ], [ 103.837749901195636, 1.368949340474394 ], [ 103.837782381723983, 1.368904514693507 ], [ 103.837779367017802, 1.368902474453292 ], [ 103.83778049741575, 1.36890078148123 ], [ 103.837783576819035, 1.368902865130809 ], [ 103.837814096671394, 1.368860744306734 ], [ 103.837811141270961, 1.36885874476284 ], [ 103.837812272567447, 1.36885705179076 ], [ 103.837815291766432, 1.368859094744018 ], [ 103.837845949098522, 1.368816784907128 ], [ 103.83784274030107, 1.368814614438902 ], [ 103.837843871597514, 1.368812920562441 ], [ 103.837847144193532, 1.368815135344396 ], [ 103.837942891065623, 1.368682996685619 ], [ 103.837932573671225, 1.368675423558961 ], [ 103.83793188087563, 1.368676379473356 ], [ 103.837912642466662, 1.368662259670689 ], [ 103.837927449961541, 1.368641824626623 ], [ 103.837946687471884, 1.368655944429175 ], [ 103.837946145635655, 1.368656692339494 ], [ 103.837956463928577, 1.368664265466093 ], [ 103.838093418192543, 1.368475253963498 ], [ 103.838146927207134, 1.368514527684246 ], [ 103.838145513760622, 1.368516478400883 ], [ 103.838142136930102, 1.368514000449532 ], [ 103.838136032961742, 1.368522423710872 ], [ 103.8381717978924, 1.3685486746209 ], [ 103.83817139892848, 1.368549226283929 ], [ 103.8381743723006, 1.368551409413296 ], [ 103.838173060392194, 1.368553219953277 ], [ 103.838170086121508, 1.368551036823909 ], [ 103.838163803338233, 1.368559708785861 ], [ 103.838186446434207, 1.368576328242488 ], [ 103.838136592116314, 1.368645131474542 ], [ 103.838113922961469, 1.368628493025855 ], [ 103.838100545987672, 1.368646954745327 ], [ 103.838123215142573, 1.36866359319414 ], [ 103.838073208963166, 1.368732606237652 ], [ 103.838050539807938, 1.368715967788374 ], [ 103.838020985921659, 1.368756754676277 ], [ 103.838043655077072, 1.368773393125829 ], [ 103.837993865447913, 1.368842107726984 ], [ 103.837971196292202, 1.368825469276969 ], [ 103.837957444613494, 1.368844447388356 ], [ 103.837980113769319, 1.368861085838499 ], [ 103.83793036816634, 1.368929739845796 ], [ 103.837907699010245, 1.368913101395191 ], [ 103.837893917677818, 1.368932122011379 ], [ 103.837916586833998, 1.368948760462112 ], [ 103.837866769342014, 1.369017512139526 ], [ 103.837844100185535, 1.369000873688329 ], [ 103.837814513045259, 1.369041706696239 ], [ 103.837837182201937, 1.369058345147711 ], [ 103.837787199368961, 1.369127326532255 ], [ 103.837764530211984, 1.369110688080317 ], [ 103.83775103192616, 1.369129317105391 ], [ 103.837773701083236, 1.369145955557454 ] ] ] } },
{ "type": "Feature", "properties": { "name": null, "audit_layer": "hdb_building_point", "len_m": null, "is_covered": null, "is_synthesized": null, "synth_class": null, "covered": null, "indoor": null, "tunnel": null, "bridge": null, "layer": null, "level": null, "highway": null, "footway": null, "length": null, "length_m": null, "effective_len_m": null, "dist_to_route_m": null, "OBJECTID": 939101.0, "source_area_m2": null, "STATION_NA": null, "EXIT_CODE": null, "INC_CRC": "C109FC9E160A3299", "FMEL_UPD_D": "20230328181025", "BLK_NO": "232", "ST_COD": "ANA05P", "ENTITYID": 11053640.0, "POSTAL_COD": "560232", "SHAPE.AREA": 1308.2438864349999, "SHAPE.LEN": 268.30230760873201 }, "geometry": { "type": "Polygon", "coordinates": [ [ [ 103.837072085965772, 1.368631845557509 ], [ 103.837021790417708, 1.368701062965855 ], [ 103.837001001979161, 1.36868593750512 ], [ 103.836994703017055, 1.368694606750927 ], [ 103.836997573052614, 1.368696694923671 ], [ 103.836996096705278, 1.368698727032509 ], [ 103.836957354820029, 1.368670538056686 ], [ 103.836951398212264, 1.368678736128063 ], [ 103.836954252073483, 1.368680812544148 ], [ 103.836952777523251, 1.368682841939864 ], [ 103.83689954618319, 1.368644110810475 ], [ 103.837037107961692, 1.368454796405342 ], [ 103.837026337691498, 1.368446960105429 ], [ 103.837025741042382, 1.368447782173497 ], [ 103.837006297766536, 1.368433635232855 ], [ 103.837021119644902, 1.368413238177639 ], [ 103.837040562022111, 1.368427385118165 ], [ 103.837039963575862, 1.368428208090605 ], [ 103.837050733845999, 1.368436044390458 ], [ 103.837082884606232, 1.368391798316922 ], [ 103.837080186198008, 1.368389835850641 ], [ 103.837081451381607, 1.368388094947382 ], [ 103.837084148891265, 1.368390058318026 ], [ 103.837114802636194, 1.368347872388268 ], [ 103.837112104227998, 1.368345909922023 ], [ 103.837113341555948, 1.368344207906456 ], [ 103.837116039065592, 1.3683461703727 ], [ 103.837146683823732, 1.368303997103634 ], [ 103.837143955762699, 1.368302012028365 ], [ 103.837145182307808, 1.368300323578262 ], [ 103.837147911267394, 1.368302308653528 ], [ 103.837243790247641, 1.368170358129772 ], [ 103.837232695593997, 1.368162285792221 ], [ 103.837232036045279, 1.368163193775055 ], [ 103.837212936923137, 1.368149297344408 ], [ 103.837227763290855, 1.368128892148583 ], [ 103.837246862412925, 1.368142788579114 ], [ 103.837246312489484, 1.368143545532933 ], [ 103.837257407143085, 1.368151618774787 ], [ 103.837394626511269, 1.36796277642713 ], [ 103.83744788210565, 1.368001525632948 ], [ 103.83744655851558, 1.368003347929294 ], [ 103.837444074865914, 1.368001541013709 ], [ 103.837437682456169, 1.368010338680617 ], [ 103.837473176901469, 1.368036164550533 ], [ 103.837472666515083, 1.368036867242479 ], [ 103.837475628204487, 1.368039022337459 ], [ 103.837474498705049, 1.368040576037285 ], [ 103.837471627771293, 1.368038486056376 ], [ 103.837465027792447, 1.36804756859847 ], [ 103.837485707501301, 1.368062615375743 ], [ 103.837435817230926, 1.368131274799608 ], [ 103.837414362055156, 1.368115664604282 ], [ 103.837401166589402, 1.368133825166296 ], [ 103.837422620866647, 1.36814943536174 ], [ 103.837372461022369, 1.368218465574064 ], [ 103.837351006744811, 1.36820285537818 ], [ 103.837320952350524, 1.368244216529767 ], [ 103.837342406628267, 1.368259826725917 ], [ 103.837293253175318, 1.368327472353095 ], [ 103.837271798897305, 1.368311862156512 ], [ 103.837257615004802, 1.368331381978879 ], [ 103.837279069282914, 1.368346992175586 ], [ 103.837165289027993, 1.36850357761283 ], [ 103.837143834749227, 1.368487967415121 ], [ 103.83711420357335, 1.368528747057106 ], [ 103.837135657852286, 1.368544357255076 ], [ 103.837085957159871, 1.368612755309818 ], [ 103.837064502880636, 1.368597145111411 ], [ 103.837050631686466, 1.368616234454614 ], [ 103.837072085965772, 1.368631845557509 ] ] ] } },
{ "type": "Feature", "properties": { "name": null, "audit_layer": "hdb_building_point", "len_m": null, "is_covered": null, "is_synthesized": null, "synth_class": null, "covered": null, "indoor": null, "tunnel": null, "bridge": null, "layer": null, "level": null, "highway": null, "footway": null, "length": null, "length_m": null, "effective_len_m": null, "dist_to_route_m": null, "OBJECTID": 939877.0, "source_area_m2": null, "STATION_NA": null, "EXIT_CODE": null, "INC_CRC": "C0ACB785A4790853", "FMEL_UPD_D": "20130426120220", "BLK_NO": "112", "ST_COD": "ANA06H", "ENTITYID": 1671.0, "POSTAL_COD": "560112", "SHAPE.AREA": 1461.50552808, "SHAPE.LEN": 386.95372551714001 }, "geometry": { "type": "Polygon", "coordinates": [ [ [ 103.835712934274397, 1.371366331085941 ], [ 103.83571481587046, 1.371354718142404 ], [ 103.835719299739765, 1.371355070839978 ], [ 103.83572025221288, 1.371342907139525 ], [ 103.835716936485909, 1.371342635833567 ], [ 103.835717224025046, 1.371339036463465 ], [ 103.835718113610326, 1.371339108811715 ], [ 103.835720135369442, 1.371313406776989 ], [ 103.835709927603062, 1.371312601903004 ], [ 103.835709649049562, 1.37131611083667 ], [ 103.835707411607785, 1.371315939009692 ], [ 103.835707681175677, 1.37131251146882 ], [ 103.835697464423589, 1.371311697551147 ], [ 103.835696327747343, 1.37132796344813 ], [ 103.835695577449954, 1.371337481882871 ], [ 103.835696022242814, 1.371337737817519 ], [ 103.835695597221999, 1.371341045982459 ], [ 103.835692279697909, 1.371340794572483 ], [ 103.835691129538802, 1.371352737608238 ], [ 103.835695713149718, 1.371353357093219 ], [ 103.835694306896812, 1.371364166960793 ], [ 103.835678210794001, 1.371362436023492 ], [ 103.83567862772648, 1.3713578915926 ], [ 103.835668288768233, 1.371356741251413 ], [ 103.835667805341416, 1.371361217855048 ], [ 103.83566589947246, 1.371361220570011 ], [ 103.835668476549088, 1.371335608971215 ], [ 103.835636610525256, 1.371332279133022 ], [ 103.835633955272655, 1.371357906106053 ], [ 103.83563247263038, 1.371357662833497 ], [ 103.835632974028428, 1.371352909494383 ], [ 103.835628006727859, 1.371352412098829 ], [ 103.835622441877547, 1.371351842354697 ], [ 103.835621975523466, 1.371356290923014 ], [ 103.835605746432535, 1.371354866564841 ], [ 103.835607688231107, 1.37134086338655 ], [ 103.835612154128995, 1.371341288433486 ], [ 103.835613133561424, 1.37133084302517 ], [ 103.835609826820146, 1.371330535544483 ], [ 103.835610168273675, 1.371326927130698 ], [ 103.835611057858983, 1.371327017566274 ], [ 103.83561343904789, 1.371301623015143 ], [ 103.835602970695874, 1.371300628224451 ], [ 103.835602638227925, 1.3713041462018 ], [ 103.835600499628953, 1.371303938200056 ], [ 103.835600832096816, 1.371300338829923 ], [ 103.835576229223108, 1.371297996549773 ], [ 103.835575896755245, 1.371301604963546 ], [ 103.835573749170578, 1.371301396961786 ], [ 103.835574081638455, 1.371297797591657 ], [ 103.835563933177738, 1.371296839879427 ], [ 103.835561498074583, 1.371322801466961 ], [ 103.835561872778698, 1.371322864772109 ], [ 103.835561725416255, 1.371326302260857 ], [ 103.835561571760778, 1.371326464142207 ], [ 103.835558377341059, 1.37132635471712 ], [ 103.83555701781404, 1.371338032774276 ], [ 103.835561604120571, 1.371338614276213 ], [ 103.835560240100037, 1.371349584216147 ], [ 103.83554412692456, 1.371347835190669 ], [ 103.835544569017344, 1.371343362204554 ], [ 103.835534201304924, 1.371342184731883 ], [ 103.835533481554009, 1.371346985098121 ], [ 103.835531971056042, 1.371346740921163 ], [ 103.835534877011725, 1.371321889892558 ], [ 103.83550275309797, 1.371318055417544 ], [ 103.835502676721049, 1.371319861433071 ], [ 103.835499778850917, 1.371343298940269 ], [ 103.835498410327247, 1.371343139773403 ], [ 103.835498750881285, 1.371338310467863 ], [ 103.835488400241886, 1.37133727317144 ], [ 103.835487829653317, 1.371341700939448 ], [ 103.835471697608185, 1.371340230457693 ], [ 103.835472111838484, 1.37132794014682 ], [ 103.835476577736358, 1.371328401368581 ], [ 103.835477817753429, 1.371316255755246 ], [ 103.835474870440549, 1.371315948274048 ], [ 103.835475220880156, 1.371312529776771 ], [ 103.83547602060834, 1.371312611168836 ], [ 103.835478644412532, 1.371286882002834 ], [ 103.835468544474622, 1.371285841993004 ], [ 103.835468185049365, 1.371289350926716 ], [ 103.835466037464698, 1.371289124837573 ], [ 103.835466396889956, 1.371285615903862 ], [ 103.835456027380786, 1.371284548763292 ], [ 103.83545327777756, 1.371311534995725 ], [ 103.835454347077047, 1.371311643518485 ], [ 103.835454032579989, 1.371314799750087 ], [ 103.835451076281416, 1.371314492268866 ], [ 103.83544984524994, 1.37132663788218 ], [ 103.835454311147799, 1.371327099103983 ], [ 103.835453220292223, 1.371337906258044 ], [ 103.835437061289838, 1.371336236815937 ], [ 103.835437328161518, 1.371331792769653 ], [ 103.835426680095225, 1.371330788934701 ], [ 103.835426259568038, 1.371335392149232 ], [ 103.835424951248669, 1.371335268252477 ], [ 103.835427650533831, 1.371310088035585 ], [ 103.835395598506167, 1.371306380170058 ], [ 103.835392731187895, 1.371331545917233 ], [ 103.835391294372855, 1.37133137951545 ], [ 103.835391426458642, 1.371326543879555 ], [ 103.835380287772509, 1.371325352841416 ], [ 103.835380468389346, 1.371330160441748 ], [ 103.835364467535356, 1.37132826219485 ], [ 103.835365597928444, 1.371317417961859 ], [ 103.835369809530661, 1.371317811356717 ], [ 103.835370073709001, 1.371316031567597 ], [ 103.835371528486803, 1.371305975035608 ], [ 103.835368178614317, 1.371305817679092 ], [ 103.835368494009074, 1.371301525565971 ], [ 103.835369069094654, 1.371301753465276 ], [ 103.835371393679054, 1.371279824438331 ], [ 103.835358267353982, 1.371278248142608 ], [ 103.835362824868554, 1.371234254434161 ], [ 103.835349462219483, 1.371232555145048 ], [ 103.835356771139686, 1.371166588095437 ], [ 103.83542489180256, 1.371173492857775 ], [ 103.835425282677775, 1.371169892583247 ], [ 103.835587910541989, 1.371187962537292 ], [ 103.835588851338116, 1.371179880232862 ], [ 103.835593297430776, 1.371141513478579 ], [ 103.83561718683805, 1.371144299802102 ], [ 103.835612175552342, 1.371190746147414 ], [ 103.835719742584075, 1.371202455750592 ], [ 103.835936735793908, 1.37122596537674 ], [ 103.835940433379946, 1.371195328224118 ], [ 103.835964148465081, 1.371197825147777 ], [ 103.835961267680077, 1.371228266956849 ], [ 103.836124343939375, 1.371246613609172 ], [ 103.836123980022322, 1.371250200318316 ], [ 103.83619146540029, 1.371257256088269 ], [ 103.836184465611353, 1.371323444709231 ], [ 103.836181161565818, 1.371323221335212 ], [ 103.836181513802075, 1.371320213419213 ], [ 103.836173293674108, 1.37131918516686 ], [ 103.836167030686084, 1.371362766488726 ], [ 103.83616633159788, 1.37136275835028 ], [ 103.836165835590776, 1.371366202170028 ], [ 103.836163244111702, 1.371365778026268 ], [ 103.836163696089244, 1.371362682386818 ], [ 103.836153703080214, 1.371361234511485 ], [ 103.836150802523463, 1.371387071297878 ], [ 103.836151427030543, 1.371387314571128 ], [ 103.83615081780323, 1.371390531395573 ], [ 103.836147722226329, 1.371390535921059 ], [ 103.83614639954375, 1.371402413843003 ], [ 103.836151043359109, 1.37140300076992 ], [ 103.836149918360931, 1.37141383776835 ], [ 103.836133568860475, 1.371412122208625 ], [ 103.836133985792188, 1.371407642891885 ], [ 103.836123494076389, 1.371406439195366 ], [ 103.836122837226611, 1.371411263075174 ], [ 103.836121563052785, 1.371411084916906 ], [ 103.836123405094526, 1.371386270967789 ], [ 103.836091254222097, 1.371382662591828 ], [ 103.836088459695361, 1.371407921489249 ], [ 103.836087120824473, 1.371407776792515 ], [ 103.83608761503335, 1.371403282101499 ], [ 103.836076895080595, 1.371402079309404 ], [ 103.836076400871676, 1.371406574000417 ], [ 103.836060235578245, 1.371404756246813 ], [ 103.836061430665396, 1.371393976223293 ], [ 103.836065896563568, 1.371394473618517 ], [ 103.836067235420501, 1.371382337048416 ], [ 103.836063937664733, 1.371381966262852 ], [ 103.836064333031871, 1.371378375936228 ], [ 103.836065042903002, 1.371378457328198 ], [ 103.836067900329311, 1.371352655812161 ], [ 103.836057360090976, 1.371351480150697 ], [ 103.83605694675262, 1.371355251350196 ], [ 103.83605470931073, 1.371355007174403 ], [ 103.836055086706651, 1.371351588677013 ], [ 103.836045085610948, 1.371350467276734 ], [ 103.836042255141322, 1.371376078876216 ], [ 103.83604332444088, 1.371376205485997 ], [ 103.836042938059308, 1.371379705376179 ], [ 103.836039541460735, 1.371379325547051 ], [ 103.83603820260366, 1.371391462117136 ], [ 103.836042668501804, 1.371391959512405 ], [ 103.836041473414582, 1.371402748579559 ], [ 103.836025397978318, 1.3714009489129 ], [ 103.836025892187322, 1.371396454221897 ], [ 103.836015181220304, 1.371395251429513 ], [ 103.836014678025592, 1.371399746120524 ], [ 103.836013339154704, 1.371399592380106 ], [ 103.836016124696627, 1.371374432962851 ], [ 103.835984423110062, 1.371370878846795 ], [ 103.835981637567798, 1.371396038264015 ], [ 103.835980298696938, 1.371395893567221 ], [ 103.835980792906028, 1.371391398876227 ], [ 103.835970081939053, 1.371390196083639 ], [ 103.83596957874424, 1.371394690774641 ], [ 103.835953422436688, 1.371392882063943 ], [ 103.8359546085386, 1.371382092996841 ], [ 103.835959074436715, 1.371382590392267 ], [ 103.835960431265534, 1.37137037242942 ], [ 103.835957304238264, 1.371370019730804 ], [ 103.835957753519338, 1.371365977222001 ], [ 103.835958283676248, 1.371366031483272 ], [ 103.835961132118072, 1.371340329447439 ], [ 103.835951220879579, 1.371339217090309 ], [ 103.835950816526562, 1.371342816460568 ], [ 103.8359487677846, 1.37134258132811 ], [ 103.835949338373311, 1.371339062446089 ], [ 103.835932066939492, 1.371337118986194 ], [ 103.835924810080002, 1.37133645880819 ], [ 103.835924371581086, 1.371339891775455 ], [ 103.835921726187976, 1.371339614138503 ], [ 103.835922044278291, 1.37133607355202 ], [ 103.835912200432603, 1.371334919593898 ], [ 103.835909940554586, 1.371360976139833 ], [ 103.835910830139923, 1.371361084662582 ], [ 103.835910407815433, 1.37136467498921 ], [ 103.835906831502669, 1.371364249941873 ], [ 103.835905411773325, 1.371376187551834 ], [ 103.835910035820021, 1.371376789853436 ], [ 103.835908731106599, 1.371387606051573 ], [ 103.835892636800608, 1.371385895916101 ], [ 103.835893218171634, 1.371381776536204 ], [ 103.835882327490509, 1.371380519481558 ], [ 103.835881965371215, 1.371385049442597 ], [ 103.835880460264704, 1.37138487399754 ], [ 103.835882758782205, 1.371359384487997 ], [ 103.835851218040261, 1.371355881014391 ], [ 103.835848423511123, 1.371381212260682 ], [ 103.835846768343018, 1.371380798967959 ], [ 103.835847181681032, 1.371376358538933 ], [ 103.835836787011246, 1.371375239851288 ], [ 103.835836252366065, 1.371379603409476 ], [ 103.835820123914573, 1.371377955674683 ], [ 103.835821013488541, 1.371367025527129 ], [ 103.83582476502265, 1.371367487653347 ], [ 103.83582698178472, 1.371355488545826 ], [ 103.835823759508784, 1.371354924225895 ], [ 103.83582416476068, 1.371351432475005 ], [ 103.83582495729992, 1.3713511331296 ], [ 103.83582741396674, 1.371325921259769 ], [ 103.835817784879566, 1.371324755544295 ], [ 103.835817340988811, 1.371327924437179 ], [ 103.835814682117231, 1.371327709201255 ], [ 103.83581504513711, 1.371325000629873 ], [ 103.835805791652177, 1.371323443324228 ], [ 103.835802594562779, 1.371348751057419 ], [ 103.835803525482746, 1.37134922856079 ], [ 103.835803043852295, 1.371352697702648 ], [ 103.835799535831242, 1.371352549390547 ], [ 103.835798203262698, 1.371364439973414 ], [ 103.83580282281649, 1.37136503413595 ], [ 103.835801439028373, 1.371375901882876 ], [ 103.835785309678258, 1.371374150145957 ], [ 103.835785709537745, 1.371369648220185 ], [ 103.835775375970755, 1.371368432765231 ], [ 103.835774551087667, 1.371373374212475 ], [ 103.835773134041062, 1.371373162592689 ], [ 103.835775932165149, 1.371347706544209 ], [ 103.835743947529238, 1.371343947134547 ], [ 103.835740937341853, 1.371369178900864 ], [ 103.835739508613884, 1.371369007073098 ], [ 103.835740020795015, 1.371364702298631 ], [ 103.835729461686725, 1.371363440721127 ], [ 103.835728922548654, 1.37136796163868 ], [ 103.835712934274397, 1.371366331085941 ] ] ] } },
{ "type": "Feature", "properties": { "name": null, "audit_layer": "hdb_building_point", "len_m": null, "is_covered": null, "is_synthesized": null, "synth_class": null, "covered": null, "indoor": null, "tunnel": null, "bridge": null, "layer": null, "level": null, "highway": null, "footway": null, "length": null, "length_m": null, "effective_len_m": null, "dist_to_route_m": null, "OBJECTID": 941107.0, "source_area_m2": null, "STATION_NA": null, "EXIT_CODE": null, "INC_CRC": "92CD3D61A89A8CAA", "FMEL_UPD_D": "20250905121730", "BLK_NO": "246A", "ST_COD": "ANS04R", "ENTITYID": 11051030.0, "POSTAL_COD": "561246", "SHAPE.AREA": 755.33159433000003, "SHAPE.LEN": 225.14350382945699 }, "geometry": { "type": "Polygon", "coordinates": [ [ [ 103.834435306140435, 1.36843217002454 ], [ 103.834303134603829, 1.368432193595447 ], [ 103.834303118394089, 1.368343795602778 ], [ 103.834283525079385, 1.368343799228125 ], [ 103.834283534986227, 1.368401155820639 ], [ 103.834253983720217, 1.36840116125842 ], [ 103.834253986422013, 1.368417155845392 ], [ 103.834197997434089, 1.368417165814365 ], [ 103.834197996533831, 1.368412436893452 ], [ 103.834177563954356, 1.368412440518233 ], [ 103.83417756485477, 1.368417734666832 ], [ 103.834145373590388, 1.3684177401042 ], [ 103.834145376290166, 1.368429816985033 ], [ 103.834062274754118, 1.368429832386086 ], [ 103.834062266652424, 1.368381585455157 ], [ 103.834071137333723, 1.368381583643699 ], [ 103.834071133734312, 1.368364801355419 ], [ 103.834071780704576, 1.368364801355219 ], [ 103.834071778904956, 1.368356698251106 ], [ 103.834096924482637, 1.368356693721363 ], [ 103.834096921782148, 1.36834150854043 ], [ 103.834096282898997, 1.368341509444999 ], [ 103.834096279299899, 1.368326298941864 ], [ 103.834027257457663, 1.368326310719689 ], [ 103.8340272583564, 1.368326913930676 ], [ 103.834022611851964, 1.368326914836388 ], [ 103.834022609151603, 1.368310674262314 ], [ 103.833997492328649, 1.368310678791266 ], [ 103.833997491428022, 1.368303174376315 ], [ 103.83399682648637, 1.3683031743765 ], [ 103.833996822887471, 1.368286348678722 ], [ 103.833987776985438, 1.368286350489951 ], [ 103.833987767986784, 1.368238544888741 ], [ 103.834071169638534, 1.368238529490196 ], [ 103.834071172337815, 1.368250231059862 ], [ 103.834133441426033, 1.368250219283042 ], [ 103.834133438726468, 1.368238554792313 ], [ 103.834216179929427, 1.368238540293281 ], [ 103.834216188932572, 1.368286288919536 ], [ 103.834207073840659, 1.368286290731622 ], [ 103.834207076542413, 1.368303024184242 ], [ 103.834207658815643, 1.368303024184028 ], [ 103.834207659717052, 1.368310850552668 ], [ 103.834182553676925, 1.368310855083565 ], [ 103.83418255547879, 1.368324271327934 ], [ 103.834278860595859, 1.368324254108762 ], [ 103.834278848888133, 1.368257045371539 ], [ 103.834302896412495, 1.368257041744424 ], [ 103.8343028937105, 1.368241397146414 ], [ 103.834354537210942, 1.368241387176846 ], [ 103.834354536309505, 1.368234582739859 ], [ 103.834436586512183, 1.368234568233474 ], [ 103.834436595521595, 1.368286495022788 ], [ 103.834418151478147, 1.368286498648709 ], [ 103.834418154181222, 1.36830290472145 ], [ 103.834417686924937, 1.368302904721663 ], [ 103.834417688725665, 1.368310901110791 ], [ 103.834392662658274, 1.368310905643864 ], [ 103.83439266536098, 1.368326905657032 ], [ 103.834387459047548, 1.368326906563704 ], [ 103.834387459047392, 1.368326566522727 ], [ 103.834326247573898, 1.368326577401379 ], [ 103.834326250275694, 1.368341439724258 ], [ 103.834386818373602, 1.368341428845891 ], [ 103.83438681837336, 1.368340848244012 ], [ 103.834392549451593, 1.368340846432744 ], [ 103.834392552154355, 1.368356957682717 ], [ 103.834416416371468, 1.368356953150172 ], [ 103.834416417273417, 1.368364447617111 ], [ 103.83441692316822, 1.368364447616881 ], [ 103.834416925871622, 1.368381616068715 ], [ 103.834435296233096, 1.368381612442837 ], [ 103.834435306140435, 1.36843217002454 ] ] ] } },
{ "type": "Feature", "properties": { "name": null, "audit_layer": "hdb_building_point", "len_m": null, "is_covered": null, "is_synthesized": null, "synth_class": null, "covered": null, "indoor": null, "tunnel": null, "bridge": null, "layer": null, "level": null, "highway": null, "footway": null, "length": null, "length_m": null, "effective_len_m": null, "dist_to_route_m": null, "OBJECTID": 941108.0, "source_area_m2": null, "STATION_NA": null, "EXIT_CODE": null, "INC_CRC": "2F89CC20377B1D5F", "FMEL_UPD_D": "20250905121730", "BLK_NO": "246B", "ST_COD": "ANS04R", "ENTITYID": 11051031.0, "POSTAL_COD": "562246", "SHAPE.AREA": 1886.4521941949999, "SHAPE.LEN": 610.814984482981 }, "geometry": { "type": "Polygon", "coordinates": [ [ [ 103.83358287959409, 1.367823434516495 ], [ 103.833562277184555, 1.367766541864647 ], [ 103.833517232790626, 1.36778321653756 ], [ 103.833511786559171, 1.367768176959619 ], [ 103.833488326704739, 1.367776860667294 ], [ 103.833479951136113, 1.367753731550778 ], [ 103.833471347332463, 1.367756915818002 ], [ 103.833454984377951, 1.367711730160853 ], [ 103.833533202161249, 1.367682775123679 ], [ 103.833537428134889, 1.367694446849021 ], [ 103.83359570216615, 1.367672874137227 ], [ 103.833591711617558, 1.367661856267353 ], [ 103.833669503475676, 1.367633059489497 ], [ 103.833686051539075, 1.367678756111008 ], [ 103.833677607681366, 1.367681882499639 ], [ 103.833685823306183, 1.367704570285719 ], [ 103.833662719286551, 1.367713123766602 ], [ 103.833667135757679, 1.367725320927345 ], [ 103.833766868887196, 1.367688401142984 ], [ 103.833762452415613, 1.367676203982422 ], [ 103.833740034903613, 1.367684502433198 ], [ 103.833731819278341, 1.367661813742938 ], [ 103.83372292164313, 1.367665107439202 ], [ 103.833706643150123, 1.367620155109721 ], [ 103.833784817796101, 1.36759121634284 ], [ 103.833788858665386, 1.367602373484492 ], [ 103.833819277937536, 1.367591113238537 ], [ 103.833822339365639, 1.367599567235427 ], [ 103.833841893135698, 1.367592328699448 ], [ 103.833838860461782, 1.367583954286636 ], [ 103.833869013756896, 1.367572791711447 ], [ 103.833864974684445, 1.367561639996114 ], [ 103.833943013642667, 1.367532750964103 ], [ 103.833959429620748, 1.367578081316244 ], [ 103.833950453810615, 1.367581403953037 ], [ 103.833958830281716, 1.367604534876661 ], [ 103.833936216882904, 1.367612906582846 ], [ 103.833940707936577, 1.367625309938136 ], [ 103.833998189424321, 1.367604031135098 ], [ 103.833972985429028, 1.367534432169495 ], [ 103.833995086642403, 1.367526250379604 ], [ 103.833992417888965, 1.367518882524352 ], [ 103.834040532686316, 1.367501071055591 ], [ 103.834038146083842, 1.36749447914488 ], [ 103.834115326005488, 1.367465908443705 ], [ 103.834133006274769, 1.367514734162299 ], [ 103.834116096097375, 1.367520994177625 ], [ 103.834124336885722, 1.367543750693902 ], [ 103.834100469983738, 1.367552585436587 ], [ 103.834105924305518, 1.36756764852668 ], [ 103.834047589178638, 1.367589242955717 ], [ 103.834059969679871, 1.367623430635762 ], [ 103.834123782486685, 1.367599808619849 ], [ 103.834139886664687, 1.3676442807291 ], [ 103.834133994744874, 1.367646462057786 ], [ 103.834172324164342, 1.367752307033938 ], [ 103.834126318305564, 1.367769337133864 ], [ 103.834120070545524, 1.367752083673764 ], [ 103.834096892844272, 1.367760663385439 ], [ 103.834088392368599, 1.367737189708298 ], [ 103.83407814777793, 1.367740981711042 ], [ 103.834118701158289, 1.367852968225253 ], [ 103.83413638500852, 1.367852968219364 ], [ 103.834136384994181, 1.367809828233416 ], [ 103.834136829786146, 1.367809828233266 ], [ 103.8341368297841, 1.367803713826217 ], [ 103.834151657081236, 1.367803713821176 ], [ 103.834151657072766, 1.36777881124574 ], [ 103.834176418955209, 1.367778811237115 ], [ 103.834176418952239, 1.367770312021398 ], [ 103.834224118620654, 1.367770312004059 ], [ 103.834224118651065, 1.367852770132425 ], [ 103.834211095681482, 1.367852770137254 ], [ 103.834211095692666, 1.367883563741736 ], [ 103.834220750823448, 1.367883563738163 ], [ 103.834220750831975, 1.367906867397491 ], [ 103.834223710720394, 1.367906867396388 ], [ 103.834223710726576, 1.367923636119269 ], [ 103.834248629860184, 1.367923636109835 ], [ 103.834248629863026, 1.36793112605498 ], [ 103.834248910216758, 1.367931126054872 ], [ 103.834248910223053, 1.367947722948532 ], [ 103.834267622037686, 1.367947722941274 ], [ 103.834267622057624, 1.367999268993348 ], [ 103.834184769440199, 1.367999269024371 ], [ 103.834184769437215, 1.367990821357435 ], [ 103.834084789183478, 1.367990821391038 ], [ 103.834084789186107, 1.367999315180553 ], [ 103.83400268597579, 1.367999315205014 ], [ 103.834002685961508, 1.367947821606066 ], [ 103.83402153705444, 1.3679478216007 ], [ 103.834021537047519, 1.367923510479546 ], [ 103.834045474943096, 1.367923510472518 ], [ 103.834045474938051, 1.367906482197082 ], [ 103.834051672372922, 1.367906482195223 ], [ 103.834051672373093, 1.367907107110955 ], [ 103.834130756386259, 1.367907107085822 ], [ 103.834130756375231, 1.367873677259405 ], [ 103.834104051784266, 1.367873677268185 ], [ 103.834034851982679, 1.367682585112383 ], [ 103.834001828656042, 1.367694810318521 ], [ 103.833979126279146, 1.367632117078158 ], [ 103.833879635768966, 1.367668947339288 ], [ 103.833900106095328, 1.367725476434021 ], [ 103.833968617532889, 1.367725476416756 ], [ 103.833968617532776, 1.367725041417526 ], [ 103.833973533606937, 1.367725041416212 ], [ 103.833973533611172, 1.367741056803655 ], [ 103.833999032320293, 1.367741056796674 ], [ 103.833999032322524, 1.367749169848836 ], [ 103.833999320763368, 1.367749169848755 ], [ 103.833999320767958, 1.367765831856671 ], [ 103.834008496062083, 1.367765831854091 ], [ 103.83400849607537, 1.367813382424759 ], [ 103.833925073771184, 1.367813382446917 ], [ 103.83392507376837, 1.367801812010031 ], [ 103.833863038319791, 1.367801812024616 ], [ 103.83386303832232, 1.367813340860744 ], [ 103.833779626800961, 1.367813340877812 ], [ 103.83377962679215, 1.367765640182668 ], [ 103.833789279226735, 1.367765640180843 ], [ 103.833789279223566, 1.367748833474638 ], [ 103.833788702341906, 1.367748833474748 ], [ 103.833788702340385, 1.367740850651046 ], [ 103.833813681676261, 1.367740850646145 ], [ 103.833813681673107, 1.367724913034033 ], [ 103.833819300428672, 1.367724913032894 ], [ 103.833819300428786, 1.367725476451854 ], [ 103.833878717443639, 1.367725476439008 ], [ 103.83386067954703, 1.367675664961602 ], [ 103.833587156780467, 1.36777599608655 ], [ 103.833605075162396, 1.367825477473028 ], [ 103.833652887147736, 1.367784831717887 ], [ 103.833662851387658, 1.36779670511546 ], [ 103.833681423022, 1.367780916720826 ], [ 103.833686535883913, 1.367787009422382 ], [ 103.833687284392283, 1.367786372749802 ], [ 103.833698126535054, 1.367799291592231 ], [ 103.833705116507119, 1.36779334901332 ], [ 103.833735729881028, 1.367829824733763 ], [ 103.833672162378136, 1.367883865032518 ], [ 103.833664848020092, 1.367875149674767 ], [ 103.833616814086369, 1.36791498511973 ], [ 103.833624389029595, 1.367924011578913 ], [ 103.833560837695984, 1.367978038309192 ], [ 103.833529812777883, 1.367941071516766 ], [ 103.833537093887301, 1.367934882046875 ], [ 103.833526541982806, 1.367922308670868 ], [ 103.833521539645091, 1.367916348006155 ], [ 103.833539986380103, 1.367900665423271 ], [ 103.833531821975512, 1.367890937177169 ], [ 103.833527401911752, 1.367894693906843 ], [ 103.833510973361541, 1.367875118038443 ], [ 103.833564312450733, 1.367829773207761 ], [ 103.833568939186222, 1.367835286212096 ], [ 103.83358287959409, 1.367823434516495 ] ] ] } },
{ "type": "Feature", "properties": { "name": null, "audit_layer": "hdb_building_point", "len_m": null, "is_covered": null, "is_synthesized": null, "synth_class": null, "covered": null, "indoor": null, "tunnel": null, "bridge": null, "layer": null, "level": null, "highway": null, "footway": null, "length": null, "length_m": null, "effective_len_m": null, "dist_to_route_m": null, "OBJECTID": 941552.0, "source_area_m2": null, "STATION_NA": null, "EXIT_CODE": null, "INC_CRC": "0610C1F842942260", "FMEL_UPD_D": "20130426120242", "BLK_NO": "111", "ST_COD": "ANA06H", "ENTITYID": 4128.0, "POSTAL_COD": "560111", "SHAPE.AREA": 1032.5799695400001, "SHAPE.LEN": 224.339203596837 }, "geometry": { "type": "Polygon", "coordinates": [ [ [ 103.836937406108916, 1.370769336982487 ], [ 103.836938515828365, 1.370759056167689 ], [ 103.837013084629533, 1.370767242359002 ], [ 103.837012169897548, 1.370775755141366 ], [ 103.837139020248514, 1.370789680343041 ], [ 103.837139935878639, 1.370781166656263 ], [ 103.837237425427105, 1.370791867840823 ], [ 103.837236527768468, 1.370800205176572 ], [ 103.837377225099431, 1.370815654196594 ], [ 103.837378175772756, 1.370806999428842 ], [ 103.837453728511989, 1.370815291415283 ], [ 103.83745295305765, 1.370822426850774 ], [ 103.837595984878476, 1.370838124553984 ], [ 103.837596618360465, 1.370832260654877 ], [ 103.83767473382548, 1.370840834791356 ], [ 103.83767385324073, 1.370848924331419 ], [ 103.837742210226338, 1.370856435855434 ], [ 103.837732405187509, 1.370946905762702 ], [ 103.836851838033922, 1.370850243347586 ], [ 103.836862204714038, 1.370761080249327 ], [ 103.836937406108916, 1.370769336982487 ] ] ] } },
{ "type": "Feature", "properties": { "name": null, "audit_layer": "hdb_building_point", "len_m": null, "is_covered": null, "is_synthesized": null, "synth_class": null, "covered": null, "indoor": null, "tunnel": null, "bridge": null, "layer": null, "level": null, "highway": null, "footway": null, "length": null, "length_m": null, "effective_len_m": null, "dist_to_route_m": null, "OBJECTID": 941443.0, "source_area_m2": null, "STATION_NA": null, "EXIT_CODE": null, "INC_CRC": "39734380B8CE8FAB", "FMEL_UPD_D": "20250905121730", "BLK_NO": "260B", "ST_COD": "ANS04R", "ENTITYID": 11051188.0, "POSTAL_COD": "562260", "SHAPE.AREA": 856.23679202000005, "SHAPE.LEN": 230.58242563462201 }, "geometry": { "type": "Polygon", "coordinates": [ [ [ 103.833853074338037, 1.368994083412232 ], [ 103.833840642625887, 1.369015532222859 ], [ 103.833877958448255, 1.369037372612305 ], [ 103.833866928505046, 1.369057120313505 ], [ 103.833875399326246, 1.36906215852507 ], [ 103.833868453382223, 1.369074211893936 ], [ 103.833888609210419, 1.369085977668774 ], [ 103.833877396857162, 1.369104913250923 ], [ 103.833882806249918, 1.369108370634373 ], [ 103.833861513741141, 1.369145667526976 ], [ 103.833836982774201, 1.369131346923717 ], [ 103.83383485855525, 1.36913503492175 ], [ 103.833790501535745, 1.369109086006027 ], [ 103.833797271360552, 1.369097304851077 ], [ 103.833745713200813, 1.369067232939092 ], [ 103.833739596636079, 1.369077786871441 ], [ 103.833692194364374, 1.369049962302849 ], [ 103.833707572488464, 1.369023321537133 ], [ 103.833684265376206, 1.369009708144971 ], [ 103.833704316961658, 1.368974721000509 ], [ 103.83372943918539, 1.36898963667676 ], [ 103.83373018140405, 1.368988348861882 ], [ 103.833741076566966, 1.36899470925412 ], [ 103.833750890746117, 1.368977678264043 ], [ 103.833755546237995, 1.368980395877925 ], [ 103.83375642773494, 1.368978845797369 ], [ 103.833772914699878, 1.368988407638062 ], [ 103.833793152287839, 1.368953290264353 ], [ 103.8338292954747, 1.36897429683092 ], [ 103.833834498193383, 1.368965268561087 ], [ 103.833832459336747, 1.368959355827762 ], [ 103.833827784975682, 1.368960659922048 ], [ 103.83382753337591, 1.368959930100115 ], [ 103.833822465441173, 1.368961344526917 ], [ 103.833815315515238, 1.368940602933294 ], [ 103.833820284607171, 1.368938901823046 ], [ 103.833819781407655, 1.368937441274815 ], [ 103.833828909979971, 1.368934316694298 ], [ 103.833826705786365, 1.368927921934832 ], [ 103.83381058903548, 1.368933548892752 ], [ 103.833807793582523, 1.368925441267414 ], [ 103.833790856437261, 1.36893148242421 ], [ 103.833770222562777, 1.368871072701956 ], [ 103.833827278159802, 1.368851360262284 ], [ 103.833831257030198, 1.368863190250794 ], [ 103.833907170913449, 1.368836836153813 ], [ 103.833902638523369, 1.368824030356487 ], [ 103.833951366172414, 1.368807356579844 ], [ 103.833952621475717, 1.368811423505752 ], [ 103.833979367408816, 1.368802194461022 ], [ 103.833983413672385, 1.368813196955933 ], [ 103.834000002171251, 1.368807404498042 ], [ 103.833996167970056, 1.368796166868382 ], [ 103.834022957932731, 1.368786976710814 ], [ 103.834021659497978, 1.368782958620627 ], [ 103.834070260447007, 1.368766346338356 ], [ 103.834074516078331, 1.368779276033364 ], [ 103.83415029337371, 1.368753054870218 ], [ 103.83414632258912, 1.368741392189623 ], [ 103.834203378180078, 1.368721869657431 ], [ 103.834224136066695, 1.368782039719422 ], [ 103.834207282490411, 1.368787920806672 ], [ 103.834210049190276, 1.368795946134409 ], [ 103.834193719480112, 1.36880164815724 ], [ 103.834195894920299, 1.368807959714869 ], [ 103.83420452837953, 1.36880478267996 ], [ 103.834205002824987, 1.368806171783344 ], [ 103.834210972024607, 1.368804088125817 ], [ 103.834218500251922, 1.368825926712024 ], [ 103.834196266038916, 1.368833763941157 ], [ 103.834203420460881, 1.36885508613553 ], [ 103.8341301834201, 1.368880613652083 ], [ 103.834122296663935, 1.368858625845617 ], [ 103.833910129028766, 1.368932708716308 ], [ 103.833925602415775, 1.368978011033083 ], [ 103.833862487759092, 1.368999577423243 ], [ 103.833853074338037, 1.368994083412232 ] ] ] } },
{ "type": "Feature", "properties": { "name": null, "audit_layer": "hdb_building_point", "len_m": null, "is_covered": null, "is_synthesized": null, "synth_class": null, "covered": null, "indoor": null, "tunnel": null, "bridge": null, "layer": null, "level": null, "highway": null, "footway": null, "length": null, "length_m": null, "effective_len_m": null, "dist_to_route_m": null, "OBJECTID": 941471.0, "source_area_m2": null, "STATION_NA": null, "EXIT_CODE": null, "INC_CRC": "DCA61ACE1332DE97", "FMEL_UPD_D": "20130426120342", "BLK_NO": "102", "ST_COD": "ANA05P", "ENTITYID": 9654.0, "POSTAL_COD": "560102", "SHAPE.AREA": 1276.0482832549999, "SHAPE.LEN": 294.61387923100102 }, "geometry": { "type": "Polygon", "coordinates": [ [ [ 103.839729190626599, 1.370733990369693 ], [ 103.83972441394404, 1.370778966226629 ], [ 103.839695216677626, 1.370775818212823 ], [ 103.83968968237879, 1.370775123675849 ], [ 103.839690666294842, 1.370767966534352 ], [ 103.839695653364217, 1.370768702673544 ], [ 103.839698647326799, 1.3707402983924 ], [ 103.839634866912846, 1.370791578729607 ], [ 103.839614419869861, 1.370766115503147 ], [ 103.839665666147624, 1.370724941470636 ], [ 103.83943446833797, 1.370699728398587 ], [ 103.839430696214691, 1.370729952262339 ], [ 103.839367139392564, 1.370722575524935 ], [ 103.839367792637219, 1.370716094848881 ], [ 103.839375484404357, 1.370716908757213 ], [ 103.839376043301868, 1.370711542258183 ], [ 103.839377972486773, 1.370693054334398 ], [ 103.839366825714436, 1.370691829853455 ], [ 103.83936131939825, 1.370741795089264 ], [ 103.839329724745213, 1.370738267244045 ], [ 103.839334674846782, 1.37068829839225 ], [ 103.839147156575251, 1.370667701961336 ], [ 103.839189396716023, 1.3707215088191 ], [ 103.839164013940163, 1.370741763023743 ], [ 103.839111488728378, 1.370674909831482 ], [ 103.839107340113003, 1.370710583394785 ], [ 103.839072764001898, 1.370706510221724 ], [ 103.839073554728273, 1.370699875803488 ], [ 103.839078903920409, 1.370700233014468 ], [ 103.839083253809818, 1.370661973873257 ], [ 103.839002987168513, 1.370653792282218 ], [ 103.83900804869532, 1.37060206986844 ], [ 103.838980407755557, 1.370598598079724 ], [ 103.838985413597953, 1.370558217298503 ], [ 103.839007923694609, 1.37055984510064 ], [ 103.839010085611477, 1.370541125659309 ], [ 103.839076828758436, 1.370548174114365 ], [ 103.839090436715807, 1.370549776614988 ], [ 103.839170952259565, 1.370558607536039 ], [ 103.839237535462445, 1.370565883886773 ], [ 103.839250987068596, 1.370567431220644 ], [ 103.839317811088478, 1.370574544782961 ], [ 103.839331453191818, 1.370576136429747 ], [ 103.839398338316187, 1.370583732920171 ], [ 103.839396217737047, 1.370602649513142 ], [ 103.839436679486269, 1.370607244484614 ], [ 103.839438799165222, 1.370587816925795 ], [ 103.839505067870661, 1.370595370909675 ], [ 103.839518801628216, 1.370596870309992 ], [ 103.839585598693418, 1.370604320288362 ], [ 103.839599383669821, 1.370605911028871 ], [ 103.839665893192802, 1.370613315787529 ], [ 103.839679661096056, 1.37061475278569 ], [ 103.839746440191107, 1.370622313996395 ], [ 103.839760019394987, 1.370623880318691 ], [ 103.839826283609298, 1.370631348379022 ], [ 103.839824198975833, 1.370650085908128 ], [ 103.839847346163026, 1.370652645195784 ], [ 103.839843105917879, 1.370693318990653 ], [ 103.839815119926953, 1.370690656618614 ], [ 103.839809523768167, 1.370742549960297 ], [ 103.839729190626599, 1.370733990369693 ] ] ] } },
{ "type": "Feature", "properties": { "name": null, "audit_layer": "hdb_building_point", "len_m": null, "is_covered": null, "is_synthesized": null, "synth_class": null, "covered": null, "indoor": null, "tunnel": null, "bridge": null, "layer": null, "level": null, "highway": null, "footway": null, "length": null, "length_m": null, "effective_len_m": null, "dist_to_route_m": null, "OBJECTID": 941158.0, "source_area_m2": null, "STATION_NA": null, "EXIT_CODE": null, "INC_CRC": "2AF992961014F967", "FMEL_UPD_D": "20130426120342", "BLK_NO": "107", "ST_COD": "ANA06H", "ENTITYID": 9713.0, "POSTAL_COD": "560107", "SHAPE.AREA": 1579.4195995749999, "SHAPE.LEN": 339.48057065973302 }, "geometry": { "type": "Polygon", "coordinates": [ [ [ 103.837206045371531, 1.371245936534054 ], [ 103.837206046270111, 1.371245946482059 ], [ 103.837221459459926, 1.371248034634028 ], [ 103.837216658466232, 1.371291819438206 ], [ 103.837541482026339, 1.371327430037774 ], [ 103.837544138148345, 1.371296755805644 ], [ 103.837559204488002, 1.371297463896153 ], [ 103.837559810116517, 1.371292761200855 ], [ 103.837568843452203, 1.371294107783192 ], [ 103.837564577999188, 1.371330027330999 ], [ 103.8375675082399, 1.371330565422527 ], [ 103.837796258389417, 1.371358666315412 ], [ 103.837793364133432, 1.371380806966968 ], [ 103.837847448231685, 1.371387253173481 ], [ 103.837841656141435, 1.371439643911131 ], [ 103.83778820643397, 1.371433658929084 ], [ 103.837780505791358, 1.371493510675387 ], [ 103.837751469362857, 1.371490321941078 ], [ 103.837749941818018, 1.371504409226179 ], [ 103.837754408615297, 1.371504899383315 ], [ 103.83775323869564, 1.371515687546888 ], [ 103.837737159663163, 1.371513922257654 ], [ 103.837737647579004, 1.371509426661956 ], [ 103.837726872812155, 1.371508243773416 ], [ 103.837729082361008, 1.371487863920466 ], [ 103.837696927890732, 1.371484332437192 ], [ 103.837694719240176, 1.371504713194476 ], [ 103.837681965819669, 1.37150331235757 ], [ 103.837681479700876, 1.371507801622705 ], [ 103.83766540066847, 1.371506035428622 ], [ 103.837666569689929, 1.371495253595642 ], [ 103.837671035588613, 1.371495743752937 ], [ 103.837672563133893, 1.371481657372249 ], [ 103.837643674969939, 1.371478484914909 ], [ 103.837642147424447, 1.371492571295579 ], [ 103.837646614221683, 1.371493062357283 ], [ 103.837645444301572, 1.371503850520805 ], [ 103.837629365269237, 1.371502085230842 ], [ 103.837629853185263, 1.371497589635165 ], [ 103.837619687649763, 1.371496473667995 ], [ 103.837621897199526, 1.371476092910775 ], [ 103.837588910652698, 1.371472470991111 ], [ 103.837586701102651, 1.371492850843938 ], [ 103.837574642277772, 1.371491526876177 ], [ 103.837574154361647, 1.37149602156748 ], [ 103.837558076227992, 1.371494256277033 ], [ 103.837559245249906, 1.371483468113553 ], [ 103.837563712047086, 1.371483958271049 ], [ 103.837565238694438, 1.371469870986064 ], [ 103.837510524697578, 1.371463863390921 ], [ 103.837508998049913, 1.371477949771508 ], [ 103.837513463948511, 1.371478440833463 ], [ 103.837512294926384, 1.371489228996921 ], [ 103.837496215894248, 1.371487462801694 ], [ 103.837496702911949, 1.371482968110408 ], [ 103.837484644087155, 1.371481644142191 ], [ 103.837486853638055, 1.37146126338509 ], [ 103.837454775547059, 1.371457740942049 ], [ 103.837452565995875, 1.371478121699121 ], [ 103.837440507171138, 1.371476796826315 ], [ 103.837440020153338, 1.371481292421954 ], [ 103.837423941121301, 1.371479526226238 ], [ 103.837425111042407, 1.371468738062819 ], [ 103.837429576940963, 1.371469228220568 ], [ 103.837431104487635, 1.371455141840027 ], [ 103.837403024139732, 1.371452058006069 ], [ 103.837401496592904, 1.371466145290956 ], [ 103.837405962491459, 1.371466635448749 ], [ 103.837404791671716, 1.371477438081988 ], [ 103.837388712639736, 1.371475672790398 ], [ 103.837389201454755, 1.371471162724937 ], [ 103.837377142630075, 1.371469838756174 ], [ 103.83737935218187, 1.371449457999169 ], [ 103.837347939932371, 1.371446008807058 ], [ 103.837345730380321, 1.371466389564036 ], [ 103.837333671555697, 1.371465064690688 ], [ 103.837333184537698, 1.371469560286306 ], [ 103.837317105505804, 1.371467794089867 ], [ 103.837318275427378, 1.371457005926499 ], [ 103.837322741325892, 1.371457496988812 ], [ 103.837324268873203, 1.371443409703973 ], [ 103.837295923447101, 1.371440296929537 ], [ 103.837294395899619, 1.371454384214359 ], [ 103.837298862696699, 1.371454874372352 ], [ 103.837297710746199, 1.371465494323927 ], [ 103.83728161374323, 1.371463897243396 ], [ 103.837282101659895, 1.371459401647786 ], [ 103.837270041936776, 1.371458077678481 ], [ 103.837272251489466, 1.371437696921571 ], [ 103.837240329750458, 1.371434191658296 ], [ 103.83723812109605, 1.371454572415177 ], [ 103.837226061372974, 1.371453247541285 ], [ 103.837225574354775, 1.371457743136882 ], [ 103.837209495323052, 1.371455976939715 ], [ 103.837210665245081, 1.371445188776397 ], [ 103.837215131143566, 1.371445679838913 ], [ 103.837216658691489, 1.371431592554139 ], [ 103.837162171136271, 1.371425609368441 ], [ 103.837160643588021, 1.371439695748817 ], [ 103.837165110385044, 1.371440186811426 ], [ 103.837163940462816, 1.371450974974723 ], [ 103.837147862329743, 1.371449208777136 ], [ 103.837148349348098, 1.371444714085919 ], [ 103.837136290523688, 1.371443390115933 ], [ 103.83713849917892, 1.371423009359143 ], [ 103.837106546888876, 1.371419500476664 ], [ 103.837104337334779, 1.371439881233427 ], [ 103.837092277611859, 1.371438556358856 ], [ 103.837091778013587, 1.371443164095617 ], [ 103.837075699880629, 1.371441398801907 ], [ 103.837076881484506, 1.371430497593099 ], [ 103.837081347382934, 1.371430988655867 ], [ 103.837082874931625, 1.371416901371175 ], [ 103.837056205341241, 1.371413972177185 ], [ 103.837054678690961, 1.371428059461859 ], [ 103.837059144589361, 1.371428549620304 ], [ 103.83705797556523, 1.371439338687914 ], [ 103.837041896533776, 1.371437572489612 ], [ 103.837042383552287, 1.371433077798415 ], [ 103.837030350786563, 1.371431756540944 ], [ 103.837032560341257, 1.371411375784247 ], [ 103.836999428227671, 1.37140773757807 ], [ 103.836997230353944, 1.371428006193551 ], [ 103.836985139181138, 1.371426678605392 ], [ 103.836984640481234, 1.371431285437766 ], [ 103.836968839108323, 1.371429549986929 ], [ 103.836970004538571, 1.371418760919367 ], [ 103.836974470436942, 1.371419251982335 ], [ 103.836975992594844, 1.371405163793353 ], [ 103.836946030640235, 1.371401873761821 ], [ 103.836961792270813, 1.371267467119426 ], [ 103.837191869592829, 1.371293169694405 ], [ 103.83719835808914, 1.371240678572664 ], [ 103.837206487460989, 1.371241318849349 ], [ 103.837206045371531, 1.371245936534054 ] ] ] } },
{ "type": "Feature", "properties": { "name": null, "audit_layer": "hdb_building_point", "len_m": null, "is_covered": null, "is_synthesized": null, "synth_class": null, "covered": null, "indoor": null, "tunnel": null, "bridge": null, "layer": null, "level": null, "highway": null, "footway": null, "length": null, "length_m": null, "effective_len_m": null, "dist_to_route_m": null, "OBJECTID": 942335.0, "source_area_m2": null, "STATION_NA": null, "EXIT_CODE": null, "INC_CRC": "22F3B6E10CEFEB41", "FMEL_UPD_D": "20130426120255", "BLK_NO": "226C", "ST_COD": "ANA02E", "ENTITYID": 5265.0, "POSTAL_COD": "563226", "SHAPE.AREA": 790.8812574, "SHAPE.LEN": 152.88793656764099 }, "geometry": { "type": "Polygon", "coordinates": [ [ [ 103.839494353132125, 1.367003209751839 ], [ 103.839531139036112, 1.367109975288725 ], [ 103.839519772143845, 1.367113862275995 ], [ 103.839522050034432, 1.367120616967064 ], [ 103.839439400595495, 1.367148806215305 ], [ 103.839437208968391, 1.367142299319756 ], [ 103.83941586167451, 1.367149583124362 ], [ 103.839417774743097, 1.36715531226734 ], [ 103.839338024084014, 1.367182485903567 ], [ 103.839336111015683, 1.367176791126369 ], [ 103.839314745749803, 1.367184074930116 ], [ 103.839315771923538, 1.367187116304692 ], [ 103.839316798097315, 1.367190157679268 ], [ 103.839236168635836, 1.367217646937437 ], [ 103.839233941964835, 1.367211068597011 ], [ 103.839211909061788, 1.367218562214007 ], [ 103.839214013526515, 1.367224822218521 ], [ 103.839133313974386, 1.367252345839233 ], [ 103.839131313744502, 1.367246333630214 ], [ 103.839110335760424, 1.367253476350359 ], [ 103.839112475269317, 1.367259807799657 ], [ 103.83903253141105, 1.367287051062198 ], [ 103.839030357756471, 1.367280614706652 ], [ 103.839017953015656, 1.367284815508424 ], [ 103.83898141872902, 1.36717719262574 ], [ 103.839494353132125, 1.367003209751839 ] ] ] } },
{ "type": "Feature", "properties": { "name": null, "audit_layer": "hdb_building_point", "len_m": null, "is_covered": null, "is_synthesized": null, "synth_class": null, "covered": null, "indoor": null, "tunnel": null, "bridge": null, "layer": null, "level": null, "highway": null, "footway": null, "length": null, "length_m": null, "effective_len_m": null, "dist_to_route_m": null, "OBJECTID": 942545.0, "source_area_m2": null, "STATION_NA": null, "EXIT_CODE": null, "INC_CRC": "96DCC021CE94F4C5", "FMEL_UPD_D": "20130426120213", "BLK_NO": "222", "ST_COD": "ANA02E", "ENTITYID": 23.0, "POSTAL_COD": "560222", "SHAPE.AREA": 1163.973329635, "SHAPE.LEN": 292.67115450789402 }, "geometry": { "type": "Polygon", "coordinates": [ [ [ 103.839734174592209, 1.365834618502277 ], [ 103.839751086688707, 1.365884296997256 ], [ 103.839776931303348, 1.365875384417377 ], [ 103.839778095857753, 1.365878806528789 ], [ 103.839778945903134, 1.365878513512458 ], [ 103.839789840237728, 1.365910514414184 ], [ 103.839788990192332, 1.36591080743052 ], [ 103.839790154746765, 1.365914230446288 ], [ 103.839769751860032, 1.365921266455703 ], [ 103.839775839711976, 1.365939149339173 ], [ 103.839711508526534, 1.365961333568401 ], [ 103.83970488871833, 1.365941974763631 ], [ 103.839689712801828, 1.36594724182182 ], [ 103.839696320928468, 1.365966570782639 ], [ 103.839633999838441, 1.365988062261361 ], [ 103.839627303651923, 1.365968514444439 ], [ 103.839613988669598, 1.365973113172016 ], [ 103.839620688450267, 1.365992652849687 ], [ 103.839558955921021, 1.366013941747297 ], [ 103.839552229183411, 1.365994279980342 ], [ 103.839537650814052, 1.36599933541476 ], [ 103.839544382942904, 1.366018967337719 ], [ 103.839477864638297, 1.366041905806179 ], [ 103.839470553826828, 1.366020429885692 ], [ 103.839475654998225, 1.366018670883992 ], [ 103.83947393602304, 1.36601362272683 ], [ 103.839412045343948, 1.366034964978547 ], [ 103.839413764319033, 1.366040013135754 ], [ 103.839418949955927, 1.366038225194302 ], [ 103.839426261665537, 1.366059702019308 ], [ 103.839370297042066, 1.366079001295837 ], [ 103.839363561320084, 1.366059330484735 ], [ 103.839349736848689, 1.366064135407188 ], [ 103.839356436627739, 1.366083780896219 ], [ 103.83929284405761, 1.366105710985941 ], [ 103.839286430924815, 1.366087000608716 ], [ 103.839272308128443, 1.366091915863912 ], [ 103.839278712275359, 1.366110583736074 ], [ 103.839217457778361, 1.366131708029367 ], [ 103.839210988934312, 1.366112801405023 ], [ 103.83919640966495, 1.366117856837362 ], [ 103.839202864131735, 1.366136740852671 ], [ 103.839138331656443, 1.366158994703015 ], [ 103.83913152584725, 1.366139124026923 ], [ 103.839119774371824, 1.366143197312283 ], [ 103.8391265676009, 1.366163051709882 ], [ 103.839063381179457, 1.366184841616044 ], [ 103.839056766767328, 1.366165527123332 ], [ 103.839042732029725, 1.366170408011115 ], [ 103.839049329368862, 1.366189687233698 ], [ 103.838985123070998, 1.366211828937948 ], [ 103.838979035224213, 1.366193946052479 ], [ 103.838958632332734, 1.366200982054969 ], [ 103.838957466880771, 1.366197559943164 ], [ 103.838956616835176, 1.366197852959202 ], [ 103.838945723408841, 1.366165852053706 ], [ 103.838946573454436, 1.366165559037672 ], [ 103.838945408002502, 1.366162136021496 ], [ 103.838971252623125, 1.366153223450331 ], [ 103.838954328859231, 1.366103511488426 ], [ 103.839030841945032, 1.366077125573951 ], [ 103.839016161024006, 1.366034001901113 ], [ 103.839043791098035, 1.366024473452815 ], [ 103.839058908727054, 1.366068881321759 ], [ 103.839408060872046, 1.365948475203424 ], [ 103.839398828008441, 1.365921351532458 ], [ 103.839445168962939, 1.365905121692374 ], [ 103.839454402725551, 1.36593224536316 ], [ 103.839630892283338, 1.365871382994849 ], [ 103.839615687483246, 1.365826719194622 ], [ 103.839643402017913, 1.365817161799511 ], [ 103.839658257272475, 1.365860799146995 ], [ 103.839734174592209, 1.365834618502277 ] ] ] } },
{ "type": "Feature", "properties": { "name": null, "audit_layer": "hdb_building_point", "len_m": null, "is_covered": null, "is_synthesized": null, "synth_class": null, "covered": null, "indoor": null, "tunnel": null, "bridge": null, "layer": null, "level": null, "highway": null, "footway": null, "length": null, "length_m": null, "effective_len_m": null, "dist_to_route_m": null, "OBJECTID": 943352.0, "source_area_m2": null, "STATION_NA": null, "EXIT_CODE": null, "INC_CRC": "F2573F88F48F5BAB", "FMEL_UPD_D": "20250905121730", "BLK_NO": "256A", "ST_COD": "ANS04R", "ENTITYID": 4689.0, "POSTAL_COD": "561256", "SHAPE.AREA": 2136.9888247200001, "SHAPE.LEN": 298.58733792232698 }, "geometry": { "type": "Polygon", "coordinates": [ [ [ 103.835468905645627, 1.370210043707083 ], [ 103.835483063545936, 1.370236364312451 ], [ 103.836321413865562, 1.370402036613783 ], [ 103.836330606239869, 1.370399867032314 ], [ 103.836339991808202, 1.370398828810283 ], [ 103.836349432190772, 1.370398937322054 ], [ 103.836358791703432, 1.37040019075907 ], [ 103.836367931966294, 1.370402571034225 ], [ 103.836376720889476, 1.370406043781845 ], [ 103.836385029078741, 1.370410558357703 ], [ 103.836392737024141, 1.370416048743362 ], [ 103.836399730607056, 1.37042243354619 ], [ 103.836405908288967, 1.370429621425532 ], [ 103.836411179314084, 1.370437506570892 ], [ 103.836415468202318, 1.370445974128108 ], [ 103.836418712053572, 1.370454901103725 ], [ 103.836420862344852, 1.370464156364991 ], [ 103.836421888524583, 1.370473604257304 ], [ 103.836421775316865, 1.370483109126044 ], [ 103.836420525417225, 1.37049252989038 ], [ 103.836418155898301, 1.370501730895645 ], [ 103.836414700905607, 1.370510576487151 ], [ 103.836410212556061, 1.370518938245098 ], [ 103.836404754648001, 1.370526694984582 ], [ 103.836398408052645, 1.370533731851231 ], [ 103.836391265322646, 1.370539946651755 ], [ 103.8363834297935, 1.370545249853949 ], [ 103.836375015583585, 1.370549562777971 ], [ 103.836366147594148, 1.370552823022519 ], [ 103.836356952523587, 1.370554982656119 ], [ 103.836347566954629, 1.370556010930211 ], [ 103.836338125672853, 1.370555892470428 ], [ 103.836328767956715, 1.370554628180959 ], [ 103.836328582852289, 1.370555528928015 ], [ 103.835598222710004, 1.370411215804842 ], [ 103.835562831777025, 1.370592694618613 ], [ 103.835461889028764, 1.37057276071355 ], [ 103.835480918870772, 1.370475113771906 ], [ 103.835387257246865, 1.370456629553013 ], [ 103.835394068382115, 1.370421690337453 ], [ 103.835399425656036, 1.37041716037212 ], [ 103.835404558287109, 1.370412393463528 ], [ 103.835409460883881, 1.37040738689859 ], [ 103.835414123562074, 1.370402152434053 ], [ 103.835418533741745, 1.370396701826665 ], [ 103.83542268333575, 1.370391046833168 ], [ 103.83542656245983, 1.370385201019039 ], [ 103.83543016212829, 1.370379177045385 ], [ 103.835433474254003, 1.370372987573316 ], [ 103.835436492547004, 1.370366647977031 ], [ 103.835439208920164, 1.370360170917637 ], [ 103.835441617982056, 1.370353572673699 ], [ 103.835443713442729, 1.370346865906322 ], [ 103.835445491707915, 1.370340067798431 ], [ 103.835446948284741, 1.370333191915496 ], [ 103.835448080477548, 1.370326254536078 ], [ 103.83544888469207, 1.37031927103437 ], [ 103.835449360029727, 1.370312256784569 ], [ 103.835449504693415, 1.370305228065233 ], [ 103.835449318683146, 1.370298200250555 ], [ 103.835448802897503, 1.370291189619091 ], [ 103.835447958235093, 1.370284210640668 ], [ 103.835446786493051, 1.370277280498206 ], [ 103.835445289468524, 1.370270413661532 ], [ 103.835443471654415, 1.370263625504834 ], [ 103.83544133664499, 1.3702569314023 ], [ 103.835438889831721, 1.370250347632482 ], [ 103.835436135707454, 1.370243886856475 ], [ 103.835433081460764, 1.370237564448465 ], [ 103.835429732483107, 1.370231394878273 ], [ 103.835468905645627, 1.370210043707083 ] ] ] } },
{ "type": "Feature", "properties": { "name": null, "audit_layer": "hdb_building_point", "len_m": null, "is_covered": null, "is_synthesized": null, "synth_class": null, "covered": null, "indoor": null, "tunnel": null, "bridge": null, "layer": null, "level": null, "highway": null, "footway": null, "length": null, "length_m": null, "effective_len_m": null, "dist_to_route_m": null, "OBJECTID": 943353.0, "source_area_m2": null, "STATION_NA": null, "EXIT_CODE": null, "INC_CRC": "D8EC1EEFA23C4901", "FMEL_UPD_D": "20250905121730", "BLK_NO": "255A", "ST_COD": "ANS04R", "ENTITYID": 4864.0, "POSTAL_COD": "561255", "SHAPE.AREA": 1718.08414283, "SHAPE.LEN": 249.19695417780699 }, "geometry": { "type": "Polygon", "coordinates": [ [ [ 103.834921438121171, 1.370260801580659 ], [ 103.835078950305899, 1.370206463646747 ], [ 103.835085535023026, 1.370196122236323 ], [ 103.835109856624527, 1.370187745091935 ], [ 103.835114647812816, 1.370201836892629 ], [ 103.835109910554024, 1.370208477643105 ], [ 103.835105522839342, 1.370215366189126 ], [ 103.835100768509051, 1.370223914243871 ], [ 103.835097258698013, 1.370231261301916 ], [ 103.835093573666967, 1.370240339313324 ], [ 103.835090959730977, 1.370248075247337 ], [ 103.835088765427514, 1.370255951357502 ], [ 103.8350867130994, 1.370265524054957 ], [ 103.835085484759375, 1.370273611785648 ], [ 103.835084606863049, 1.370283359928905 ], [ 103.835084396601104, 1.370288269722754 ], [ 103.835084361560419, 1.370293179516474 ], [ 103.83508448466813, 1.370298053135506 ], [ 103.835084765025712, 1.370302962928994 ], [ 103.835085204430257, 1.370307837452156 ], [ 103.835086029322724, 1.370314335308924 ], [ 103.835087152540567, 1.370320762625057 ], [ 103.835088169725921, 1.370325566607379 ], [ 103.835089363031059, 1.370330299144792 ], [ 103.835091661580222, 1.37033813998143 ], [ 103.835092714707187, 1.370341248280691 ], [ 103.835093819951211, 1.370344320405344 ], [ 103.835094996182278, 1.370347357259736 ], [ 103.835096241603267, 1.370350359748232 ], [ 103.835097558011327, 1.370353361332312 ], [ 103.835098926536446, 1.370356327646145 ], [ 103.83510036604865, 1.370359259594082 ], [ 103.835087188560564, 1.370426863547041 ], [ 103.835045283715374, 1.370418450276629 ], [ 103.835050091050405, 1.370393761128255 ], [ 103.835024435059893, 1.370388705750281 ], [ 103.834971228911755, 1.370407061669328 ], [ 103.834970392340878, 1.370404602703419 ], [ 103.8343163354903, 1.37063010901016 ], [ 103.834316047048773, 1.37062926614277 ], [ 103.834306947224718, 1.370631796557768 ], [ 103.834297610177529, 1.370633204656755 ], [ 103.834288173388543, 1.370633469639294 ], [ 103.834278774339083, 1.370632586983508 ], [ 103.834269549611889, 1.370630570254808 ], [ 103.834260633094033, 1.370627449297165 ], [ 103.834252156875394, 1.370623269328745 ], [ 103.834244242263082, 1.370618090941913 ], [ 103.834237006969886, 1.370611990103231 ], [ 103.834230554331427, 1.370605055440363 ], [ 103.834224980494866, 1.370597389146446 ], [ 103.834220365432941, 1.370589101553896 ], [ 103.834216777437149, 1.370580313847508 ], [ 103.834214267725983, 1.37057115535136 ], [ 103.834212873140942, 1.370561758102626 ], [ 103.834212615247694, 1.370552260469035 ], [ 103.834213496742038, 1.370542800818324 ], [ 103.834215505044, 1.370533516613863 ], [ 103.83421861050077, 1.37052454441467 ], [ 103.834222768183892, 1.370516013544849 ], [ 103.834227917889152, 1.370508048806688 ], [ 103.834233983238079, 1.370500766863201 ], [ 103.834240877069377, 1.370494274429402 ], [ 103.834248497844584, 1.370488665559207 ], [ 103.834256734141007, 1.370484021645436 ], [ 103.834265467347322, 1.370480411419818 ], [ 103.834274568967999, 1.370477887335525 ], [ 103.834283906014576, 1.370476484662813 ], [ 103.834293343701518, 1.37047622601084 ], [ 103.834302741851829, 1.37047711499712 ], [ 103.834922350172022, 1.370263481211423 ], [ 103.834921438121171, 1.370260801580659 ] ] ] } },
{ "type": "Feature", "properties": { "name": null, "audit_layer": "hdb_building_point", "len_m": null, "is_covered": null, "is_synthesized": null, "synth_class": null, "covered": null, "indoor": null, "tunnel": null, "bridge": null, "layer": null, "level": null, "highway": null, "footway": null, "length": null, "length_m": null, "effective_len_m": null, "dist_to_route_m": null, "OBJECTID": 943356.0, "source_area_m2": null, "STATION_NA": null, "EXIT_CODE": null, "INC_CRC": "C1772FF9C35D5011", "FMEL_UPD_D": "20130426120342", "BLK_NO": "104A", "ST_COD": "ANS01L", "ENTITYID": 9716.0, "POSTAL_COD": "560104", "SHAPE.AREA": 1683.94576932, "SHAPE.LEN": 347.45125415892397 }, "geometry": { "type": "Polygon", "coordinates": [ [ [ 103.838636061151391, 1.371843629931289 ], [ 103.839136165711778, 1.371602161695113 ], [ 103.839164052251945, 1.371349534702982 ], [ 103.83899400305134, 1.371330545272755 ], [ 103.838998302624901, 1.371292993344872 ], [ 103.838993036998161, 1.371292463399942 ], [ 103.838992001848126, 1.371294018004588 ], [ 103.838990931653669, 1.371295501164539 ], [ 103.838990158885096, 1.371296525811096 ], [ 103.838989773399504, 1.371297091039683 ], [ 103.838987720164326, 1.371296807978547 ], [ 103.838988333886107, 1.371295890047353 ], [ 103.838989263904153, 1.371294689049389 ], [ 103.838990405085227, 1.371292993363666 ], [ 103.838991510323126, 1.371291155692837 ], [ 103.838992195030926, 1.371289778344422 ], [ 103.83899249335488, 1.371289107305423 ], [ 103.8389919497194, 1.37128907203651 ], [ 103.838992756632507, 1.371287552702614 ], [ 103.838993318236007, 1.371286140084286 ], [ 103.838993897809999, 1.371284337684912 ], [ 103.838994476485425, 1.371282536189906 ], [ 103.838994967998318, 1.371280240007851 ], [ 103.838995301361308, 1.371277343328294 ], [ 103.838995301355183, 1.371274728811184 ], [ 103.838995301350195, 1.371272609885696 ], [ 103.838995143196811, 1.371270525326425 ], [ 103.838994914955563, 1.371268723833339 ], [ 103.838994476448988, 1.371267028151373 ], [ 103.838995020983035, 1.371267063420282 ], [ 103.83899440635598, 1.371265119942926 ], [ 103.838994037938676, 1.371263742597016 ], [ 103.83899351137282, 1.371262329076912 ], [ 103.838992896746916, 1.371260881191175 ], [ 103.838992528330039, 1.371259680196298 ], [ 103.838991843616697, 1.371258690823413 ], [ 103.838994002882984, 1.371258867169309 ], [ 103.838994914936649, 1.371260669565133 ], [ 103.838995669740683, 1.371262576867586 ], [ 103.83899605612973, 1.371264096198643 ], [ 103.839001496977986, 1.371264731953768 ], [ 103.839005971763655, 1.37122336451257 ], [ 103.839104103816169, 1.371234043914237 ], [ 103.839102936598607, 1.371244913471253 ], [ 103.839161958344178, 1.371251342452984 ], [ 103.839163194751436, 1.371240473800136 ], [ 103.839281151980117, 1.371253310054614 ], [ 103.839274901660318, 1.371309800280079 ], [ 103.839267014002715, 1.371308924875152 ], [ 103.839263574350909, 1.371340471822596 ], [ 103.839270864458783, 1.371341270358062 ], [ 103.839270594893605, 1.371343748316837 ], [ 103.839233528833034, 1.371339650734552 ], [ 103.839231072197208, 1.371362966155912 ], [ 103.839319051301175, 1.37137275115756 ], [ 103.839319911213366, 1.371364626346789 ], [ 103.83935053631626, 1.371368017635531 ], [ 103.839346130723925, 1.37140846624303 ], [ 103.839358627153516, 1.371409844462556 ], [ 103.839358732284026, 1.371408925628191 ], [ 103.839362464050211, 1.371409348861214 ], [ 103.839358809649625, 1.371444316114978 ], [ 103.839354695990735, 1.371443899213466 ], [ 103.839354748106601, 1.371443404526079 ], [ 103.839342217531154, 1.371442027210984 ], [ 103.839337882923999, 1.371481804779976 ], [ 103.839307380025403, 1.37147844876098 ], [ 103.839308889590299, 1.371464601131488 ], [ 103.839220980571724, 1.371454886669726 ], [ 103.839218418803199, 1.371478343172138 ], [ 103.839245656293883, 1.371481345593965 ], [ 103.839243691163432, 1.371499397614039 ], [ 103.839257573190238, 1.371500916911476 ], [ 103.83923784730473, 1.371681754544132 ], [ 103.83911094136397, 1.37174301106518 ], [ 103.839103148916379, 1.371726619481739 ], [ 103.839082580648395, 1.371736546738126 ], [ 103.839090373095871, 1.371752938321634 ], [ 103.838738421158368, 1.371922789609531 ], [ 103.838730593668359, 1.371906362754758 ], [ 103.838710357868308, 1.371916148926344 ], [ 103.838718185358189, 1.371932575781182 ], [ 103.838660863773299, 1.371962146813118 ], [ 103.838617386208128, 1.371871030401453 ], [ 103.838643186853233, 1.371858572726188 ], [ 103.838636061151391, 1.371843629931289 ] ] ] } },
{ "type": "Feature", "properties": { "name": null, "audit_layer": "hdb_building_point", "len_m": null, "is_covered": null, "is_synthesized": null, "synth_class": null, "covered": null, "indoor": null, "tunnel": null, "bridge": null, "layer": null, "level": null, "highway": null, "footway": null, "length": null, "length_m": null, "effective_len_m": null, "dist_to_route_m": null, "OBJECTID": 943533.0, "source_area_m2": null, "STATION_NA": null, "EXIT_CODE": null, "INC_CRC": "8C9549AF5DB96961", "FMEL_UPD_D": "20250905121730", "BLK_NO": "260A", "ST_COD": "ANS04R", "ENTITYID": 11051189.0, "POSTAL_COD": "561260", "SHAPE.AREA": 680.38691584499998, "SHAPE.LEN": 201.12386396290501 }, "geometry": { "type": "Polygon", "coordinates": [ [ [ 103.834031860232315, 1.369363444735074 ], [ 103.834011993753663, 1.369397776218016 ], [ 103.833988674056073, 1.369384043452794 ], [ 103.833973238424363, 1.369410952816453 ], [ 103.833925918811929, 1.36938324853302 ], [ 103.833931977868147, 1.369372659330027 ], [ 103.833864269696633, 1.36933199189265 ], [ 103.833863764700368, 1.369332748845674 ], [ 103.833861489520388, 1.369331404960843 ], [ 103.833855331621322, 1.369342180462727 ], [ 103.833803225327742, 1.369311830912332 ], [ 103.833834995163201, 1.369256756024876 ], [ 103.833850697678528, 1.369265971493648 ], [ 103.833854763706952, 1.369258914738195 ], [ 103.833869620667741, 1.369267587588452 ], [ 103.833873219439795, 1.369261342952206 ], [ 103.833864177127253, 1.369256265853106 ], [ 103.833864691109213, 1.36925538048035 ], [ 103.833860804792792, 1.36925311233557 ], [ 103.833871751170122, 1.369234117969904 ], [ 103.833875688704964, 1.369236415958676 ], [ 103.833876510896332, 1.369234999724008 ], [ 103.83389143704693, 1.369243605651158 ], [ 103.833902655690565, 1.369223969186638 ], [ 103.833903213702683, 1.369224292044556 ], [ 103.833922570692366, 1.369190701236953 ], [ 103.833921423218158, 1.369190031103296 ], [ 103.833928459917786, 1.369177820374877 ], [ 103.833908327451454, 1.369166068165844 ], [ 103.83391924058084, 1.369146850421974 ], [ 103.833913686518201, 1.369143529597652 ], [ 103.833935246800024, 1.369106114232792 ], [ 103.833959803825863, 1.369120655499923 ], [ 103.83396188760895, 1.369116951223232 ], [ 103.834006018190749, 1.369142809699396 ], [ 103.83399987107569, 1.369153783257446 ], [ 103.834026679020923, 1.369169675643503 ], [ 103.83399627142272, 1.369222579154511 ], [ 103.83403734507057, 1.369246281626448 ], [ 103.83404343917023, 1.369235904948757 ], [ 103.834023133278848, 1.369224229611717 ], [ 103.834034041016224, 1.36920528950717 ], [ 103.834028296456481, 1.369202109764002 ], [ 103.83405000500116, 1.369164856279288 ], [ 103.834074450605513, 1.369179121714154 ], [ 103.83407665210116, 1.369175434620249 ], [ 103.834120849179428, 1.36920123159748 ], [ 103.834114259069921, 1.369212969343793 ], [ 103.834183314198953, 1.369253696461668 ], [ 103.834189509836278, 1.36924287754943 ], [ 103.834241515493432, 1.369273465843603 ], [ 103.834209846306848, 1.369328403273059 ], [ 103.834194795253268, 1.369319643606026 ], [ 103.834190371595056, 1.369327319851724 ], [ 103.834175059057571, 1.369318382024896 ], [ 103.834171806235503, 1.369324028876676 ], [ 103.834180023661432, 1.369328867222726 ], [ 103.834179306602877, 1.369330116150067 ], [ 103.834184451816768, 1.369333119542044 ], [ 103.834173461411567, 1.369352192588839 ], [ 103.834168351241914, 1.369349209997205 ], [ 103.834167892072813, 1.369350010359763 ], [ 103.834153013544764, 1.369341319424094 ], [ 103.834145339759885, 1.36935458464214 ], [ 103.83413613930081, 1.369357746302819 ], [ 103.834080440519159, 1.369325234424682 ], [ 103.834091556724715, 1.369305944330841 ], [ 103.83401177895648, 1.369259375924444 ], [ 103.834010010571276, 1.369262426345702 ], [ 103.834001178523806, 1.369257153904375 ], [ 103.833982246558179, 1.369290042925791 ], [ 103.833986958660802, 1.369292622171462 ], [ 103.833979306440852, 1.369305873823508 ], [ 103.83400282112737, 1.369319602066955 ], [ 103.834001770699331, 1.369321375525624 ], [ 103.834006864694487, 1.369324349073979 ], [ 103.833996972340131, 1.369341513910998 ], [ 103.834007668921302, 1.369347757639057 ], [ 103.834006994095418, 1.36934892969537 ], [ 103.834031860232315, 1.369363444735074 ] ] ] } },
{ "type": "Feature", "properties": { "name": null, "audit_layer": "hdb_building_point", "len_m": null, "is_covered": null, "is_synthesized": null, "synth_class": null, "covered": null, "indoor": null, "tunnel": null, "bridge": null, "layer": null, "level": null, "highway": null, "footway": null, "length": null, "length_m": null, "effective_len_m": null, "dist_to_route_m": null, "OBJECTID": 943572.0, "source_area_m2": null, "STATION_NA": null, "EXIT_CODE": null, "INC_CRC": "B9F6DCD9A3B94E98", "FMEL_UPD_D": "20250905121730", "BLK_NO": "260", "ST_COD": "ANS04R", "ENTITYID": 11051191.0, "POSTAL_COD": "560260", "SHAPE.AREA": 2728.8589101100001, "SHAPE.LEN": 233.18397480614701 }, "geometry": { "type": "Polygon", "coordinates": [ [ [ 103.834233952005007, 1.368674608472344 ], [ 103.834564813482658, 1.368560003663282 ], [ 103.83477237809754, 1.369166989347852 ], [ 103.834706123840277, 1.36918993853522 ], [ 103.834698928078822, 1.369168897599739 ], [ 103.834434320787139, 1.369260553248949 ], [ 103.834425578586576, 1.369234987778817 ], [ 103.83440578129229, 1.36924184467787 ], [ 103.834388168396387, 1.369190338426226 ], [ 103.834361640805625, 1.369181962215751 ], [ 103.834346695769028, 1.369138257009006 ], [ 103.834374578395199, 1.369128599290707 ], [ 103.834381790327996, 1.369149689967204 ], [ 103.83439486272394, 1.369145162713769 ], [ 103.834233952005007, 1.368674608472344 ] ] ] } },
{ "type": "Feature", "properties": { "name": null, "audit_layer": "hdb_building_point", "len_m": null, "is_covered": null, "is_synthesized": null, "synth_class": null, "covered": null, "indoor": null, "tunnel": null, "bridge": null, "layer": null, "level": null, "highway": null, "footway": null, "length": null, "length_m": null, "effective_len_m": null, "dist_to_route_m": null, "OBJECTID": 943442.0, "source_area_m2": null, "STATION_NA": null, "EXIT_CODE": null, "INC_CRC": "A45C84933B5B3BA2", "FMEL_UPD_D": "20250905121730", "BLK_NO": "244", "ST_COD": "ANA05P", "ENTITYID": 8979.0, "POSTAL_COD": "560244", "SHAPE.AREA": 806.143748405, "SHAPE.LEN": 193.23335721706201 }, "geometry": { "type": "Polygon", "coordinates": [ [ [ 103.834420109067807, 1.367410944679312 ], [ 103.834356358269488, 1.367432913525208 ], [ 103.834350905742482, 1.367415132820933 ], [ 103.834329064217641, 1.367422765664887 ], [ 103.834316184107124, 1.3673839259364 ], [ 103.834340852530346, 1.367374458136194 ], [ 103.834325000847301, 1.367327175263832 ], [ 103.834616471557183, 1.367226337600352 ], [ 103.834902192299069, 1.367128084578181 ], [ 103.834931859522428, 1.367214975881107 ], [ 103.834911010021059, 1.367221358898262 ], [ 103.834916747398836, 1.367240005077734 ], [ 103.834853414444225, 1.36726180662926 ], [ 103.834847151403963, 1.36724346250765 ], [ 103.834834402504057, 1.367247859534963 ], [ 103.834840662848507, 1.367266196421693 ], [ 103.834777329892518, 1.367287997066832 ], [ 103.834771083027078, 1.367269700876325 ], [ 103.83475833412686, 1.367274097903231 ], [ 103.834764578296529, 1.367292386858859 ], [ 103.834701245339161, 1.367314188406338 ], [ 103.834695014648503, 1.367295938338206 ], [ 103.834682265748015, 1.367300336269069 ], [ 103.834688493742917, 1.367318578197957 ], [ 103.834625160784171, 1.36734037883905 ], [ 103.834618946268264, 1.367322176702021 ], [ 103.834606197367521, 1.367326574632477 ], [ 103.834612409187628, 1.367344768630261 ], [ 103.834547704112211, 1.367367042252562 ], [ 103.83453920093713, 1.36734215415118 ], [ 103.834487889935019, 1.367359746775405 ], [ 103.83449578298108, 1.36738486729889 ], [ 103.83443285976648, 1.367406551271674 ], [ 103.834426692876107, 1.367388491119327 ], [ 103.834413943974653, 1.36739288814439 ], [ 103.834420109067807, 1.367410944679312 ] ] ] } },
{ "type": "Feature", "properties": { "name": null, "audit_layer": "hdb_building_point", "len_m": null, "is_covered": null, "is_synthesized": null, "synth_class": null, "covered": null, "indoor": null, "tunnel": null, "bridge": null, "layer": null, "level": null, "highway": null, "footway": null, "length": null, "length_m": null, "effective_len_m": null, "dist_to_route_m": null, "OBJECTID": 943792.0, "source_area_m2": null, "STATION_NA": null, "EXIT_CODE": null, "INC_CRC": "6269CCB6B6CE8122", "FMEL_UPD_D": "20130426120320", "BLK_NO": "226A", "ST_COD": "ANA02E", "ENTITYID": 7274.0, "POSTAL_COD": "561226", "SHAPE.AREA": 513.47513335500003, "SHAPE.LEN": 121.274804421261 }, "geometry": { "type": "Polygon", "coordinates": [ [ [ 103.839282517401045, 1.367443626660825 ], [ 103.839363928624309, 1.36741588869895 ], [ 103.839365294460038, 1.367419952908664 ], [ 103.839388908845322, 1.367411917572028 ], [ 103.839387437876141, 1.367407535026361 ], [ 103.839468129343572, 1.367380080128786 ], [ 103.839469774636697, 1.367384991727071 ], [ 103.839475340371109, 1.367383124200467 ], [ 103.839504614189124, 1.367470274095069 ], [ 103.839093485738744, 1.367610161288792 ], [ 103.839064404226605, 1.367522551971662 ], [ 103.839077501765061, 1.36751811060708 ], [ 103.839075995751926, 1.367513623155049 ], [ 103.839154932321705, 1.367486766057088 ], [ 103.839156525496819, 1.367491501304675 ], [ 103.839178716550634, 1.367483959756501 ], [ 103.839176949051733, 1.367478694551875 ], [ 103.839261010156619, 1.367450074831825 ], [ 103.839262691392406, 1.36745509314515 ], [ 103.839283935354118, 1.367447868125856 ], [ 103.839283235363283, 1.367445747393318 ], [ 103.839282517401045, 1.367443626660825 ] ] ] } },
{ "type": "Feature", "properties": { "name": null, "audit_layer": "hdb_building_point", "len_m": null, "is_covered": null, "is_synthesized": null, "synth_class": null, "covered": null, "indoor": null, "tunnel": null, "bridge": null, "layer": null, "level": null, "highway": null, "footway": null, "length": null, "length_m": null, "effective_len_m": null, "dist_to_route_m": null, "OBJECTID": 945214.0, "source_area_m2": null, "STATION_NA": null, "EXIT_CODE": null, "INC_CRC": "69829C5CCAF02142", "FMEL_UPD_D": "20240328155244", "BLK_NO": "228B", "ST_COD": "ANS06N", "ENTITYID": 11054868.0, "POSTAL_COD": "562228", "SHAPE.AREA": 761.17248366000001, "SHAPE.LEN": 226.683327924671 }, "geometry": { "type": "Polygon", "coordinates": [ [ [ 103.839067779014968, 1.36855745039358 ], [ 103.839075141886482, 1.368553198054952 ], [ 103.839062926676647, 1.368531770981165 ], [ 103.839083057308969, 1.36851977001853 ], [ 103.839077840190512, 1.368510609725189 ], [ 103.83908200954896, 1.368508204106119 ], [ 103.839080861171865, 1.368506182854694 ], [ 103.839113707449343, 1.368487232725879 ], [ 103.83910727276249, 1.368475469675117 ], [ 103.839099321328774, 1.368480052108237 ], [ 103.839098192720485, 1.368478146615401 ], [ 103.839093879591118, 1.368480634531998 ], [ 103.839088123328693, 1.368470594293522 ], [ 103.839066244980387, 1.368483417327549 ], [ 103.839054068409865, 1.368462147612997 ], [ 103.839046047786653, 1.368466900066592 ], [ 103.839022432374605, 1.368425393419467 ], [ 103.839026841650735, 1.368422826823075 ], [ 103.83902526106003, 1.368420125490706 ], [ 103.839043208170153, 1.368409486506237 ], [ 103.839044852559596, 1.368412298170886 ], [ 103.839046419663177, 1.368411370289366 ], [ 103.839045034961472, 1.368409003571328 ], [ 103.839046684733404, 1.368408044941224 ], [ 103.839047980476352, 1.368410259726272 ], [ 103.839050345508824, 1.368408857955947 ], [ 103.839048779295268, 1.368406181041393 ], [ 103.839066719216646, 1.368395548387315 ], [ 103.839068386969004, 1.368398398035193 ], [ 103.839070326079948, 1.368397248583509 ], [ 103.83906910312146, 1.36839515860057 ], [ 103.839074749726265, 1.368391812439091 ], [ 103.839073362328833, 1.368389442103618 ], [ 103.839086846248534, 1.368381450203851 ], [ 103.839089394604372, 1.368386414253307 ], [ 103.839092810962086, 1.368384425547973 ], [ 103.839098924856359, 1.368394990316872 ], [ 103.839100461408606, 1.368394089566318 ], [ 103.839097739629594, 1.368389471888819 ], [ 103.839119504756667, 1.36837647792992 ], [ 103.83912229033443, 1.36838120503532 ], [ 103.8391243615349, 1.368379967859936 ], [ 103.839121614595797, 1.368375307677402 ], [ 103.839134919700001, 1.36836736913529 ], [ 103.839137776265076, 1.368372215616586 ], [ 103.839141446917608, 1.368370064124991 ], [ 103.839142485668674, 1.368371880990326 ], [ 103.839179484228964, 1.368350469170865 ], [ 103.839188439413618, 1.368366120077353 ], [ 103.839206292173515, 1.368355781340834 ], [ 103.839198914884037, 1.368342878793618 ], [ 103.839201002258747, 1.368341669653421 ], [ 103.839198261609866, 1.36833714874306 ], [ 103.839215845697211, 1.368326832616237 ], [ 103.83921844347401, 1.368331568765632 ], [ 103.839245785117114, 1.368315733279195 ], [ 103.839276088615279, 1.368368735282005 ], [ 103.839292929599523, 1.36836419533121 ], [ 103.839283311219219, 1.368328057862429 ], [ 103.839285581903582, 1.368327445602134 ], [ 103.839284326589947, 1.368322727536747 ], [ 103.839295093246022, 1.368319790134621 ], [ 103.839288654034107, 1.368295161597901 ], [ 103.839312346607997, 1.368288836414727 ], [ 103.839309940215756, 1.368279797299642 ], [ 103.839355688169661, 1.368267463464277 ], [ 103.839356897657098, 1.368272482683053 ], [ 103.839359502609113, 1.368271773654864 ], [ 103.839364949789484, 1.368291948199758 ], [ 103.839362346634616, 1.368292657227949 ], [ 103.839362841751139, 1.368294497608034 ], [ 103.83936525890222, 1.368293839224714 ], [ 103.839365744134398, 1.36829564071716 ], [ 103.839363288344856, 1.368296311761679 ], [ 103.839364059324879, 1.368299177690175 ], [ 103.839366710103945, 1.368298455096398 ], [ 103.839372120442945, 1.368318574475141 ], [ 103.839369495722394, 1.368319289833945 ], [ 103.839370075305268, 1.368321444932589 ], [ 103.839372713504702, 1.368320846236745 ], [ 103.839378078915104, 1.368340882414069 ], [ 103.839375505412889, 1.368341559789449 ], [ 103.839376851483038, 1.36834659257333 ], [ 103.839365163793488, 1.368349755164865 ], [ 103.839365681374531, 1.368351691407508 ], [ 103.839370725043565, 1.368350371927236 ], [ 103.839382064199981, 1.368391902115566 ], [ 103.839376876759985, 1.36839333825922 ], [ 103.839378548115178, 1.368399458088153 ], [ 103.839383760715123, 1.36839801742261 ], [ 103.839387907652934, 1.36841320168856 ], [ 103.839382545890501, 1.368414690285798 ], [ 103.839383074254414, 1.368416626528408 ], [ 103.839388334478542, 1.368415171392905 ], [ 103.839394814127218, 1.368439721249529 ], [ 103.839389573671426, 1.368441122123139 ], [ 103.839390100238305, 1.368443093635959 ], [ 103.839401930800747, 1.36843987226026 ], [ 103.839403279566667, 1.368444888765557 ], [ 103.83940586564897, 1.36844421229448 ], [ 103.839411281380123, 1.368464359708387 ], [ 103.839408648572274, 1.368465077780347 ], [ 103.839409217372307, 1.368467193086977 ], [ 103.839411853774436, 1.368466475015007 ], [ 103.839417294665893, 1.368486715578354 ], [ 103.839414636698066, 1.368487439980935 ], [ 103.839415355560689, 1.368490114184313 ], [ 103.839417939845831, 1.368489410582299 ], [ 103.83941840620794, 1.368491138821271 ], [ 103.839415742848701, 1.36849186412823 ], [ 103.839416267618418, 1.368493815745034 ], [ 103.839418941760655, 1.368493154647911 ], [ 103.839424312563111, 1.368513134754499 ], [ 103.839421810047753, 1.368513816651569 ], [ 103.839423139944074, 1.368518937158793 ], [ 103.839377462074609, 1.368531428354656 ], [ 103.839375048493565, 1.368522489624112 ], [ 103.839351213045418, 1.368529007437861 ], [ 103.839344567161348, 1.368504390658597 ], [ 103.839333755576092, 1.368507347052709 ], [ 103.839337422673481, 1.368520930595144 ], [ 103.839312879152132, 1.368527421279364 ], [ 103.839301837423491, 1.368486139790186 ], [ 103.839306933191551, 1.368477406331448 ], [ 103.839304247340607, 1.368467035992834 ], [ 103.839300367318515, 1.368468055221108 ], [ 103.839299246791242, 1.368463735980051 ], [ 103.839296606794719, 1.368464423303519 ], [ 103.839293510293558, 1.368452488415692 ], [ 103.83929576120947, 1.36845185987688 ], [ 103.839291021210727, 1.36843450694668 ], [ 103.839294811376064, 1.368433598955455 ], [ 103.839292705106388, 1.368424697302986 ], [ 103.839286477123267, 1.368426481629298 ], [ 103.839283970990152, 1.368417620674212 ], [ 103.83928661547931, 1.368416862810331 ], [ 103.839280797188565, 1.368396123038521 ], [ 103.839285361021695, 1.368394903039699 ], [ 103.839284178492761, 1.368390424630671 ], [ 103.839278046661491, 1.368394156957408 ], [ 103.839279911201814, 1.368397377394006 ], [ 103.839250655607529, 1.368414535970539 ], [ 103.839248759616964, 1.368411184401174 ], [ 103.839218929836008, 1.368428277864513 ], [ 103.839224231420332, 1.368437418261327 ], [ 103.839244835597114, 1.368425312389895 ], [ 103.839257054402452, 1.368446809098806 ], [ 103.839264166572619, 1.368442681562489 ], [ 103.839285468160412, 1.368479651921681 ], [ 103.839261067530956, 1.368493892102635 ], [ 103.839262800880007, 1.368497063703897 ], [ 103.839215919861289, 1.368524425361721 ], [ 103.839209166181803, 1.368512779879386 ], [ 103.839155479402962, 1.368543895568965 ], [ 103.83916232473689, 1.368555731872092 ], [ 103.839115519195886, 1.368583149598339 ], [ 103.839113655554229, 1.368579927352887 ], [ 103.839089097673352, 1.368594313135109 ], [ 103.839067779014968, 1.36855745039358 ] ] ] } },
{ "type": "Feature", "properties": { "name": null, "audit_layer": "hdb_building_point", "len_m": null, "is_covered": null, "is_synthesized": null, "synth_class": null, "covered": null, "indoor": null, "tunnel": null, "bridge": null, "layer": null, "level": null, "highway": null, "footway": null, "length": null, "length_m": null, "effective_len_m": null, "dist_to_route_m": null, "OBJECTID": 945824.0, "source_area_m2": null, "STATION_NA": null, "EXIT_CODE": null, "INC_CRC": "3100A7212272A1F2", "FMEL_UPD_D": "20250905121730", "BLK_NO": "257", "ST_COD": "ANA06H", "ENTITYID": 7021.0, "POSTAL_COD": "560257", "SHAPE.AREA": 1057.7799207149999, "SHAPE.LEN": 241.42911005444199 }, "geometry": { "type": "Polygon", "coordinates": [ [ [ 103.835770899024112, 1.370216535848224 ], [ 103.835766738664148, 1.37023783905754 ], [ 103.835696518060473, 1.370223807012059 ], [ 103.835700643376867, 1.370202609613518 ], [ 103.835689624204676, 1.370200418349791 ], [ 103.835685498888182, 1.370221615748313 ], [ 103.835635247221632, 1.370211683164506 ], [ 103.835639406684123, 1.370190380859778 ], [ 103.835628388410655, 1.370188224865972 ], [ 103.835624228049483, 1.370209492804839 ], [ 103.835553446739482, 1.370195496025878 ], [ 103.835557607101165, 1.37017412227651 ], [ 103.835533463406321, 1.370169350872982 ], [ 103.835529285073008, 1.370190723717962 ], [ 103.835458767045296, 1.37017676311051 ], [ 103.83546291033511, 1.370155565712353 ], [ 103.835448364273631, 1.370152703412361 ], [ 103.835454526642181, 1.370121085022771 ], [ 103.835436452792649, 1.370117515512974 ], [ 103.835449391250663, 1.370051240069271 ], [ 103.835472323670999, 1.370055764583297 ], [ 103.835471446670169, 1.37006021496073 ], [ 103.835482464942928, 1.370062370955265 ], [ 103.835486696291838, 1.370040715044276 ], [ 103.835556074029597, 1.370054428760537 ], [ 103.835551860652657, 1.370076049401423 ], [ 103.835574547763613, 1.370080502469913 ], [ 103.835578761140383, 1.37005891800356 ], [ 103.835651262310691, 1.370073268386552 ], [ 103.835647048934476, 1.37009478321698 ], [ 103.835715426565528, 1.370108248229381 ], [ 103.835719621969815, 1.370086803939267 ], [ 103.835792351378728, 1.3701011904923 ], [ 103.835788190120681, 1.370122563337725 ], [ 103.835813088614898, 1.370127475818713 ], [ 103.835817248974209, 1.370106138243455 ], [ 103.835888170460123, 1.370120169380278 ], [ 103.835884028072755, 1.370141437319587 ], [ 103.835932982202777, 1.370151086833547 ], [ 103.835937124589762, 1.370129855068726 ], [ 103.836010642946349, 1.370144416156524 ], [ 103.836006517632711, 1.370165543015193 ], [ 103.8360278362222, 1.37016974828508 ], [ 103.836031962434234, 1.370148623235103 ], [ 103.836106831343656, 1.370163432114209 ], [ 103.836102723103579, 1.370184487528241 ], [ 103.836113391833507, 1.370186608250051 ], [ 103.836114251760321, 1.370182156968044 ], [ 103.836136465326618, 1.370186574761518 ], [ 103.836123474769991, 1.370253133274928 ], [ 103.836104173470858, 1.370249315975833 ], [ 103.836097977863417, 1.370280969637302 ], [ 103.836083694183074, 1.370278141706734 ], [ 103.836079481709092, 1.370299797618712 ], [ 103.836008594362497, 1.370285800853426 ], [ 103.8360127547204, 1.370264498548064 ], [ 103.835988435802463, 1.370259690974782 ], [ 103.835984275444318, 1.370280958914261 ], [ 103.835912967567495, 1.370266644714727 ], [ 103.835917111751925, 1.370245341505181 ], [ 103.835865999253201, 1.370235233480512 ], [ 103.835861837995481, 1.370256535785626 ], [ 103.835791284919836, 1.370242716268904 ], [ 103.835795446178153, 1.370221413963909 ], [ 103.835770899024112, 1.370216535848224 ] ] ] } },
{ "type": "Feature", "properties": { "name": null, "audit_layer": "hdb_building_point", "len_m": null, "is_covered": null, "is_synthesized": null, "synth_class": null, "covered": null, "indoor": null, "tunnel": null, "bridge": null, "layer": null, "level": null, "highway": null, "footway": null, "length": null, "length_m": null, "effective_len_m": null, "dist_to_route_m": null, "OBJECTID": 945611.0, "source_area_m2": null, "STATION_NA": null, "EXIT_CODE": null, "INC_CRC": "62A53CDEDCC41A9D", "FMEL_UPD_D": "20130426120318", "BLK_NO": "110", "ST_COD": "ANA06H", "ENTITYID": 7236.0, "POSTAL_COD": "560110", "SHAPE.AREA": 1346.0205758950001, "SHAPE.LEN": 261.71305242764203 }, "geometry": { "type": "Polygon", "coordinates": [ [ [ 103.837235833429602, 1.370403444289833 ], [ 103.837273054934272, 1.370413101030309 ], [ 103.837275924026741, 1.370386571499382 ], [ 103.837362059220041, 1.370396032814266 ], [ 103.837359225172293, 1.370422279279213 ], [ 103.837380863654417, 1.370424654103118 ], [ 103.837383750716896, 1.37039798168248 ], [ 103.837467253098737, 1.370407159932013 ], [ 103.837464242934928, 1.370434961903947 ], [ 103.837488743365157, 1.370437654153765 ], [ 103.837491612455409, 1.370411195163004 ], [ 103.837574501114204, 1.370420266694858 ], [ 103.837571578111422, 1.3704471841985 ], [ 103.837620349836854, 1.370452535234604 ], [ 103.837623359998858, 1.370424734166847 ], [ 103.837708582246933, 1.370434087851476 ], [ 103.837705589158361, 1.370461678202427 ], [ 103.837728948404177, 1.370464228466674 ], [ 103.837731800419448, 1.370438017271483 ], [ 103.837816426017383, 1.370447300412936 ], [ 103.837813362842752, 1.370475560898079 ], [ 103.837823505909739, 1.370476659681566 ], [ 103.837818806466004, 1.370519934425559 ], [ 103.837831863598282, 1.370521351539743 ], [ 103.83782503368063, 1.370584478892407 ], [ 103.837622682721317, 1.370562262652804 ], [ 103.837619883719839, 1.370588156415885 ], [ 103.837562547713219, 1.370581849481976 ], [ 103.837565276628226, 1.370556767838207 ], [ 103.837214191540369, 1.370517155472373 ], [ 103.836996652744673, 1.370358641559083 ], [ 103.837032717695692, 1.370308523443556 ], [ 103.837042174262635, 1.370315415589032 ], [ 103.837067810424998, 1.370279779074431 ], [ 103.837078583399247, 1.370287625322016 ], [ 103.837094246348286, 1.370265904276 ], [ 103.837160781079632, 1.370314395278381 ], [ 103.837145365237262, 1.370335797988202 ], [ 103.837164876820765, 1.3703500064241 ], [ 103.837181311639768, 1.370327190191137 ], [ 103.83725307606143, 1.370379498504073 ], [ 103.837235833429602, 1.370403444289833 ] ] ] } },
{ "type": "Feature", "properties": { "name": null, "audit_layer": "hdb_building_point", "len_m": null, "is_covered": null, "is_synthesized": null, "synth_class": null, "covered": null, "indoor": null, "tunnel": null, "bridge": null, "layer": null, "level": null, "highway": null, "footway": null, "length": null, "length_m": null, "effective_len_m": null, "dist_to_route_m": null, "OBJECTID": 945281.0, "source_area_m2": null, "STATION_NA": null, "EXIT_CODE": null, "INC_CRC": "6CD2403A422489A8", "FMEL_UPD_D": "20130426120342", "BLK_NO": "104B", "ST_COD": "ANS01L", "ENTITYID": 9714.0, "POSTAL_COD": "561104", "SHAPE.AREA": 1345.3765213250001, "SHAPE.LEN": 326.67111614669898 }, "geometry": { "type": "Polygon", "coordinates": [ [ [ 103.83882260795707, 1.371383072960059 ], [ 103.838826187864569, 1.371383460924067 ], [ 103.838828697520427, 1.371360321854024 ], [ 103.83884344663629, 1.371348360698049 ], [ 103.838859810516311, 1.371350503099047 ], [ 103.838859375631387, 1.371360710659589 ], [ 103.838918326392331, 1.371367246362498 ], [ 103.838906726087487, 1.371473544461742 ], [ 103.83888336683053, 1.371470929999256 ], [ 103.838883735237445, 1.371467821698399 ], [ 103.838864325200916, 1.371465631373351 ], [ 103.838860955630551, 1.371496471107172 ], [ 103.838880435755854, 1.371498661432083 ], [ 103.838880752045753, 1.371495588401554 ], [ 103.838904041214434, 1.371498201959864 ], [ 103.838892949488809, 1.371599837155564 ], [ 103.838882735451094, 1.371608103973206 ], [ 103.838646280921978, 1.371581926785026 ], [ 103.838648948725535, 1.371557551448891 ], [ 103.838651143036387, 1.37155776396959 ], [ 103.838652581619542, 1.371544621744797 ], [ 103.838619113436096, 1.371540948291745 ], [ 103.838617621838083, 1.371554549029322 ], [ 103.838619833221856, 1.371554795915853 ], [ 103.838617218432773, 1.37157874800936 ], [ 103.838296874200168, 1.371543315707358 ], [ 103.838299594123313, 1.37151844568423 ], [ 103.838301963655667, 1.371518764015504 ], [ 103.838303437284026, 1.371505163278153 ], [ 103.838264686401615, 1.371500888428901 ], [ 103.838263212772674, 1.371514312815197 ], [ 103.838265459200656, 1.371514559701986 ], [ 103.838262739277368, 1.371539535535698 ], [ 103.83809876710751, 1.371521413314257 ], [ 103.838082480802498, 1.371670633451502 ], [ 103.837988710401092, 1.371660318458042 ], [ 103.83800013463069, 1.37155571604664 ], [ 103.838024389762992, 1.371558401056445 ], [ 103.838024020454924, 1.37156076777847 ], [ 103.838037358845824, 1.371562251813895 ], [ 103.838041623387511, 1.371523215826056 ], [ 103.838028302968254, 1.371521731790618 ], [ 103.838028074735902, 1.371524133782573 ], [ 103.838003873518204, 1.371521448772698 ], [ 103.838015297746153, 1.371416670010073 ], [ 103.83843560800095, 1.371463123625152 ], [ 103.838436082437823, 1.371459061219828 ], [ 103.83843841602841, 1.371459909508506 ], [ 103.838441118931982, 1.371460897972852 ], [ 103.838446121279773, 1.37146241729408 ], [ 103.838449736233102, 1.371463512471439 ], [ 103.838453842704681, 1.371464572377529 ], [ 103.838457545717361, 1.37146538448867 ], [ 103.838462109561121, 1.37146623277252 ], [ 103.838466339135564, 1.371466656910239 ], [ 103.83847090208053, 1.37146739847909 ], [ 103.838475500068853, 1.371467715901013 ], [ 103.838480466470841, 1.371467822605255 ], [ 103.838484187453219, 1.371467822597199 ], [ 103.838487662226697, 1.371467610064069 ], [ 103.838489890682325, 1.371467433708206 ], [ 103.838493260323077, 1.371467257349865 ], [ 103.838496841127551, 1.371466868465458 ], [ 103.83850054413746, 1.371466373770159 ], [ 103.838500122716013, 1.371470259824348 ], [ 103.838793281568371, 1.371502653497636 ], [ 103.838803478339571, 1.371409144017338 ], [ 103.83881957174934, 1.371410945473902 ], [ 103.83882260795707, 1.371383072960059 ] ] ] } },
{ "type": "Feature", "properties": { "name": null, "audit_layer": "hdb_building_point", "len_m": null, "is_covered": null, "is_synthesized": null, "synth_class": null, "covered": null, "indoor": null, "tunnel": null, "bridge": null, "layer": null, "level": null, "highway": null, "footway": null, "length": null, "length_m": null, "effective_len_m": null, "dist_to_route_m": null, "OBJECTID": 945778.0, "source_area_m2": null, "STATION_NA": null, "EXIT_CODE": null, "INC_CRC": "3AF4876FB21388F5", "FMEL_UPD_D": "20250905121730", "BLK_NO": "258", "ST_COD": "ANA06H", "ENTITYID": 20.0, "POSTAL_COD": "560258", "SHAPE.AREA": 1617.2720405499999, "SHAPE.LEN": 369.928815409545 }, "geometry": { "type": "Polygon", "coordinates": [ [ [ 103.836426908982176, 1.369885111802554 ], [ 103.836425553028334, 1.369876421767896 ], [ 103.836436727629703, 1.36986098154191 ], [ 103.836452058153085, 1.369872003009431 ], [ 103.836453115768521, 1.36987054155536 ], [ 103.83645529480377, 1.369872138659832 ], [ 103.836454501367527, 1.369873234750387 ], [ 103.836472658796453, 1.369886546064436 ], [ 103.836486413188453, 1.369867541735168 ], [ 103.836468254861018, 1.369854231325586 ], [ 103.836467461424817, 1.369855327416145 ], [ 103.836465283288163, 1.369853730311682 ], [ 103.836466340903584, 1.369852267953241 ], [ 103.836451010380259, 1.369841244677082 ], [ 103.836462184981301, 1.369825804450973 ], [ 103.836470816646397, 1.369824439753909 ], [ 103.836482169194895, 1.369832547364748 ], [ 103.836501741818992, 1.369805503229181 ], [ 103.836490390169132, 1.369797392905339 ], [ 103.836489034215106, 1.369788703775075 ], [ 103.836500208815664, 1.369773263548783 ], [ 103.836515537541629, 1.369784292250819 ], [ 103.836516595157008, 1.369782829892355 ], [ 103.836518774192186, 1.369784427901135 ], [ 103.836517980756028, 1.369785523991711 ], [ 103.836536138184655, 1.369798835305288 ], [ 103.836549892575647, 1.369779830975642 ], [ 103.836531734248524, 1.369766519662169 ], [ 103.836530940812366, 1.369767616657114 ], [ 103.836528761777188, 1.369766018648344 ], [ 103.836529820291105, 1.369764557194237 ], [ 103.836514491565183, 1.369753526683562 ], [ 103.8365256661654, 1.369738085552782 ], [ 103.836534297830156, 1.369736720855487 ], [ 103.836545648581321, 1.36974483660531 ], [ 103.836565221203998, 1.369717792469205 ], [ 103.83655387135147, 1.369709674910743 ], [ 103.836552515397273, 1.369700985780509 ], [ 103.836563689997021, 1.369685544649545 ], [ 103.836579016925583, 1.369696580586099 ], [ 103.83658007454089, 1.36969511913197 ], [ 103.836582253576026, 1.369696716236329 ], [ 103.836581460139911, 1.369697812326927 ], [ 103.836599617568226, 1.36971112364003 ], [ 103.836607023570878, 1.369700890747957 ], [ 103.836637528266493, 1.369723252921546 ], [ 103.836652340271527, 1.369702787137144 ], [ 103.836621835576025, 1.369680424963741 ], [ 103.836629241578507, 1.369670192071597 ], [ 103.836611083251768, 1.369656880758716 ], [ 103.836610289815695, 1.369657976849323 ], [ 103.836608110780546, 1.369656379744989 ], [ 103.836609169294363, 1.369654918290846 ], [ 103.836593843264495, 1.369643878737023 ], [ 103.83660501786369, 1.36962843760586 ], [ 103.836613648629424, 1.369627072908279 ], [ 103.836624997583229, 1.369635197701377 ], [ 103.836644570204129, 1.369608153564599 ], [ 103.836633222148976, 1.369600026962861 ], [ 103.836631867093132, 1.369591337832665 ], [ 103.836643040793263, 1.369575896701317 ], [ 103.836658365924379, 1.369586941681017 ], [ 103.836659423539572, 1.369585480226852 ], [ 103.836661602574679, 1.369587077331139 ], [ 103.83666080913865, 1.369588173421765 ], [ 103.836678966566566, 1.369601484734277 ], [ 103.836692720955313, 1.369582480403779 ], [ 103.8366745626289, 1.369569169995736 ], [ 103.836673769192871, 1.369570266086365 ], [ 103.836671590157763, 1.369568668982088 ], [ 103.836672648671509, 1.369567206623551 ], [ 103.836657324439017, 1.369556159835212 ], [ 103.83666849903743, 1.369540719608104 ], [ 103.836677129802808, 1.369539354910293 ], [ 103.836688476959282, 1.369547486033649 ], [ 103.836708049578775, 1.369520441896332 ], [ 103.836696703320925, 1.369512308059974 ], [ 103.836695348264882, 1.369503618929807 ], [ 103.836706521964231, 1.369488178702517 ], [ 103.836721844399378, 1.369499230916735 ], [ 103.836722902913053, 1.369497768558175 ], [ 103.836725081948131, 1.369499366566771 ], [ 103.836724288512144, 1.369500462657418 ], [ 103.836742445939763, 1.369513773969456 ], [ 103.836749851941207, 1.369503540172561 ], [ 103.836752757021813, 1.36950566994629 ], [ 103.83675328627865, 1.369504939219186 ], [ 103.836785970008279, 1.36952889939948 ], [ 103.836793376009581, 1.369518666506816 ], [ 103.836798460125394, 1.369522393384655 ], [ 103.836798989382203, 1.369521662657541 ], [ 103.836839662309146, 1.369551479488582 ], [ 103.836839133950903, 1.369552210215705 ], [ 103.836846293766683, 1.36955768251346 ], [ 103.836806618374396, 1.369612506039114 ], [ 103.836809521658026, 1.369614635812775 ], [ 103.836729283980887, 1.369725509181371 ], [ 103.836732853116914, 1.369735941018323 ], [ 103.836734183914999, 1.369746889250473 ], [ 103.83673297984619, 1.369757847434248 ], [ 103.836729092645427, 1.369768149957742 ], [ 103.836722647212909, 1.369777056146413 ], [ 103.836714098224334, 1.369783938370781 ], [ 103.836704106128423, 1.369788451162732 ], [ 103.836693346649994, 1.369790532120159 ], [ 103.836682388584308, 1.36979030966198 ], [ 103.836460212072765, 1.370097312699174 ], [ 103.836463724595518, 1.370105646411434 ], [ 103.836465668214913, 1.370114482952295 ], [ 103.836465843447911, 1.370123529307994 ], [ 103.836464127189842, 1.370132409263152 ], [ 103.836460532918693, 1.370140700479628 ], [ 103.836455233159469, 1.370148005036901 ], [ 103.836448525338625, 1.370154029016179 ], [ 103.83644076798555, 1.370158603300863 ], [ 103.836432310644113, 1.370161678150449 ], [ 103.836406363692817, 1.370295108994748 ], [ 103.836402839498319, 1.370294414447526 ], [ 103.836389894775564, 1.370360982005899 ], [ 103.836381218175774, 1.370359024972718 ], [ 103.836380905474641, 1.370360132819364 ], [ 103.83633153350317, 1.370350404635479 ], [ 103.836331836320085, 1.370349300406309 ], [ 103.836325663138865, 1.370348084948481 ], [ 103.836328078481074, 1.370335660788937 ], [ 103.836288395798888, 1.370327846226765 ], [ 103.836288568323354, 1.37032695904519 ], [ 103.836285041433101, 1.370326264497797 ], [ 103.836287455876928, 1.370313840338292 ], [ 103.836265410341994, 1.370309498512627 ], [ 103.836265150656743, 1.370310828832806 ], [ 103.836262505264429, 1.370310307922236 ], [ 103.836262850313346, 1.370308532654725 ], [ 103.836244222941914, 1.370305090667116 ], [ 103.836247868419917, 1.370286342286714 ], [ 103.836255118081027, 1.370281433388501 ], [ 103.836268914735967, 1.370283928512584 ], [ 103.836275296343814, 1.3702510910376 ], [ 103.83626150418192, 1.370248593200455 ], [ 103.836256627630846, 1.370241294986685 ], [ 103.836260273108664, 1.370222546606255 ], [ 103.836278891493805, 1.370225998541761 ], [ 103.836279236542708, 1.370224223274246 ], [ 103.836281881934951, 1.370224744184798 ], [ 103.836281623148267, 1.370226075409343 ], [ 103.836303668682461, 1.370230417234862 ], [ 103.836308153419409, 1.370207343278944 ], [ 103.836286107885414, 1.370203001453465 ], [ 103.836285849098729, 1.370204332678012 ], [ 103.836283202807962, 1.370203811767464 ], [ 103.836283547856866, 1.370202037404313 ], [ 103.836264932167623, 1.370198581851383 ], [ 103.836268577645313, 1.370179834375298 ], [ 103.836275827306054, 1.370174925477018 ], [ 103.836289612279018, 1.37017743145337 ], [ 103.836295994784891, 1.370144594882666 ], [ 103.836282213406378, 1.370142085288888 ], [ 103.836277336855474, 1.37013478617079 ], [ 103.83628098233298, 1.370116038694676 ], [ 103.836299589035917, 1.370119503291138 ], [ 103.836299934084792, 1.370117728023619 ], [ 103.836302579476893, 1.370118248934149 ], [ 103.836302321588803, 1.370119580158697 ], [ 103.836324368020655, 1.370123921984029 ], [ 103.836326781565518, 1.3701114969201 ], [ 103.83636381975073, 1.370118790571194 ], [ 103.836368428488811, 1.370095077229435 ], [ 103.836382553991768, 1.370075560125774 ], [ 103.836352048395483, 1.370053197044626 ], [ 103.836359454400252, 1.370042964153348 ], [ 103.836341296970744, 1.370029653742817 ], [ 103.836340503534416, 1.370030749833333 ], [ 103.836338324499124, 1.370029152728758 ], [ 103.836339382114701, 1.370027690370374 ], [ 103.83632404889515, 1.370016681563248 ], [ 103.836335222599246, 1.370001241337755 ], [ 103.836343854265039, 1.369999876641151 ], [ 103.836355211306781, 1.370007969782749 ], [ 103.836374783933735, 1.369980925648257 ], [ 103.836363427790616, 1.369972829793658 ], [ 103.836362071836959, 1.369964140663333 ], [ 103.836373246439123, 1.369948699533292 ], [ 103.836388578759909, 1.36995971467066 ], [ 103.836389636375429, 1.369958252312254 ], [ 103.836391815410693, 1.369959850321148 ], [ 103.836391021974407, 1.36996094641168 ], [ 103.83640918030224, 1.369974257726202 ], [ 103.836422933796655, 1.369955253397314 ], [ 103.836404776367473, 1.369941942082892 ], [ 103.836403982931202, 1.369943039077793 ], [ 103.836401803895939, 1.369941441068911 ], [ 103.836402861511459, 1.369939979614863 ], [ 103.836387529190731, 1.36992896357322 ], [ 103.836398703792597, 1.369913522443055 ], [ 103.83640733545802, 1.369912157746221 ], [ 103.836418689803864, 1.369920259026804 ], [ 103.836438263327963, 1.369893214891774 ], [ 103.836426908982176, 1.369885111802554 ] ] ] } },
{ "type": "Feature", "properties": { "name": null, "audit_layer": "hdb_building_point", "len_m": null, "is_covered": null, "is_synthesized": null, "synth_class": null, "covered": null, "indoor": null, "tunnel": null, "bridge": null, "layer": null, "level": null, "highway": null, "footway": null, "length": null, "length_m": null, "effective_len_m": null, "dist_to_route_m": null, "OBJECTID": 946378.0, "source_area_m2": null, "STATION_NA": null, "EXIT_CODE": null, "INC_CRC": "04D65A768487592C", "FMEL_UPD_D": "20130426120342", "BLK_NO": "103", "ST_COD": "ANA05P", "ENTITYID": 9653.0, "POSTAL_COD": "560103", "SHAPE.AREA": 1318.3195400550001, "SHAPE.LEN": 323.10345019566 }, "geometry": { "type": "Polygon", "coordinates": [ [ [ 103.838999929372946, 1.371053202058478 ], [ 103.839000316647827, 1.371049310578087 ], [ 103.838932171717175, 1.371042449327675 ], [ 103.838939946899345, 1.370977520476319 ], [ 103.838953299664666, 1.370978990036763 ], [ 103.838957916422203, 1.370936506609704 ], [ 103.838971059820238, 1.370937944517796 ], [ 103.838973928894845, 1.370911507230158 ], [ 103.838976325383683, 1.370911778533759 ], [ 103.838977902341583, 1.370897348493652 ], [ 103.838973436443766, 1.370896853816983 ], [ 103.838974615343361, 1.370886066557119 ], [ 103.838990692575422, 1.370887846307842 ], [ 103.838990201966354, 1.370892340999454 ], [ 103.839002259890421, 1.370893675812428 ], [ 103.838999988352427, 1.370914455395777 ], [ 103.839032128440024, 1.370918091767768 ], [ 103.839034394586449, 1.370897355593888 ], [ 103.839046452510573, 1.370898690406637 ], [ 103.839046944018136, 1.370894195715012 ], [ 103.839063021250311, 1.370895975465247 ], [ 103.839061842351114, 1.370906762725152 ], [ 103.839057376453255, 1.370906268048641 ], [ 103.839055791408867, 1.370920768629231 ], [ 103.839058872608845, 1.370921117706429 ], [ 103.839056376434002, 1.37094417267088 ], [ 103.839065573308218, 1.370945162023257 ], [ 103.839066011801435, 1.370941240698708 ], [ 103.839071396937484, 1.370941830331235 ], [ 103.839074670350684, 1.370908195207246 ], [ 103.839094697701668, 1.37091066226458 ], [ 103.839091213123922, 1.370943998948895 ], [ 103.839096355645793, 1.370944561451024 ], [ 103.839095882109618, 1.370949012733128 ], [ 103.839106166254851, 1.370950143163542 ], [ 103.839108714545304, 1.370926660434614 ], [ 103.839110501803049, 1.370926858486052 ], [ 103.8391120832529, 1.370912385036365 ], [ 103.839107617355012, 1.370911890359948 ], [ 103.83910879625401, 1.370901103100021 ], [ 103.839124874384822, 1.370902882849834 ], [ 103.839124382877429, 1.370907377541475 ], [ 103.839136440801653, 1.370908712353768 ], [ 103.8391341710619, 1.370929481084862 ], [ 103.839166107174123, 1.370933019784196 ], [ 103.839168385000562, 1.370912175086455 ], [ 103.839180442924842, 1.370913509898525 ], [ 103.839180934432136, 1.370909015206873 ], [ 103.83919701166451, 1.370910794956201 ], [ 103.83919583276591, 1.370921582216169 ], [ 103.839191366867993, 1.37092108753991 ], [ 103.839189776433102, 1.370935642382453 ], [ 103.839190469231355, 1.370935718347347 ], [ 103.839188002709832, 1.37095845497563 ], [ 103.839214362290619, 1.370961328980288 ], [ 103.839216804550603, 1.370938636665888 ], [ 103.839217558451708, 1.370938719865537 ], [ 103.839219152480609, 1.370924133370218 ], [ 103.839214686582707, 1.370923638694002 ], [ 103.839215865481222, 1.370912851434025 ], [ 103.839231942713639, 1.370914631183117 ], [ 103.83923145120643, 1.370919125874778 ], [ 103.839243509130796, 1.370920460686528 ], [ 103.839241227710787, 1.370941342463282 ], [ 103.839273271651848, 1.370944892917644 ], [ 103.839275551274469, 1.370924032845608 ], [ 103.839287609198848, 1.370925367657135 ], [ 103.839288099807391, 1.370920872965465 ], [ 103.839304177039907, 1.370922652714068 ], [ 103.839302998141775, 1.370933439974086 ], [ 103.839298532243845, 1.370932946202392 ], [ 103.839296940012488, 1.370947515514836 ], [ 103.839298123430524, 1.370947646644689 ], [ 103.839295680272571, 1.370970281079857 ], [ 103.839320875305589, 1.370973036614531 ], [ 103.839323344521944, 1.370950441066938 ], [ 103.839324560288532, 1.370950575814153 ], [ 103.839326175882022, 1.370935784932386 ], [ 103.839321709984063, 1.370935291160736 ], [ 103.839322888882137, 1.370924503900709 ], [ 103.839338966114681, 1.370926283649078 ], [ 103.839338475506239, 1.370930778340757 ], [ 103.839350533430704, 1.370932113151964 ], [ 103.839348228649328, 1.37095319750647 ], [ 103.83938011444215, 1.37095673077687 ], [ 103.839382386875442, 1.370935930392799 ], [ 103.839394444799964, 1.370937265203783 ], [ 103.83939493630686, 1.37093277051209 ], [ 103.839411013539547, 1.37093455025997 ], [ 103.839409834641899, 1.370945337520038 ], [ 103.839405368743911, 1.370944842844181 ], [ 103.839403782803032, 1.370959353372998 ], [ 103.8394096989947, 1.370960008117631 ], [ 103.839407151605229, 1.37098329821727 ], [ 103.839418982191788, 1.370984715325857 ], [ 103.839419326335388, 1.370981144894826 ], [ 103.839422696786457, 1.370946328670401 ], [ 103.839442610916649, 1.370948197940308 ], [ 103.839438911599331, 1.370987100987754 ], [ 103.839451238197157, 1.370988576878585 ], [ 103.839453827818033, 1.370964897902156 ], [ 103.839458446473145, 1.37096540976045 ], [ 103.839460029717785, 1.370950825073735 ], [ 103.839455563819783, 1.37095033401543 ], [ 103.839456735528685, 1.370939545850995 ], [ 103.839472812761443, 1.370941325598457 ], [ 103.839472321254675, 1.370945820290165 ], [ 103.839484379179282, 1.370947154196328 ], [ 103.839482097761348, 1.370968029642749 ], [ 103.839513562124765, 1.370971515885506 ], [ 103.839515861513419, 1.370950470418526 ], [ 103.839527920336636, 1.37095180522883 ], [ 103.839528410944737, 1.370947310537115 ], [ 103.839544488177594, 1.370949090284092 ], [ 103.839543309280543, 1.370959877544222 ], [ 103.839538843382499, 1.370959383772979 ], [ 103.839537231384512, 1.370974138480302 ], [ 103.839566175256323, 1.370977345280372 ], [ 103.839567849253783, 1.370961921343306 ], [ 103.839563383355738, 1.370961430285203 ], [ 103.839564555064143, 1.370950642120718 ], [ 103.839580632297057, 1.370952421867451 ], [ 103.839580140790488, 1.37095691655918 ], [ 103.839592198715209, 1.370958251369161 ], [ 103.839589825646158, 1.370979966065965 ], [ 103.839621551494048, 1.370983480341897 ], [ 103.839623838302089, 1.370962552442209 ], [ 103.839635896226881, 1.370963887251967 ], [ 103.839636387733336, 1.370959392560227 ], [ 103.839652464966349, 1.370961172306475 ], [ 103.839651286069767, 1.370971959566654 ], [ 103.839646820171694, 1.370971464891251 ], [ 103.839645219855441, 1.37098610293562 ], [ 103.839649967904876, 1.370986629263027 ], [ 103.839647461851769, 1.371009838874377 ], [ 103.839659386788639, 1.371011302104095 ], [ 103.839654646043826, 1.371055043503467 ], [ 103.839667326680001, 1.371056884755401 ], [ 103.839659148062282, 1.371123110468445 ], [ 103.839592262024041, 1.371115691240859 ], [ 103.839592284496902, 1.371119003022764 ], [ 103.839481221111228, 1.371107181462585 ], [ 103.839478738422073, 1.371131517911565 ], [ 103.839454959536212, 1.371129286906209 ], [ 103.839454944260837, 1.371129420752161 ], [ 103.839399050443504, 1.371123350802326 ], [ 103.839401682293811, 1.371098062961829 ], [ 103.839080312846079, 1.371063198708351 ], [ 103.839076701560742, 1.371092891709254 ], [ 103.839052786990905, 1.371090449983326 ], [ 103.839052919976439, 1.371089208290859 ], [ 103.839028976653282, 1.37108714097157 ], [ 103.839032436078966, 1.371056692826931 ], [ 103.838999929372946, 1.371053202058478 ] ] ] } },
{ "type": "Feature", "properties": { "name": null, "audit_layer": "hdb_building_point", "len_m": null, "is_covered": null, "is_synthesized": null, "synth_class": null, "covered": null, "indoor": null, "tunnel": null, "bridge": null, "layer": null, "level": null, "highway": null, "footway": null, "length": null, "length_m": null, "effective_len_m": null, "dist_to_route_m": null, "OBJECTID": 946079.0, "source_area_m2": null, "STATION_NA": null, "EXIT_CODE": null, "INC_CRC": "A9790F0E2300F311", "FMEL_UPD_D": "20250905121730", "BLK_NO": "255", "ST_COD": "ANA06H", "ENTITYID": 7627.0, "POSTAL_COD": "560255", "SHAPE.AREA": 1449.922280555, "SHAPE.LEN": 317.636214233153 }, "geometry": { "type": "Polygon", "coordinates": [ [ [ 103.834884826930576, 1.370519958946733 ], [ 103.834906928168536, 1.370512343280608 ], [ 103.834899650631243, 1.370490954165779 ], [ 103.834898375559817, 1.370491393687659 ], [ 103.834897502147513, 1.370488827102401 ], [ 103.834899202242738, 1.370488241073228 ], [ 103.834892561794078, 1.370469900569949 ], [ 103.834910515230646, 1.37046371018461 ], [ 103.834918362450196, 1.370467577241067 ], [ 103.834923412425979, 1.370481237660179 ], [ 103.834954864186997, 1.370470399737405 ], [ 103.834949810616777, 1.370456733892176 ], [ 103.834953654696477, 1.370448836076286 ], [ 103.834971608132719, 1.370442644786121 ], [ 103.83497825846618, 1.370461000663369 ], [ 103.834979959459915, 1.370460414634139 ], [ 103.834980831973738, 1.370462981219367 ], [ 103.834979556902368, 1.37046342074129 ], [ 103.834986835338853, 1.370484808951514 ], [ 103.834998736005133, 1.370480708555563 ], [ 103.834999900555005, 1.370484130669191 ], [ 103.835000750602589, 1.370483837654569 ], [ 103.835001042638623, 1.370484694087339 ], [ 103.835007842120774, 1.37048235087471 ], [ 103.835016577143548, 1.370508015822503 ], [ 103.835009774965641, 1.370510359035157 ], [ 103.835013850890292, 1.370522337337194 ], [ 103.835025202529764, 1.370517825455751 ], [ 103.835027240492124, 1.37052381325021 ], [ 103.835028090539737, 1.370523520235578 ], [ 103.835044387949068, 1.370571420782446 ], [ 103.835043537901456, 1.370571713797084 ], [ 103.835046448377838, 1.370580267272363 ], [ 103.834982701095839, 1.370602247891245 ], [ 103.834983865645739, 1.370605670004876 ], [ 103.834854947742485, 1.370650122308286 ], [ 103.834851933943128, 1.370660699754838 ], [ 103.834846802212112, 1.37067041263048 ], [ 103.834839600173325, 1.370678681237666 ], [ 103.83483058032472, 1.370684877043044 ], [ 103.834820972809098, 1.370688319963884 ], [ 103.834809365972134, 1.37068920715247 ], [ 103.834798629848407, 1.370687180478752 ], [ 103.834788638638301, 1.370682724682073 ], [ 103.834779785916083, 1.370676268430871 ], [ 103.834523418353996, 1.370764665659454 ], [ 103.834520356928778, 1.370775229540138 ], [ 103.83451517757193, 1.370784916188517 ], [ 103.834507930603095, 1.370793144098323 ], [ 103.834498874810336, 1.370799287449327 ], [ 103.834488534060142, 1.370802817188153 ], [ 103.834477634397572, 1.370803489136079 ], [ 103.834466909056431, 1.370801401868455 ], [ 103.834456940310702, 1.370796896330341 ], [ 103.834448117241763, 1.370790400285869 ], [ 103.834319199318713, 1.370834851655843 ], [ 103.834318034769652, 1.370831429541892 ], [ 103.834254287474351, 1.370853410141228 ], [ 103.834251827184502, 1.370845129782837 ], [ 103.834250977136691, 1.370845422797192 ], [ 103.834234675248396, 1.370797513201345 ], [ 103.834235525296194, 1.370797220186997 ], [ 103.834233487335553, 1.370791231487507 ], [ 103.834245388004646, 1.370787130190967 ], [ 103.834232288626325, 1.370748631408551 ], [ 103.834233138674108, 1.370748338394203 ], [ 103.834231974125203, 1.370744916280207 ], [ 103.834243874794041, 1.370740814983672 ], [ 103.834236597261921, 1.370719426771216 ], [ 103.834235322190267, 1.37071986629274 ], [ 103.834234448778616, 1.370717299707243 ], [ 103.834236148874126, 1.370716713678545 ], [ 103.834229594692715, 1.370698496166957 ], [ 103.834247549031247, 1.370692305786627 ], [ 103.834255395351946, 1.370696172845264 ], [ 103.83426035816305, 1.370709709367886 ], [ 103.834291810828603, 1.370698872358253 ], [ 103.834286843524495, 1.370685328600783 ], [ 103.834290687606725, 1.370677430785977 ], [ 103.834308641046391, 1.370671240405186 ], [ 103.834315205112574, 1.370689472386385 ], [ 103.83431690520807, 1.370688887261993 ], [ 103.83431777861982, 1.37069145384746 ], [ 103.834316503548195, 1.370691892464664 ], [ 103.834323781080954, 1.370713281581244 ], [ 103.834345883221062, 1.370705665920337 ], [ 103.834338605688131, 1.370684276803823 ], [ 103.834337330616506, 1.370684716325401 ], [ 103.834336457204742, 1.370682149739941 ], [ 103.834338157300223, 1.370681563711171 ], [ 103.834331589639575, 1.370663328112578 ], [ 103.834349543977581, 1.370657136827113 ], [ 103.834357390298322, 1.370661003885414 ], [ 103.834362366588493, 1.370674560303836 ], [ 103.834393819253137, 1.370663722388488 ], [ 103.834388838469948, 1.370650160543948 ], [ 103.834392682551794, 1.370642262728975 ], [ 103.83441063599092, 1.370636072347413 ], [ 103.834417213536369, 1.370654323319979 ], [ 103.834418913631822, 1.37065373729115 ], [ 103.834419787043672, 1.370656304780945 ], [ 103.834418511972089, 1.370656743398203 ], [ 103.83442578950563, 1.370678131610112 ], [ 103.834473393975273, 1.370661728228461 ], [ 103.834466115542781, 1.370640340016695 ], [ 103.834464840471213, 1.370640779538341 ], [ 103.834463967059321, 1.370638212952928 ], [ 103.83446566715476, 1.370637626924065 ], [ 103.83445908331899, 1.37061936690799 ], [ 103.834477037656313, 1.370613176525926 ], [ 103.834484883977126, 1.370617043583809 ], [ 103.834489877340758, 1.370630623515432 ], [ 103.834521329105684, 1.370619785598396 ], [ 103.834516332147601, 1.37060619933629 ], [ 103.834520176228963, 1.370598301521109 ], [ 103.834538129667422, 1.370592111138583 ], [ 103.834544724286587, 1.370610386528631 ], [ 103.834546424381955, 1.37060980049971 ], [ 103.834547296895366, 1.370612367085095 ], [ 103.834546021823826, 1.370612806606786 ], [ 103.834553300256943, 1.370634194818312 ], [ 103.83457540149702, 1.370626579155271 ], [ 103.834568123962299, 1.37060519094381 ], [ 103.834566848890759, 1.370605629561148 ], [ 103.834565975478782, 1.37060306297577 ], [ 103.834567675574149, 1.370602477851199 ], [ 103.834561078259128, 1.370584198843759 ], [ 103.834579032595954, 1.370578007556559 ], [ 103.834586878916824, 1.370581874614107 ], [ 103.83459188486097, 1.370595473537163 ], [ 103.834623337523524, 1.370584635618777 ], [ 103.834618327086375, 1.370571031269602 ], [ 103.834622171167339, 1.370563133454254 ], [ 103.834640124605272, 1.370556943070958 ], [ 103.834646731805122, 1.370575236548006 ], [ 103.834648431900433, 1.370574650519013 ], [ 103.834649305312496, 1.370577217104361 ], [ 103.834648030240999, 1.370577656626106 ], [ 103.834655308674925, 1.37059904574169 ], [ 103.834677409914349, 1.370591429173336 ], [ 103.834670132378832, 1.370570040962181 ], [ 103.834668857307349, 1.370570480483937 ], [ 103.834667983895258, 1.370567913898597 ], [ 103.834669683990583, 1.370567327869589 ], [ 103.83466307319631, 1.370549029870785 ], [ 103.834681026634044, 1.370542839487179 ], [ 103.834688873853509, 1.370546706544391 ], [ 103.834693893276736, 1.370560324458878 ], [ 103.834725345938381, 1.370549486539141 ], [ 103.834720322022164, 1.370535862294172 ], [ 103.834724166102731, 1.370527964478657 ], [ 103.834742119540138, 1.37052177409459 ], [ 103.834748740219226, 1.370540087467366 ], [ 103.834750440314508, 1.3705395014383 ], [ 103.83475131372667, 1.370542068023611 ], [ 103.83475003865523, 1.370542507545411 ], [ 103.834757316191357, 1.370563895756325 ], [ 103.834804920656481, 1.370547492368031 ], [ 103.834797642221389, 1.370526104157261 ], [ 103.834796367149934, 1.370526543679086 ], [ 103.834795493737744, 1.37052397709379 ], [ 103.834797193833012, 1.370523391064691 ], [ 103.834790566863589, 1.370505069552774 ], [ 103.834808520300683, 1.370498879168206 ], [ 103.83481636752019, 1.370502745320634 ], [ 103.834821404016907, 1.370516387652681 ], [ 103.834852856677401, 1.370505549731257 ], [ 103.834847815687695, 1.370491901973092 ], [ 103.834851659767807, 1.370484004157369 ], [ 103.834869613204546, 1.370477813772339 ], [ 103.834876250957322, 1.370496149753862 ], [ 103.834877951052547, 1.370495564629068 ], [ 103.834878824464823, 1.370498131214333 ], [ 103.834877549393426, 1.370498570736202 ], [ 103.834884826930576, 1.370519958946733 ] ] ] } },
{ "type": "Feature", "properties": { "name": null, "audit_layer": "hdb_building_point", "len_m": null, "is_covered": null, "is_synthesized": null, "synth_class": null, "covered": null, "indoor": null, "tunnel": null, "bridge": null, "layer": null, "level": null, "highway": null, "footway": null, "length": null, "length_m": null, "effective_len_m": null, "dist_to_route_m": null, "OBJECTID": 947570.0, "source_area_m2": null, "STATION_NA": null, "EXIT_CODE": null, "INC_CRC": "90B167496B8B3DCB", "FMEL_UPD_D": "20130426120342", "BLK_NO": "106", "ST_COD": "ANA06H", "ENTITYID": 9707.0, "POSTAL_COD": "560106", "SHAPE.AREA": 1484.4828874350001, "SHAPE.LEN": 354.15006648399498 }, "geometry": { "type": "Polygon", "coordinates": [ [ [ 103.837876773106359, 1.371870083253794 ], [ 103.837881476253941, 1.371884030350557 ], [ 103.837885730985477, 1.371882577029035 ], [ 103.837889195895158, 1.371892853313585 ], [ 103.837873879760139, 1.371898085090176 ], [ 103.837872435748267, 1.37189380292812 ], [ 103.837860948422332, 1.371897726986583 ], [ 103.837854242348655, 1.371877837315979 ], [ 103.837823317144725, 1.371888480837656 ], [ 103.837829949534921, 1.371908151652333 ], [ 103.837818462208858, 1.371912074806226 ], [ 103.837819906220645, 1.371916356968314 ], [ 103.837804590085312, 1.371921588744459 ], [ 103.837801125175943, 1.371911311555423 ], [ 103.837805379008998, 1.371909858234046 ], [ 103.837800785488085, 1.371896234899336 ], [ 103.83779813200924, 1.371897148312232 ], [ 103.837790041230718, 1.371873337320574 ], [ 103.837769454979409, 1.371880438427309 ], [ 103.837777633818163, 1.371904496310317 ], [ 103.83777482848086, 1.371905460367869 ], [ 103.837779363594208, 1.37191890825607 ], [ 103.837783617427277, 1.371917454934732 ], [ 103.83778708323517, 1.371927732123792 ], [ 103.837771767099696, 1.37193296299536 ], [ 103.83777032308798, 1.371928680833244 ], [ 103.837758835761733, 1.371932604891213 ], [ 103.837752294128208, 1.371913203576724 ], [ 103.837721802932919, 1.371923681597613 ], [ 103.837728325696119, 1.371943025032907 ], [ 103.837716838369701, 1.371946949090673 ], [ 103.837718282381331, 1.371951231252822 ], [ 103.837702966245587, 1.371956462123948 ], [ 103.837699768213639, 1.371946978966103 ], [ 103.83768030966651, 1.371953130487512 ], [ 103.837666485083986, 1.371916801295709 ], [ 103.837640075195878, 1.37192586849985 ], [ 103.837647656480655, 1.371948230701378 ], [ 103.837647014002684, 1.37194845227179 ], [ 103.837651763875044, 1.371962538641015 ], [ 103.83765601860685, 1.371961086224268 ], [ 103.837659483515679, 1.371971362509148 ], [ 103.837644167379651, 1.37197659428426 ], [ 103.837642723368134, 1.371972312122066 ], [ 103.837631236041446, 1.371976235275055 ], [ 103.837624483243502, 1.37195620904489 ], [ 103.837593782680202, 1.371966780214034 ], [ 103.837600490549136, 1.371986673502818 ], [ 103.837589003222291, 1.371990597559967 ], [ 103.837590447233737, 1.371994879722192 ], [ 103.83757513109741, 1.372000110592495 ], [ 103.837571665290312, 1.371989834307494 ], [ 103.837575920022232, 1.371988380986527 ], [ 103.837571252819245, 1.371974537890993 ], [ 103.837567627985365, 1.371975785920142 ], [ 103.837559940669422, 1.371953176827105 ], [ 103.837539354416677, 1.371960241757276 ], [ 103.837547199881854, 1.371983345537354 ], [ 103.837544874381081, 1.371984145903852 ], [ 103.837549505640894, 1.371997882284517 ], [ 103.837553760372842, 1.371996428963589 ], [ 103.837557225281287, 1.372006706152981 ], [ 103.837541909144804, 1.372011937023069 ], [ 103.837540465133443, 1.372007654860814 ], [ 103.837528977806429, 1.372011578917673 ], [ 103.837522343621231, 1.371991902675985 ], [ 103.837492258577896, 1.372002260412766 ], [ 103.837498723830635, 1.372021432019571 ], [ 103.837487236503463, 1.372025356076229 ], [ 103.837488680514738, 1.372029637334151 ], [ 103.837473363479418, 1.372034869108163 ], [ 103.837469898571271, 1.372024592823015 ], [ 103.837474153303305, 1.372023139502229 ], [ 103.8374697287163, 1.372010018088762 ], [ 103.837467573943883, 1.37201075967121 ], [ 103.837459466095268, 1.371986878138058 ], [ 103.837438212203992, 1.371994190864322 ], [ 103.837446022623837, 1.37201718883417 ], [ 103.837442891105127, 1.372018265937429 ], [ 103.837447738921213, 1.372032640799088 ], [ 103.83745199275468, 1.372031187478344 ], [ 103.837455458561308, 1.372041463763517 ], [ 103.837440142424398, 1.372046695537314 ], [ 103.837438698413195, 1.372042413374997 ], [ 103.837427211085839, 1.372046337431365 ], [ 103.837420359446057, 1.372026017282411 ], [ 103.83738994552499, 1.372036480829081 ], [ 103.837396739655688, 1.372056628244645 ], [ 103.83738525232819, 1.372060551396445 ], [ 103.837386696339308, 1.372064833558793 ], [ 103.837371379303534, 1.372070065332148 ], [ 103.83736791439577, 1.372059788142488 ], [ 103.837372169127917, 1.372058334821885 ], [ 103.837367412966984, 1.372044232173562 ], [ 103.837366028269599, 1.372044708775881 ], [ 103.837358429015637, 1.37202231130329 ], [ 103.837331936456749, 1.372031425531089 ], [ 103.83734451471679, 1.372067845163346 ], [ 103.837324613173422, 1.372074754539848 ], [ 103.83732800978926, 1.372084828247724 ], [ 103.837312693651782, 1.372090059116334 ], [ 103.837311249640791, 1.372085776953942 ], [ 103.837299762313009, 1.372089701009694 ], [ 103.837293129028041, 1.372070027480464 ], [ 103.837262752845831, 1.372080481077438 ], [ 103.837269392420609, 1.372100171789661 ], [ 103.837257905092699, 1.372104094940846 ], [ 103.837259349103618, 1.37210837710327 ], [ 103.837244032965842, 1.372113608875803 ], [ 103.837240567160009, 1.372103331685961 ], [ 103.837244821892313, 1.372101878365586 ], [ 103.837240221185581, 1.372088235133805 ], [ 103.837238386304236, 1.372088867287442 ], [ 103.837230681019477, 1.372066187652971 ], [ 103.837209586173827, 1.372073465106724 ], [ 103.837216922143938, 1.372095084826943 ], [ 103.837213437486767, 1.372096306628759 ], [ 103.837218328433238, 1.372110810814901 ], [ 103.837222583165584, 1.372109357494566 ], [ 103.837226048072779, 1.372119634684434 ], [ 103.837210731934874, 1.372124865552389 ], [ 103.837209287924026, 1.372120583389935 ], [ 103.837197800595902, 1.372124507445194 ], [ 103.837190949856407, 1.372104190913042 ], [ 103.837160437989468, 1.372114889591644 ], [ 103.837167233017084, 1.372135041529676 ], [ 103.837155745688804, 1.372138965584731 ], [ 103.837157189699582, 1.372143247747216 ], [ 103.837141873561336, 1.372148478614726 ], [ 103.837138407755887, 1.372138202329102 ], [ 103.837142662488318, 1.37213674900891 ], [ 103.837137950358766, 1.37212277477979 ], [ 103.837134214101724, 1.372124084305226 ], [ 103.837126796362, 1.37210229004258 ], [ 103.837114628814831, 1.372105825221888 ], [ 103.83710082399945, 1.372063706286742 ], [ 103.837088185602383, 1.372068040924674 ], [ 103.837066463444614, 1.372005004960632 ], [ 103.837130847829798, 1.371981926386893 ], [ 103.837129823454291, 1.371979159033865 ], [ 103.837286040860462, 1.371925011777418 ], [ 103.837275442166401, 1.371896031442003 ], [ 103.837298456357487, 1.371888314463426 ], [ 103.837308693827225, 1.371917926949968 ], [ 103.837311270029488, 1.371917195314965 ], [ 103.837313104914699, 1.371918983240055 ], [ 103.83731640177038, 1.371917882623219 ], [ 103.837461900117034, 1.371865800036772 ], [ 103.837615052485276, 1.371813336690291 ], [ 103.837606962596993, 1.371783650043324 ], [ 103.837630266124108, 1.37177496629561 ], [ 103.83764028883887, 1.371804544415287 ], [ 103.837796506223526, 1.371751147747638 ], [ 103.837797607877718, 1.371754413404949 ], [ 103.837862161182997, 1.371732652469825 ], [ 103.837883275027338, 1.371796155984176 ], [ 103.837870015720725, 1.371800626282094 ], [ 103.837884898832982, 1.371842550772448 ], [ 103.837871249545287, 1.371846516435856 ], [ 103.837878987184155, 1.371869320870483 ], [ 103.837876773106359, 1.371870083253794 ] ] ] } },
{ "type": "Feature", "properties": { "name": null, "audit_layer": "hdb_building_point", "len_m": null, "is_covered": null, "is_synthesized": null, "synth_class": null, "covered": null, "indoor": null, "tunnel": null, "bridge": null, "layer": null, "level": null, "highway": null, "footway": null, "length": null, "length_m": null, "effective_len_m": null, "dist_to_route_m": null, "OBJECTID": 947749.0, "source_area_m2": null, "STATION_NA": null, "EXIT_CODE": null, "INC_CRC": "4FBA9A44DA09F1C2", "FMEL_UPD_D": "20230328181025", "BLK_NO": "231", "ST_COD": "ANA05P", "ENTITYID": 11053641.0, "POSTAL_COD": "560231", "SHAPE.AREA": 1269.45449908, "SHAPE.LEN": 285.81770665686599 }, "geometry": { "type": "Polygon", "coordinates": [ [ [ 103.837305708052881, 1.368753016429481 ], [ 103.837325859407215, 1.368767773812343 ], [ 103.837331974161799, 1.368759316187223 ], [ 103.837328497590406, 1.368756770407568 ], [ 103.837329870602161, 1.368754872144615 ], [ 103.837333347173555, 1.368757417924267 ], [ 103.837363564214414, 1.368715621773182 ], [ 103.837360087643063, 1.368713075993572 ], [ 103.837361347435206, 1.36871133328145 ], [ 103.837364824006585, 1.368713879965422 ], [ 103.837371273926706, 1.368704959305112 ], [ 103.837351122572656, 1.368690201922626 ], [ 103.837400742387459, 1.368621568727838 ], [ 103.837420893741239, 1.368636326109914 ], [ 103.8374269159427, 1.368627996000067 ], [ 103.837423530127055, 1.368625516238985 ], [ 103.837424880674462, 1.368623647820036 ], [ 103.837428266490107, 1.368626127581116 ], [ 103.837442937406507, 1.368605835429834 ], [ 103.83743955159089, 1.368603355668774 ], [ 103.837440751178903, 1.368601696158228 ], [ 103.83744413699452, 1.368604175919286 ], [ 103.83745873243096, 1.368583988674292 ], [ 103.837455345716791, 1.368581508913256 ], [ 103.837456536319095, 1.368579862063817 ], [ 103.837459923033279, 1.368582341824851 ], [ 103.837466302864414, 1.368573516122649 ], [ 103.837446152409441, 1.368558758740946 ], [ 103.837496060659078, 1.368489727623327 ], [ 103.83751621111378, 1.368504485004618 ], [ 103.837537869291111, 1.368474528803608 ], [ 103.837534622754077, 1.3684721512356 ], [ 103.83753607663661, 1.368470139926845 ], [ 103.83753932317363, 1.368472517494851 ], [ 103.837553720923609, 1.36845260246326 ], [ 103.837550474386589, 1.368450224895274 ], [ 103.837552173578061, 1.368447875353829 ], [ 103.837555420115066, 1.368450252921812 ], [ 103.837561589680689, 1.368441719329387 ], [ 103.837541438327676, 1.368426961948473 ], [ 103.837591174046878, 1.368358168676919 ], [ 103.837611325399635, 1.36837292605742 ], [ 103.837617370962548, 1.368364564294286 ], [ 103.837614203499825, 1.368362244605556 ], [ 103.837615321317926, 1.368360699044968 ], [ 103.837618488780635, 1.368363018733695 ], [ 103.837633229782114, 1.368342628005373 ], [ 103.837630062319448, 1.36834030922103 ], [ 103.837631260110044, 1.368338652423481 ], [ 103.837634427572723, 1.368340972112187 ], [ 103.83764909578997, 1.368320683577061 ], [ 103.837645928327291, 1.368318363888374 ], [ 103.837647214177494, 1.368316585001476 ], [ 103.837650381640174, 1.368318904690162 ], [ 103.837656764165644, 1.368310076274337 ], [ 103.837636612813142, 1.368295318894211 ], [ 103.83768631078712, 1.368226578978174 ], [ 103.837706840437718, 1.368241613092671 ], [ 103.83771291295696, 1.368233213345936 ], [ 103.837709534330159, 1.368230739011425 ], [ 103.837710889369959, 1.36822886426175 ], [ 103.837714267996773, 1.36823133859626 ], [ 103.837728944299798, 1.368211039208242 ], [ 103.837725784924316, 1.368208725850193 ], [ 103.837727030338868, 1.368207003033913 ], [ 103.837732259123243, 1.368210832102704 ], [ 103.837732658985786, 1.368210279535382 ], [ 103.837800160535906, 1.368259711962321 ], [ 103.837799649251011, 1.368260418271794 ], [ 103.83780494902274, 1.368264303410877 ], [ 103.837803577808771, 1.368266197152285 ], [ 103.837800485825966, 1.368263930821154 ], [ 103.837762505174908, 1.368316417482674 ], [ 103.837812335430357, 1.368352749320794 ], [ 103.837793908505446, 1.36837775141066 ], [ 103.837761560847355, 1.368354201824709 ], [ 103.837682303593226, 1.368463828106135 ], [ 103.837687173848266, 1.368467394910024 ], [ 103.837687761511475, 1.36846658188545 ], [ 103.837706976554685, 1.3684806537587 ], [ 103.837691975866946, 1.36850140261619 ], [ 103.83767275363509, 1.368487326221013 ], [ 103.837673616260005, 1.368486132458574 ], [ 103.837668753193554, 1.36848257108083 ], [ 103.837587235134649, 1.368595324654845 ], [ 103.837591846601327, 1.368598702447249 ], [ 103.837592435163188, 1.368597889422697 ], [ 103.837611649308315, 1.3686119612967 ], [ 103.837596648618941, 1.368632710153573 ], [ 103.837577426386588, 1.368618633757645 ], [ 103.837578289011603, 1.36861743999524 ], [ 103.837573684733457, 1.368614067628984 ], [ 103.837494194733239, 1.368724015858074 ], [ 103.837526359984437, 1.368747807817524 ], [ 103.837508260133106, 1.368772842461656 ], [ 103.837476095780303, 1.368749049597601 ], [ 103.837396769310573, 1.368858771731988 ], [ 103.837401476924597, 1.368862219160638 ], [ 103.837402064588005, 1.368861406136136 ], [ 103.837421286821268, 1.368875482533447 ], [ 103.837405826061854, 1.368896868966698 ], [ 103.837386603828506, 1.368882791664901 ], [ 103.837387466453734, 1.368881597902568 ], [ 103.837382758839652, 1.36887815047389 ], [ 103.837380905992603, 1.368880712541077 ], [ 103.837366319487828, 1.368870031119153 ], [ 103.837327018821568, 1.368924391618573 ], [ 103.837249199868481, 1.368866829864889 ], [ 103.8372504848207, 1.368865052786942 ], [ 103.837253609152313, 1.368867340823464 ], [ 103.837268299840147, 1.368847021542329 ], [ 103.837265175508549, 1.368844733505825 ], [ 103.837266364313976, 1.36884308936958 ], [ 103.837269488645575, 1.368845377406082 ], [ 103.837275871173802, 1.368836548991307 ], [ 103.837255894142018, 1.36882191912311 ], [ 103.837305708052881, 1.368753016429481 ] ] ] } },
{ "type": "Feature", "properties": { "name": null, "audit_layer": "hdb_building_point", "len_m": null, "is_covered": null, "is_synthesized": null, "synth_class": null, "covered": null, "indoor": null, "tunnel": null, "bridge": null, "layer": null, "level": null, "highway": null, "footway": null, "length": null, "length_m": null, "effective_len_m": null, "dist_to_route_m": null, "OBJECTID": 947341.0, "source_area_m2": null, "STATION_NA": null, "EXIT_CODE": null, "INC_CRC": "9D9CDD1E300D3D2A", "FMEL_UPD_D": "20130426120215", "BLK_NO": "223", "ST_COD": "ANA02E", "ENTITYID": 151.0, "POSTAL_COD": "560223", "SHAPE.AREA": 1371.5865226850001, "SHAPE.LEN": 261.49184668196301 }, "geometry": { "type": "Polygon", "coordinates": [ [ [ 103.837874731411773, 1.366064163990112 ], [ 103.838261825652879, 1.365926467425371 ], [ 103.83852677605843, 1.366007884069877 ], [ 103.838509104926288, 1.366066100752114 ], [ 103.838500626024057, 1.366063514288544 ], [ 103.838487531270601, 1.366106681434179 ], [ 103.838471699373528, 1.366101816892667 ], [ 103.838463558395574, 1.366128658442943 ], [ 103.838384078120995, 1.366104232636685 ], [ 103.838391945936678, 1.36607831173012 ], [ 103.838369567960868, 1.366071411477719 ], [ 103.838361906814455, 1.366096694806938 ], [ 103.838280069594063, 1.366071545510716 ], [ 103.838287388388849, 1.36604742971679 ], [ 103.838270939175274, 1.366042358075795 ], [ 103.838251302758849, 1.366047697483217 ], [ 103.838259548075456, 1.366071202799066 ], [ 103.838182134617796, 1.366098876505469 ], [ 103.83817358378694, 1.366074631419968 ], [ 103.838162625746293, 1.366078564522549 ], [ 103.838151648835606, 1.366082461450546 ], [ 103.83816023381209, 1.36610681234668 ], [ 103.838079756234038, 1.366135567675673 ], [ 103.838070919657568, 1.366110513184317 ], [ 103.838048931690068, 1.366118378484265 ], [ 103.838057319877947, 1.366142165057823 ], [ 103.837977577326441, 1.36617066896864 ], [ 103.837968865652655, 1.36614596537002 ], [ 103.837951481948849, 1.366152172055979 ], [ 103.837935428153457, 1.366172252592159 ], [ 103.837955752014054, 1.366186376914724 ], [ 103.8379069239069, 1.366256448059983 ], [ 103.83788629902449, 1.366241867937972 ], [ 103.837872836699646, 1.366261187898391 ], [ 103.837892950295597, 1.366275383666659 ], [ 103.837844592135113, 1.366344744883721 ], [ 103.837823720145579, 1.366330025489545 ], [ 103.837817327742286, 1.366339188520758 ], [ 103.837780664279876, 1.366313314726397 ], [ 103.837772726341811, 1.366324715157676 ], [ 103.837718658476163, 1.366287771071122 ], [ 103.837874731411773, 1.366064163990112 ] ] ] } },
{ "type": "Feature", "properties": { "name": null, "audit_layer": "hdb_building_point", "len_m": null, "is_covered": null, "is_synthesized": null, "synth_class": null, "covered": null, "indoor": null, "tunnel": null, "bridge": null, "layer": null, "level": null, "highway": null, "footway": null, "length": null, "length_m": null, "effective_len_m": null, "dist_to_route_m": null, "OBJECTID": 947525.0, "source_area_m2": null, "STATION_NA": null, "EXIT_CODE": null, "INC_CRC": "EB80D4391B6C5B1F", "FMEL_UPD_D": "20230328181025", "BLK_NO": "233", "ST_COD": "ANA05P", "ENTITYID": 11053639.0, "POSTAL_COD": "560233", "SHAPE.AREA": 1288.7428784000001, "SHAPE.LEN": 280.129562254598 }, "geometry": { "type": "Polygon", "coordinates": [ [ [ 103.836427770460929, 1.36758682188093 ], [ 103.836436086753253, 1.367611242419395 ], [ 103.836457892330429, 1.367603720793024 ], [ 103.836449572443613, 1.367579290306632 ], [ 103.836529801186913, 1.367551615748433 ], [ 103.836537778719844, 1.367576347388323 ], [ 103.836585247429639, 1.367559738673658 ], [ 103.836576687624188, 1.367535724195609 ], [ 103.836657010713978, 1.367507769280067 ], [ 103.83666499903066, 1.367532320951026 ], [ 103.836687370705192, 1.367524795704308 ], [ 103.836678995104791, 1.367500187963379 ], [ 103.836759068390393, 1.367472580320641 ], [ 103.836767443991491, 1.367497187156929 ], [ 103.83678962966134, 1.367489538915974 ], [ 103.836781254060028, 1.367464931175399 ], [ 103.836860830434574, 1.367437494454814 ], [ 103.836869256356749, 1.367462250510784 ], [ 103.836878494544877, 1.367459065325997 ], [ 103.836877160163453, 1.367455146717452 ], [ 103.836880093092745, 1.367454135633802 ], [ 103.836881426575601, 1.36745805514671 ], [ 103.836904739050254, 1.367450017121993 ], [ 103.836903404668803, 1.367446098513464 ], [ 103.836906231566914, 1.367445123604512 ], [ 103.836907565049813, 1.367449043117406 ], [ 103.836916869731965, 1.367445834418898 ], [ 103.836908443809392, 1.367421078363094 ], [ 103.836988355347316, 1.367393526783484 ], [ 103.836996562018683, 1.367417639836326 ], [ 103.837018505971983, 1.367410073890764 ], [ 103.837010299300431, 1.367385960837996 ], [ 103.837090766151618, 1.367358217528865 ], [ 103.837091217235525, 1.36735954242186 ], [ 103.837090770646753, 1.36735969706886 ], [ 103.837098715834131, 1.367383041412109 ], [ 103.837108535395785, 1.367379656361001 ], [ 103.837107258522749, 1.367375905059889 ], [ 103.837109448335312, 1.36737514991223 ], [ 103.837110601205197, 1.367378535850359 ], [ 103.837111596819611, 1.367378192190347 ], [ 103.837112328258499, 1.367380340054409 ], [ 103.83711177833429, 1.367380529971784 ], [ 103.837125360274129, 1.367420433216404 ], [ 103.837135823211284, 1.367416825690542 ], [ 103.837134629905535, 1.367413317663311 ], [ 103.837136605858703, 1.367412635769477 ], [ 103.837138619562197, 1.367418553021903 ], [ 103.837139502855479, 1.367418248249724 ], [ 103.837140231598681, 1.367420389783232 ], [ 103.837139770632803, 1.367420548952085 ], [ 103.837154863075639, 1.367464894431567 ], [ 103.837155229691817, 1.367464767819978 ], [ 103.837155965623623, 1.367466928345118 ], [ 103.837155023923316, 1.367467252109048 ], [ 103.837157898460461, 1.367475697962667 ], [ 103.837155676299332, 1.367476463962793 ], [ 103.83715500057194, 1.367474477979867 ], [ 103.837093338969893, 1.367495730638976 ], [ 103.83709401559581, 1.367497716621919 ], [ 103.837092010888341, 1.367498407559406 ], [ 103.837091574181585, 1.367497124267148 ], [ 103.837042561734549, 1.367514016964678 ], [ 103.837042998441305, 1.367515301161308 ], [ 103.837040989240961, 1.367515993907488 ], [ 103.837040552534219, 1.367514709710858 ], [ 103.836991600290602, 1.367531581606866 ], [ 103.836992037895897, 1.367532865803506 ], [ 103.836990018811278, 1.36753356126275 ], [ 103.83698958210455, 1.367532277970474 ], [ 103.836940545394725, 1.367549178805222 ], [ 103.836941037813006, 1.367550627596091 ], [ 103.836938119260708, 1.367551634157972 ], [ 103.836942417135532, 1.367562916096148 ], [ 103.836943464867062, 1.367562555253206 ], [ 103.836952028268229, 1.367585038641155 ], [ 103.836928608864, 1.367593979222062 ], [ 103.836919801051152, 1.367570856448837 ], [ 103.83692066906886, 1.367570557102947 ], [ 103.836916282235393, 1.367559040030147 ], [ 103.836913568556838, 1.367559975146911 ], [ 103.836913036601615, 1.367558577904862 ], [ 103.836864296418526, 1.367575377448795 ], [ 103.836866116927354, 1.367580157011438 ], [ 103.836863688095164, 1.367580994456378 ], [ 103.836861867586322, 1.367576213989368 ], [ 103.836813131895354, 1.36759301172352 ], [ 103.836814952404112, 1.367597792190567 ], [ 103.836812787751185, 1.36759853738991 ], [ 103.836810967242442, 1.367593757827227 ], [ 103.83676200870562, 1.367610632431624 ], [ 103.836763829214277, 1.367615411994344 ], [ 103.836761647488515, 1.367616164428581 ], [ 103.836759826979872, 1.367611383961495 ], [ 103.836659953719135, 1.367645807825681 ], [ 103.836660475789927, 1.367647178841235 ], [ 103.836658430646622, 1.367647884248243 ], [ 103.836657908575816, 1.367646512328324 ], [ 103.836609027313798, 1.367663360702906 ], [ 103.836609485585996, 1.367664638569036 ], [ 103.836606779994341, 1.367665571876711 ], [ 103.836610282631725, 1.367675339006363 ], [ 103.836611464250154, 1.367674932040804 ], [ 103.836620467951263, 1.367700038990163 ], [ 103.836596663955916, 1.367708243415797 ], [ 103.836587661153573, 1.367683136466348 ], [ 103.836588744827949, 1.367682762962413 ], [ 103.836585242190665, 1.367672994928364 ], [ 103.836581994761772, 1.367674114535796 ], [ 103.836581536489589, 1.367672835765296 ], [ 103.836532413511407, 1.367689767340153 ], [ 103.836532863696419, 1.3676910225972 ], [ 103.83653090481566, 1.367691698159961 ], [ 103.836530454630648, 1.367690441998549 ], [ 103.836481436784339, 1.367707337397641 ], [ 103.836481886969338, 1.367708592654698 ], [ 103.836479852608733, 1.367709294444081 ], [ 103.836479402423734, 1.367708038282659 ], [ 103.836430670321718, 1.367724834200258 ], [ 103.836431120506688, 1.367726090361688 ], [ 103.836429053797559, 1.367726803003442 ], [ 103.836428603612603, 1.36772554684201 ], [ 103.836366752399613, 1.367746865501165 ], [ 103.836367196294546, 1.367748105384058 ], [ 103.836365080164086, 1.36774883520874 ], [ 103.836345222604251, 1.36769225820317 ], [ 103.836346180479012, 1.36769192810899 ], [ 103.836344031991544, 1.36768580827847 ], [ 103.836346228993179, 1.367685050418411 ], [ 103.836347498676503, 1.367688667874015 ], [ 103.836357546477018, 1.367685204146019 ], [ 103.836342850319653, 1.367643331193043 ], [ 103.836343922312665, 1.36764296130669 ], [ 103.836342692166596, 1.36763945689657 ], [ 103.83634482716694, 1.367638720741333 ], [ 103.836346057312994, 1.367642226055817 ], [ 103.836355766353051, 1.367639106891054 ], [ 103.83634744736554, 1.367614529897292 ], [ 103.836427770460929, 1.36758682188093 ] ] ] } },
{ "type": "Feature", "properties": { "name": null, "audit_layer": "hdb_building_point", "len_m": null, "is_covered": null, "is_synthesized": null, "synth_class": null, "covered": null, "indoor": null, "tunnel": null, "bridge": null, "layer": null, "level": null, "highway": null, "footway": null, "length": null, "length_m": null, "effective_len_m": null, "dist_to_route_m": null, "OBJECTID": 947039.0, "source_area_m2": null, "STATION_NA": null, "EXIT_CODE": null, "INC_CRC": "7427E3C125987264", "FMEL_UPD_D": "20130426120234", "BLK_NO": "108", "ST_COD": "ANA06H", "ENTITYID": 3216.0, "POSTAL_COD": "560108", "SHAPE.AREA": 1173.3062476550001, "SHAPE.LEN": 222.05258199883301 }, "geometry": { "type": "Polygon", "coordinates": [ [ [ 103.837858124196401, 1.370931791791173 ], [ 103.837866134815584, 1.370857748759532 ], [ 103.838080997503653, 1.370881312456129 ], [ 103.838079448395646, 1.370895513691447 ], [ 103.838105825945902, 1.370898383186537 ], [ 103.838104647042599, 1.370909263595505 ], [ 103.838115860309586, 1.370910504360781 ], [ 103.838118712320863, 1.370884151180045 ], [ 103.83820009229764, 1.370893080707855 ], [ 103.838197380461565, 1.370918090907447 ], [ 103.838223705895146, 1.370920996575906 ], [ 103.838226557905188, 1.370894608124841 ], [ 103.83831120059385, 1.370903892152932 ], [ 103.838308278497294, 1.370930809657342 ], [ 103.838332024133891, 1.370933432263975 ], [ 103.838334717098959, 1.370908598415311 ], [ 103.838418675077449, 1.370917810996236 ], [ 103.838416000084507, 1.370942574304538 ], [ 103.838465227397293, 1.370947995862705 ], [ 103.838468008419056, 1.370922278449812 ], [ 103.838549563619665, 1.370931207965279 ], [ 103.838546817642026, 1.370956465961135 ], [ 103.8385623656159, 1.370958167036219 ], [ 103.838557119864831, 1.371006669912523 ], [ 103.838568246869613, 1.371007874501281 ], [ 103.83856148705668, 1.3710701888321 ], [ 103.838118106058346, 1.37102153858455 ], [ 103.838114778711486, 1.371052201061981 ], [ 103.838059812224373, 1.371046178105737 ], [ 103.838063210557564, 1.371014773145169 ], [ 103.837836465155121, 1.37098989814135 ], [ 103.837843206121434, 1.370930163059434 ], [ 103.837858124196401, 1.370931791791173 ] ] ] } },
{ "type": "Feature", "properties": { "name": null, "audit_layer": "hdb_building_point", "len_m": null, "is_covered": null, "is_synthesized": null, "synth_class": null, "covered": null, "indoor": null, "tunnel": null, "bridge": null, "layer": null, "level": null, "highway": null, "footway": null, "length": null, "length_m": null, "effective_len_m": null, "dist_to_route_m": null, "OBJECTID": 946648.0, "source_area_m2": null, "STATION_NA": null, "EXIT_CODE": null, "INC_CRC": "F000BBAB93BC2254", "FMEL_UPD_D": "20250522201122", "BLK_NO": "246", "ST_COD": "ANS04R", "ENTITYID": 11051029.0, "POSTAL_COD": "560246", "SHAPE.AREA": 2907.0394319500001, "SHAPE.LEN": 226.279053371983 }, "geometry": { "type": "Polygon", "coordinates": [ [ [ 103.833962105841252, 1.368655376348445 ], [ 103.833626723616447, 1.368770906239007 ], [ 103.833412302337209, 1.368140389797989 ], [ 103.833747684484692, 1.368024859937004 ], [ 103.833962105841252, 1.368655376348445 ] ] ] } },
{ "type": "Feature", "properties": { "name": null, "audit_layer": "hdb_building_point", "len_m": null, "is_covered": null, "is_synthesized": null, "synth_class": null, "covered": null, "indoor": null, "tunnel": null, "bridge": null, "layer": null, "level": null, "highway": null, "footway": null, "length": null, "length_m": null, "effective_len_m": null, "dist_to_route_m": null, "OBJECTID": 948515.0, "source_area_m2": null, "STATION_NA": null, "EXIT_CODE": null, "INC_CRC": "CCD8A6E11372AFDA", "FMEL_UPD_D": "20250905121730", "BLK_NO": "253", "ST_COD": "ANS04R", "ENTITYID": 5206.0, "POSTAL_COD": "560253", "SHAPE.AREA": 1643.136739625, "SHAPE.LEN": 429.36877881060298 }, "geometry": { "type": "Polygon", "coordinates": [ [ [ 103.834752999656871, 1.369375112522539 ], [ 103.834753438159893, 1.369376384058469 ], [ 103.834832486261419, 1.369349136418326 ], [ 103.834863913812171, 1.36944152625423 ], [ 103.834833206978701, 1.369452092866125 ], [ 103.834829925394331, 1.369442557251117 ], [ 103.834806939074426, 1.369450473166076 ], [ 103.83481018471592, 1.369460044051346 ], [ 103.83475482471421, 1.36947912888463 ], [ 103.834780847354011, 1.369555625426735 ], [ 103.834798762145525, 1.369549440468408 ], [ 103.834799078442813, 1.369550359302331 ], [ 103.834831820538867, 1.36953908547673 ], [ 103.834847526677308, 1.369585245124468 ], [ 103.834855387368336, 1.369582523887314 ], [ 103.834875460567332, 1.369641539070416 ], [ 103.834867582803312, 1.369644295577855 ], [ 103.834880707345746, 1.369682861280069 ], [ 103.83483006752833, 1.369700320065011 ], [ 103.834856370527376, 1.369777629629462 ], [ 103.834911853639213, 1.369758474253362 ], [ 103.834915048062925, 1.369767869691824 ], [ 103.83493796429704, 1.369759988141729 ], [ 103.834934823787478, 1.369750593607625 ], [ 103.834965477608648, 1.369740027898843 ], [ 103.834996904271037, 1.369832416828312 ], [ 103.834917856155528, 1.369859664473818 ], [ 103.834918294658735, 1.36986097127992 ], [ 103.834893746633, 1.36988926704593 ], [ 103.834857091246761, 1.369882069234312 ], [ 103.834856670714998, 1.369880763332551 ], [ 103.83476991825539, 1.369910696939985 ], [ 103.834756774843456, 1.369872058888101 ], [ 103.834746616507388, 1.369875557879577 ], [ 103.834734403117935, 1.369839640154782 ], [ 103.834777937046013, 1.369824620446693 ], [ 103.834779374761126, 1.369828859201233 ], [ 103.834790517929861, 1.369825006602579 ], [ 103.834782920504054, 1.369802685992245 ], [ 103.83482604917603, 1.369787807364349 ], [ 103.834800817275607, 1.369713676639382 ], [ 103.834569496562139, 1.369793439892122 ], [ 103.834546772583053, 1.369726761124886 ], [ 103.83446798774699, 1.369753938214936 ], [ 103.834490675781339, 1.369820616982927 ], [ 103.834377059663538, 1.369859774200332 ], [ 103.834345632125959, 1.369767384358317 ], [ 103.834376181715797, 1.369756853023006 ], [ 103.83437939321027, 1.369766318098232 ], [ 103.83440244962307, 1.369758366917176 ], [ 103.834399238128512, 1.369748901841981 ], [ 103.834440122173575, 1.369734800070993 ], [ 103.83442036438305, 1.369676703718231 ], [ 103.834406397008365, 1.369681510420756 ], [ 103.834403168441028, 1.369671974805154 ], [ 103.834379988924979, 1.36967999652669 ], [ 103.834383217492189, 1.369689461601909 ], [ 103.834352632859009, 1.369700029111902 ], [ 103.834321188251607, 1.369607603094874 ], [ 103.834402782014791, 1.369579471904065 ], [ 103.834402342613359, 1.369578201272436 ], [ 103.834426891540261, 1.369549869336843 ], [ 103.83446354602161, 1.369557103329681 ], [ 103.834463985423071, 1.369558373961299 ], [ 103.834545578284349, 1.36953024276559 ], [ 103.834577040870784, 1.369622739320114 ], [ 103.834546158812586, 1.369633376468802 ], [ 103.834542929346227, 1.369623946664008 ], [ 103.8345201883333, 1.369631792035651 ], [ 103.834523398929576, 1.369641187474643 ], [ 103.834506449201015, 1.369647053189827 ], [ 103.834524768380192, 1.369700876421347 ], [ 103.834767951110123, 1.369616978412254 ], [ 103.834724591426209, 1.369489553509647 ], [ 103.83469307767561, 1.369500404090591 ], [ 103.834690112388415, 1.369490797934798 ], [ 103.834667055080544, 1.369498749118654 ], [ 103.834670301620108, 1.369508283829538 ], [ 103.834636962873176, 1.369519770178857 ], [ 103.834605535330084, 1.369427380340012 ], [ 103.834692233860181, 1.369397482008699 ], [ 103.834691796255768, 1.369396210472757 ], [ 103.834716343380279, 1.369367879438507 ], [ 103.834752999656871, 1.369375112522539 ] ] ] } },
{ "type": "Feature", "properties": { "name": null, "audit_layer": "hdb_building_point", "len_m": null, "is_covered": null, "is_synthesized": null, "synth_class": null, "covered": null, "indoor": null, "tunnel": null, "bridge": null, "layer": null, "level": null, "highway": null, "footway": null, "length": null, "length_m": null, "effective_len_m": null, "dist_to_route_m": null, "OBJECTID": 948516.0, "source_area_m2": null, "STATION_NA": null, "EXIT_CODE": null, "INC_CRC": "469D92FA8E593C8B", "FMEL_UPD_D": "20250905121730", "BLK_NO": "245", "ST_COD": "ANA05P", "ENTITYID": 5349.0, "POSTAL_COD": "560245", "SHAPE.AREA": 804.37230625500001, "SHAPE.LEN": 193.62037744642501 }, "geometry": { "type": "Polygon", "coordinates": [ [ [ 103.835016506778146, 1.367533923408678 ], [ 103.835023111277138, 1.367552631988368 ], [ 103.835044113536597, 1.36754446737246 ], [ 103.835057548077131, 1.367583380350059 ], [ 103.835032066448633, 1.367592098440231 ], [ 103.835047921742131, 1.367640235027674 ], [ 103.834470853283761, 1.367838494636992 ], [ 103.834441665905473, 1.367751631363846 ], [ 103.834462577413746, 1.367744780794443 ], [ 103.834456194865652, 1.367726860818794 ], [ 103.834519542213172, 1.367705102687362 ], [ 103.834525737859465, 1.367723541768048 ], [ 103.834538492153882, 1.367719160116589 ], [ 103.834532296507504, 1.367700721035936 ], [ 103.834595642955108, 1.36767896290248 ], [ 103.834601837703332, 1.367697396556786 ], [ 103.834614591098898, 1.36769301490492 ], [ 103.834608398147708, 1.36767458215501 ], [ 103.834671744593919, 1.367652823115165 ], [ 103.834677936646955, 1.367671251343092 ], [ 103.834690690940818, 1.367666869690819 ], [ 103.834684498887682, 1.367648442367287 ], [ 103.834747846231096, 1.367626683325417 ], [ 103.83475403648751, 1.367645106126966 ], [ 103.834766790781089, 1.367640724474285 ], [ 103.834760600524604, 1.367622302577133 ], [ 103.834825758483859, 1.367599921329465 ], [ 103.834835928509406, 1.367624983971029 ], [ 103.834885593335429, 1.367607718720304 ], [ 103.834877109025712, 1.367582408282039 ], [ 103.834940079864936, 1.367560506345738 ], [ 103.834946310558351, 1.367579048522858 ], [ 103.834959063952653, 1.367574666869147 ], [ 103.834952817983435, 1.367556075856399 ], [ 103.835016506778146, 1.367533923408678 ] ] ] } },
{ "type": "Feature", "properties": { "name": null, "audit_layer": "hdb_building_point", "len_m": null, "is_covered": null, "is_synthesized": null, "synth_class": null, "covered": null, "indoor": null, "tunnel": null, "bridge": null, "layer": null, "level": null, "highway": null, "footway": null, "length": null, "length_m": null, "effective_len_m": null, "dist_to_route_m": null, "OBJECTID": 948518.0, "source_area_m2": null, "STATION_NA": null, "EXIT_CODE": null, "INC_CRC": "0972C03BACA09924", "FMEL_UPD_D": "20250905121730", "BLK_NO": "254", "ST_COD": "ANA06H", "ENTITYID": 5897.0, "POSTAL_COD": "560254", "SHAPE.AREA": 1431.8519191800001, "SHAPE.LEN": 290.49537866851801 }, "geometry": { "type": "Polygon", "coordinates": [ [ [ 103.83478137514571, 1.370106914138999 ], [ 103.834779670552393, 1.370098373323728 ], [ 103.834779098158052, 1.370090067642483 ], [ 103.834779230242901, 1.370081743873523 ], [ 103.834780129706957, 1.370073468939768 ], [ 103.834781884610166, 1.370065334181956 ], [ 103.834784631535314, 1.370057484298288 ], [ 103.834788472919527, 1.370050119153204 ], [ 103.834793533664296, 1.370043545326116 ], [ 103.834799851509814, 1.370038193294393 ], [ 103.83480725662659, 1.370034524283914 ], [ 103.834815341063774, 1.370032853013697 ], [ 103.834823591737731, 1.370033183101511 ], [ 103.834831593508781, 1.370035253186339 ], [ 103.834839114545488, 1.370038701522615 ], [ 103.834846064990671, 1.370043207965443 ], [ 103.834852405307089, 1.370048550945603 ], [ 103.834858155263134, 1.370054533311675 ], [ 103.834863328337306, 1.370061028452652 ], [ 103.834867934413822, 1.370067943219013 ], [ 103.83487250185226, 1.370075517266952 ], [ 103.835056778837981, 1.370011488149302 ], [ 103.835064635954424, 1.370034583798721 ], [ 103.835065486001824, 1.370034290784074 ], [ 103.835092549204305, 1.370113841359831 ], [ 103.835091699156848, 1.370114134374487 ], [ 103.835093736220472, 1.370120121264546 ], [ 103.835056874173574, 1.370133385602478 ], [ 103.835063322329745, 1.370153544782067 ], [ 103.835064596502392, 1.370153105260097 ], [ 103.835065469914738, 1.370155670940938 ], [ 103.835063769819797, 1.370156256970229 ], [ 103.835069881010597, 1.370174220353559 ], [ 103.835051927576615, 1.370180409835748 ], [ 103.835044080357761, 1.37017654277972 ], [ 103.835039563234503, 1.37016326490654 ], [ 103.835008115072142, 1.370174107352274 ], [ 103.835012632195259, 1.370187385225513 ], [ 103.835008788116156, 1.370195283041515 ], [ 103.834990833783294, 1.370201473427607 ], [ 103.83498472259302, 1.370183510044078 ], [ 103.834983023396603, 1.370184096073312 ], [ 103.834982149984327, 1.370181530392443 ], [ 103.834983425055569, 1.370181090870518 ], [ 103.834976967015692, 1.370160917220896 ], [ 103.834903860235983, 1.370186104719925 ], [ 103.83491032815958, 1.3702062919352 ], [ 103.834911602332269, 1.370205852413314 ], [ 103.834912475744474, 1.370208418998573 ], [ 103.834910775649476, 1.370209005027756 ], [ 103.834916886839252, 1.370226967507107 ], [ 103.834898933404489, 1.370233157892504 ], [ 103.834891086185706, 1.37022928993161 ], [ 103.834886569063201, 1.370216012058144 ], [ 103.834855120899462, 1.370226854501855 ], [ 103.83485963802184, 1.370240133279742 ], [ 103.834855793942168, 1.37024803019113 ], [ 103.834837839608497, 1.370254220576067 ], [ 103.834831728419232, 1.370236257192152 ], [ 103.834830029222758, 1.370236843221277 ], [ 103.834829155810624, 1.370234277540353 ], [ 103.834830430881894, 1.370233838018509 ], [ 103.834823952176023, 1.3702136363332 ], [ 103.834750845393103, 1.370238823827524 ], [ 103.834757333982736, 1.370259039078487 ], [ 103.834758608155468, 1.370258599556683 ], [ 103.834759481567517, 1.370261166141996 ], [ 103.834757781472447, 1.37026175217107 ], [ 103.834763892661229, 1.370279715555171 ], [ 103.83474593922567, 1.370285905035049 ], [ 103.834738092006958, 1.370282037978016 ], [ 103.834733574885206, 1.370268760104265 ], [ 103.834702126720089, 1.370279602545951 ], [ 103.834706643841713, 1.37029288041976 ], [ 103.83470279976143, 1.370300778235262 ], [ 103.834684845426992, 1.370306967714679 ], [ 103.834678734238736, 1.370289005234742 ], [ 103.834677035042176, 1.370289591263758 ], [ 103.834676161630199, 1.370287024678414 ], [ 103.834677436701526, 1.370286585156653 ], [ 103.834670938228228, 1.370266355435653 ], [ 103.834597831442096, 1.37029154292527 ], [ 103.834604339799156, 1.37031178711629 ], [ 103.834605613971945, 1.370311347594567 ], [ 103.834606487383866, 1.370313913275572 ], [ 103.834604787288711, 1.370314499304536 ], [ 103.834610898476484, 1.370332462689023 ], [ 103.834592945040143, 1.370338652167744 ], [ 103.834585097821517, 1.370334785110209 ], [ 103.834580580700475, 1.370321507236173 ], [ 103.834549132534008, 1.370332349675834 ], [ 103.834553649654879, 1.370345627549929 ], [ 103.834549805574028, 1.37035352536518 ], [ 103.834531851238822, 1.370359715747805 ], [ 103.834525740051532, 1.370341752363119 ], [ 103.834524040854916, 1.370342338392025 ], [ 103.834523167443066, 1.370339772710991 ], [ 103.834524442514464, 1.370339333189311 ], [ 103.834517924273726, 1.370319074528255 ], [ 103.834444817484396, 1.370344262013164 ], [ 103.834451345608883, 1.370364534239877 ], [ 103.834452619781729, 1.370364094718237 ], [ 103.834453493193507, 1.370366661303661 ], [ 103.834451793098296, 1.370367247332516 ], [ 103.834457904285046, 1.370385209813024 ], [ 103.834439950847909, 1.370391400194954 ], [ 103.834432103629354, 1.370387533136916 ], [ 103.834427586509065, 1.370374254358231 ], [ 103.834396138341205, 1.370385096795867 ], [ 103.834400655461337, 1.370398375574611 ], [ 103.834396811379918, 1.370406273389613 ], [ 103.834378857043887, 1.370412462866717 ], [ 103.834372745857664, 1.370394499481645 ], [ 103.834371046660934, 1.370395086414806 ], [ 103.834370173249241, 1.370392519829353 ], [ 103.834371448320695, 1.370392080307755 ], [ 103.83436491031253, 1.370371792706639 ], [ 103.834327506419541, 1.370384679913586 ], [ 103.834325469357623, 1.370378691214154 ], [ 103.834324619309967, 1.370378984228536 ], [ 103.83429754804267, 1.370299417365651 ], [ 103.834298398090283, 1.370299125255643 ], [ 103.834290539183201, 1.370276025081919 ], [ 103.834322332401157, 1.370265071408717 ], [ 103.834320688013634, 1.370256615603346 ], [ 103.834320115620812, 1.370248309922 ], [ 103.834320247707254, 1.370239986153076 ], [ 103.834321147172957, 1.370231711219504 ], [ 103.83432290207783, 1.37022357646204 ], [ 103.83432564900464, 1.37021572657891 ], [ 103.834329491289097, 1.370208361434575 ], [ 103.834334551136863, 1.37020178760847 ], [ 103.834340868983844, 1.37019643557797 ], [ 103.834348274101757, 1.370192766568923 ], [ 103.834356358539807, 1.370191095300266 ], [ 103.834364610112843, 1.370191425389669 ], [ 103.83437261098544, 1.370193495476037 ], [ 103.834380132021977, 1.370196943813758 ], [ 103.834387082466762, 1.37020145025792 ], [ 103.834393422782568, 1.370206793239297 ], [ 103.834399172737861, 1.370212775606469 ], [ 103.834404345811137, 1.370219270748437 ], [ 103.834408951886644, 1.370226185515677 ], [ 103.834413459119702, 1.370233674554272 ], [ 103.83478137514571, 1.370106914138999 ] ] ] } },
{ "type": "Feature", "properties": { "name": null, "audit_layer": "hdb_building_point", "len_m": null, "is_covered": null, "is_synthesized": null, "synth_class": null, "covered": null, "indoor": null, "tunnel": null, "bridge": null, "layer": null, "level": null, "highway": null, "footway": null, "length": null, "length_m": null, "effective_len_m": null, "dist_to_route_m": null, "OBJECTID": 948519.0, "source_area_m2": null, "STATION_NA": null, "EXIT_CODE": null, "INC_CRC": "CC1B1D1929C399DB", "FMEL_UPD_D": "20250905121730", "BLK_NO": "256", "ST_COD": "ANA06H", "ENTITYID": 6027.0, "POSTAL_COD": "560256", "SHAPE.AREA": 1262.6920679899999, "SHAPE.LEN": 276.04746432596801 }, "geometry": { "type": "Polygon", "coordinates": [ [ [ 103.83576877164262, 1.37064568925926 ], [ 103.835760883098459, 1.370653350137137 ], [ 103.835751585593599, 1.370659184200574 ], [ 103.835741208903045, 1.370662710327424 ], [ 103.835730291270153, 1.370663509796468 ], [ 103.835719550652797, 1.370661386359932 ], [ 103.835709744546236, 1.370656488332802 ], [ 103.83570146421043, 1.370649272418464 ], [ 103.83569504930567, 1.370640330975199 ], [ 103.835690625632424, 1.370630235561123 ], [ 103.835664465539807, 1.370625062623205 ], [ 103.8356652149441, 1.370621304988886 ], [ 103.83559732342556, 1.370607887905969 ], [ 103.835599054064275, 1.370599014282001 ], [ 103.835598171667726, 1.370598840644899 ], [ 103.835607863603869, 1.370549148531514 ], [ 103.835608745101823, 1.370549323072977 ], [ 103.835609957267735, 1.370543111897936 ], [ 103.835622300934773, 1.370545550956563 ], [ 103.835630088808372, 1.370505620552952 ], [ 103.835630970306298, 1.370505794190042 ], [ 103.835631663100855, 1.370502245463934 ], [ 103.835644006767694, 1.37050468452245 ], [ 103.835648333363892, 1.370482501366785 ], [ 103.835647010667714, 1.370482240006794 ], [ 103.835647530038955, 1.370479577557844 ], [ 103.835649293933386, 1.370479925736377 ], [ 103.835652896285197, 1.370461477605888 ], [ 103.83567151736726, 1.37046515925466 ], [ 103.835676388525556, 1.37047246108708 ], [ 103.835673739552618, 1.370486047354287 ], [ 103.835706362164828, 1.37049249453495 ], [ 103.835709005746168, 1.370478910980805 ], [ 103.83571625900322, 1.37047400751042 ], [ 103.835734879186901, 1.370477689158696 ], [ 103.835731293009971, 1.37049613095874 ], [ 103.83573305600585, 1.370496479137211 ], [ 103.83573253663468, 1.370499141586179 ], [ 103.835731213938487, 1.370498880226235 ], [ 103.835726887343014, 1.370521063382045 ], [ 103.83577626290986, 1.370530821422474 ], [ 103.835780589504893, 1.370508637362212 ], [ 103.835779267707252, 1.370508376002293 ], [ 103.835779786179785, 1.37050571445768 ], [ 103.835781550074259, 1.370506062636115 ], [ 103.835785126366559, 1.370487626262194 ], [ 103.835803747449006, 1.370491308814294 ], [ 103.835808618607771, 1.370498610646441 ], [ 103.835805995694088, 1.370512184252665 ], [ 103.835838618306994, 1.370518631431512 ], [ 103.835841235829079, 1.370505060538352 ], [ 103.835848489085947, 1.370500156163201 ], [ 103.83586710927004, 1.370503838714806 ], [ 103.835863549152606, 1.370522267853915 ], [ 103.835865312148528, 1.370522616032288 ], [ 103.8358647927775, 1.370525278481284 ], [ 103.835863470979845, 1.370525017121412 ], [ 103.835859143486971, 1.370547200277458 ], [ 103.835882067825651, 1.370551731118067 ], [ 103.835886395318312, 1.370529547057617 ], [ 103.835885072622077, 1.370529285697758 ], [ 103.835885591993105, 1.370526624153122 ], [ 103.835887354989012, 1.370526972331479 ], [ 103.835890910613415, 1.370508545001069 ], [ 103.835909531696203, 1.37051222755234 ], [ 103.835914402855323, 1.370519529384269 ], [ 103.835911800609338, 1.370533093042576 ], [ 103.835944424121351, 1.37053954021997 ], [ 103.835947020077199, 1.370525979274728 ], [ 103.835954273333911, 1.370521074899256 ], [ 103.835972893518303, 1.370524757450031 ], [ 103.83596935406878, 1.370543176641264 ], [ 103.83597111706473, 1.370543525723923 ], [ 103.835970598592382, 1.370546187268576 ], [ 103.835969275896147, 1.370545925908765 ], [ 103.835964949302777, 1.37056810996936 ], [ 103.835987873641841, 1.370572639904584 ], [ 103.835992200235012, 1.370550456748313 ], [ 103.835990877538748, 1.370550195388513 ], [ 103.835991396909648, 1.37054753293949 ], [ 103.835993159905598, 1.370547882022133 ], [ 103.835996694862104, 1.3705294646396 ], [ 103.836015315945204, 1.370533146285678 ], [ 103.83602018710468, 1.370540448117388 ], [ 103.836017605526365, 1.370554002732142 ], [ 103.836050229038975, 1.370560449908083 ], [ 103.836052803428558, 1.370546898910761 ], [ 103.836060056685128, 1.370541994534968 ], [ 103.836078677768413, 1.370545677084913 ], [ 103.836075158986773, 1.370564086328268 ], [ 103.836076921982752, 1.370564435410849 ], [ 103.836076403510518, 1.370567096955523 ], [ 103.836075080814268, 1.370566835595771 ], [ 103.836070754221822, 1.370589019656552 ], [ 103.836093678561298, 1.370593549590756 ], [ 103.836098005153531, 1.370571366434298 ], [ 103.836096682457239, 1.370571105074557 ], [ 103.836097201828011, 1.370568442625512 ], [ 103.836098964824004, 1.370568790803713 ], [ 103.836102479112625, 1.370550383369058 ], [ 103.836121100196024, 1.370554065918671 ], [ 103.836125971355884, 1.370561367750163 ], [ 103.836123410445254, 1.370574912416997 ], [ 103.836156033958417, 1.370581359591485 ], [ 103.836158587680316, 1.370567817637719 ], [ 103.836165840936729, 1.370562913261605 ], [ 103.836184462020341, 1.370566595810722 ], [ 103.836180963906585, 1.37058499601056 ], [ 103.836182727801173, 1.370585344188697 ], [ 103.836182208430486, 1.37058800663776 ], [ 103.836180885734208, 1.370587745278066 ], [ 103.8361765591427, 1.37060992843467 ], [ 103.83622593471317, 1.370619686465755 ], [ 103.836230261304209, 1.370597503309064 ], [ 103.836228938607903, 1.370597241045032 ], [ 103.836229457978547, 1.370594579500324 ], [ 103.836231221873135, 1.370594927678425 ], [ 103.83623470920368, 1.370576532000349 ], [ 103.836253330287505, 1.370580214548927 ], [ 103.836258201447819, 1.370587516380145 ], [ 103.836255666596429, 1.370601049290349 ], [ 103.836288290110289, 1.370607496463021 ], [ 103.836290817772934, 1.370593966265886 ], [ 103.836298071029162, 1.370589062793734 ], [ 103.836316692113186, 1.370592744437451 ], [ 103.836313220058926, 1.370611132880709 ], [ 103.836314983953557, 1.370611481058748 ], [ 103.836314464583012, 1.370614143507839 ], [ 103.836313141886706, 1.370613882148219 ], [ 103.836308815296377, 1.370636065305056 ], [ 103.836321158964566, 1.370638505264418 ], [ 103.836320467069584, 1.370642053990721 ], [ 103.836321348567594, 1.370642228531921 ], [ 103.836313560705008, 1.370682158937727 ], [ 103.836325727355359, 1.370684857545471 ], [ 103.836324515191222, 1.370691069625231 ], [ 103.836325396689276, 1.370691244166428 ], [ 103.836315699375959, 1.370740940804476 ], [ 103.836314817877877, 1.370740767167638 ], [ 103.836313085444544, 1.370749641696479 ], [ 103.836311322448381, 1.370749292614074 ], [ 103.83624714202017, 1.370736306926838 ], [ 103.836246277599756, 1.370740117918969 ], [ 103.836218354508631, 1.370734595904695 ], [ 103.836210465965635, 1.37074225587969 ], [ 103.836201167562933, 1.370748089944878 ], [ 103.836190791771202, 1.370751616073683 ], [ 103.836179873239516, 1.370752416449155 ], [ 103.836169133519945, 1.370750292110286 ], [ 103.836159327412119, 1.370745394085015 ], [ 103.836151047074651, 1.370738179076614 ], [ 103.836144632168001, 1.370729237634571 ], [ 103.836140208492708, 1.370719142221341 ], [ 103.83576877164262, 1.37064568925926 ] ] ] } },
{ "type": "Feature", "properties": { "name": null, "audit_layer": "hdb_building_point", "len_m": null, "is_covered": null, "is_synthesized": null, "synth_class": null, "covered": null, "indoor": null, "tunnel": null, "bridge": null, "layer": null, "level": null, "highway": null, "footway": null, "length": null, "length_m": null, "effective_len_m": null, "dist_to_route_m": null, "OBJECTID": 948936.0, "source_area_m2": null, "STATION_NA": null, "EXIT_CODE": null, "INC_CRC": "92BCF35B5C37C732", "FMEL_UPD_D": "20130426120342", "BLK_NO": "105", "ST_COD": "ANA06H", "ENTITYID": 9706.0, "POSTAL_COD": "560105", "SHAPE.AREA": 1366.285104135, "SHAPE.LEN": 283.876719144714 }, "geometry": { "type": "Polygon", "coordinates": [ [ [ 103.837197636589096, 1.372393519640249 ], [ 103.837234965916949, 1.372380967003259 ], [ 103.837228653417597, 1.372358778436349 ], [ 103.837309234550645, 1.37233110023457 ], [ 103.837317535592746, 1.372355578648258 ], [ 103.837328871961844, 1.372351692575979 ], [ 103.837317825769532, 1.372318261865062 ], [ 103.837341991932277, 1.372310173190435 ], [ 103.837352536722065, 1.372343579484253 ], [ 103.83739052739601, 1.372330554765555 ], [ 103.837381609933431, 1.372306133328117 ], [ 103.837462367183406, 1.37227873185631 ], [ 103.837470064384178, 1.372301572466835 ], [ 103.837541896130105, 1.372277348039512 ], [ 103.837534587110795, 1.372254104082068 ], [ 103.837615597753512, 1.372226228717731 ], [ 103.837622771086743, 1.372248074528019 ], [ 103.837659343812888, 1.372235390752909 ], [ 103.837649620321358, 1.372206410417663 ], [ 103.837673876338727, 1.372198177945579 ], [ 103.837683535133081, 1.372227000921464 ], [ 103.837695161739234, 1.372222969244259 ], [ 103.837687781734843, 1.372201565668692 ], [ 103.837768098676591, 1.372173460591905 ], [ 103.837776525517739, 1.372195209632418 ], [ 103.837847911565788, 1.372170852255133 ], [ 103.837841068006554, 1.372149086028947 ], [ 103.837921245667744, 1.372121797588181 ], [ 103.837929247485832, 1.372143491462759 ], [ 103.837967162673266, 1.372130362733099 ], [ 103.838003299825928, 1.37223997975075 ], [ 103.837953173060299, 1.372256668986858 ], [ 103.837941224765842, 1.372260661778282 ], [ 103.837953292651591, 1.372299046591753 ], [ 103.837923545469138, 1.372309417898778 ], [ 103.837910544867995, 1.372271648054656 ], [ 103.837806201939998, 1.372307417668721 ], [ 103.837815216456846, 1.372334135285239 ], [ 103.837792861814378, 1.372341785344605 ], [ 103.837793163735896, 1.372342630924627 ], [ 103.837770393953932, 1.37235059479896 ], [ 103.837761705617083, 1.37232289413771 ], [ 103.837653030674801, 1.372360017586422 ], [ 103.837662038000786, 1.372386279403938 ], [ 103.837639565645048, 1.372394254128848 ], [ 103.837639783999009, 1.372394884470345 ], [ 103.837617108566164, 1.372402931544551 ], [ 103.837607575574751, 1.372375724667156 ], [ 103.837480951675559, 1.372418686715904 ], [ 103.837493604524042, 1.372456669992925 ], [ 103.837464246418108, 1.372466510431697 ], [ 103.837451351854867, 1.372428815647142 ], [ 103.837349790888837, 1.372463866266755 ], [ 103.837323886888512, 1.372472507510941 ], [ 103.837334141429992, 1.372499755084637 ], [ 103.837311215293525, 1.372507686397721 ], [ 103.837302314898395, 1.372479893490013 ], [ 103.837235625665869, 1.372502865357135 ], [ 103.837197636589096, 1.372393519640249 ] ] ] } },
{ "type": "Feature", "properties": { "name": null, "audit_layer": "hdb_building_point", "len_m": null, "is_covered": null, "is_synthesized": null, "synth_class": null, "covered": null, "indoor": null, "tunnel": null, "bridge": null, "layer": null, "level": null, "highway": null, "footway": null, "length": null, "length_m": null, "effective_len_m": null, "dist_to_route_m": null, "OBJECTID": 948462.0, "source_area_m2": null, "STATION_NA": null, "EXIT_CODE": null, "INC_CRC": "BFF21F3C4BE208F9", "FMEL_UPD_D": "20130426120345", "BLK_NO": "114", "ST_COD": "ANA06H", "ENTITYID": 10652.0, "POSTAL_COD": "560114", "SHAPE.AREA": 1366.6436316649999, "SHAPE.LEN": 388.83585327505199 }, "geometry": { "type": "Polygon", "coordinates": [ [ [ 103.835831061749758, 1.372658716342093 ], [ 103.835895681590756, 1.372636288039526 ], [ 103.835894566460283, 1.372633146279272 ], [ 103.835948553508587, 1.37261437975761 ], [ 103.835938720410283, 1.372585285465631 ], [ 103.835961346429428, 1.372577575735357 ], [ 103.835971069902328, 1.372606715245578 ], [ 103.836175638584365, 1.37253710790095 ], [ 103.836382744818437, 1.3724662742175 ], [ 103.83637265831824, 1.372437078638817 ], [ 103.836395189984415, 1.372429207023326 ], [ 103.836405236048975, 1.37245826966042 ], [ 103.836459074825996, 1.372440208531469 ], [ 103.836460042591426, 1.372443353909114 ], [ 103.836524561781971, 1.372421867032766 ], [ 103.836527374321179, 1.372430126587831 ], [ 103.836611513805536, 1.3724012465048 ], [ 103.836644882388015, 1.372500506767272 ], [ 103.836603882392524, 1.372514027069812 ], [ 103.836575163041019, 1.372430694463892 ], [ 103.836532603128177, 1.372445481781672 ], [ 103.836545896644594, 1.372484518647276 ], [ 103.836533954636622, 1.372488482491964 ], [ 103.836548179076857, 1.372530227927262 ], [ 103.836535257626522, 1.372534686460532 ], [ 103.836541682440512, 1.372556219365023 ], [ 103.836542536082931, 1.372555929967306 ], [ 103.836543686258864, 1.372559357506318 ], [ 103.83654045140338, 1.372560460835088 ], [ 103.836544297304187, 1.372571937212419 ], [ 103.83654855653063, 1.372570499267479 ], [ 103.836552012450156, 1.372580969992262 ], [ 103.836536823006298, 1.372586120367273 ], [ 103.836535230732267, 1.372581965719986 ], [ 103.83652591255121, 1.372585149999098 ], [ 103.83652675541731, 1.372589776725545 ], [ 103.836524903462148, 1.372590125812639 ], [ 103.836516803708108, 1.372566297633849 ], [ 103.836486186698991, 1.372576658071683 ], [ 103.836494273872702, 1.372600442841108 ], [ 103.836492997901914, 1.372600885981295 ], [ 103.836491425395636, 1.372596065721853 ], [ 103.836481289515191, 1.37259978267243 ], [ 103.836482826077827, 1.372604033182438 ], [ 103.836467639330152, 1.372609780437419 ], [ 103.836463979435692, 1.372599666032305 ], [ 103.836468197327591, 1.372597946830277 ], [ 103.836464072870086, 1.372586560889619 ], [ 103.836460864971741, 1.372587736567387 ], [ 103.836459633924548, 1.372584345203013 ], [ 103.83646047858123, 1.372584028674408 ], [ 103.836452799358398, 1.372559517699824 ], [ 103.836443315840356, 1.372562827685463 ], [ 103.836444283605772, 1.372565974871839 ], [ 103.836441854768566, 1.37256693169241 ], [ 103.836440746825772, 1.372563612677005 ], [ 103.836417649957099, 1.372571483389291 ], [ 103.836418738131272, 1.372574789743632 ], [ 103.836416271553944, 1.372575665171442 ], [ 103.836415118682496, 1.372572262954572 ], [ 103.836405715137161, 1.372575545809029 ], [ 103.836414310003633, 1.372599909371202 ], [ 103.836415172631831, 1.372599638060804 ], [ 103.836416250921914, 1.372603083687255 ], [ 103.836412998094787, 1.372604123710377 ], [ 103.836416628338029, 1.372615681480975 ], [ 103.836420919913508, 1.372614477766566 ], [ 103.836424126029357, 1.372624678991305 ], [ 103.836408968933441, 1.372629782338515 ], [ 103.836407374862432, 1.372625601464582 ], [ 103.83639719405295, 1.372629152916197 ], [ 103.836398699165585, 1.372633502002005 ], [ 103.836397336931768, 1.372633840235997 ], [ 103.836389976703643, 1.372610427159024 ], [ 103.836359174587315, 1.372620480111609 ], [ 103.836366758560089, 1.372644392397464 ], [ 103.83636543766066, 1.372644819259083 ], [ 103.836363886720974, 1.372640512678433 ], [ 103.836353593589592, 1.372643780159625 ], [ 103.836355076237766, 1.372648039713427 ], [ 103.836339824792091, 1.372653573537705 ], [ 103.836336216116365, 1.372643210432159 ], [ 103.836340447487089, 1.37264157352749 ], [ 103.836336457815761, 1.372630133324586 ], [ 103.836333240931552, 1.372631272827622 ], [ 103.836332054813028, 1.372627854332199 ], [ 103.836332899469781, 1.372627555890925 ], [ 103.83632567492576, 1.372603481723301 ], [ 103.836315916444505, 1.372606782665136 ], [ 103.83631706662014, 1.372610210204256 ], [ 103.836314937006819, 1.372610933698341 ], [ 103.836313786831198, 1.372607506159219 ], [ 103.836304037335609, 1.372610807100993 ], [ 103.836312025664924, 1.372634718482157 ], [ 103.836312879307414, 1.372634429084522 ], [ 103.836314020497355, 1.372637865667297 ], [ 103.836310785641629, 1.372638959952112 ], [ 103.836314622555761, 1.372650445373464 ], [ 103.836318877289784, 1.372649145796674 ], [ 103.836322314338034, 1.372659290046309 ], [ 103.83630691552645, 1.372664765086884 ], [ 103.83630538076126, 1.372660548038238 ], [ 103.836295203545745, 1.372664084115219 ], [ 103.836296644859445, 1.372668270415603 ], [ 103.836295348221341, 1.372668646632753 ], [ 103.836287358095532, 1.372645222703882 ], [ 103.836256454440047, 1.372655481850312 ], [ 103.836264707847434, 1.372679261194118 ], [ 103.836263430079498, 1.372679774874596 ], [ 103.83626184499424, 1.372675444780452 ], [ 103.836251721692776, 1.372678882281475 ], [ 103.836253043496498, 1.372683147261722 ], [ 103.836237847761453, 1.372688389879984 ], [ 103.83623422111485, 1.372678157002761 ], [ 103.836238450688541, 1.372676509245905 ], [ 103.836234614673444, 1.372665149531064 ], [ 103.836231527183003, 1.372665940853563 ], [ 103.836230582781013, 1.372663098437831 ], [ 103.836231432829095, 1.372662690568511 ], [ 103.836221413727401, 1.372637368381297 ], [ 103.836211754089035, 1.372640949675505 ], [ 103.836212994121652, 1.372644341039996 ], [ 103.83621089146547, 1.37264511879581 ], [ 103.836209651432881, 1.372641727431318 ], [ 103.836199991794473, 1.372645299681836 ], [ 103.836208645065454, 1.372668984971473 ], [ 103.83620980422323, 1.372669518544987 ], [ 103.836211044255833, 1.372672909909478 ], [ 103.836207836357275, 1.372674094630546 ], [ 103.836211996756575, 1.372685471527958 ], [ 103.83621621105469, 1.372683916016314 ], [ 103.836219931152613, 1.372694099153415 ], [ 103.836204750693724, 1.372699831032514 ], [ 103.836203197058637, 1.372695573287434 ], [ 103.836193279529596, 1.372698801879814 ], [ 103.836194505186327, 1.37270326220289 ], [ 103.836193202258201, 1.372703637515628 ], [ 103.836185275931186, 1.372679642932491 ], [ 103.83615410539943, 1.372690226744681 ], [ 103.836162422604701, 1.372714158926321 ], [ 103.836161125068102, 1.372714629197283 ], [ 103.836159653203111, 1.372710394965549 ], [ 103.836149285489626, 1.372713588288075 ], [ 103.836150777123223, 1.372717856885633 ], [ 103.836135521183763, 1.372723376238776 ], [ 103.836131919697479, 1.372713108995529 ], [ 103.836136166344218, 1.372711499222133 ], [ 103.836132149716619, 1.372700077106209 ], [ 103.836128932832224, 1.372701216608968 ], [ 103.83612743221299, 1.372696957055048 ], [ 103.836128285855494, 1.372696658613837 ], [ 103.836120741422008, 1.372672692065324 ], [ 103.836110970360025, 1.372675849212412 ], [ 103.836112125028464, 1.372679467572485 ], [ 103.836109964863596, 1.372680187448965 ], [ 103.836108750889693, 1.372676795180026 ], [ 103.836099073279399, 1.372680199218401 ], [ 103.836107142478184, 1.372703983989152 ], [ 103.836107996120703, 1.372703685547948 ], [ 103.836109451811353, 1.372707963189218 ], [ 103.83610622594118, 1.37270907556103 ], [ 103.836110134740153, 1.372720542895337 ], [ 103.836114384981371, 1.372719077820259 ], [ 103.836117873247673, 1.372729442735006 ], [ 103.836102566987819, 1.372734720622738 ], [ 103.8361010843402, 1.372730622045619 ], [ 103.836090959241318, 1.372734234992627 ], [ 103.836092738417392, 1.372738259411536 ], [ 103.836090947565197, 1.372738853580937 ], [ 103.836082849611955, 1.372714888841682 ], [ 103.836052701653273, 1.372725161550051 ], [ 103.836060625283281, 1.372749049418644 ], [ 103.836058935071208, 1.372749773816359 ], [ 103.836057739067641, 1.372745385842322 ], [ 103.836047447732639, 1.372748754610982 ], [ 103.836048781217443, 1.372752991556035 ], [ 103.836033482145979, 1.372758392436854 ], [ 103.836029928284319, 1.372748062792265 ], [ 103.836034169539872, 1.372746570586412 ], [ 103.836030188855545, 1.372735130382992 ], [ 103.836026962985315, 1.372736269885623 ], [ 103.836025480337668, 1.372732001287976 ], [ 103.836026324994506, 1.372731702846812 ], [ 103.836019037554152, 1.372708442606181 ], [ 103.836008784857071, 1.372711164754182 ], [ 103.836009728361077, 1.372714755079249 ], [ 103.836007718257449, 1.372715361005569 ], [ 103.836006799014882, 1.372711752593189 ], [ 103.836004237188732, 1.372712688613083 ], [ 103.83598325465482, 1.372719679372337 ], [ 103.835984591732952, 1.372723155747077 ], [ 103.835982114372442, 1.372724001330428 ], [ 103.835981513224411, 1.372720624434935 ], [ 103.83597145731494, 1.372723821373794 ], [ 103.835978871454273, 1.372747827714945 ], [ 103.835979661298225, 1.372747503047295 ], [ 103.835981665117046, 1.372751584440987 ], [ 103.835978614468317, 1.372752816188512 ], [ 103.835982546629509, 1.372764187660388 ], [ 103.835986786986709, 1.372762809404519 ], [ 103.835990273455408, 1.37277319059801 ], [ 103.835974973484994, 1.372778502850754 ], [ 103.83597353396874, 1.372774153764608 ], [ 103.835963293852259, 1.372777697979514 ], [ 103.83596502899826, 1.372781829113551 ], [ 103.83596350681897, 1.372782514623347 ], [ 103.83595540078052, 1.372759304123471 ], [ 103.835935325802268, 1.372765418552327 ], [ 103.835924811621084, 1.372768594691111 ], [ 103.835932688524778, 1.372792945594679 ], [ 103.835931405365258, 1.37279345204007 ], [ 103.835930106026154, 1.372789021560961 ], [ 103.83591982906799, 1.37279245544328 ], [ 103.835921221858371, 1.372796747554559 ], [ 103.835906015339049, 1.372802014588544 ], [ 103.835902269183435, 1.372791544767515 ], [ 103.835906392726571, 1.372790314827655 ], [ 103.83590186391163, 1.372776487102959 ], [ 103.835899517742376, 1.372777272093675 ], [ 103.835891044185999, 1.372751382867023 ], [ 103.835881807773433, 1.372754574378434 ], [ 103.835882347818583, 1.372758077885014 ], [ 103.835879765324677, 1.372758511078266 ], [ 103.835879059044302, 1.372755473319459 ], [ 103.835877939424094, 1.372755309630727 ], [ 103.83586418225164, 1.372713906040669 ], [ 103.83585469783344, 1.372717079464955 ], [ 103.835855839022756, 1.372720507004306 ], [ 103.835854904508793, 1.372720823532791 ], [ 103.835857819483834, 1.372729669116566 ], [ 103.835857861716661, 1.372729654646693 ], [ 103.835860842288582, 1.372739594511154 ], [ 103.835824939879487, 1.372752205908734 ], [ 103.835820981661854, 1.37274215752154 ], [ 103.835820995140423, 1.372742152999705 ], [ 103.835803906056157, 1.37269100579219 ], [ 103.835803891679006, 1.37269101121839 ], [ 103.835796744420634, 1.372670284101226 ], [ 103.835831093199872, 1.372658811300308 ], [ 103.835831061749758, 1.372658716342093 ] ] ] } },
{ "type": "Feature", "properties": { "name": null, "audit_layer": "hdb_building_point", "len_m": null, "is_covered": null, "is_synthesized": null, "synth_class": null, "covered": null, "indoor": null, "tunnel": null, "bridge": null, "layer": null, "level": null, "highway": null, "footway": null, "length": null, "length_m": null, "effective_len_m": null, "dist_to_route_m": null, "OBJECTID": 949014.0, "source_area_m2": null, "STATION_NA": null, "EXIT_CODE": null, "INC_CRC": "FE45232EEF57FE97", "FMEL_UPD_D": "20220622150459", "BLK_NO": "113", "ST_COD": "ANA06H", "ENTITYID": 1672.0, "POSTAL_COD": "560113", "SHAPE.AREA": 1060.80813646, "SHAPE.LEN": 230.22553600280099 }, "geometry": { "type": "Polygon", "coordinates": [ [ [ 103.836229650773063, 1.371758565054822 ], [ 103.836242607314617, 1.371795941509976 ], [ 103.836213259994807, 1.371806080373543 ], [ 103.836200393310435, 1.371768428087021 ], [ 103.836073156593329, 1.371812223885588 ], [ 103.836082347210237, 1.371839992379924 ], [ 103.836059665486957, 1.371847672267426 ], [ 103.836050138803856, 1.371819172142693 ], [ 103.836024349823333, 1.371828221240914 ], [ 103.835920230630862, 1.371864346187269 ], [ 103.835929465276379, 1.371892266615337 ], [ 103.83590639267355, 1.371899847926097 ], [ 103.835897321568353, 1.371872047778213 ], [ 103.835770098318619, 1.3719156672095 ], [ 103.835782712498499, 1.371953248958163 ], [ 103.835752764929339, 1.371963443887243 ], [ 103.835740272056796, 1.371925670413076 ], [ 103.835677350532094, 1.371947260364168 ], [ 103.835671592471499, 1.37193009915344 ], [ 103.835670816106287, 1.371930372272214 ], [ 103.835639954591841, 1.371837986970255 ], [ 103.835668562390907, 1.371828302105352 ], [ 103.835669501400417, 1.371831092068206 ], [ 103.835679208660963, 1.371827855338923 ], [ 103.835670891462854, 1.371803205090167 ], [ 103.835751217401338, 1.371775700579257 ], [ 103.835759104182699, 1.371798459802484 ], [ 103.835759619065598, 1.371800117501668 ], [ 103.835768955215997, 1.371796861780747 ], [ 103.835768074613739, 1.37179430243076 ], [ 103.835770455826292, 1.371793470413191 ], [ 103.835771273528408, 1.371795866977673 ], [ 103.835794285925971, 1.371787854286523 ], [ 103.83579340532367, 1.371785285892903 ], [ 103.835795867407583, 1.371784426744296 ], [ 103.835796748009869, 1.371786995137916 ], [ 103.835819850264329, 1.371778946271854 ], [ 103.835818879804634, 1.371776133699984 ], [ 103.835821090288718, 1.371775364988042 ], [ 103.835821970891033, 1.371777924338009 ], [ 103.835831989955025, 1.371774433481414 ], [ 103.835824304452188, 1.371750888365662 ], [ 103.835905006888567, 1.371723490564142 ], [ 103.835912789438751, 1.371747918339061 ], [ 103.835922110312637, 1.37174431443731 ], [ 103.835921353713459, 1.371742140346423 ], [ 103.835923866117099, 1.371741131977525 ], [ 103.835925148380042, 1.371743017575634 ], [ 103.835947980165201, 1.371736289080458 ], [ 103.835947060923743, 1.371733302870643 ], [ 103.83594920850777, 1.371732534158651 ], [ 103.835950134039237, 1.371735554734301 ], [ 103.835973308179277, 1.371728328838155 ], [ 103.835972490476664, 1.371725651920818 ], [ 103.835975150246128, 1.371724828946377 ], [ 103.835976021863175, 1.371727677692865 ], [ 103.835985636570328, 1.371724684236421 ], [ 103.835978061589174, 1.371700058405731 ], [ 103.836057503325094, 1.371671038170928 ], [ 103.836066211404571, 1.371695247088139 ], [ 103.836075664368167, 1.371691783362095 ], [ 103.836074622022423, 1.371688889397625 ], [ 103.836077326720172, 1.37168790363745 ], [ 103.836078216308337, 1.371690363507243 ], [ 103.836101013046388, 1.371682007154948 ], [ 103.83610005157233, 1.371679366412392 ], [ 103.836102585541639, 1.371678443957884 ], [ 103.83610351107275, 1.371680994264054 ], [ 103.83612638868199, 1.37167260173685 ], [ 103.836125409236388, 1.37166987960154 ], [ 103.8361278533486, 1.37166898427804 ], [ 103.836128715979555, 1.371671362755063 ], [ 103.836138339671365, 1.371667826679427 ], [ 103.8361303639293, 1.371645899472674 ], [ 103.836210662001804, 1.371618590288946 ], [ 103.836218761750175, 1.371642902303868 ], [ 103.836228295584974, 1.371639655624545 ], [ 103.836227379039229, 1.371636915401915 ], [ 103.836229670394431, 1.371636137645851 ], [ 103.836230568968659, 1.371638787432075 ], [ 103.836253635277615, 1.371630937521978 ], [ 103.836252745689094, 1.371628287735752 ], [ 103.836256586180596, 1.371627405071506 ], [ 103.836287349772022, 1.371720037257151 ], [ 103.836286803441041, 1.37172022355687 ], [ 103.836292636985164, 1.371737126117855 ], [ 103.836229650773063, 1.371758565054822 ] ] ] } }
]
}
