{
  "features": [
    {
      "geometry": {
        "coordinates": [
          [
            103.890393,
            1.376554
          ],
          [
            103.890549,
            1.376345
          ]
        ],
        "type": "LineString"
      },
      "properties": {
        "alternate_snap_reachable_count": 9,
        "alternate_snap_search_m": 50.0,
        "best_alternate_snap": {
          "component": 0,
          "graph_node": [
            34337.99,
            39791.71
          ],
          "route_m": 301.7,
          "route_plus_snap_m": 340.4,
          "snap_m": 38.7
        },
        "bus_candidate_count": 5,
        "current_graph_route_m": 347.9,
        "current_graph_route_state": "implausible_detour",
        "current_graph_route_uses_direct_fallback": true,
        "current_route_vs_validation_direct_sanity": "plausible",
        "diagnostic_class": "alternate_bus_snap_candidate",
        "direct_bus_fallback_reason": "implausible_graph_route_to_datamall_bus_stop_within_direct_radius",
        "endpoint_source": "postal_universe_to_transit_poi",
        "new_best_name": "Blk 535",
        "new_best_routing_type": "direct_bus_fallback_unrouted",
        "new_best_shortest_m": 28.9,
        "new_best_type": "bus_stop",
        "new_bus_routing_type": "direct_bus_fallback_unrouted",
        "new_bus_shortest_m": 28.9,
        "new_bus_state": "SCORED_PARTIAL",
        "new_state": "SCORED_PARTIAL",
        "new_total": 55.0,
        "old_abs_pct_delta": 709.07,
        "old_direction": "project_longer_than_onemap",
        "old_onemap_walk_m": 43.0,
        "old_project_shortest_m": 347.9,
        "old_validation_best_node": "Blk 535",
        "origin_component": 0,
        "origin_component_reaches_target": true,
        "origin_snap_m": 31.0,
        "postal": "530535",
        "priority_rank": 1,
        "queue": "missing_bus_connector_priority",
        "same_validation_and_current_stop_name": true,
        "source_artifact": "qa\\onemap_outlier_replay_bus_longer_profile_100_20260802.json",
        "source_flags": {
          "best_bridge_underpass_m": 0.0,
          "best_direct_bus_fallback_m": 28.9,
          "best_inferred_hdb_m": 0.0,
          "best_official_lta_shelter_m": 0.0,
          "best_osm_shelter_m": 0.0,
          "best_top_source_layer_m": {
            "direct_bus_fallback": 28.9
          },
          "bus_direct_bus_fallback_m": 28.9,
          "bus_top_source_layer_m": {
            "direct_bus_fallback": 28.9
          }
        },
        "target_bus_stop_code": "64361",
        "target_bus_stop_name": "Blk 535",
        "target_component": 0,
        "target_direct_m": 28.9,
        "target_match_method": "matched_target_name",
        "target_snap_m": 13.6,
        "validation_area": "HOUGANG",
        "validation_best_node_type": "bus_stop",
        "validation_direct_distance_m": 29.0,
        "validation_distance_sanity": "plausible",
        "validation_onemap_vs_direct_delta_m": 14.0
      },
      "type": "Feature"
    },
    {
      "geometry": {
        "coordinates": [
          [
            103.829376,
            1.431591
          ],
          [
            103.829557,
            1.431407
          ]
        ],
        "type": "LineString"
      },
      "properties": {
        "alternate_snap_reachable_count": 14,
        "alternate_snap_search_m": 50.0,
        "best_alternate_snap": {
          "component": 0,
          "graph_node": [
            27541.91,
            45925.15
          ],
          "route_m": 4.0,
          "route_plus_snap_m": 49.1,
          "snap_m": 45.1
        },
        "bus_candidate_count": 5,
        "current_graph_route_m": 322.4,
        "current_graph_route_state": "implausible_detour",
        "current_graph_route_uses_direct_fallback": true,
        "current_route_vs_validation_direct_sanity": "plausible",
        "diagnostic_class": "alternate_bus_snap_candidate",
        "direct_bus_fallback_reason": "implausible_graph_route_to_datamall_bus_stop_within_direct_radius",
        "endpoint_source": "postal_universe_to_transit_poi",
        "new_best_name": "Aft Chong Pang CC",
        "new_best_routing_type": "direct_bus_fallback_unrouted",
        "new_best_shortest_m": 28.6,
        "new_best_type": "bus_stop",
        "new_bus_routing_type": "direct_bus_fallback_unrouted",
        "new_bus_shortest_m": 28.6,
        "new_bus_state": "SCORED_PARTIAL",
        "new_state": "SCORED_PARTIAL",
        "new_total": 55.0,
        "old_abs_pct_delta": 667.619,
        "old_direction": "project_longer_than_onemap",
        "old_onemap_walk_m": 42.0,
        "old_project_shortest_m": 322.4,
        "old_validation_best_node": "Aft Chong Pang CC",
        "origin_component": 0,
        "origin_component_reaches_target": true,
        "origin_snap_m": 18.9,
        "postal": "760103",
        "priority_rank": 2,
        "queue": "missing_bus_connector_priority",
        "same_validation_and_current_stop_name": true,
        "source_artifact": "qa\\onemap_outlier_replay_bus_longer_profile_100_20260802.json",
        "source_flags": {
          "best_bridge_underpass_m": 0.0,
          "best_direct_bus_fallback_m": 28.6,
          "best_inferred_hdb_m": 0.0,
          "best_official_lta_shelter_m": 0.0,
          "best_osm_shelter_m": 0.0,
          "best_top_source_layer_m": {
            "direct_bus_fallback": 28.6
          },
          "bus_direct_bus_fallback_m": 28.6,
          "bus_top_source_layer_m": {
            "direct_bus_fallback": 28.6
          }
        },
        "target_bus_stop_code": "59139",
        "target_bus_stop_name": "Aft Chong Pang CC",
        "target_component": 0,
        "target_direct_m": 28.6,
        "target_match_method": "matched_target_name",
        "target_snap_m": 15.3,
        "validation_area": "YISHUN",
        "validation_best_node_type": "bus_stop",
        "validation_direct_distance_m": 28.7,
        "validation_distance_sanity": "plausible",
        "validation_onemap_vs_direct_delta_m": 13.3
      },
      "type": "Feature"
    },
    {
      "geometry": {
        "coordinates": [
          [
            103.767609,
            1.359711
          ],
          [
            103.767436,
            1.359409
          ]
        ],
        "type": "LineString"
      },
      "properties": {
        "alternate_snap_reachable_count": 23,
        "alternate_snap_search_m": 50.0,
        "best_alternate_snap": {
          "component": 0,
          "graph_node": [
            20678.94,
            37967.89
          ],
          "route_m": 5.7,
          "route_plus_snap_m": 33.6,
          "snap_m": 28.0
        },
        "bus_candidate_count": 3,
        "current_graph_route_m": 220.6,
        "current_graph_route_state": "implausible_detour",
        "current_graph_route_uses_direct_fallback": true,
        "current_route_vs_validation_direct_sanity": "plausible",
        "diagnostic_class": "changed_stop_between_validation_and_replay",
        "direct_bus_fallback_reason": "implausible_graph_route_to_datamall_bus_stop_within_direct_radius",
        "endpoint_source": "postal_universe_to_transit_poi",
        "new_best_name": "Bef Hillview Stn Exit B",
        "new_best_routing_type": "sheltered",
        "new_best_shortest_m": 370.5,
        "new_best_type": "bus_stop",
        "new_bus_routing_type": "sheltered",
        "new_bus_shortest_m": 370.5,
        "new_bus_state": "SCORED",
        "new_state": "SCORED",
        "new_total": 97.3,
        "old_abs_pct_delta": 401.364,
        "old_direction": "project_longer_than_onemap",
        "old_onemap_walk_m": 44.0,
        "old_project_shortest_m": 220.6,
        "old_validation_best_node": "The Rail Mall",
        "origin_component": 0,
        "origin_component_reaches_target": true,
        "origin_snap_m": 9.3,
        "postal": "678069",
        "priority_rank": 3,
        "queue": "missing_bus_connector_priority",
        "same_validation_and_current_stop_name": false,
        "source_artifact": "qa\\onemap_outlier_replay_bus_longer_profile_100_20260802.json",
        "source_flags": {
          "best_bridge_underpass_m": 0.0,
          "best_direct_bus_fallback_m": 0.0,
          "best_inferred_hdb_m": 0.0,
          "best_official_lta_shelter_m": 0.0,
          "best_osm_shelter_m": 352.3,
          "best_top_source_layer_m": {
            "osm_explicit_shelter": 2.0,
            "osm_native_covered": 350.2,
            "unknown": 18.2
          },
          "bus_direct_bus_fallback_m": 0.0,
          "bus_top_source_layer_m": {
            "osm_explicit_shelter": 2.0,
            "osm_native_covered": 350.2,
            "unknown": 18.2
          }
        },
        "target_bus_stop_code": "43059",
        "target_bus_stop_name": "The Rail Mall",
        "target_component": 0,
        "target_direct_m": 38.5,
        "target_match_method": "matched_target_name",
        "target_snap_m": 5.7,
        "validation_area": "BUKIT_PANJANG",
        "validation_best_node_type": "bus_stop",
        "validation_direct_distance_m": 38.7,
        "validation_distance_sanity": "plausible",
        "validation_onemap_vs_direct_delta_m": 5.3
      },
      "type": "Feature"
    },
    {
      "geometry": {
        "coordinates": [
          [
            103.909024,
            1.320963
          ],
          [
            103.91,
            1.32027
          ]
        ],
        "type": "LineString"
      },
      "properties": {
        "alternate_snap_reachable_count": 10,
        "alternate_snap_search_m": 50.0,
        "best_alternate_snap": {
          "component": 0,
          "graph_node": [
            36504.82,
            33634.29
          ],
          "route_m": 792.2,
          "route_plus_snap_m": 827.5,
          "snap_m": 35.2
        },
        "bus_candidate_count": 3,
        "current_graph_route_m": 860.6,
        "current_graph_route_state": "implausible_detour",
        "current_graph_route_uses_direct_fallback": true,
        "current_route_vs_validation_direct_sanity": "plausible",
        "diagnostic_class": "alternate_bus_snap_candidate",
        "direct_bus_fallback_reason": "implausible_graph_route_to_datamall_bus_stop_within_direct_radius",
        "endpoint_source": "postal_universe_to_transit_poi",
        "new_best_name": "Opp Hong San Si Tp",
        "new_best_routing_type": "direct_bus_fallback_unrouted",
        "new_best_shortest_m": 133.0,
        "new_best_type": "bus_stop",
        "new_bus_routing_type": "direct_bus_fallback_unrouted",
        "new_bus_shortest_m": 133.0,
        "new_bus_state": "SCORED_PARTIAL",
        "new_state": "SCORED_PARTIAL",
        "new_total": 55.0,
        "old_abs_pct_delta": 388.977,
        "old_direction": "project_longer_than_onemap",
        "old_onemap_walk_m": 176.0,
        "old_project_shortest_m": 860.6,
        "old_validation_best_node": "Opp Hong San Si Tp",
        "origin_component": 0,
        "origin_component_reaches_target": true,
        "origin_snap_m": 21.7,
        "postal": "417092",
        "priority_rank": 4,
        "queue": "missing_bus_connector_priority",
        "same_validation_and_current_stop_name": true,
        "source_artifact": "qa\\onemap_outlier_replay_bus_longer_profile_100_20260802.json",
        "source_flags": {
          "best_bridge_underpass_m": 0.0,
          "best_direct_bus_fallback_m": 133.0,
          "best_inferred_hdb_m": 0.0,
          "best_official_lta_shelter_m": 0.0,
          "best_osm_shelter_m": 0.0,
          "best_top_source_layer_m": {
            "direct_bus_fallback": 133.0
          },
          "bus_direct_bus_fallback_m": 133.0,
          "bus_top_source_layer_m": {
            "direct_bus_fallback": 133.0
          }
        },
        "target_bus_stop_code": "83031",
        "target_bus_stop_name": "Opp Hong San Si Tp",
        "target_component": 0,
        "target_direct_m": 133.0,
        "target_match_method": "matched_target_name",
        "target_snap_m": 12.1,
        "validation_area": "BEDOK",
        "validation_best_node_type": "bus_stop",
        "validation_direct_distance_m": 133.1,
        "validation_distance_sanity": "plausible",
        "validation_onemap_vs_direct_delta_m": 42.9
      },
      "type": "Feature"
    },
    {
      "geometry": {
        "coordinates": [
          [
            103.859754,
            1.361073
          ],
          [
            103.859839,
            1.360656
          ]
        ],
        "type": "LineString"
      },
      "properties": {
        "alternate_snap_reachable_count": 23,
        "alternate_snap_search_m": 50.0,
        "best_alternate_snap": {
          "component": 0,
          "graph_node": [
            30958.42,
            38086.18
          ],
          "route_m": 39.1,
          "route_plus_snap_m": 48.4,
          "snap_m": 9.3
        },
        "bus_candidate_count": 2,
        "current_graph_route_m": 221.9,
        "current_graph_route_state": "implausible_detour",
        "current_graph_route_uses_direct_fallback": true,
        "current_route_vs_validation_direct_sanity": "plausible",
        "diagnostic_class": "changed_stop_between_validation_and_replay",
        "direct_bus_fallback_reason": "implausible_graph_route_to_datamall_bus_stop_within_direct_radius",
        "endpoint_source": "postal_universe_to_transit_poi",
        "new_best_name": "Opp Brockhampton Dr",
        "new_best_routing_type": "sheltered",
        "new_best_shortest_m": 321.2,
        "new_best_type": "bus_stop",
        "new_bus_routing_type": "sheltered",
        "new_bus_shortest_m": 321.2,
        "new_bus_state": "SCORED",
        "new_state": "SCORED",
        "new_total": 57.3,
        "old_abs_pct_delta": 372.128,
        "old_direction": "project_longer_than_onemap",
        "old_onemap_walk_m": 47.0,
        "old_project_shortest_m": 221.9,
        "old_validation_best_node": "Aft Corfe Pl",
        "origin_component": 0,
        "origin_component_reaches_target": true,
        "origin_snap_m": 14.6,
        "postal": "559038",
        "priority_rank": 5,
        "queue": "missing_bus_connector_priority",
        "same_validation_and_current_stop_name": false,
        "source_artifact": "qa\\onemap_outlier_replay_bus_longer_profile_100_20260802.json",
        "source_flags": {
          "best_bridge_underpass_m": 0.0,
          "best_direct_bus_fallback_m": 0.0,
          "best_inferred_hdb_m": 0.0,
          "best_official_lta_shelter_m": 0.0,
          "best_osm_shelter_m": 0.0,
          "best_top_source_layer_m": {
            "unknown": 321.2
          },
          "bus_direct_bus_fallback_m": 0.0,
          "bus_top_source_layer_m": {
            "unknown": 321.2
          }
        },
        "target_bus_stop_code": "66191",
        "target_bus_stop_name": "Aft Corfe Pl",
        "target_component": 0,
        "target_direct_m": 47.1,
        "target_match_method": "matched_target_name",
        "target_snap_m": 5.6,
        "validation_area": "SERANGOON",
        "validation_best_node_type": "bus_stop",
        "validation_direct_distance_m": 47.3,
        "validation_distance_sanity": "plausible",
        "validation_onemap_vs_direct_delta_m": -0.3
      },
      "type": "Feature"
    },
    {
      "geometry": {
        "coordinates": [
          [
            103.880887,
            1.347235
          ],
          [
            103.880912,
            1.346768
          ]
        ],
        "type": "LineString"
      },
      "properties": {
        "alternate_snap_reachable_count": 15,
        "alternate_snap_search_m": 50.0,
        "best_alternate_snap": {
          "component": 0,
          "graph_node": [
            33316.46,
            36548.72
          ],
          "route_m": 285.9,
          "route_plus_snap_m": 306.2,
          "snap_m": 20.3
        },
        "bus_candidate_count": 4,
        "current_graph_route_m": 457.4,
        "current_graph_route_state": "implausible_detour",
        "current_graph_route_uses_direct_fallback": true,
        "current_route_vs_validation_direct_sanity": "plausible",
        "diagnostic_class": "alternate_bus_snap_candidate",
        "direct_bus_fallback_reason": "implausible_graph_route_to_datamall_bus_stop_within_direct_radius",
        "endpoint_source": "postal_universe_to_transit_poi",
        "new_best_name": "Raya Gdn",
        "new_best_routing_type": "direct_bus_fallback_unrouted",
        "new_best_shortest_m": 51.7,
        "new_best_type": "bus_stop",
        "new_bus_routing_type": "direct_bus_fallback_unrouted",
        "new_bus_shortest_m": 51.7,
        "new_bus_state": "SCORED_PARTIAL",
        "new_state": "SCORED_PARTIAL",
        "new_total": 55.0,
        "old_abs_pct_delta": 371.546,
        "old_direction": "project_longer_than_onemap",
        "old_onemap_walk_m": 97.0,
        "old_project_shortest_m": 457.4,
        "old_validation_best_node": "Raya Gdn",
        "origin_component": 0,
        "origin_component_reaches_target": true,
        "origin_snap_m": 24.6,
        "postal": "534317",
        "priority_rank": 6,
        "queue": "missing_bus_connector_priority",
        "same_validation_and_current_stop_name": true,
        "source_artifact": "qa\\onemap_outlier_replay_bus_longer_profile_100_20260802.json",
        "source_flags": {
          "best_bridge_underpass_m": 0.0,
          "best_direct_bus_fallback_m": 51.7,
          "best_inferred_hdb_m": 0.0,
          "best_official_lta_shelter_m": 0.0,
          "best_osm_shelter_m": 0.0,
          "best_top_source_layer_m": {
            "direct_bus_fallback": 51.7
          },
          "bus_direct_bus_fallback_m": 51.7,
          "bus_top_source_layer_m": {
            "direct_bus_fallback": 51.7
          }
        },
        "target_bus_stop_code": "62039",
        "target_bus_stop_name": "Raya Gdn",
        "target_component": 0,
        "target_direct_m": 51.7,
        "target_match_method": "matched_target_name",
        "target_snap_m": 11.1,
        "validation_area": "HOUGANG",
        "validation_best_node_type": "bus_stop",
        "validation_direct_distance_m": 52.0,
        "validation_distance_sanity": "plausible",
        "validation_onemap_vs_direct_delta_m": 45.0
      },
      "type": "Feature"
    },
    {
      "geometry": {
        "coordinates": [
          [
            103.925246,
            1.318445
          ],
          [
            103.925105,
            1.318831
          ]
        ],
        "type": "LineString"
      },
      "properties": {
        "alternate_snap_reachable_count": 23,
        "alternate_snap_search_m": 50.0,
        "best_alternate_snap": {
          "component": 0,
          "graph_node": [
            38200.03,
            33414.9
          ],
          "route_m": 59.3,
          "route_plus_snap_m": 102.4,
          "snap_m": 43.1
        },
        "bus_candidate_count": 5,
        "current_graph_route_m": 919.6,
        "current_graph_route_state": "implausible_detour",
        "current_graph_route_uses_direct_fallback": true,
        "current_route_vs_validation_direct_sanity": "plausible",
        "diagnostic_class": "alternate_bus_snap_candidate",
        "direct_bus_fallback_reason": "implausible_graph_route_to_datamall_bus_stop_within_direct_radius",
        "endpoint_source": "postal_universe_to_transit_poi",
        "new_best_name": "Aft Carmen St",
        "new_best_routing_type": "direct_bus_fallback_unrouted",
        "new_best_shortest_m": 45.5,
        "new_best_type": "bus_stop",
        "new_bus_routing_type": "direct_bus_fallback_unrouted",
        "new_bus_shortest_m": 45.5,
        "new_bus_state": "SCORED_PARTIAL",
        "new_state": "SCORED_PARTIAL",
        "new_total": 49.6,
        "old_abs_pct_delta": 366.802,
        "old_direction": "project_longer_than_onemap",
        "old_onemap_walk_m": 197.0,
        "old_project_shortest_m": 919.6,
        "old_validation_best_node": "Aft Carmen St",
        "origin_component": 0,
        "origin_component_reaches_target": true,
        "origin_snap_m": 16.1,
        "postal": "455383",
        "priority_rank": 7,
        "queue": "missing_bus_connector_priority",
        "same_validation_and_current_stop_name": true,
        "source_artifact": "qa\\onemap_outlier_replay_bus_longer_profile_100_20260802.json",
        "source_flags": {
          "best_bridge_underpass_m": 0.0,
          "best_direct_bus_fallback_m": 45.5,
          "best_inferred_hdb_m": 0.0,
          "best_official_lta_shelter_m": 0.0,
          "best_osm_shelter_m": 0.0,
          "best_top_source_layer_m": {
            "direct_bus_fallback": 45.5
          },
          "bus_direct_bus_fallback_m": 45.5,
          "bus_top_source_layer_m": {
            "direct_bus_fallback": 45.5
          }
        },
        "target_bus_stop_code": "83279",
        "target_bus_stop_name": "Aft Carmen St",
        "target_component": 0,
        "target_direct_m": 45.5,
        "target_match_method": "matched_target_name",
        "target_snap_m": 9.6,
        "validation_area": "BEDOK",
        "validation_best_node_type": "bus_stop",
        "validation_direct_distance_m": 45.7,
        "validation_distance_sanity": "plausible",
        "validation_onemap_vs_direct_delta_m": 151.3
      },
      "type": "Feature"
    },
    {
      "geometry": {
        "coordinates": [
          [
            103.88359,
            1.302364
          ],
          [
            103.884367,
            1.303159
          ]
        ],
        "type": "LineString"
      },
      "properties": {
        "alternate_snap_reachable_count": 24,
        "alternate_snap_search_m": 50.0,
        "best_alternate_snap": {
          "component": 0,
          "graph_node": [
            33691.36,
            31680.9
          ],
          "route_m": 112.5,
          "route_plus_snap_m": 155.2,
          "snap_m": 42.7
        },
        "bus_candidate_count": 2,
        "current_graph_route_m": 837.7,
        "current_graph_route_state": "implausible_detour",
        "current_graph_route_uses_direct_fallback": true,
        "current_route_vs_validation_direct_sanity": "plausible",
        "diagnostic_class": "alternate_bus_snap_candidate",
        "direct_bus_fallback_reason": "implausible_graph_route_to_datamall_bus_stop_within_direct_radius",
        "endpoint_source": "postal_universe_to_transit_poi",
        "new_best_name": "Bef Kg Kayu Rd",
        "new_best_routing_type": "direct_bus_fallback_unrouted",
        "new_best_shortest_m": 123.3,
        "new_best_type": "bus_stop",
        "new_bus_routing_type": "direct_bus_fallback_unrouted",
        "new_bus_shortest_m": 123.3,
        "new_bus_state": "SCORED_PARTIAL",
        "new_state": "SCORED_PARTIAL",
        "new_total": 55.0,
        "old_abs_pct_delta": 314.703,
        "old_direction": "project_longer_than_onemap",
        "old_onemap_walk_m": 202.0,
        "old_project_shortest_m": 837.7,
        "old_validation_best_node": "Bef Kg Kayu Rd",
        "origin_component": 0,
        "origin_component_reaches_target": true,
        "origin_snap_m": 21.0,
        "postal": "431007",
        "priority_rank": 8,
        "queue": "missing_bus_connector_priority",
        "same_validation_and_current_stop_name": true,
        "source_artifact": "qa\\onemap_outlier_replay_bus_longer_profile_100_20260802.json",
        "source_flags": {
          "best_bridge_underpass_m": 0.0,
          "best_direct_bus_fallback_m": 123.3,
          "best_inferred_hdb_m": 0.0,
          "best_official_lta_shelter_m": 0.0,
          "best_osm_shelter_m": 0.0,
          "best_top_source_layer_m": {
            "direct_bus_fallback": 123.3
          },
          "bus_direct_bus_fallback_m": 123.3,
          "bus_top_source_layer_m": {
            "direct_bus_fallback": 123.3
          }
        },
        "target_bus_stop_code": "91091",
        "target_bus_stop_name": "Bef Kg Kayu Rd",
        "target_component": 0,
        "target_direct_m": 123.3,
        "target_match_method": "matched_target_name",
        "target_snap_m": 1.6,
        "validation_area": "KALLANG",
        "validation_best_node_type": "bus_stop",
        "validation_direct_distance_m": 123.6,
        "validation_distance_sanity": "plausible",
        "validation_onemap_vs_direct_delta_m": 78.4
      },
      "type": "Feature"
    },
    {
      "geometry": {
        "coordinates": [
          [
            103.626506,
            1.309657
          ],
          [
            103.626821,
            1.308546
          ]
        ],
        "type": "LineString"
      },
      "properties": {
        "alternate_snap_reachable_count": 4,
        "alternate_snap_search_m": 50.0,
        "best_alternate_snap": {
          "component": 0,
          "graph_node": [
            4996.11,
            32336.79
          ],
          "route_m": 561.0,
          "route_plus_snap_m": 589.8,
          "snap_m": 28.8
        },
        "bus_candidate_count": 2,
        "current_graph_route_m": 613.4,
        "current_graph_route_state": "implausible_detour",
        "current_graph_route_uses_direct_fallback": true,
        "current_route_vs_validation_direct_sanity": "plausible",
        "diagnostic_class": "alternate_bus_snap_candidate",
        "direct_bus_fallback_reason": "implausible_graph_route_to_datamall_bus_stop_within_direct_radius",
        "endpoint_source": "postal_universe_to_transit_poi",
        "new_best_name": "Aft Tuas Sth St 2",
        "new_best_routing_type": "direct_bus_fallback_unrouted",
        "new_best_shortest_m": 127.8,
        "new_best_type": "bus_stop",
        "new_bus_routing_type": "direct_bus_fallback_unrouted",
        "new_bus_shortest_m": 127.8,
        "new_bus_state": "SCORED_PARTIAL",
        "new_state": "SCORED_PARTIAL",
        "new_total": 51.5,
        "old_abs_pct_delta": 308.933,
        "old_direction": "project_longer_than_onemap",
        "old_onemap_walk_m": 150.0,
        "old_project_shortest_m": 613.4,
        "old_validation_best_node": "Aft Tuas Sth St 2",
        "origin_component": 0,
        "origin_component_reaches_target": true,
        "origin_snap_m": 27.5,
        "postal": "637814",
        "priority_rank": 9,
        "queue": "missing_bus_connector_priority",
        "same_validation_and_current_stop_name": true,
        "source_artifact": "qa\\onemap_outlier_replay_bus_longer_profile_100_20260802.json",
        "source_flags": {
          "best_bridge_underpass_m": 0.0,
          "best_direct_bus_fallback_m": 127.8,
          "best_inferred_hdb_m": 0.0,
          "best_official_lta_shelter_m": 0.0,
          "best_osm_shelter_m": 0.0,
          "best_top_source_layer_m": {
            "direct_bus_fallback": 127.8
          },
          "bus_direct_bus_fallback_m": 127.8,
          "bus_top_source_layer_m": {
            "direct_bus_fallback": 127.8
          }
        },
        "target_bus_stop_code": "26289",
        "target_bus_stop_name": "Aft Tuas Sth St 2",
        "target_component": 0,
        "target_direct_m": 127.8,
        "target_match_method": "matched_target_name",
        "target_snap_m": 13.0,
        "validation_area": "TUAS",
        "validation_best_node_type": "bus_stop",
        "validation_direct_distance_m": 128.4,
        "validation_distance_sanity": "plausible",
        "validation_onemap_vs_direct_delta_m": 21.6
      },
      "type": "Feature"
    },
    {
      "geometry": {
        "coordinates": [
          [
            103.895579,
            1.301864
          ],
          [
            103.895267,
            1.301306
          ]
        ],
        "type": "LineString"
      },
      "properties": {
        "alternate_snap_reachable_count": 5,
        "alternate_snap_search_m": 50.0,
        "best_alternate_snap": {
          "component": 0,
          "graph_node": [
            34904.14,
            31510.65
          ],
          "route_m": 245.3,
          "route_plus_snap_m": 257.3,
          "snap_m": 12.0
        },
        "bus_candidate_count": 6,
        "current_graph_route_m": 259.4,
        "current_graph_route_state": "implausible_detour",
        "current_graph_route_uses_direct_fallback": true,
        "current_route_vs_validation_direct_sanity": "plausible",
        "diagnostic_class": "changed_stop_between_validation_and_replay",
        "direct_bus_fallback_reason": "implausible_graph_route_to_datamall_bus_stop_within_direct_radius",
        "endpoint_source": "postal_universe_to_transit_poi",
        "new_best_name": "TANJONG KATONG MRT STATION Exit 2",
        "new_best_routing_type": "sheltered",
        "new_best_shortest_m": 410.1,
        "new_best_type": "mrt_lrt_exit",
        "new_bus_routing_type": "sheltered",
        "new_bus_shortest_m": 210.0,
        "new_bus_state": "SCORED",
        "new_state": "SCORED",
        "new_total": 60.3,
        "old_abs_pct_delta": 250.541,
        "old_direction": "project_longer_than_onemap",
        "old_onemap_walk_m": 74.0,
        "old_project_shortest_m": 259.4,
        "old_validation_best_node": "Aft Tg Katong Rd",
        "origin_component": 0,
        "origin_component_reaches_target": true,
        "origin_snap_m": 65.7,
        "postal": "437793",
        "priority_rank": 10,
        "queue": "missing_bus_connector_priority",
        "same_validation_and_current_stop_name": false,
        "source_artifact": "qa\\onemap_outlier_replay_bus_longer_profile_100_20260802.json",
        "source_flags": {
          "best_bridge_underpass_m": 0.0,
          "best_direct_bus_fallback_m": 0.0,
          "best_inferred_hdb_m": 0.0,
          "best_official_lta_shelter_m": 0.0,
          "best_osm_shelter_m": 0.0,
          "best_top_source_layer_m": {
            "unknown": 410.1
          },
          "bus_direct_bus_fallback_m": 0.0,
          "bus_top_source_layer_m": {
            "unknown": 210.0
          }
        },
        "target_bus_stop_code": "91079",
        "target_bus_stop_name": "Aft Tg Katong Rd",
        "target_component": 0,
        "target_direct_m": 70.8,
        "target_match_method": "matched_target_name",
        "target_snap_m": 1.9,
        "validation_area": "MARINE_PARADE",
        "validation_best_node_type": "bus_stop",
        "validation_direct_distance_m": 71.1,
        "validation_distance_sanity": "plausible",
        "validation_onemap_vs_direct_delta_m": 2.9
      },
      "type": "Feature"
    },
    {
      "geometry": {
        "coordinates": [
          [
            103.896383,
            1.303962
          ],
          [
            103.896569,
            1.3038
          ]
        ],
        "type": "LineString"
      },
      "properties": {
        "alternate_snap_reachable_count": 23,
        "alternate_snap_search_m": 50.0,
        "best_alternate_snap": {
          "component": 0,
          "graph_node": [
            35011.68,
            31820.3
          ],
          "route_m": 3.5,
          "route_plus_snap_m": 42.1,
          "snap_m": 38.6
        },
        "bus_candidate_count": 3,
        "current_graph_route_m": 143.9,
        "current_graph_route_state": "implausible_detour",
        "current_graph_route_uses_direct_fallback": true,
        "current_route_vs_validation_direct_sanity": "plausible",
        "diagnostic_class": "changed_stop_between_validation_and_replay",
        "direct_bus_fallback_reason": "implausible_graph_route_to_datamall_bus_stop_within_direct_radius",
        "endpoint_source": "postal_universe_to_transit_poi",
        "new_best_name": "Bef Katong PO",
        "new_best_routing_type": "sheltered",
        "new_best_shortest_m": 143.9,
        "new_best_type": "bus_stop",
        "new_bus_routing_type": "sheltered",
        "new_bus_shortest_m": 143.9,
        "new_bus_state": "SCORED",
        "new_state": "SCORED",
        "new_total": 65.0,
        "old_abs_pct_delta": 227.045,
        "old_direction": "project_longer_than_onemap",
        "old_onemap_walk_m": 44.0,
        "old_project_shortest_m": 143.9,
        "old_validation_best_node": "Aft Katong PO",
        "origin_component": 0,
        "origin_component_reaches_target": true,
        "origin_snap_m": 8.3,
        "postal": "437107",
        "priority_rank": 11,
        "queue": "missing_bus_connector_priority",
        "same_validation_and_current_stop_name": false,
        "source_artifact": "qa\\onemap_outlier_replay_bus_longer_profile_100_20260802.json",
        "source_flags": {
          "best_bridge_underpass_m": 0.0,
          "best_direct_bus_fallback_m": 0.0,
          "best_inferred_hdb_m": 0.0,
          "best_official_lta_shelter_m": 0.0,
          "best_osm_shelter_m": 0.0,
          "best_top_source_layer_m": {
            "unknown": 143.9
          },
          "bus_direct_bus_fallback_m": 0.0,
          "bus_top_source_layer_m": {
            "unknown": 143.9
          }
        },
        "target_bus_stop_code": "92161",
        "target_bus_stop_name": "Aft Katong PO",
        "target_component": 0,
        "target_direct_m": 27.4,
        "target_match_method": "matched_target_name",
        "target_snap_m": 20.9,
        "validation_area": "MARINE_PARADE",
        "validation_best_node_type": "bus_stop",
        "validation_direct_distance_m": 27.4,
        "validation_distance_sanity": "plausible",
        "validation_onemap_vs_direct_delta_m": 16.6
      },
      "type": "Feature"
    },
    {
      "geometry": {
        "coordinates": [
          [
            103.701198,
            1.35072
          ],
          [
            103.701079,
            1.350532
          ]
        ],
        "type": "LineString"
      },
      "properties": {
        "alternate_snap_reachable_count": 24,
        "alternate_snap_search_m": 50.0,
        "best_alternate_snap": {
          "component": 0,
          "graph_node": [
            13269.71,
            36994.18
          ],
          "route_m": 82.9,
          "route_plus_snap_m": 118.8,
          "snap_m": 35.9
        },
        "bus_candidate_count": 5,
        "current_graph_route_m": 421.3,
        "current_graph_route_state": "implausible_detour",
        "current_graph_route_uses_direct_fallback": true,
        "current_route_vs_validation_direct_sanity": "plausible",
        "diagnostic_class": "alternate_bus_snap_candidate",
        "direct_bus_fallback_reason": "implausible_graph_route_to_datamall_bus_stop_within_direct_radius",
        "endpoint_source": "postal_universe_to_transit_poi",
        "new_best_name": "Aft Westwood Ave",
        "new_best_routing_type": "direct_bus_fallback_unrouted",
        "new_best_shortest_m": 24.6,
        "new_best_type": "bus_stop",
        "new_bus_routing_type": "direct_bus_fallback_unrouted",
        "new_bus_shortest_m": 24.6,
        "new_bus_state": "SCORED_PARTIAL",
        "new_state": "SCORED_PARTIAL",
        "new_total": 55.0,
        "old_abs_pct_delta": 221.603,
        "old_direction": "project_longer_than_onemap",
        "old_onemap_walk_m": 131.0,
        "old_project_shortest_m": 421.3,
        "old_validation_best_node": "Aft Westwood Ave",
        "origin_component": 0,
        "origin_component_reaches_target": true,
        "origin_snap_m": 21.6,
        "postal": "648874",
        "priority_rank": 12,
        "queue": "missing_bus_connector_priority",
        "same_validation_and_current_stop_name": true,
        "source_artifact": "qa\\onemap_outlier_replay_bus_longer_profile_100_20260802.json",
        "source_flags": {
          "best_bridge_underpass_m": 0.0,
          "best_direct_bus_fallback_m": 24.6,
          "best_inferred_hdb_m": 0.0,
          "best_official_lta_shelter_m": 0.0,
          "best_osm_shelter_m": 0.0,
          "best_top_source_layer_m": {
            "direct_bus_fallback": 24.6
          },
          "bus_direct_bus_fallback_m": 24.6,
          "bus_top_source_layer_m": {
            "direct_bus_fallback": 24.6
          }
        },
        "target_bus_stop_code": "27449",
        "target_bus_stop_name": "Aft Westwood Ave",
        "target_component": 0,
        "target_direct_m": 24.6,
        "target_match_method": "matched_target_name",
        "target_snap_m": 15.7,
        "validation_area": "JURONG_WEST",
        "validation_best_node_type": "bus_stop",
        "validation_direct_distance_m": 24.7,
        "validation_distance_sanity": "plausible",
        "validation_onemap_vs_direct_delta_m": 106.3
      },
      "type": "Feature"
    },
    {
      "geometry": {
        "coordinates": [
          [
            103.855735,
            1.323291
          ],
          [
            103.856261,
            1.32338
          ]
        ],
        "type": "LineString"
      },
      "properties": {
        "alternate_snap_reachable_count": 24,
        "alternate_snap_search_m": 50.0,
        "best_alternate_snap": {
          "component": 0,
          "graph_node": [
            30533.59,
            33986.82
          ],
          "route_m": 254.9,
          "route_plus_snap_m": 289.7,
          "snap_m": 34.8
        },
        "bus_candidate_count": 3,
        "current_graph_route_m": 295.6,
        "current_graph_route_state": "implausible_detour",
        "current_graph_route_uses_direct_fallback": true,
        "current_route_vs_validation_direct_sanity": "plausible",
        "diagnostic_class": "alternate_bus_snap_candidate",
        "direct_bus_fallback_reason": "implausible_graph_route_to_datamall_bus_stop_within_direct_radius",
        "endpoint_source": "postal_universe_to_transit_poi",
        "new_best_name": "Blk 82",
        "new_best_routing_type": "direct_bus_fallback_unrouted",
        "new_best_shortest_m": 59.4,
        "new_best_type": "bus_stop",
        "new_bus_routing_type": "direct_bus_fallback_unrouted",
        "new_bus_shortest_m": 59.4,
        "new_bus_state": "SCORED_PARTIAL",
        "new_state": "SCORED_PARTIAL",
        "new_total": 55.0,
        "old_abs_pct_delta": 217.849,
        "old_direction": "project_longer_than_onemap",
        "old_onemap_walk_m": 93.0,
        "old_project_shortest_m": 295.6,
        "old_validation_best_node": "Blk 82",
        "origin_component": 0,
        "origin_component_reaches_target": true,
        "origin_snap_m": 19.5,
        "postal": "320087",
        "priority_rank": 13,
        "queue": "missing_bus_connector_priority",
        "same_validation_and_current_stop_name": true,
        "source_artifact": "qa\\onemap_outlier_replay_bus_longer_profile_100_20260802.json",
        "source_flags": {
          "best_bridge_underpass_m": 0.0,
          "best_direct_bus_fallback_m": 59.4,
          "best_inferred_hdb_m": 0.0,
          "best_official_lta_shelter_m": 0.0,
          "best_osm_shelter_m": 0.0,
          "best_top_source_layer_m": {
            "direct_bus_fallback": 59.4
          },
          "bus_direct_bus_fallback_m": 59.4,
          "bus_top_source_layer_m": {
            "direct_bus_fallback": 59.4
          }
        },
        "target_bus_stop_code": "50991",
        "target_bus_stop_name": "Blk 82",
        "target_component": 0,
        "target_direct_m": 59.4,
        "target_match_method": "matched_target_name",
        "target_snap_m": 4.8,
        "validation_area": "NOVENA",
        "validation_best_node_type": "bus_stop",
        "validation_direct_distance_m": 59.3,
        "validation_distance_sanity": "plausible",
        "validation_onemap_vs_direct_delta_m": 33.7
      },
      "type": "Feature"
    },
    {
      "geometry": {
        "coordinates": [
          [
            103.941858,
            1.36736
          ],
          [
            103.941333,
            1.366506
          ]
        ],
        "type": "LineString"
      },
      "properties": {
        "alternate_snap_reachable_count": 24,
        "alternate_snap_search_m": 50.0,
        "best_alternate_snap": {
          "component": 0,
          "graph_node": [
            40001.2,
            38748.37
          ],
          "route_m": 402.2,
          "route_plus_snap_m": 431.1,
          "snap_m": 28.9
        },
        "bus_candidate_count": 7,
        "current_graph_route_m": 435.9,
        "current_graph_route_state": "implausible_detour",
        "current_graph_route_uses_direct_fallback": true,
        "current_route_vs_validation_direct_sanity": "plausible",
        "diagnostic_class": "changed_stop_between_validation_and_replay",
        "direct_bus_fallback_reason": "implausible_graph_route_to_datamall_bus_stop_within_direct_radius",
        "endpoint_source": "postal_universe_to_transit_poi",
        "new_best_name": "Tampines Nth Int",
        "new_best_routing_type": "sheltered",
        "new_best_shortest_m": 612.5,
        "new_best_type": "bus_stop",
        "new_bus_routing_type": "sheltered",
        "new_bus_shortest_m": 612.5,
        "new_bus_state": "SCORED",
        "new_state": "SCORED",
        "new_total": 73.0,
        "old_abs_pct_delta": 209.149,
        "old_direction": "project_longer_than_onemap",
        "old_onemap_walk_m": 141.0,
        "old_project_shortest_m": 435.9,
        "old_validation_best_node": "Blk 648C",
        "origin_component": 0,
        "origin_component_reaches_target": true,
        "origin_snap_m": 27.2,
        "postal": "520647",
        "priority_rank": 14,
        "queue": "missing_bus_connector_priority",
        "same_validation_and_current_stop_name": false,
        "source_artifact": "qa\\onemap_outlier_replay_bus_longer_profile_100_20260802.json",
        "source_flags": {
          "best_bridge_underpass_m": 0.0,
          "best_direct_bus_fallback_m": 0.0,
          "best_inferred_hdb_m": 0.0,
          "best_official_lta_shelter_m": 0.0,
          "best_osm_shelter_m": 155.9,
          "best_top_source_layer_m": {
            "osm_native_covered": 155.9,
            "unknown": 456.6
          },
          "bus_direct_bus_fallback_m": 0.0,
          "bus_top_source_layer_m": {
            "osm_native_covered": 155.9,
            "unknown": 456.6
          }
        },
        "target_bus_stop_code": "75561",
        "target_bus_stop_name": "Blk 648C",
        "target_component": 0,
        "target_direct_m": 111.0,
        "target_match_method": "matched_target_name",
        "target_snap_m": 7.5,
        "validation_area": "TAMPINES",
        "validation_best_node_type": "bus_stop",
        "validation_direct_distance_m": 111.5,
        "validation_distance_sanity": "plausible",
        "validation_onemap_vs_direct_delta_m": 29.5
      },
      "type": "Feature"
    },
    {
      "geometry": {
        "coordinates": [
          [
            103.767156,
            1.371679
          ],
          [
            103.767602,
            1.371629
          ]
        ],
        "type": "LineString"
      },
      "properties": {
        "alternate_snap_reachable_count": 16,
        "alternate_snap_search_m": 50.0,
        "best_alternate_snap": {
          "component": 0,
          "graph_node": [
            20652.28,
            39297.84
          ],
          "route_m": 17.6,
          "route_plus_snap_m": 52.2,
          "snap_m": 34.6
        },
        "bus_candidate_count": 2,
        "current_graph_route_m": 187.4,
        "current_graph_route_state": "implausible_detour",
        "current_graph_route_uses_direct_fallback": true,
        "current_route_vs_validation_direct_sanity": "plausible",
        "diagnostic_class": "changed_stop_between_validation_and_replay",
        "direct_bus_fallback_reason": "implausible_graph_route_to_datamall_bus_stop_within_direct_radius",
        "endpoint_source": "postal_universe_to_transit_poi",
        "new_best_name": "Aft Cashew Terr",
        "new_best_routing_type": "sheltered",
        "new_best_shortest_m": 100.6,
        "new_best_type": "bus_stop",
        "new_bus_routing_type": "sheltered",
        "new_bus_shortest_m": 100.6,
        "new_bus_state": "SCORED",
        "new_state": "SCORED",
        "new_total": 93.0,
        "old_abs_pct_delta": 207.213,
        "old_direction": "project_longer_than_onemap",
        "old_onemap_walk_m": 61.0,
        "old_project_shortest_m": 187.4,
        "old_validation_best_node": "Cashew Pk Condo",
        "origin_component": 0,
        "origin_component_reaches_target": true,
        "origin_snap_m": 14.3,
        "postal": "679634",
        "priority_rank": 15,
        "queue": "missing_bus_connector_priority",
        "same_validation_and_current_stop_name": false,
        "source_artifact": "qa\\onemap_outlier_replay_bus_longer_profile_100_20260802.json",
        "source_flags": {
          "best_bridge_underpass_m": 0.0,
          "best_direct_bus_fallback_m": 0.0,
          "best_inferred_hdb_m": 0.0,
          "best_official_lta_shelter_m": 4.7,
          "best_osm_shelter_m": 78.4,
          "best_top_source_layer_m": {
            "covered_linkway": 4.7,
            "osm_explicit_shelter": 3.4,
            "osm_native_covered": 75.0,
            "unknown": 17.6
          },
          "bus_direct_bus_fallback_m": 0.0,
          "bus_top_source_layer_m": {
            "covered_linkway": 4.7,
            "osm_explicit_shelter": 3.4,
            "osm_native_covered": 75.0,
            "unknown": 17.6
          }
        },
        "target_bus_stop_code": "43129",
        "target_bus_stop_name": "Cashew Pk Condo",
        "target_component": 0,
        "target_direct_m": 50.0,
        "target_match_method": "matched_target_name",
        "target_snap_m": 11.5,
        "validation_area": "BUKIT_PANJANG",
        "validation_best_node_type": "bus_stop",
        "validation_direct_distance_m": 49.9,
        "validation_distance_sanity": "plausible",
        "validation_onemap_vs_direct_delta_m": 11.1
      },
      "type": "Feature"
    },
    {
      "geometry": {
        "coordinates": [
          [
            103.93493,
            1.356848
          ],
          [
            103.933779,
            1.35625
          ]
        ],
        "type": "LineString"
      },
      "properties": {
        "alternate_snap_reachable_count": 17,
        "alternate_snap_search_m": 50.0,
        "best_alternate_snap": {
          "component": 0,
          "graph_node": [
            39201.09,
            37593.05
          ],
          "route_m": 553.5,
          "route_plus_snap_m": 574.5,
          "snap_m": 21.0
        },
        "bus_candidate_count": 6,
        "current_graph_route_m": 576.7,
        "current_graph_route_state": "implausible_detour",
        "current_graph_route_uses_direct_fallback": true,
        "current_route_vs_validation_direct_sanity": "plausible",
        "diagnostic_class": "changed_stop_between_validation_and_replay",
        "direct_bus_fallback_reason": "implausible_graph_route_to_datamall_bus_stop_within_direct_radius",
        "endpoint_source": "postal_universe_to_transit_poi",
        "new_best_name": "Blk 863",
        "new_best_routing_type": "sheltered",
        "new_best_shortest_m": 396.0,
        "new_best_type": "bus_stop",
        "new_bus_routing_type": "sheltered",
        "new_bus_shortest_m": 396.0,
        "new_bus_state": "SCORED",
        "new_state": "SCORED",
        "new_total": 57.8,
        "old_abs_pct_delta": 194.235,
        "old_direction": "project_longer_than_onemap",
        "old_onemap_walk_m": 196.0,
        "old_project_shortest_m": 576.7,
        "old_validation_best_node": "Blk 730",
        "origin_component": 0,
        "origin_component_reaches_target": true,
        "origin_snap_m": 2.2,
        "postal": "520724",
        "priority_rank": 16,
        "queue": "missing_bus_connector_priority",
        "same_validation_and_current_stop_name": false,
        "source_artifact": "qa\\onemap_outlier_replay_bus_longer_profile_100_20260802.json",
        "source_flags": {
          "best_bridge_underpass_m": 0.0,
          "best_direct_bus_fallback_m": 0.0,
          "best_inferred_hdb_m": 94.1,
          "best_official_lta_shelter_m": 0.0,
          "best_osm_shelter_m": 11.2,
          "best_top_source_layer_m": {
            "inferred_hdb_precinct": 94.1,
            "osm_native_covered": 11.2,
            "unknown": 290.7
          },
          "bus_direct_bus_fallback_m": 0.0,
          "bus_top_source_layer_m": {
            "inferred_hdb_precinct": 94.1,
            "osm_native_covered": 11.2,
            "unknown": 290.7
          }
        },
        "target_bus_stop_code": "75141",
        "target_bus_stop_name": "Blk 730",
        "target_component": 0,
        "target_direct_m": 144.1,
        "target_match_method": "matched_target_name",
        "target_snap_m": 1.0,
        "validation_area": "TAMPINES",
        "validation_best_node_type": "bus_stop",
        "validation_direct_distance_m": 144.2,
        "validation_distance_sanity": "plausible",
        "validation_onemap_vs_direct_delta_m": 51.8
      },
      "type": "Feature"
    },
    {
      "geometry": {
        "coordinates": [
          [
            103.941315,
            1.369275
          ],
          [
            103.941407,
            1.368246
          ]
        ],
        "type": "LineString"
      },
      "properties": {
        "alternate_snap_reachable_count": 24,
        "alternate_snap_search_m": 50.0,
        "best_alternate_snap": {
          "component": 0,
          "graph_node": [
            40034.14,
            38948.27
          ],
          "route_m": 47.7,
          "route_plus_snap_m": 77.0,
          "snap_m": 29.3
        },
        "bus_candidate_count": 3,
        "current_graph_route_m": 511.5,
        "current_graph_route_state": "implausible_detour",
        "current_graph_route_uses_direct_fallback": true,
        "current_route_vs_validation_direct_sanity": "plausible",
        "diagnostic_class": "changed_stop_between_validation_and_replay",
        "direct_bus_fallback_reason": "implausible_graph_route_to_datamall_bus_stop_within_direct_radius",
        "endpoint_source": "postal_universe_to_transit_poi",
        "new_best_name": "Tampines Nth Int",
        "new_best_routing_type": "sheltered",
        "new_best_shortest_m": 199.8,
        "new_best_type": "bus_stop",
        "new_bus_routing_type": "sheltered",
        "new_bus_shortest_m": 199.8,
        "new_bus_state": "SCORED",
        "new_state": "SCORED",
        "new_total": 73.7,
        "old_abs_pct_delta": 179.508,
        "old_direction": "project_longer_than_onemap",
        "old_onemap_walk_m": 183.0,
        "old_project_shortest_m": 511.5,
        "old_validation_best_node": "Blk 648A",
        "origin_component": 0,
        "origin_component_reaches_target": true,
        "origin_snap_m": 65.0,
        "postal": "529447",
        "priority_rank": 17,
        "queue": "missing_bus_connector_priority",
        "same_validation_and_current_stop_name": false,
        "source_artifact": "qa\\onemap_outlier_replay_bus_longer_profile_100_20260802.json",
        "source_flags": {
          "best_bridge_underpass_m": 0.0,
          "best_direct_bus_fallback_m": 0.0,
          "best_inferred_hdb_m": 0.0,
          "best_official_lta_shelter_m": 0.0,
          "best_osm_shelter_m": 68.5,
          "best_top_source_layer_m": {
            "osm_native_covered": 68.5,
            "unknown": 131.3
          },
          "bus_direct_bus_fallback_m": 0.0,
          "bus_top_source_layer_m": {
            "osm_native_covered": 68.5,
            "unknown": 131.3
          }
        },
        "target_bus_stop_code": "75549",
        "target_bus_stop_name": "Blk 648A",
        "target_component": 0,
        "target_direct_m": 114.3,
        "target_match_method": "matched_target_name",
        "target_snap_m": 15.3,
        "validation_area": "TAMPINES",
        "validation_best_node_type": "bus_stop",
        "validation_direct_distance_m": 114.9,
        "validation_distance_sanity": "plausible",
        "validation_onemap_vs_direct_delta_m": 68.1
      },
      "type": "Feature"
    },
    {
      "geometry": {
        "coordinates": [
          [
            103.939815,
            1.342648
          ],
          [
            103.939682,
            1.341129
          ]
        ],
        "type": "LineString"
      },
      "properties": {
        "alternate_snap_reachable_count": 24,
        "alternate_snap_search_m": 50.0,
        "best_alternate_snap": {
          "component": 0,
          "graph_node": [
            39831.97,
            35901.85
          ],
          "route_m": 487.8,
          "route_plus_snap_m": 507.6,
          "snap_m": 19.8
        },
        "bus_candidate_count": 5,
        "current_graph_route_m": 507.3,
        "current_graph_route_state": "implausible_detour",
        "current_graph_route_uses_direct_fallback": true,
        "current_route_vs_validation_direct_sanity": "plausible",
        "diagnostic_class": "alternate_bus_snap_candidate",
        "direct_bus_fallback_reason": "implausible_graph_route_to_datamall_bus_stop_within_direct_radius",
        "endpoint_source": "postal_universe_to_transit_poi",
        "new_best_name": "Blk 967A",
        "new_best_routing_type": "direct_bus_fallback_unrouted",
        "new_best_shortest_m": 168.6,
        "new_best_type": "bus_stop",
        "new_bus_routing_type": "direct_bus_fallback_unrouted",
        "new_bus_shortest_m": 168.6,
        "new_bus_state": "SCORED_PARTIAL",
        "new_state": "SCORED_PARTIAL",
        "new_total": 50.8,
        "old_abs_pct_delta": 168.413,
        "old_direction": "project_longer_than_onemap",
        "old_onemap_walk_m": 189.0,
        "old_project_shortest_m": 507.3,
        "old_validation_best_node": "Blk 967A",
        "origin_component": 0,
        "origin_component_reaches_target": true,
        "origin_snap_m": 7.0,
        "postal": "478983",
        "priority_rank": 18,
        "queue": "missing_bus_connector_priority",
        "same_validation_and_current_stop_name": true,
        "source_artifact": "qa\\onemap_outlier_replay_bus_longer_profile_100_20260802.json",
        "source_flags": {
          "best_bridge_underpass_m": 0.0,
          "best_direct_bus_fallback_m": 168.6,
          "best_inferred_hdb_m": 0.0,
          "best_official_lta_shelter_m": 0.0,
          "best_osm_shelter_m": 0.0,
          "best_top_source_layer_m": {
            "direct_bus_fallback": 168.6
          },
          "bus_direct_bus_fallback_m": 168.6,
          "bus_top_source_layer_m": {
            "direct_bus_fallback": 168.6
          }
        },
        "target_bus_stop_code": "74979",
        "target_bus_stop_name": "Blk 967A",
        "target_component": 0,
        "target_direct_m": 168.6,
        "target_match_method": "matched_target_name",
        "target_snap_m": 5.0,
        "validation_area": "TAMPINES",
        "validation_best_node_type": "bus_stop",
        "validation_direct_distance_m": 169.6,
        "validation_distance_sanity": "plausible",
        "validation_onemap_vs_direct_delta_m": 19.4
      },
      "type": "Feature"
    },
    {
      "geometry": {
        "coordinates": [
          [
            103.859678,
            1.38947
          ],
          [
            103.859933,
            1.390494
          ]
        ],
        "type": "LineString"
      },
      "properties": {
        "alternate_snap_reachable_count": 16,
        "alternate_snap_search_m": 50.0,
        "best_alternate_snap": {
          "component": 0,
          "graph_node": [
            31004.05,
            41371.8
          ],
          "route_m": 500.2,
          "route_plus_snap_m": 543.0,
          "snap_m": 42.8
        },
        "bus_candidate_count": 2,
        "current_graph_route_m": 559.1,
        "current_graph_route_state": "implausible_detour",
        "current_graph_route_uses_direct_fallback": true,
        "current_route_vs_validation_direct_sanity": "plausible",
        "diagnostic_class": "alternate_bus_snap_candidate",
        "direct_bus_fallback_reason": "implausible_graph_route_to_datamall_bus_stop_within_direct_radius",
        "endpoint_source": "postal_universe_to_transit_poi",
        "new_best_name": "Serenity Pk",
        "new_best_routing_type": "direct_bus_fallback_unrouted",
        "new_best_shortest_m": 116.7,
        "new_best_type": "bus_stop",
        "new_bus_routing_type": "direct_bus_fallback_unrouted",
        "new_bus_shortest_m": 116.7,
        "new_bus_state": "SCORED_PARTIAL",
        "new_state": "SCORED_PARTIAL",
        "new_total": 55.0,
        "old_abs_pct_delta": 163.726,
        "old_direction": "project_longer_than_onemap",
        "old_onemap_walk_m": 212.0,
        "old_project_shortest_m": 559.1,
        "old_validation_best_node": "Serenity Pk",
        "origin_component": 0,
        "origin_component_reaches_target": true,
        "origin_snap_m": 26.6,
        "postal": "806063",
        "priority_rank": 19,
        "queue": "missing_bus_connector_priority",
        "same_validation_and_current_stop_name": true,
        "source_artifact": "qa\\onemap_outlier_replay_bus_longer_profile_100_20260802.json",
        "source_flags": {
          "best_bridge_underpass_m": 0.0,
          "best_direct_bus_fallback_m": 116.7,
          "best_inferred_hdb_m": 0.0,
          "best_official_lta_shelter_m": 0.0,
          "best_osm_shelter_m": 0.0,
          "best_top_source_layer_m": {
            "direct_bus_fallback": 116.7
          },
          "bus_direct_bus_fallback_m": 116.7,
          "bus_top_source_layer_m": {
            "direct_bus_fallback": 116.7
          }
        },
        "target_bus_stop_code": "55109",
        "target_bus_stop_name": "Serenity Pk",
        "target_component": 0,
        "target_direct_m": 116.7,
        "target_match_method": "matched_target_name",
        "target_snap_m": 16.4,
        "validation_area": "SERANGOON",
        "validation_best_node_type": "bus_stop",
        "validation_direct_distance_m": 117.3,
        "validation_distance_sanity": "plausible",
        "validation_onemap_vs_direct_delta_m": 94.7
      },
      "type": "Feature"
    },
    {
      "geometry": {
        "coordinates": [
          [
            103.743943,
            1.342984
          ],
          [
            103.744076,
            1.342172
          ]
        ],
        "type": "LineString"
      },
      "properties": {
        "alternate_snap_reachable_count": 7,
        "alternate_snap_search_m": 50.0,
        "best_alternate_snap": {
          "component": 0,
          "graph_node": [
            18040.24,
            36007.13
          ],
          "route_m": 526.3,
          "route_plus_snap_m": 566.7,
          "snap_m": 40.4
        },
        "bus_candidate_count": 4,
        "current_graph_route_m": 565.9,
        "current_graph_route_state": "implausible_detour",
        "current_graph_route_uses_direct_fallback": true,
        "current_route_vs_validation_direct_sanity": "plausible",
        "diagnostic_class": "alternate_bus_snap_candidate",
        "direct_bus_fallback_reason": "implausible_graph_route_to_datamall_bus_stop_within_direct_radius",
        "endpoint_source": "postal_universe_to_transit_poi",
        "new_best_name": "Blk 241",
        "new_best_routing_type": "direct_bus_fallback_unrouted",
        "new_best_shortest_m": 91.0,
        "new_best_type": "bus_stop",
        "new_bus_routing_type": "direct_bus_fallback_unrouted",
        "new_bus_shortest_m": 91.0,
        "new_bus_state": "SCORED_PARTIAL",
        "new_state": "SCORED_PARTIAL",
        "new_total": 55.0,
        "old_abs_pct_delta": 163.209,
        "old_direction": "project_longer_than_onemap",
        "old_onemap_walk_m": 215.0,
        "old_project_shortest_m": 565.9,
        "old_validation_best_node": "Blk 241",
        "origin_component": 0,
        "origin_component_reaches_target": true,
        "origin_snap_m": 44.1,
        "postal": "601291",
        "priority_rank": 20,
        "queue": "missing_bus_connector_priority",
        "same_validation_and_current_stop_name": true,
        "source_artifact": "qa\\onemap_outlier_replay_bus_longer_profile_100_20260802.json",
        "source_flags": {
          "best_bridge_underpass_m": 0.0,
          "best_direct_bus_fallback_m": 91.0,
          "best_inferred_hdb_m": 0.0,
          "best_official_lta_shelter_m": 0.0,
          "best_osm_shelter_m": 0.0,
          "best_top_source_layer_m": {
            "direct_bus_fallback": 91.0
          },
          "bus_direct_bus_fallback_m": 91.0,
          "bus_top_source_layer_m": {
            "direct_bus_fallback": 91.0
          }
        },
        "target_bus_stop_code": "28621",
        "target_bus_stop_name": "Blk 241",
        "target_component": 0,
        "target_direct_m": 91.0,
        "target_match_method": "matched_target_name",
        "target_snap_m": 33.8,
        "validation_area": "JURONG_EAST",
        "validation_best_node_type": "bus_stop",
        "validation_direct_distance_m": 91.5,
        "validation_distance_sanity": "plausible",
        "validation_onemap_vs_direct_delta_m": 123.5
      },
      "type": "Feature"
    },
    {
      "geometry": {
        "coordinates": [
          [
            103.702616,
            1.333896
          ],
          [
            103.703381,
            1.33327
          ]
        ],
        "type": "LineString"
      },
      "properties": {
        "alternate_snap_reachable_count": 21,
        "alternate_snap_search_m": 50.0,
        "best_alternate_snap": {
          "component": 0,
          "graph_node": [
            13494.14,
            35066.52
          ],
          "route_m": 311.4,
          "route_plus_snap_m": 358.7,
          "snap_m": 47.4
        },
        "bus_candidate_count": 5,
        "current_graph_route_m": 409.7,
        "current_graph_route_state": "implausible_detour",
        "current_graph_route_uses_direct_fallback": true,
        "current_route_vs_validation_direct_sanity": "plausible",
        "diagnostic_class": "changed_stop_between_validation_and_replay",
        "direct_bus_fallback_reason": "implausible_graph_route_to_datamall_bus_stop_within_direct_radius",
        "endpoint_source": "postal_universe_to_transit_poi",
        "new_best_name": "Opp Blk 657 CP",
        "new_best_routing_type": "direct_bus_fallback_unrouted",
        "new_best_shortest_m": 197.1,
        "new_best_type": "bus_stop",
        "new_bus_routing_type": "direct_bus_fallback_unrouted",
        "new_bus_shortest_m": 197.1,
        "new_bus_state": "SCORED_PARTIAL",
        "new_state": "SCORED_PARTIAL",
        "new_total": 52.3,
        "old_abs_pct_delta": 143.869,
        "old_direction": "project_longer_than_onemap",
        "old_onemap_walk_m": 168.0,
        "old_project_shortest_m": 409.7,
        "old_validation_best_node": "Aft Fan Yoong Rd",
        "origin_component": 0,
        "origin_component_reaches_target": true,
        "origin_snap_m": 18.1,
        "postal": "627662",
        "priority_rank": 21,
        "queue": "missing_bus_connector_priority",
        "same_validation_and_current_stop_name": false,
        "source_artifact": "qa\\onemap_outlier_replay_bus_longer_profile_100_20260802.json",
        "source_flags": {
          "best_bridge_underpass_m": 0.0,
          "best_direct_bus_fallback_m": 197.1,
          "best_inferred_hdb_m": 0.0,
          "best_official_lta_shelter_m": 0.0,
          "best_osm_shelter_m": 0.0,
          "best_top_source_layer_m": {
            "direct_bus_fallback": 197.1
          },
          "bus_direct_bus_fallback_m": 197.1,
          "bus_top_source_layer_m": {
            "direct_bus_fallback": 197.1
          }
        },
        "target_bus_stop_code": "22309",
        "target_bus_stop_name": "Aft Fan Yoong Rd",
        "target_component": 0,
        "target_direct_m": 109.7,
        "target_match_method": "matched_target_name",
        "target_snap_m": 5.7,
        "validation_area": "JURONG_WEST",
        "validation_best_node_type": "bus_stop",
        "validation_direct_distance_m": 109.9,
        "validation_distance_sanity": "plausible",
        "validation_onemap_vs_direct_delta_m": 58.1
      },
      "type": "Feature"
    },
    {
      "geometry": {
        "coordinates": [
          [
            103.780253,
            1.41038
          ],
          [
            103.779686,
            1.410565
          ]
        ],
        "type": "LineString"
      },
      "properties": {
        "alternate_snap_reachable_count": 7,
        "alternate_snap_search_m": 50.0,
        "best_alternate_snap": {
          "component": 0,
          "graph_node": [
            22026.82,
            43608.47
          ],
          "route_m": 553.8,
          "route_plus_snap_m": 564.6,
          "snap_m": 10.8
        },
        "bus_candidate_count": 4,
        "current_graph_route_m": 567.9,
        "current_graph_route_state": "implausible_detour",
        "current_graph_route_uses_direct_fallback": true,
        "current_route_vs_validation_direct_sanity": "plausible",
        "diagnostic_class": "alternate_bus_snap_candidate",
        "direct_bus_fallback_reason": "implausible_graph_route_to_datamall_bus_stop_within_direct_radius",
        "endpoint_source": "postal_universe_to_transit_poi",
        "new_best_name": "Bef Mandai Lake Rd",
        "new_best_routing_type": "direct_bus_fallback_unrouted",
        "new_best_shortest_m": 66.4,
        "new_best_type": "bus_stop",
        "new_bus_routing_type": "direct_bus_fallback_unrouted",
        "new_bus_shortest_m": 66.4,
        "new_bus_state": "SCORED_PARTIAL",
        "new_state": "SCORED_PARTIAL",
        "new_total": 54.2,
        "old_abs_pct_delta": 124.466,
        "old_direction": "project_longer_than_onemap",
        "old_onemap_walk_m": 253.0,
        "old_project_shortest_m": 567.9,
        "old_validation_best_node": "Bef Mandai Lake Rd",
        "origin_component": 0,
        "origin_component_reaches_target": true,
        "origin_snap_m": 25.4,
        "postal": "729761",
        "priority_rank": 22,
        "queue": "missing_bus_connector_priority",
        "same_validation_and_current_stop_name": true,
        "source_artifact": "qa\\onemap_outlier_replay_bus_longer_profile_100_20260802.json",
        "source_flags": {
          "best_bridge_underpass_m": 0.0,
          "best_direct_bus_fallback_m": 66.4,
          "best_inferred_hdb_m": 0.0,
          "best_official_lta_shelter_m": 0.0,
          "best_osm_shelter_m": 0.0,
          "best_top_source_layer_m": {
            "direct_bus_fallback": 66.4
          },
          "bus_direct_bus_fallback_m": 66.4,
          "bus_top_source_layer_m": {
            "direct_bus_fallback": 66.4
          }
        },
        "target_bus_stop_code": "48029",
        "target_bus_stop_name": "Bef Mandai Lake Rd",
        "target_component": 0,
        "target_direct_m": 66.4,
        "target_match_method": "matched_target_name",
        "target_snap_m": 6.6,
        "validation_area": "CENTRAL_WATER_CATCHMENT",
        "validation_best_node_type": "bus_stop",
        "validation_direct_distance_m": 66.3,
        "validation_distance_sanity": "plausible",
        "validation_onemap_vs_direct_delta_m": 186.7
      },
      "type": "Feature"
    },
    {
      "geometry": {
        "coordinates": [
          [
            103.890101,
            1.346319
          ],
          [
            103.889989,
            1.347631
          ]
        ],
        "type": "LineString"
      },
      "properties": {
        "alternate_snap_reachable_count": 18,
        "alternate_snap_search_m": 50.0,
        "best_alternate_snap": {
          "component": 0,
          "graph_node": [
            34308.97,
            36595.68
          ],
          "route_m": 130.7,
          "route_plus_snap_m": 174.8,
          "snap_m": 44.1
        },
        "bus_candidate_count": 6,
        "current_graph_route_m": 343.2,
        "current_graph_route_state": "routable",
        "current_graph_route_uses_direct_fallback": false,
        "current_route_vs_validation_direct_sanity": "plausible",
        "diagnostic_class": "changed_stop_between_validation_and_replay",
        "direct_bus_fallback_reason": "implausible_graph_route_to_datamall_bus_stop_within_direct_radius",
        "endpoint_source": "postal_universe_to_transit_poi",
        "new_best_name": "Bef S'pore Girls' Hme",
        "new_best_routing_type": "direct_bus_fallback_unrouted",
        "new_best_shortest_m": 156.1,
        "new_best_type": "bus_stop",
        "new_bus_routing_type": "direct_bus_fallback_unrouted",
        "new_bus_shortest_m": 156.1,
        "new_bus_state": "SCORED_PARTIAL",
        "new_state": "SCORED_PARTIAL",
        "new_total": 55.0,
        "old_abs_pct_delta": 124.314,
        "old_direction": "project_longer_than_onemap",
        "old_onemap_walk_m": 153.0,
        "old_project_shortest_m": 343.2,
        "old_validation_best_node": "Opp S'pore Girls' Hme",
        "origin_component": 0,
        "origin_component_reaches_target": true,
        "origin_snap_m": 27.4,
        "postal": "530180",
        "priority_rank": 23,
        "queue": "missing_bus_connector_priority",
        "same_validation_and_current_stop_name": false,
        "source_artifact": "qa\\onemap_outlier_replay_bus_longer_profile_100_20260802.json",
        "source_flags": {
          "best_bridge_underpass_m": 0.0,
          "best_direct_bus_fallback_m": 156.1,
          "best_inferred_hdb_m": 0.0,
          "best_official_lta_shelter_m": 0.0,
          "best_osm_shelter_m": 0.0,
          "best_top_source_layer_m": {
            "direct_bus_fallback": 156.1
          },
          "bus_direct_bus_fallback_m": 156.1,
          "bus_top_source_layer_m": {
            "direct_bus_fallback": 156.1
          }
        },
        "target_bus_stop_code": "62239",
        "target_bus_stop_name": "Opp S'pore Girls' Hme",
        "target_component": 0,
        "target_direct_m": 145.6,
        "target_match_method": "matched_target_name",
        "target_snap_m": 1.4,
        "validation_area": "HOUGANG",
        "validation_best_node_type": "bus_stop",
        "validation_direct_distance_m": 146.4,
        "validation_distance_sanity": "plausible",
        "validation_onemap_vs_direct_delta_m": 6.6
      },
      "type": "Feature"
    },
    {
      "geometry": {
        "coordinates": [
          [
            103.718602,
            1.342802
          ],
          [
            103.719266,
            1.344324
          ]
        ],
        "type": "LineString"
      },
      "properties": {
        "alternate_snap_reachable_count": 11,
        "alternate_snap_search_m": 50.0,
        "best_alternate_snap": {
          "component": 0,
          "graph_node": [
            15348.86,
            36258.94
          ],
          "route_m": 770.2,
          "route_plus_snap_m": 814.6,
          "snap_m": 44.4
        },
        "bus_candidate_count": 2,
        "current_graph_route_m": 1042.6,
        "current_graph_route_state": "implausible_detour",
        "current_graph_route_uses_direct_fallback": true,
        "current_route_vs_validation_direct_sanity": "plausible",
        "diagnostic_class": "alternate_bus_snap_candidate",
        "direct_bus_fallback_reason": "implausible_graph_route_to_datamall_bus_stop_within_direct_radius",
        "endpoint_source": "postal_universe_to_transit_poi",
        "new_best_name": "Opp Lakeside Stn",
        "new_best_routing_type": "direct_bus_fallback_unrouted",
        "new_best_shortest_m": 183.8,
        "new_best_type": "bus_stop",
        "new_bus_routing_type": "direct_bus_fallback_unrouted",
        "new_bus_shortest_m": 183.8,
        "new_bus_state": "SCORED_PARTIAL",
        "new_state": "SCORED_PARTIAL",
        "new_total": 55.0,
        "old_abs_pct_delta": 118.85,
        "old_direction": "project_longer_than_onemap",
        "old_onemap_walk_m": 461.0,
        "old_project_shortest_m": 1008.9,
        "old_validation_best_node": "Opp Lakeside Stn",
        "origin_component": 0,
        "origin_component_reaches_target": true,
        "origin_snap_m": 93.7,
        "postal": "648320",
        "priority_rank": 24,
        "queue": "missing_bus_connector_priority",
        "same_validation_and_current_stop_name": true,
        "source_artifact": "qa\\onemap_outlier_replay_bus_longer_profile_100_20260802.json",
        "source_flags": {
          "best_bridge_underpass_m": 0.0,
          "best_direct_bus_fallback_m": 183.8,
          "best_inferred_hdb_m": 0.0,
          "best_official_lta_shelter_m": 0.0,
          "best_osm_shelter_m": 0.0,
          "best_top_source_layer_m": {
            "direct_bus_fallback": 183.8
          },
          "bus_direct_bus_fallback_m": 183.8,
          "bus_top_source_layer_m": {
            "direct_bus_fallback": 183.8
          }
        },
        "target_bus_stop_code": "28099",
        "target_bus_stop_name": "Opp Lakeside Stn",
        "target_component": 0,
        "target_direct_m": 183.8,
        "target_match_method": "matched_target_name",
        "target_snap_m": 4.4,
        "validation_area": "JURONG_WEST",
        "validation_best_node_type": "bus_stop",
        "validation_direct_distance_m": 184.6,
        "validation_distance_sanity": "plausible",
        "validation_onemap_vs_direct_delta_m": 276.4
      },
      "type": "Feature"
    },
    {
      "geometry": {
        "coordinates": [
          [
            103.731288,
            1.361911
          ],
          [
            103.73349,
            1.36187
          ]
        ],
        "type": "LineString"
      },
      "properties": {
        "alternate_snap_reachable_count": 24,
        "alternate_snap_search_m": 50.0,
        "best_alternate_snap": {
          "component": 0,
          "graph_node": [
            16878.68,
            38226.55
          ],
          "route_m": 329.8,
          "route_plus_snap_m": 346.6,
          "snap_m": 16.8
        },
        "bus_candidate_count": 4,
        "current_graph_route_m": 567.0,
        "current_graph_route_state": "routable",
        "current_graph_route_uses_direct_fallback": false,
        "current_route_vs_validation_direct_sanity": "plausible",
        "diagnostic_class": "current_routable",
        "direct_bus_fallback_reason": "implausible_graph_route_to_datamall_bus_stop_within_direct_radius",
        "endpoint_source": "postal_universe_to_transit_poi",
        "new_best_name": "Blk 238",
        "new_best_routing_type": "sheltered",
        "new_best_shortest_m": 567.0,
        "new_best_type": "bus_stop",
        "new_bus_routing_type": "sheltered",
        "new_bus_shortest_m": 567.0,
        "new_bus_state": "SCORED",
        "new_state": "SCORED",
        "new_total": 72.2,
        "old_abs_pct_delta": 111.567,
        "old_direction": "project_longer_than_onemap",
        "old_onemap_walk_m": 268.0,
        "old_project_shortest_m": 567.0,
        "old_validation_best_node": "Blk 238",
        "origin_component": 0,
        "origin_component_reaches_target": true,
        "origin_snap_m": 19.3,
        "postal": "699887",
        "priority_rank": 25,
        "queue": "missing_bus_connector_priority",
        "same_validation_and_current_stop_name": true,
        "source_artifact": "qa\\onemap_outlier_replay_bus_longer_profile_100_20260802.json",
        "source_flags": {
          "best_bridge_underpass_m": 0.0,
          "best_direct_bus_fallback_m": 0.0,
          "best_inferred_hdb_m": 41.0,
          "best_official_lta_shelter_m": 0.0,
          "best_osm_shelter_m": 168.9,
          "best_top_source_layer_m": {
            "inferred_hdb_precinct": 41.0,
            "osm_explicit_shelter": 3.2,
            "osm_native_covered": 165.7,
            "unknown": 357.1
          },
          "bus_direct_bus_fallback_m": 0.0,
          "bus_top_source_layer_m": {
            "inferred_hdb_precinct": 41.0,
            "osm_explicit_shelter": 3.2,
            "osm_native_covered": 165.7,
            "unknown": 357.1
          }
        },
        "target_bus_stop_code": "40441",
        "target_bus_stop_name": "Blk 238",
        "target_component": 0,
        "target_direct_m": 245.2,
        "target_match_method": "matched_target_name",
        "target_snap_m": 4.5,
        "validation_area": "TENGAH",
        "validation_best_node_type": "bus_stop",
        "validation_direct_distance_m": 244.8,
        "validation_distance_sanity": "plausible",
        "validation_onemap_vs_direct_delta_m": 23.2
      },
      "type": "Feature"
    },
    {
      "geometry": {
        "coordinates": [
          [
            103.882478,
            1.311535
          ],
          [
            103.883181,
            1.310546
          ]
        ],
        "type": "LineString"
      },
      "properties": {
        "alternate_snap_reachable_count": 24,
        "alternate_snap_search_m": 50.0,
        "best_alternate_snap": {
          "component": 0,
          "graph_node": [
            33538.78,
            32571.72
          ],
          "route_m": 153.1,
          "route_plus_snap_m": 187.3,
          "snap_m": 34.2
        },
        "bus_candidate_count": 4,
        "current_graph_route_m": 431.1,
        "current_graph_route_state": "implausible_detour",
        "current_graph_route_uses_direct_fallback": true,
        "current_route_vs_validation_direct_sanity": "plausible",
        "diagnostic_class": "changed_stop_between_validation_and_replay",
        "direct_bus_fallback_reason": "implausible_graph_route_to_datamall_bus_stop_within_direct_radius",
        "endpoint_source": "postal_universe_to_transit_poi",
        "new_best_name": "MOUNTBATTEN MRT STATION Exit A",
        "new_best_routing_type": "sheltered",
        "new_best_shortest_m": 794.1,
        "new_best_type": "mrt_lrt_exit",
        "new_bus_routing_type": "sheltered",
        "new_bus_shortest_m": 180.6,
        "new_bus_state": "SCORED",
        "new_state": "SCORED",
        "new_total": 61.5,
        "old_abs_pct_delta": 110.293,
        "old_direction": "project_longer_than_onemap",
        "old_onemap_walk_m": 205.0,
        "old_project_shortest_m": 431.1,
        "old_validation_best_node": "Blk 56",
        "origin_component": 0,
        "origin_component_reaches_target": true,
        "origin_snap_m": 19.0,
        "postal": "398690",
        "priority_rank": 26,
        "queue": "missing_bus_connector_priority",
        "same_validation_and_current_stop_name": false,
        "source_artifact": "qa\\onemap_outlier_replay_bus_longer_profile_100_20260802.json",
        "source_flags": {
          "best_bridge_underpass_m": 0.0,
          "best_direct_bus_fallback_m": 0.0,
          "best_inferred_hdb_m": 41.5,
          "best_official_lta_shelter_m": 0.0,
          "best_osm_shelter_m": 160.0,
          "best_top_source_layer_m": {
            "inferred_hdb_precinct": 41.5,
            "osm_explicit_shelter": 4.2,
            "osm_native_covered": 155.8,
            "unknown": 592.6
          },
          "bus_direct_bus_fallback_m": 0.0,
          "bus_top_source_layer_m": {
            "unknown": 180.6
          }
        },
        "target_bus_stop_code": "81161",
        "target_bus_stop_name": "Blk 56",
        "target_component": 0,
        "target_direct_m": 134.5,
        "target_match_method": "matched_target_name",
        "target_snap_m": 2.3,
        "validation_area": "GEYLANG",
        "validation_best_node_type": "bus_stop",
        "validation_direct_distance_m": 134.9,
        "validation_distance_sanity": "plausible",
        "validation_onemap_vs_direct_delta_m": 70.1
      },
      "type": "Feature"
    },
    {
      "geometry": {
        "coordinates": [
          [
            103.794684,
            1.445837
          ],
          [
            103.794919,
            1.446689
          ]
        ],
        "type": "LineString"
      },
      "properties": {
        "alternate_snap_reachable_count": 4,
        "alternate_snap_search_m": 50.0,
        "best_alternate_snap": {
          "component": 0,
          "graph_node": [
            23741.67,
            47550.21
          ],
          "route_m": 287.6,
          "route_plus_snap_m": 332.9,
          "snap_m": 45.4
        },
        "bus_candidate_count": 6,
        "current_graph_route_m": 322.2,
        "current_graph_route_state": "implausible_detour",
        "current_graph_route_uses_direct_fallback": true,
        "current_route_vs_validation_direct_sanity": "plausible",
        "diagnostic_class": "changed_stop_between_validation_and_replay",
        "direct_bus_fallback_reason": "implausible_graph_route_to_datamall_bus_stop_within_direct_radius",
        "endpoint_source": "postal_universe_to_transit_poi",
        "new_best_name": "Blk 880",
        "new_best_routing_type": "sheltered",
        "new_best_shortest_m": 346.2,
        "new_best_type": "bus_stop",
        "new_bus_routing_type": "sheltered",
        "new_bus_shortest_m": 346.2,
        "new_bus_state": "SCORED",
        "new_state": "SCORED",
        "new_total": 69.5,
        "old_abs_pct_delta": 109.221,
        "old_direction": "project_longer_than_onemap",
        "old_onemap_walk_m": 154.0,
        "old_project_shortest_m": 322.2,
        "old_validation_best_node": "Blk 759",
        "origin_component": 0,
        "origin_component_reaches_target": true,
        "origin_snap_m": 38.7,
        "postal": "730753",
        "priority_rank": 27,
        "queue": "missing_bus_connector_priority",
        "same_validation_and_current_stop_name": false,
        "source_artifact": "qa\\onemap_outlier_replay_bus_longer_profile_100_20260802.json",
        "source_flags": {
          "best_bridge_underpass_m": 0.0,
          "best_direct_bus_fallback_m": 0.0,
          "best_inferred_hdb_m": 238.0,
          "best_official_lta_shelter_m": 0.0,
          "best_osm_shelter_m": 0.0,
          "best_top_source_layer_m": {
            "inferred_hdb_point_footway": 154.3,
            "inferred_hdb_precinct": 48.0,
            "inferred_hdb_void_deck": 35.7,
            "unknown": 108.3
          },
          "bus_direct_bus_fallback_m": 0.0,
          "bus_top_source_layer_m": {
            "inferred_hdb_point_footway": 154.3,
            "inferred_hdb_precinct": 48.0,
            "inferred_hdb_void_deck": 35.7,
            "unknown": 108.3
          }
        },
        "target_bus_stop_code": "46469",
        "target_bus_stop_name": "Blk 759",
        "target_component": 0,
        "target_direct_m": 97.7,
        "target_match_method": "matched_target_name",
        "target_snap_m": 10.9,
        "validation_area": "WOODLANDS",
        "validation_best_node_type": "bus_stop",
        "validation_direct_distance_m": 98.3,
        "validation_distance_sanity": "plausible",
        "validation_onemap_vs_direct_delta_m": 55.7
      },
      "type": "Feature"
    },
    {
      "geometry": {
        "coordinates": [
          [
            103.768146,
            1.360504
          ],
          [
            103.76705,
            1.359101
          ]
        ],
        "type": "LineString"
      },
      "properties": {
        "alternate_snap_reachable_count": 6,
        "alternate_snap_search_m": 50.0,
        "best_alternate_snap": {
          "component": 0,
          "graph_node": [
            20616.72,
            37942.99
          ],
          "route_m": 638.8,
          "route_plus_snap_m": 674.7,
          "snap_m": 35.8
        },
        "bus_candidate_count": 5,
        "current_graph_route_m": 672.4,
        "current_graph_route_state": "implausible_detour",
        "current_graph_route_uses_direct_fallback": true,
        "current_route_vs_validation_direct_sanity": "plausible",
        "diagnostic_class": "alternate_bus_snap_candidate",
        "direct_bus_fallback_reason": "implausible_graph_route_to_datamall_bus_stop_within_direct_radius",
        "endpoint_source": "postal_universe_to_transit_poi",
        "new_best_name": "Opp The Rail Mall",
        "new_best_routing_type": "direct_bus_fallback_unrouted",
        "new_best_shortest_m": 197.2,
        "new_best_type": "bus_stop",
        "new_bus_routing_type": "direct_bus_fallback_unrouted",
        "new_bus_shortest_m": 197.2,
        "new_bus_state": "SCORED_PARTIAL",
        "new_state": "SCORED_PARTIAL",
        "new_total": 55.0,
        "old_abs_pct_delta": 108.173,
        "old_direction": "project_longer_than_onemap",
        "old_onemap_walk_m": 323.0,
        "old_project_shortest_m": 672.4,
        "old_validation_best_node": "Opp The Rail Mall",
        "origin_component": 0,
        "origin_component_reaches_target": true,
        "origin_snap_m": 16.6,
        "postal": "678799",
        "priority_rank": 28,
        "queue": "missing_bus_connector_priority",
        "same_validation_and_current_stop_name": true,
        "source_artifact": "qa\\onemap_outlier_replay_bus_longer_profile_100_20260802.json",
        "source_flags": {
          "best_bridge_underpass_m": 0.0,
          "best_direct_bus_fallback_m": 197.2,
          "best_inferred_hdb_m": 0.0,
          "best_official_lta_shelter_m": 0.0,
          "best_osm_shelter_m": 0.0,
          "best_top_source_layer_m": {
            "direct_bus_fallback": 197.2
          },
          "bus_direct_bus_fallback_m": 197.2,
          "bus_top_source_layer_m": {
            "direct_bus_fallback": 197.2
          }
        },
        "target_bus_stop_code": "43051",
        "target_bus_stop_name": "Opp The Rail Mall",
        "target_component": 0,
        "target_direct_m": 197.2,
        "target_match_method": "matched_target_name",
        "target_snap_m": 5.5,
        "validation_area": "BUKIT_PANJANG",
        "validation_best_node_type": "bus_stop",
        "validation_direct_distance_m": 197.9,
        "validation_distance_sanity": "plausible",
        "validation_onemap_vs_direct_delta_m": 125.1
      },
      "type": "Feature"
    },
    {
      "geometry": {
        "coordinates": [
          [
            103.903923,
            1.395069
          ],
          [
            103.9054,
            1.395274
          ]
        ],
        "type": "LineString"
      },
      "properties": {
        "alternate_snap_reachable_count": 4,
        "alternate_snap_search_m": 50.0,
        "best_alternate_snap": {
          "component": 0,
          "graph_node": [
            36045.37,
            41865.82
          ],
          "route_m": 306.2,
          "route_plus_snap_m": 354.5,
          "snap_m": 48.3
        },
        "bus_candidate_count": 6,
        "current_graph_route_m": 496.1,
        "current_graph_route_state": "routable",
        "current_graph_route_uses_direct_fallback": false,
        "current_route_vs_validation_direct_sanity": "plausible",
        "diagnostic_class": "changed_stop_between_validation_and_replay",
        "direct_bus_fallback_reason": "implausible_graph_route_to_datamall_bus_stop_within_direct_radius",
        "endpoint_source": "postal_universe_to_transit_poi",
        "new_best_name": "Blk 190C",
        "new_best_routing_type": "direct_bus_fallback_unrouted",
        "new_best_shortest_m": 173.0,
        "new_best_type": "bus_stop",
        "new_bus_routing_type": "direct_bus_fallback_unrouted",
        "new_bus_shortest_m": 173.0,
        "new_bus_state": "SCORED_PARTIAL",
        "new_state": "SCORED_PARTIAL",
        "new_total": 55.0,
        "old_abs_pct_delta": 103.32,
        "old_direction": "project_longer_than_onemap",
        "old_onemap_walk_m": 244.0,
        "old_project_shortest_m": 496.1,
        "old_validation_best_node": "Bef Punggol Rd",
        "origin_component": 0,
        "origin_component_reaches_target": true,
        "origin_snap_m": 22.2,
        "postal": "544188",
        "priority_rank": 29,
        "queue": "missing_bus_connector_priority",
        "same_validation_and_current_stop_name": false,
        "source_artifact": "qa\\onemap_outlier_replay_bus_longer_profile_100_20260802.json",
        "source_flags": {
          "best_bridge_underpass_m": 0.0,
          "best_direct_bus_fallback_m": 173.0,
          "best_inferred_hdb_m": 0.0,
          "best_official_lta_shelter_m": 0.0,
          "best_osm_shelter_m": 0.0,
          "best_top_source_layer_m": {
            "direct_bus_fallback": 173.0
          },
          "bus_direct_bus_fallback_m": 173.0,
          "bus_top_source_layer_m": {
            "direct_bus_fallback": 173.0
          }
        },
        "target_bus_stop_code": "65191",
        "target_bus_stop_name": "Bef Punggol Rd",
        "target_component": 0,
        "target_direct_m": 166.0,
        "target_match_method": "matched_target_name",
        "target_snap_m": 11.6,
        "validation_area": "SENGKANG",
        "validation_best_node_type": "bus_stop",
        "validation_direct_distance_m": 165.8,
        "validation_distance_sanity": "plausible",
        "validation_onemap_vs_direct_delta_m": 78.2
      },
      "type": "Feature"
    },
    {
      "geometry": {
        "coordinates": [
          [
            103.747523,
            1.379459
          ],
          [
            103.747543,
            1.379243
          ]
        ],
        "type": "LineString"
      },
      "properties": {
        "alternate_snap_reachable_count": 15,
        "alternate_snap_search_m": 50.0,
        "best_alternate_snap": {
          "component": 0,
          "graph_node": [
            18470.42,
            40137.91
          ],
          "route_m": 27.0,
          "route_plus_snap_m": 43.4,
          "snap_m": 16.3
        },
        "bus_candidate_count": 8,
        "current_graph_route_m": 56.7,
        "current_graph_route_state": "routable",
        "current_graph_route_uses_direct_fallback": false,
        "current_route_vs_validation_direct_sanity": "plausible",
        "diagnostic_class": "current_routable",
        "direct_bus_fallback_reason": "implausible_graph_route_to_datamall_bus_stop_within_direct_radius",
        "endpoint_source": "postal_universe_to_transit_poi",
        "new_best_name": "Blk 239",
        "new_best_routing_type": "sheltered",
        "new_best_shortest_m": 56.7,
        "new_best_type": "bus_stop",
        "new_bus_routing_type": "sheltered",
        "new_bus_shortest_m": 56.7,
        "new_bus_state": "SCORED",
        "new_state": "SCORED",
        "new_total": 100.0,
        "old_abs_pct_delta": 102.5,
        "old_direction": "project_longer_than_onemap",
        "old_onemap_walk_m": 28.0,
        "old_project_shortest_m": 56.7,
        "old_validation_best_node": "Blk 239",
        "origin_component": 0,
        "origin_component_reaches_target": true,
        "origin_snap_m": 3.0,
        "postal": "680239",
        "priority_rank": 30,
        "queue": "missing_bus_connector_priority",
        "same_validation_and_current_stop_name": true,
        "source_artifact": "qa\\onemap_outlier_replay_bus_longer_profile_100_20260802.json",
        "source_flags": {
          "best_bridge_underpass_m": 0.0,
          "best_direct_bus_fallback_m": 0.0,
          "best_inferred_hdb_m": 27.0,
          "best_official_lta_shelter_m": 0.0,
          "best_osm_shelter_m": 29.7,
          "best_top_source_layer_m": {
            "inferred_hdb_void_deck": 27.0,
            "osm_explicit_shelter": 2.2,
            "osm_native_covered": 27.5
          },
          "bus_direct_bus_fallback_m": 0.0,
          "bus_top_source_layer_m": {
            "inferred_hdb_void_deck": 27.0,
            "osm_explicit_shelter": 2.2,
            "osm_native_covered": 27.5
          }
        },
        "target_bus_stop_code": "44441",
        "target_bus_stop_name": "Blk 239",
        "target_component": 0,
        "target_direct_m": 24.0,
        "target_match_method": "matched_target_name",
        "target_snap_m": 8.6,
        "validation_area": "CHOA_CHU_KANG",
        "validation_best_node_type": "bus_stop",
        "validation_direct_distance_m": 24.1,
        "validation_distance_sanity": "plausible",
        "validation_onemap_vs_direct_delta_m": 3.9
      },
      "type": "Feature"
    },
    {
      "geometry": {
        "coordinates": [
          [
            103.771865,
            1.440706
          ],
          [
            103.771087,
            1.441809
          ]
        ],
        "type": "LineString"
      },
      "properties": {
        "alternate_snap_reachable_count": 11,
        "alternate_snap_search_m": 50.0,
        "best_alternate_snap": {
          "component": 0,
          "graph_node": [
            21121.73,
            47045.81
          ],
          "route_m": 379.1,
          "route_plus_snap_m": 426.9,
          "snap_m": 47.8
        },
        "bus_candidate_count": 4,
        "current_graph_route_m": 425.4,
        "current_graph_route_state": "routable",
        "current_graph_route_uses_direct_fallback": false,
        "current_route_vs_validation_direct_sanity": "plausible",
        "diagnostic_class": "current_routable",
        "direct_bus_fallback_reason": "implausible_graph_route_to_datamall_bus_stop_within_direct_radius",
        "endpoint_source": "postal_universe_to_transit_poi",
        "new_best_name": "Blk 25",
        "new_best_routing_type": "sheltered",
        "new_best_shortest_m": 425.4,
        "new_best_type": "bus_stop",
        "new_bus_routing_type": "sheltered",
        "new_bus_shortest_m": 425.4,
        "new_bus_state": "SCORED",
        "new_state": "SCORED",
        "new_total": 83.8,
        "old_abs_pct_delta": 101.611,
        "old_direction": "project_longer_than_onemap",
        "old_onemap_walk_m": 211.0,
        "old_project_shortest_m": 425.4,
        "old_validation_best_node": "Blk 25",
        "origin_component": 0,
        "origin_component_reaches_target": true,
        "origin_snap_m": 32.2,
        "postal": "739983",
        "priority_rank": 31,
        "queue": "missing_bus_connector_priority",
        "same_validation_and_current_stop_name": true,
        "source_artifact": "qa\\onemap_outlier_replay_bus_longer_profile_100_20260802.json",
        "source_flags": {
          "best_bridge_underpass_m": 0.0,
          "best_direct_bus_fallback_m": 0.0,
          "best_inferred_hdb_m": 68.4,
          "best_official_lta_shelter_m": 58.0,
          "best_osm_shelter_m": 137.9,
          "best_top_source_layer_m": {
            "covered_linkway": 58.0,
            "inferred_hdb_precinct": 68.4,
            "osm_explicit_shelter": 3.6,
            "osm_native_covered": 134.3,
            "unknown": 161.1
          },
          "bus_direct_bus_fallback_m": 0.0,
          "bus_top_source_layer_m": {
            "covered_linkway": 58.0,
            "inferred_hdb_precinct": 68.4,
            "osm_explicit_shelter": 3.6,
            "osm_native_covered": 134.3,
            "unknown": 161.1
          }
        },
        "target_bus_stop_code": "46088",
        "target_bus_stop_name": "Blk 25",
        "target_component": 0,
        "target_direct_m": 149.6,
        "target_match_method": "matched_target_name",
        "target_snap_m": 2.7,
        "validation_area": "WOODLANDS",
        "validation_best_node_type": "bus_stop",
        "validation_direct_distance_m": 150.1,
        "validation_distance_sanity": "plausible",
        "validation_onemap_vs_direct_delta_m": 60.9
      },
      "type": "Feature"
    },
    {
      "geometry": {
        "coordinates": [
          [
            103.901537,
            1.325965
          ],
          [
            103.900219,
            1.326801
          ]
        ],
        "type": "LineString"
      },
      "properties": {
        "alternate_snap_reachable_count": 22,
        "alternate_snap_search_m": 50.0,
        "best_alternate_snap": {
          "component": 0,
          "graph_node": [
            35473.95,
            34332.18
          ],
          "route_m": 433.7,
          "route_plus_snap_m": 462.7,
          "snap_m": 29.0
        },
        "bus_candidate_count": 4,
        "current_graph_route_m": 487.2,
        "current_graph_route_state": "routable",
        "current_graph_route_uses_direct_fallback": false,
        "current_route_vs_validation_direct_sanity": "plausible",
        "diagnostic_class": "current_routable",
        "direct_bus_fallback_reason": "implausible_graph_route_to_datamall_bus_stop_within_direct_radius",
        "endpoint_source": "postal_universe_to_transit_poi",
        "new_best_name": "Opp Blk 343",
        "new_best_routing_type": "sheltered",
        "new_best_shortest_m": 487.2,
        "new_best_type": "bus_stop",
        "new_bus_routing_type": "sheltered",
        "new_bus_shortest_m": 487.2,
        "new_bus_state": "SCORED",
        "new_state": "SCORED",
        "new_total": 63.6,
        "old_abs_pct_delta": 96.452,
        "old_direction": "project_longer_than_onemap",
        "old_onemap_walk_m": 248.0,
        "old_project_shortest_m": 487.2,
        "old_validation_best_node": "Opp Blk 343",
        "origin_component": 0,
        "origin_component_reaches_target": true,
        "origin_snap_m": 3.3,
        "postal": "400337",
        "priority_rank": 32,
        "queue": "missing_bus_connector_priority",
        "same_validation_and_current_stop_name": true,
        "source_artifact": "qa\\onemap_outlier_replay_bus_longer_profile_100_20260802.json",
        "source_flags": {
          "best_bridge_underpass_m": 0.0,
          "best_direct_bus_fallback_m": 0.0,
          "best_inferred_hdb_m": 131.8,
          "best_official_lta_shelter_m": 0.0,
          "best_osm_shelter_m": 169.6,
          "best_top_source_layer_m": {
            "inferred_hdb_precinct": 131.8,
            "osm_native_covered": 169.6,
            "unknown": 185.8
          },
          "bus_direct_bus_fallback_m": 0.0,
          "bus_top_source_layer_m": {
            "inferred_hdb_precinct": 131.8,
            "osm_native_covered": 169.6,
            "unknown": 185.8
          }
        },
        "target_bus_stop_code": "71119",
        "target_bus_stop_name": "Opp Blk 343",
        "target_component": 0,
        "target_direct_m": 173.5,
        "target_match_method": "matched_target_name",
        "target_snap_m": 20.0,
        "validation_area": "GEYLANG",
        "validation_best_node_type": "bus_stop",
        "validation_direct_distance_m": 173.5,
        "validation_distance_sanity": "plausible",
        "validation_onemap_vs_direct_delta_m": 74.5
      },
      "type": "Feature"
    },
    {
      "geometry": {
        "coordinates": [
          [
            103.935104,
            1.330361
          ],
          [
            103.935314,
            1.3316
          ]
        ],
        "type": "LineString"
      },
      "properties": {
        "alternate_snap_reachable_count": 10,
        "alternate_snap_search_m": 50.0,
        "best_alternate_snap": {
          "component": 0,
          "graph_node": [
            39388.75,
            34877.32
          ],
          "route_m": 281.7,
          "route_plus_snap_m": 320.8,
          "snap_m": 39.0
        },
        "bus_candidate_count": 7,
        "current_graph_route_m": 333.7,
        "current_graph_route_state": "routable",
        "current_graph_route_uses_direct_fallback": false,
        "current_route_vs_validation_direct_sanity": "plausible",
        "diagnostic_class": "current_routable",
        "direct_bus_fallback_reason": "implausible_graph_route_to_datamall_bus_stop_within_direct_radius",
        "endpoint_source": "postal_universe_to_transit_poi",
        "new_best_name": "Blk 111",
        "new_best_routing_type": "sheltered",
        "new_best_shortest_m": 333.7,
        "new_best_type": "bus_stop",
        "new_bus_routing_type": "sheltered",
        "new_bus_shortest_m": 333.7,
        "new_bus_state": "SCORED",
        "new_state": "SCORED",
        "new_total": 84.0,
        "old_abs_pct_delta": 96.294,
        "old_direction": "project_longer_than_onemap",
        "old_onemap_walk_m": 170.0,
        "old_project_shortest_m": 333.7,
        "old_validation_best_node": "Blk 111",
        "origin_component": 0,
        "origin_component_reaches_target": true,
        "origin_snap_m": 7.4,
        "postal": "460113",
        "priority_rank": 33,
        "queue": "missing_bus_connector_priority",
        "same_validation_and_current_stop_name": true,
        "source_artifact": "qa\\onemap_outlier_replay_bus_longer_profile_100_20260802.json",
        "source_flags": {
          "best_bridge_underpass_m": 0.0,
          "best_direct_bus_fallback_m": 0.0,
          "best_inferred_hdb_m": 146.8,
          "best_official_lta_shelter_m": 0.0,
          "best_osm_shelter_m": 0.0,
          "best_top_source_layer_m": {
            "inferred_hdb_point_footway": 51.9,
            "inferred_hdb_precinct": 94.9,
            "unknown": 186.8
          },
          "bus_direct_bus_fallback_m": 0.0,
          "bus_top_source_layer_m": {
            "inferred_hdb_point_footway": 51.9,
            "inferred_hdb_precinct": 94.9,
            "unknown": 186.8
          }
        },
        "target_bus_stop_code": "84229",
        "target_bus_stop_name": "Blk 111",
        "target_component": 0,
        "target_direct_m": 139.0,
        "target_match_method": "matched_target_name",
        "target_snap_m": 13.0,
        "validation_area": "BEDOK",
        "validation_best_node_type": "bus_stop",
        "validation_direct_distance_m": 139.7,
        "validation_distance_sanity": "plausible",
        "validation_onemap_vs_direct_delta_m": 30.3
      },
      "type": "Feature"
    },
    {
      "geometry": {
        "coordinates": [
          [
            103.873356,
            1.39648
          ],
          [
            103.873073,
            1.39705
          ]
        ],
        "type": "LineString"
      },
      "properties": {
        "alternate_snap_reachable_count": 15,
        "alternate_snap_search_m": 50.0,
        "best_alternate_snap": {
          "component": 0,
          "graph_node": [
            32432.32,
            42058.67
          ],
          "route_m": 10.2,
          "route_plus_snap_m": 56.6,
          "snap_m": 46.3
        },
        "bus_candidate_count": 8,
        "current_graph_route_m": 131.3,
        "current_graph_route_state": "routable",
        "current_graph_route_uses_direct_fallback": false,
        "current_route_vs_validation_direct_sanity": "plausible",
        "diagnostic_class": "current_routable",
        "direct_bus_fallback_reason": "implausible_graph_route_to_datamall_bus_stop_within_direct_radius",
        "endpoint_source": "postal_universe_to_transit_poi",
        "new_best_name": "Jln Kayu Shophouse",
        "new_best_routing_type": "sheltered",
        "new_best_shortest_m": 131.3,
        "new_best_type": "bus_stop",
        "new_bus_routing_type": "sheltered",
        "new_bus_shortest_m": 131.3,
        "new_bus_state": "SCORED",
        "new_state": "SCORED",
        "new_total": 60.0,
        "old_abs_pct_delta": 95.97,
        "old_direction": "project_longer_than_onemap",
        "old_onemap_walk_m": 67.0,
        "old_project_shortest_m": 131.3,
        "old_validation_best_node": "Jln Kayu Shophouse",
        "origin_component": 0,
        "origin_component_reaches_target": true,
        "origin_snap_m": 24.6,
        "postal": "799452",
        "priority_rank": 34,
        "queue": "missing_bus_connector_priority",
        "same_validation_and_current_stop_name": true,
        "source_artifact": "qa\\onemap_outlier_replay_bus_longer_profile_100_20260802.json",
        "source_flags": {
          "best_bridge_underpass_m": 0.0,
          "best_direct_bus_fallback_m": 0.0,
          "best_inferred_hdb_m": 0.0,
          "best_official_lta_shelter_m": 0.0,
          "best_osm_shelter_m": 0.0,
          "best_top_source_layer_m": {
            "unknown": 131.3
          },
          "bus_direct_bus_fallback_m": 0.0,
          "bus_top_source_layer_m": {
            "unknown": 131.3
          }
        },
        "target_bus_stop_code": "68031",
        "target_bus_stop_name": "Jln Kayu Shophouse",
        "target_component": 0,
        "target_direct_m": 70.5,
        "target_match_method": "matched_target_name",
        "target_snap_m": 11.1,
        "validation_area": "SENGKANG",
        "validation_best_node_type": "bus_stop",
        "validation_direct_distance_m": 70.8,
        "validation_distance_sanity": "plausible",
        "validation_onemap_vs_direct_delta_m": -3.8
      },
      "type": "Feature"
    },
    {
      "geometry": {
        "coordinates": [
          [
            103.715436,
            1.330584
          ],
          [
            103.716354,
            1.331311
          ]
        ],
        "type": "LineString"
      },
      "properties": {
        "alternate_snap_reachable_count": 3,
        "alternate_snap_search_m": 50.0,
        "best_alternate_snap": {
          "component": 0,
          "graph_node": [
            14979.67,
            34842.12
          ],
          "route_m": 427.3,
          "route_plus_snap_m": 434.8,
          "snap_m": 7.5
        },
        "bus_candidate_count": 2,
        "current_graph_route_m": 427.3,
        "current_graph_route_state": "implausible_detour",
        "current_graph_route_uses_direct_fallback": true,
        "current_route_vs_validation_direct_sanity": "plausible",
        "diagnostic_class": "alternate_bus_snap_candidate",
        "direct_bus_fallback_reason": "implausible_graph_route_to_datamall_bus_stop_within_direct_radius",
        "endpoint_source": "postal_universe_to_transit_poi",
        "new_best_name": "Opp Kaily Packaging",
        "new_best_routing_type": "direct_bus_fallback_unrouted",
        "new_best_shortest_m": 130.0,
        "new_best_type": "bus_stop",
        "new_bus_routing_type": "direct_bus_fallback_unrouted",
        "new_bus_shortest_m": 130.0,
        "new_bus_state": "SCORED_PARTIAL",
        "new_state": "SCORED_PARTIAL",
        "new_total": 51.2,
        "old_abs_pct_delta": 93.348,
        "old_direction": "project_longer_than_onemap",
        "old_onemap_walk_m": 221.0,
        "old_project_shortest_m": 427.3,
        "old_validation_best_node": "Opp Kaily Packaging",
        "origin_component": 0,
        "origin_component_reaches_target": true,
        "origin_snap_m": 36.6,
        "postal": "618769",
        "priority_rank": 35,
        "queue": "missing_bus_connector_priority",
        "same_validation_and_current_stop_name": true,
        "source_artifact": "qa\\onemap_outlier_replay_bus_longer_profile_100_20260802.json",
        "source_flags": {
          "best_bridge_underpass_m": 0.0,
          "best_direct_bus_fallback_m": 130.0,
          "best_inferred_hdb_m": 0.0,
          "best_official_lta_shelter_m": 0.0,
          "best_osm_shelter_m": 0.0,
          "best_top_source_layer_m": {
            "direct_bus_fallback": 130.0
          },
          "bus_direct_bus_fallback_m": 130.0,
          "bus_top_source_layer_m": {
            "direct_bus_fallback": 130.0
          }
        },
        "target_bus_stop_code": "21539",
        "target_bus_stop_name": "Opp Kaily Packaging",
        "target_component": 0,
        "target_direct_m": 130.0,
        "target_match_method": "matched_target_name",
        "target_snap_m": 7.5,
        "validation_area": "JURONG_WEST",
        "validation_best_node_type": "bus_stop",
        "validation_direct_distance_m": 130.2,
        "validation_distance_sanity": "plausible",
        "validation_onemap_vs_direct_delta_m": 90.8
      },
      "type": "Feature"
    },
    {
      "geometry": {
        "coordinates": [
          [
            103.836132,
            1.386538
          ],
          [
            103.837116,
            1.387082
          ]
        ],
        "type": "LineString"
      },
      "properties": {
        "alternate_snap_reachable_count": 12,
        "alternate_snap_search_m": 50.0,
        "best_alternate_snap": {
          "component": 0,
          "graph_node": [
            28394.99,
            40967.11
          ],
          "route_m": 130.6,
          "route_plus_snap_m": 175.1,
          "snap_m": 44.5
        },
        "bus_candidate_count": 5,
        "current_graph_route_m": 307.0,
        "current_graph_route_state": "routable",
        "current_graph_route_uses_direct_fallback": false,
        "current_route_vs_validation_direct_sanity": "plausible",
        "diagnostic_class": "changed_stop_between_validation_and_replay",
        "direct_bus_fallback_reason": "implausible_graph_route_to_datamall_bus_stop_within_direct_radius",
        "endpoint_source": "postal_universe_to_transit_poi",
        "new_best_name": "Lentor Stn Exit 3",
        "new_best_routing_type": "direct_bus_fallback_unrouted",
        "new_best_shortest_m": 183.4,
        "new_best_type": "bus_stop",
        "new_bus_routing_type": "direct_bus_fallback_unrouted",
        "new_bus_shortest_m": 183.4,
        "new_bus_state": "SCORED_PARTIAL",
        "new_state": "SCORED_PARTIAL",
        "new_total": 50.4,
        "old_abs_pct_delta": 93.082,
        "old_direction": "project_longer_than_onemap",
        "old_onemap_walk_m": 159.0,
        "old_project_shortest_m": 307.0,
        "old_validation_best_node": "Aft Florissa Pk",
        "origin_component": 0,
        "origin_component_reaches_target": true,
        "origin_snap_m": 25.6,
        "postal": "789592",
        "priority_rank": 36,
        "queue": "missing_bus_connector_priority",
        "same_validation_and_current_stop_name": false,
        "source_artifact": "qa\\onemap_outlier_replay_bus_longer_profile_100_20260802.json",
        "source_flags": {
          "best_bridge_underpass_m": 0.0,
          "best_direct_bus_fallback_m": 183.4,
          "best_inferred_hdb_m": 0.0,
          "best_official_lta_shelter_m": 0.0,
          "best_osm_shelter_m": 0.0,
          "best_top_source_layer_m": {
            "direct_bus_fallback": 183.4
          },
          "bus_direct_bus_fallback_m": 183.4,
          "bus_top_source_layer_m": {
            "direct_bus_fallback": 183.4
          }
        },
        "target_bus_stop_code": "55339",
        "target_bus_stop_name": "Aft Florissa Pk",
        "target_component": 0,
        "target_direct_m": 125.0,
        "target_match_method": "matched_target_name",
        "target_snap_m": 14.0,
        "validation_area": "ANG_MO_KIO",
        "validation_best_node_type": "bus_stop",
        "validation_direct_distance_m": 125.0,
        "validation_distance_sanity": "plausible",
        "validation_onemap_vs_direct_delta_m": 34.0
      },
      "type": "Feature"
    },
    {
      "geometry": {
        "coordinates": [
          [
            103.915673,
            1.321905
          ],
          [
            103.914852,
            1.321201
          ]
        ],
        "type": "LineString"
      },
      "properties": {
        "alternate_snap_reachable_count": 16,
        "alternate_snap_search_m": 50.0,
        "best_alternate_snap": {
          "component": 0,
          "graph_node": [
            37114.23,
            33725.36
          ],
          "route_m": 336.3,
          "route_plus_snap_m": 377.4,
          "snap_m": 41.1
        },
        "bus_candidate_count": 7,
        "current_graph_route_m": 370.5,
        "current_graph_route_state": "implausible_detour",
        "current_graph_route_uses_direct_fallback": true,
        "current_route_vs_validation_direct_sanity": "plausible",
        "diagnostic_class": "alternate_bus_snap_candidate",
        "direct_bus_fallback_reason": "implausible_graph_route_to_datamall_bus_stop_within_direct_radius",
        "endpoint_source": "postal_universe_to_transit_poi",
        "new_best_name": "The Buddhist Union",
        "new_best_routing_type": "direct_bus_fallback_unrouted",
        "new_best_shortest_m": 119.9,
        "new_best_type": "bus_stop",
        "new_bus_routing_type": "direct_bus_fallback_unrouted",
        "new_bus_shortest_m": 119.9,
        "new_bus_state": "SCORED_PARTIAL",
        "new_state": "SCORED_PARTIAL",
        "new_total": 46.5,
        "old_abs_pct_delta": 92.969,
        "old_direction": "project_longer_than_onemap",
        "old_onemap_walk_m": 192.0,
        "old_project_shortest_m": 370.5,
        "old_validation_best_node": "The Buddhist Union",
        "origin_component": 0,
        "origin_component_reaches_target": true,
        "origin_snap_m": 27.1,
        "postal": "418531",
        "priority_rank": 37,
        "queue": "missing_bus_connector_priority",
        "same_validation_and_current_stop_name": true,
        "source_artifact": "qa\\onemap_outlier_replay_bus_longer_profile_100_20260802.json",
        "source_flags": {
          "best_bridge_underpass_m": 0.0,
          "best_direct_bus_fallback_m": 119.9,
          "best_inferred_hdb_m": 0.0,
          "best_official_lta_shelter_m": 0.0,
          "best_osm_shelter_m": 0.0,
          "best_top_source_layer_m": {
            "direct_bus_fallback": 119.9
          },
          "bus_direct_bus_fallback_m": 119.9,
          "bus_top_source_layer_m": {
            "direct_bus_fallback": 119.9
          }
        },
        "target_bus_stop_code": "83063",
        "target_bus_stop_name": "The Buddhist Union",
        "target_component": 0,
        "target_direct_m": 119.9,
        "target_match_method": "matched_target_name",
        "target_snap_m": 7.3,
        "validation_area": "BEDOK",
        "validation_best_node_type": "bus_stop",
        "validation_direct_distance_m": 120.2,
        "validation_distance_sanity": "plausible",
        "validation_onemap_vs_direct_delta_m": 71.8
      },
      "type": "Feature"
    },
    {
      "geometry": {
        "coordinates": [
          [
            103.719144,
            1.34023
          ],
          [
            103.71932,
            1.338364
          ]
        ],
        "type": "LineString"
      },
      "properties": {
        "alternate_snap_reachable_count": 24,
        "alternate_snap_search_m": 50.0,
        "best_alternate_snap": {
          "component": 0,
          "graph_node": [
            15311.64,
            35635.25
          ],
          "route_m": 304.1,
          "route_plus_snap_m": 324.1,
          "snap_m": 20.0
        },
        "bus_candidate_count": 2,
        "current_graph_route_m": 677.1,
        "current_graph_route_state": "implausible_detour",
        "current_graph_route_uses_direct_fallback": true,
        "current_route_vs_validation_direct_sanity": "plausible",
        "diagnostic_class": "alternate_bus_snap_candidate",
        "direct_bus_fallback_reason": "implausible_graph_route_to_datamall_bus_stop_within_direct_radius",
        "endpoint_source": "postal_universe_to_transit_poi",
        "new_best_name": "Blk 367",
        "new_best_routing_type": "direct_bus_fallback_unrouted",
        "new_best_shortest_m": 207.2,
        "new_best_type": "bus_stop",
        "new_bus_routing_type": "direct_bus_fallback_unrouted",
        "new_bus_shortest_m": 207.2,
        "new_bus_state": "SCORED_PARTIAL",
        "new_state": "SCORED_PARTIAL",
        "new_total": 55.0,
        "old_abs_pct_delta": 92.358,
        "old_direction": "project_longer_than_onemap",
        "old_onemap_walk_m": 352.0,
        "old_project_shortest_m": 677.1,
        "old_validation_best_node": "Blk 367",
        "origin_component": 0,
        "origin_component_reaches_target": true,
        "origin_snap_m": 17.0,
        "postal": "618471",
        "priority_rank": 38,
        "queue": "missing_bus_connector_priority",
        "same_validation_and_current_stop_name": true,
        "source_artifact": "qa\\onemap_outlier_replay_bus_longer_profile_100_20260802.json",
        "source_flags": {
          "best_bridge_underpass_m": 0.0,
          "best_direct_bus_fallback_m": 207.2,
          "best_inferred_hdb_m": 0.0,
          "best_official_lta_shelter_m": 0.0,
          "best_osm_shelter_m": 0.0,
          "best_top_source_layer_m": {
            "direct_bus_fallback": 207.2
          },
          "bus_direct_bus_fallback_m": 207.2,
          "bus_top_source_layer_m": {
            "direct_bus_fallback": 207.2
          }
        },
        "target_bus_stop_code": "21611",
        "target_bus_stop_name": "Blk 367",
        "target_component": 0,
        "target_direct_m": 207.2,
        "target_match_method": "matched_target_name",
        "target_snap_m": 4.9,
        "validation_area": "JURONG_WEST",
        "validation_best_node_type": "bus_stop",
        "validation_direct_distance_m": 208.4,
        "validation_distance_sanity": "plausible",
        "validation_onemap_vs_direct_delta_m": 143.6
      },
      "type": "Feature"
    },
    {
      "geometry": {
        "coordinates": [
          [
            103.768141,
            1.360842
          ],
          [
            103.76705,
            1.359101
          ]
        ],
        "type": "LineString"
      },
      "properties": {
        "alternate_snap_reachable_count": 6,
        "alternate_snap_search_m": 50.0,
        "best_alternate_snap": {
          "component": 0,
          "graph_node": [
            20616.72,
            37942.99
          ],
          "route_m": 663.6,
          "route_plus_snap_m": 699.5,
          "snap_m": 35.8
        },
        "bus_candidate_count": 7,
        "current_graph_route_m": 697.2,
        "current_graph_route_state": "implausible_detour",
        "current_graph_route_uses_direct_fallback": true,
        "current_route_vs_validation_direct_sanity": "plausible",
        "diagnostic_class": "alternate_bus_snap_candidate",
        "direct_bus_fallback_reason": "implausible_graph_route_to_datamall_bus_stop_within_direct_radius",
        "endpoint_source": "postal_universe_to_transit_poi",
        "new_best_name": "Opp The Rail Mall",
        "new_best_routing_type": "direct_bus_fallback_unrouted",
        "new_best_shortest_m": 227.5,
        "new_best_type": "bus_stop",
        "new_bus_routing_type": "direct_bus_fallback_unrouted",
        "new_bus_shortest_m": 227.5,
        "new_bus_state": "SCORED_PARTIAL",
        "new_state": "SCORED_PARTIAL",
        "new_total": 55.0,
        "old_abs_pct_delta": 92.066,
        "old_direction": "project_longer_than_onemap",
        "old_onemap_walk_m": 363.0,
        "old_project_shortest_m": 697.2,
        "old_validation_best_node": "Opp The Rail Mall",
        "origin_component": 0,
        "origin_component_reaches_target": true,
        "origin_snap_m": 13.4,
        "postal": "678805",
        "priority_rank": 39,
        "queue": "missing_bus_connector_priority",
        "same_validation_and_current_stop_name": true,
        "source_artifact": "qa\\onemap_outlier_replay_bus_longer_profile_100_20260802.json",
        "source_flags": {
          "best_bridge_underpass_m": 0.0,
          "best_direct_bus_fallback_m": 227.5,
          "best_inferred_hdb_m": 0.0,
          "best_official_lta_shelter_m": 0.0,
          "best_osm_shelter_m": 0.0,
          "best_top_source_layer_m": {
            "direct_bus_fallback": 227.5
          },
          "bus_direct_bus_fallback_m": 227.5,
          "bus_top_source_layer_m": {
            "direct_bus_fallback": 227.5
          }
        },
        "target_bus_stop_code": "43051",
        "target_bus_stop_name": "Opp The Rail Mall",
        "target_component": 0,
        "target_direct_m": 227.5,
        "target_match_method": "matched_target_name",
        "target_snap_m": 5.5,
        "validation_area": "BUKIT_PANJANG",
        "validation_best_node_type": "bus_stop",
        "validation_direct_distance_m": 228.4,
        "validation_distance_sanity": "plausible",
        "validation_onemap_vs_direct_delta_m": 134.6
      },
      "type": "Feature"
    }
  ],
  "type": "FeatureCollection"
}
