{
  "features": [
    {
      "geometry": {
        "coordinates": [
          [
            103.855655,
            1.294293
          ],
          [
            103.856176,
            1.292927
          ]
        ],
        "type": "LineString"
      },
      "properties": {
        "abs_delta_m": 501.3,
        "abs_pct_delta": 241.01,
        "alternate_snap_reachable_count": 24,
        "alternate_snap_search_m": 50.0,
        "area": "DOWNTOWN_CORE",
        "best_alternate_snap": {
          "component": 0,
          "graph_node": [
            30531.92,
            30616.02
          ],
          "route_m": 594.0,
          "route_plus_snap_m": 621.8,
          "snap_m": 27.8
        },
        "best_node_name": "ESPLANADE MRT STATION Exit B",
        "best_node_type": "mrt_lrt_exit",
        "cache_key": "ba7aede036254596bc181494de5fd697d2f4967ff4c5deed7d5c61ca41fb5eed",
        "current_graph_route_m": 709.3,
        "current_graph_route_state": "implausible_detour",
        "current_mrt_lrt_connector_reason": "implausible_graph_route_to_mrt_lrt_exit_within_direct_range",
        "current_score_best_name": "ESPLANADE MRT STATION Exit B",
        "current_score_best_routed_m": 759.5,
        "current_score_best_type": "mrt_lrt_exit",
        "current_score_mrt_lrt_exit_access_connector_m": 0.0,
        "current_score_routing_type": "sheltered",
        "current_score_state": "SCORED",
        "current_score_total": 58.5,
        "diagnostic_class": "scorer_recovered_target_mrt_lrt_exit",
        "direct_distance_m": 162.6,
        "direction": "project_longer_than_onemap",
        "distance_sanity": "plausible",
        "endpoint_source": "postal_universe_to_transit_poi",
        "mrt_lrt_candidate_count": 7,
        "new_best_name": "ESPLANADE MRT STATION Exit B",
        "new_best_shortest_m": 709.3,
        "old_abs_pct_delta": 241.01,
        "old_direction": "project_longer_than_onemap",
        "old_onemap_walk_m": 208.0,
        "old_project_shortest_m": 709.3,
        "old_validation_best_node": "ESPLANADE MRT STATION Exit B",
        "onemap_walk_bucket": "gt_100m",
        "onemap_walk_m": 208.0,
        "origin_component": 0,
        "origin_component_reaches_target": true,
        "origin_snap_m": 45.8,
        "postal": "189768",
        "priority_rank": 1,
        "project_shortest_m": 709.3,
        "queue": "validation_subset_priority",
        "route_trust": "graph_routed_mrt_lrt",
        "routing_type": "sheltered",
        "same_validation_and_current_stop_name": true,
        "signed_delta_m": 501.3,
        "signed_pct_delta": 241.01,
        "state": "SCORED",
        "subset": "graph_routed_mrt_lrt_plausible_onemap_distance",
        "target_component": 0,
        "target_direct_m": 161.8,
        "target_exit_code": "Exit B",
        "target_match_method": "matched_target_name",
        "target_mrt_lrt_exit_name": "ESPLANADE MRT STATION Exit B",
        "target_snap_m": 4.5,
        "target_station_name": "ESPLANADE MRT STATION",
        "validation_area": "DOWNTOWN_CORE",
        "validation_direct_distance_m": 162.6,
        "validation_distance_sanity": "plausible",
        "validation_route_trust": "graph_routed_mrt_lrt",
        "validation_routing_type": "sheltered"
      },
      "type": "Feature"
    },
    {
      "geometry": {
        "coordinates": [
          [
            103.889752,
            1.33329
          ],
          [
            103.888214,
            1.334621
          ]
        ],
        "type": "LineString"
      },
      "properties": {
        "abs_delta_m": 595.9,
        "abs_pct_delta": 223.184,
        "alternate_snap_reachable_count": 14,
        "alternate_snap_search_m": 50.0,
        "area": "GEYLANG",
        "best_alternate_snap": {
          "component": 0,
          "graph_node": [
            34133.99,
            35157.8
          ],
          "route_m": 811.3,
          "route_plus_snap_m": 861.2,
          "snap_m": 49.9
        },
        "best_node_name": "TAI SENG MRT STATION Exit B",
        "best_node_type": "mrt_lrt_exit",
        "cache_key": "eb73cff7c63b88ca6a39ca39b34490f26126168a18ce1643f82055ccd9803e1f",
        "current_graph_route_m": 862.9,
        "current_graph_route_state": "implausible_detour",
        "current_mrt_lrt_connector_reason": "implausible_graph_route_to_mrt_lrt_exit_within_direct_range",
        "current_score_best_name": "Grantral Mall Macpherson",
        "current_score_best_routed_m": 320.9,
        "current_score_best_type": "bus_stop",
        "current_score_mrt_lrt_exit_access_connector_m": 0.0,
        "current_score_routing_type": "sheltered_with_bus_stop_access_connector",
        "current_score_state": "SCORED",
        "current_score_total": 61.1,
        "diagnostic_class": "alternate_mrt_lrt_snap_candidate",
        "direct_distance_m": 226.1,
        "direction": "project_longer_than_onemap",
        "distance_sanity": "plausible",
        "endpoint_source": "postal_universe_to_transit_poi",
        "mrt_lrt_candidate_count": 3,
        "new_best_name": "TAI SENG MRT STATION Exit B",
        "new_best_shortest_m": 862.9,
        "old_abs_pct_delta": 223.184,
        "old_direction": "project_longer_than_onemap",
        "old_onemap_walk_m": 267.0,
        "old_project_shortest_m": 862.9,
        "old_validation_best_node": "TAI SENG MRT STATION Exit B",
        "onemap_walk_bucket": "gt_100m",
        "onemap_walk_m": 267.0,
        "origin_component": 0,
        "origin_component_reaches_target": true,
        "origin_snap_m": 35.5,
        "postal": "539939",
        "priority_rank": 2,
        "project_shortest_m": 862.9,
        "queue": "validation_subset_priority",
        "route_trust": "graph_routed_mrt_lrt",
        "routing_type": "sheltered",
        "same_validation_and_current_stop_name": true,
        "signed_delta_m": 595.9,
        "signed_pct_delta": 223.184,
        "state": "SCORED",
        "subset": "graph_routed_mrt_lrt_plausible_onemap_distance",
        "target_component": 0,
        "target_direct_m": 225.7,
        "target_exit_code": "Exit B",
        "target_match_method": "matched_target_name",
        "target_mrt_lrt_exit_name": "TAI SENG MRT STATION Exit B",
        "target_snap_m": 8.1,
        "target_station_name": "TAI SENG MRT STATION",
        "validation_area": "GEYLANG",
        "validation_direct_distance_m": 226.1,
        "validation_distance_sanity": "plausible",
        "validation_route_trust": "graph_routed_mrt_lrt",
        "validation_routing_type": "sheltered"
      },
      "type": "Feature"
    },
    {
      "geometry": {
        "coordinates": [
          [
            103.930217,
            1.323967
          ],
          [
            103.929673,
            1.324268
          ]
        ],
        "type": "LineString"
      },
      "properties": {
        "abs_delta_m": 345.5,
        "abs_pct_delta": 206.886,
        "alternate_snap_reachable_count": 9,
        "alternate_snap_search_m": 50.0,
        "area": "BEDOK",
        "best_alternate_snap": {
          "component": 0,
          "graph_node": [
            38752.14,
            34041.14
          ],
          "route_m": 431.3,
          "route_plus_snap_m": 464.0,
          "snap_m": 32.7
        },
        "best_node_name": "BEDOK MRT STATION Exit B",
        "best_node_type": "mrt_lrt_exit",
        "cache_key": "c2d49d854cfd752d48a57a34db60768c25eac56ab9b87768486388c617917825",
        "current_graph_route_m": 512.5,
        "current_graph_route_state": "implausible_detour",
        "current_mrt_lrt_connector_reason": "implausible_graph_route_to_mrt_lrt_exit_within_direct_range",
        "current_score_best_name": "Bedok Int",
        "current_score_best_routed_m": null,
        "current_score_best_type": "bus_stop",
        "current_score_mrt_lrt_exit_access_connector_m": null,
        "current_score_routing_type": "direct_bus_fallback_unrouted",
        "current_score_state": "SCORED_PARTIAL",
        "current_score_total": 55.0,
        "diagnostic_class": "alternate_mrt_lrt_snap_candidate",
        "direct_distance_m": 69.1,
        "direction": "project_longer_than_onemap",
        "distance_sanity": "plausible",
        "endpoint_source": "postal_universe_to_transit_poi",
        "mrt_lrt_candidate_count": 3,
        "new_best_name": "BEDOK MRT STATION Exit B",
        "new_best_shortest_m": 512.5,
        "old_abs_pct_delta": 206.886,
        "old_direction": "project_longer_than_onemap",
        "old_onemap_walk_m": 167.0,
        "old_project_shortest_m": 512.5,
        "old_validation_best_node": "BEDOK MRT STATION Exit B",
        "onemap_walk_bucket": "gt_100m",
        "onemap_walk_m": 167.0,
        "origin_component": 0,
        "origin_component_reaches_target": true,
        "origin_snap_m": 12.9,
        "postal": "467347",
        "priority_rank": 3,
        "project_shortest_m": 512.5,
        "queue": "validation_subset_priority",
        "route_trust": "graph_routed_mrt_lrt",
        "routing_type": "sheltered",
        "same_validation_and_current_stop_name": true,
        "signed_delta_m": 345.5,
        "signed_pct_delta": 206.886,
        "state": "SCORED",
        "subset": "graph_routed_mrt_lrt_plausible_onemap_distance",
        "target_component": 0,
        "target_direct_m": 69.2,
        "target_exit_code": "Exit B",
        "target_match_method": "matched_target_name",
        "target_mrt_lrt_exit_name": "BEDOK MRT STATION Exit B",
        "target_snap_m": 12.0,
        "target_station_name": "BEDOK MRT STATION",
        "validation_area": "BEDOK",
        "validation_direct_distance_m": 69.1,
        "validation_distance_sanity": "plausible",
        "validation_route_trust": "graph_routed_mrt_lrt",
        "validation_routing_type": "sheltered"
      },
      "type": "Feature"
    },
    {
      "geometry": {
        "coordinates": [
          [
            103.89479,
            1.382865
          ],
          [
            103.893463,
            1.38265
          ]
        ],
        "type": "LineString"
      },
      "properties": {
        "abs_delta_m": 254.3,
        "abs_pct_delta": 167.303,
        "alternate_snap_reachable_count": 5,
        "alternate_snap_search_m": 50.0,
        "area": "SENGKANG",
        "best_alternate_snap": {
          "component": 0,
          "graph_node": [
            34667.97,
            40517.52
          ],
          "route_m": 372.6,
          "route_plus_snap_m": 398.6,
          "snap_m": 26.0
        },
        "best_node_name": "BUANGKOK MRT STATION Exit B",
        "best_node_type": "mrt_lrt_exit",
        "cache_key": "0712d44a17a155b645f686860449c94d12374efe90a7e5ebad08fbaa9559de30",
        "current_graph_route_m": 372.6,
        "current_graph_route_state": "implausible_detour",
        "current_mrt_lrt_connector_reason": "implausible_graph_route_to_mrt_lrt_exit_within_direct_range",
        "current_score_best_name": "Buangkok Stn Exit B",
        "current_score_best_routed_m": 317.7,
        "current_score_best_type": "bus_stop",
        "current_score_mrt_lrt_exit_access_connector_m": 0.0,
        "current_score_routing_type": "sheltered",
        "current_score_state": "SCORED",
        "current_score_total": 73.5,
        "diagnostic_class": "alternate_mrt_lrt_snap_candidate",
        "direct_distance_m": 149.4,
        "direction": "project_longer_than_onemap",
        "distance_sanity": "plausible",
        "endpoint_source": "postal_universe_to_transit_poi",
        "mrt_lrt_candidate_count": 2,
        "new_best_name": "BUANGKOK MRT STATION Exit B",
        "new_best_shortest_m": 406.3,
        "old_abs_pct_delta": 167.303,
        "old_direction": "project_longer_than_onemap",
        "old_onemap_walk_m": 152.0,
        "old_project_shortest_m": 406.3,
        "old_validation_best_node": "BUANGKOK MRT STATION Exit B",
        "onemap_walk_bucket": "gt_100m",
        "onemap_walk_m": 152.0,
        "origin_component": 0,
        "origin_component_reaches_target": true,
        "origin_snap_m": 16.6,
        "postal": "541275",
        "priority_rank": 4,
        "project_shortest_m": 406.3,
        "queue": "validation_subset_priority",
        "route_trust": "graph_routed_mrt_lrt",
        "routing_type": "sheltered",
        "same_validation_and_current_stop_name": true,
        "signed_delta_m": 254.3,
        "signed_pct_delta": 167.303,
        "state": "SCORED",
        "subset": "graph_routed_mrt_lrt_plausible_onemap_distance",
        "target_component": 0,
        "target_direct_m": 149.5,
        "target_exit_code": "Exit B",
        "target_match_method": "matched_target_name",
        "target_mrt_lrt_exit_name": "BUANGKOK MRT STATION Exit B",
        "target_snap_m": 26.0,
        "target_station_name": "BUANGKOK MRT STATION",
        "validation_area": "SENGKANG",
        "validation_direct_distance_m": 149.4,
        "validation_distance_sanity": "plausible",
        "validation_route_trust": "graph_routed_mrt_lrt",
        "validation_routing_type": "sheltered"
      },
      "type": "Feature"
    },
    {
      "geometry": {
        "coordinates": [
          [
            103.955309,
            1.339817
          ],
          [
            103.953819,
            1.342662
          ]
        ],
        "type": "LineString"
      },
      "properties": {
        "abs_delta_m": 557.1,
        "abs_pct_delta": 121.373,
        "alternate_snap_reachable_count": 24,
        "alternate_snap_search_m": 50.0,
        "area": "TAMPINES",
        "best_alternate_snap": {
          "component": 0,
          "graph_node": [
            41408.37,
            36057.23
          ],
          "route_m": 975.8,
          "route_plus_snap_m": 1009.2,
          "snap_m": 33.4
        },
        "best_node_name": "SIMEI MRT STATION Exit A",
        "best_node_type": "mrt_lrt_exit",
        "cache_key": "4821af3a4747e86dbc7da30c8333af72e449d37418463568bee4f9cf58be8718",
        "current_graph_route_m": 1016.1,
        "current_graph_route_state": "implausible_detour",
        "current_mrt_lrt_connector_reason": "implausible_graph_route_to_mrt_lrt_exit_within_direct_range",
        "current_score_best_name": "Bet Blks 227/228",
        "current_score_best_routed_m": null,
        "current_score_best_type": "bus_stop",
        "current_score_mrt_lrt_exit_access_connector_m": null,
        "current_score_routing_type": "direct_bus_fallback_unrouted",
        "current_score_state": "SCORED_PARTIAL",
        "current_score_total": 54.5,
        "diagnostic_class": "alternate_mrt_lrt_snap_candidate",
        "direct_distance_m": 357.1,
        "direction": "project_longer_than_onemap",
        "distance_sanity": "plausible",
        "endpoint_source": "postal_universe_to_transit_poi",
        "mrt_lrt_candidate_count": 1,
        "new_best_name": "SIMEI MRT STATION Exit A",
        "new_best_shortest_m": 1016.1,
        "old_abs_pct_delta": 121.373,
        "old_direction": "project_longer_than_onemap",
        "old_onemap_walk_m": 459.0,
        "old_project_shortest_m": 1016.1,
        "old_validation_best_node": "SIMEI MRT STATION Exit A",
        "onemap_walk_bucket": "gt_100m",
        "onemap_walk_m": 459.0,
        "origin_component": 0,
        "origin_component_reaches_target": true,
        "origin_snap_m": 14.6,
        "postal": "489249",
        "priority_rank": 5,
        "project_shortest_m": 1016.1,
        "queue": "validation_subset_priority",
        "route_trust": "graph_routed_mrt_lrt",
        "routing_type": "sheltered",
        "same_validation_and_current_stop_name": true,
        "signed_delta_m": 557.1,
        "signed_pct_delta": 121.373,
        "state": "SCORED",
        "subset": "graph_routed_mrt_lrt_plausible_onemap_distance",
        "target_component": 0,
        "target_direct_m": 355.6,
        "target_exit_code": "Exit A",
        "target_match_method": "matched_target_name",
        "target_mrt_lrt_exit_name": "SIMEI MRT STATION Exit A",
        "target_snap_m": 7.6,
        "target_station_name": "SIMEI MRT STATION",
        "validation_area": "TAMPINES",
        "validation_direct_distance_m": 357.1,
        "validation_distance_sanity": "plausible",
        "validation_route_trust": "graph_routed_mrt_lrt",
        "validation_routing_type": "sheltered"
      },
      "type": "Feature"
    },
    {
      "geometry": {
        "coordinates": [
          [
            103.900538,
            1.414109
          ],
          [
            103.901912,
            1.415865
          ]
        ],
        "type": "LineString"
      },
      "properties": {
        "abs_delta_m": 271.1,
        "abs_pct_delta": 102.689,
        "alternate_snap_reachable_count": 19,
        "alternate_snap_search_m": 50.0,
        "area": "PUNGGOL",
        "best_alternate_snap": {
          "component": 0,
          "graph_node": [
            35617.44,
            44200.61
          ],
          "route_m": 468.0,
          "route_plus_snap_m": 490.5,
          "snap_m": 22.5
        },
        "best_node_name": "SAMUDERA LRT STATION Exit A",
        "best_node_type": "mrt_lrt_exit",
        "cache_key": "9f7edc0a760d61679b2a0c4e2f8d47bffa302cbff9f74fd923d236a9108c92f0",
        "current_graph_route_m": 531.0,
        "current_graph_route_state": "implausible_detour",
        "current_mrt_lrt_connector_reason": "implausible_graph_route_to_mrt_lrt_exit_within_direct_range",
        "current_score_best_name": "Nibong Stn Exit A",
        "current_score_best_routed_m": null,
        "current_score_best_type": "bus_stop",
        "current_score_mrt_lrt_exit_access_connector_m": null,
        "current_score_routing_type": "direct_bus_fallback_unrouted",
        "current_score_state": "SCORED_PARTIAL",
        "current_score_total": 55.0,
        "diagnostic_class": "alternate_mrt_lrt_snap_candidate",
        "direct_distance_m": 247.9,
        "direction": "project_longer_than_onemap",
        "distance_sanity": "plausible",
        "endpoint_source": "postal_universe_to_transit_poi",
        "mrt_lrt_candidate_count": 4,
        "new_best_name": "SAMUDERA LRT STATION Exit A",
        "new_best_shortest_m": 535.1,
        "old_abs_pct_delta": 102.689,
        "old_direction": "project_longer_than_onemap",
        "old_onemap_walk_m": 264.0,
        "old_project_shortest_m": 535.1,
        "old_validation_best_node": "SAMUDERA LRT STATION Exit A",
        "onemap_walk_bucket": "gt_100m",
        "onemap_walk_m": 264.0,
        "origin_component": 0,
        "origin_component_reaches_target": true,
        "origin_snap_m": 12.8,
        "postal": "822401",
        "priority_rank": 6,
        "project_shortest_m": 535.1,
        "queue": "validation_subset_priority",
        "route_trust": "graph_routed_mrt_lrt",
        "routing_type": "sheltered",
        "same_validation_and_current_stop_name": true,
        "signed_delta_m": 271.1,
        "signed_pct_delta": 102.689,
        "state": "SCORED",
        "subset": "graph_routed_mrt_lrt_plausible_onemap_distance",
        "target_component": 0,
        "target_direct_m": 247.1,
        "target_exit_code": "Exit A",
        "target_match_method": "matched_target_name",
        "target_mrt_lrt_exit_name": "SAMUDERA LRT STATION Exit A",
        "target_snap_m": 1.7,
        "target_station_name": "SAMUDERA LRT STATION",
        "validation_area": "PUNGGOL",
        "validation_direct_distance_m": 247.9,
        "validation_distance_sanity": "plausible",
        "validation_route_trust": "graph_routed_mrt_lrt",
        "validation_routing_type": "sheltered"
      },
      "type": "Feature"
    },
    {
      "geometry": {
        "coordinates": [
          [
            103.946471,
            1.324629
          ],
          [
            103.945795,
            1.326858
          ]
        ],
        "type": "LineString"
      },
      "properties": {
        "abs_delta_m": 250.9,
        "abs_pct_delta": 84.764,
        "alternate_snap_reachable_count": 15,
        "alternate_snap_search_m": 50.0,
        "area": "BEDOK",
        "best_alternate_snap": {
          "component": 0,
          "graph_node": [
            40500.99,
            34298.55
          ],
          "route_m": 219.8,
          "route_plus_snap_m": 267.2,
          "snap_m": 47.4
        },
        "best_node_name": "TANAH MERAH MRT STATION Exit A",
        "best_node_type": "mrt_lrt_exit",
        "cache_key": "72f9a4d251634bc22e0823d0de5f187c213b6cf53e196870772b6aaf8cdd9ae5",
        "current_graph_route_m": 546.9,
        "current_graph_route_state": "implausible_detour",
        "current_mrt_lrt_connector_reason": "implausible_graph_route_to_mrt_lrt_exit_within_direct_range",
        "current_score_best_name": "Tanah Merah Stn Exit 1",
        "current_score_best_routed_m": null,
        "current_score_best_type": "bus_stop",
        "current_score_mrt_lrt_exit_access_connector_m": null,
        "current_score_routing_type": "direct_bus_fallback_unrouted",
        "current_score_state": "SCORED_PARTIAL",
        "current_score_total": 55.0,
        "diagnostic_class": "alternate_mrt_lrt_snap_candidate",
        "direct_distance_m": 259.0,
        "direction": "project_longer_than_onemap",
        "distance_sanity": "plausible",
        "endpoint_source": "postal_universe_to_transit_poi",
        "mrt_lrt_candidate_count": 2,
        "new_best_name": "TANAH MERAH MRT STATION Exit A",
        "new_best_shortest_m": 546.9,
        "old_abs_pct_delta": 84.764,
        "old_direction": "project_longer_than_onemap",
        "old_onemap_walk_m": 296.0,
        "old_project_shortest_m": 546.9,
        "old_validation_best_node": "TANAH MERAH MRT STATION Exit A",
        "onemap_walk_bucket": "gt_100m",
        "onemap_walk_m": 296.0,
        "origin_component": 0,
        "origin_component_reaches_target": true,
        "origin_snap_m": 10.6,
        "postal": "469252",
        "priority_rank": 7,
        "project_shortest_m": 546.9,
        "queue": "validation_subset_priority",
        "route_trust": "graph_routed_mrt_lrt",
        "routing_type": "sheltered",
        "same_validation_and_current_stop_name": true,
        "signed_delta_m": 250.9,
        "signed_pct_delta": 84.764,
        "state": "SCORED",
        "subset": "graph_routed_mrt_lrt_plausible_onemap_distance",
        "target_component": 0,
        "target_direct_m": 257.7,
        "target_exit_code": "Exit A",
        "target_match_method": "matched_target_name",
        "target_mrt_lrt_exit_name": "TANAH MERAH MRT STATION Exit A",
        "target_snap_m": 16.3,
        "target_station_name": "TANAH MERAH MRT STATION",
        "validation_area": "BEDOK",
        "validation_direct_distance_m": 259.0,
        "validation_distance_sanity": "plausible",
        "validation_route_trust": "graph_routed_mrt_lrt",
        "validation_routing_type": "sheltered"
      },
      "type": "Feature"
    },
    {
      "geometry": {
        "coordinates": [
          [
            103.80702,
            1.294337
          ],
          [
            103.806311,
            1.29433
          ]
        ],
        "type": "LineString"
      },
      "properties": {
        "abs_delta_m": 118.8,
        "abs_pct_delta": 83.662,
        "alternate_snap_reachable_count": 20,
        "alternate_snap_search_m": 50.0,
        "area": "QUEENSTOWN",
        "best_alternate_snap": {
          "component": 0,
          "graph_node": [
            25020.04,
            30744.03
          ],
          "route_m": 183.5,
          "route_plus_snap_m": 209.3,
          "snap_m": 25.8
        },
        "best_node_name": "QUEENSTOWN MRT STATION Exit B",
        "best_node_type": "mrt_lrt_exit",
        "cache_key": "18674706c6e1bacc395d03cb3ad6a9a3e6e5639478e21f20bd657e3673a80b9a",
        "current_graph_route_m": 268.5,
        "current_graph_route_state": "implausible_detour",
        "current_mrt_lrt_connector_reason": "implausible_graph_route_to_mrt_lrt_exit_within_direct_range",
        "current_score_best_name": "QUEENSTOWN MRT STATION Exit B",
        "current_score_best_routed_m": 314.6,
        "current_score_best_type": "mrt_lrt_exit",
        "current_score_mrt_lrt_exit_access_connector_m": 0.0,
        "current_score_routing_type": "sheltered",
        "current_score_state": "SCORED",
        "current_score_total": 81.1,
        "diagnostic_class": "scorer_recovered_target_mrt_lrt_exit",
        "direct_distance_m": 78.8,
        "direction": "project_shorter_than_onemap",
        "distance_sanity": "plausible",
        "endpoint_source": "postal_universe_to_transit_poi",
        "mrt_lrt_candidate_count": 4,
        "new_best_name": "QUEENSTOWN MRT STATION Exit B",
        "new_best_shortest_m": 23.2,
        "old_abs_pct_delta": 83.662,
        "old_direction": "project_shorter_than_onemap",
        "old_onemap_walk_m": 142.0,
        "old_project_shortest_m": 23.2,
        "old_validation_best_node": "QUEENSTOWN MRT STATION Exit B",
        "onemap_walk_bucket": "gt_100m",
        "onemap_walk_m": 142.0,
        "origin_component": 0,
        "origin_component_reaches_target": true,
        "origin_snap_m": 44.2,
        "postal": "149457",
        "priority_rank": 8,
        "project_shortest_m": 23.2,
        "queue": "validation_subset_priority",
        "route_trust": "graph_routed_mrt_lrt",
        "routing_type": "sheltered",
        "same_validation_and_current_stop_name": true,
        "signed_delta_m": -118.8,
        "signed_pct_delta": -83.662,
        "state": "SCORED",
        "subset": "graph_routed_mrt_lrt_plausible_onemap_distance",
        "target_component": 0,
        "target_direct_m": 78.9,
        "target_exit_code": "Exit B",
        "target_match_method": "matched_target_name",
        "target_mrt_lrt_exit_name": "QUEENSTOWN MRT STATION Exit B",
        "target_snap_m": 1.9,
        "target_station_name": "QUEENSTOWN MRT STATION",
        "validation_area": "QUEENSTOWN",
        "validation_direct_distance_m": 78.8,
        "validation_distance_sanity": "plausible",
        "validation_route_trust": "graph_routed_mrt_lrt",
        "validation_routing_type": "sheltered"
      },
      "type": "Feature"
    },
    {
      "geometry": {
        "coordinates": [
          [
            103.892459,
            1.32679
          ],
          [
            103.890666,
            1.325855
          ]
        ],
        "type": "LineString"
      },
      "properties": {
        "abs_delta_m": 231.7,
        "abs_pct_delta": 80.173,
        "alternate_snap_reachable_count": 19,
        "alternate_snap_search_m": 50.0,
        "area": "GEYLANG",
        "best_alternate_snap": {
          "component": 0,
          "graph_node": [
            34424.68,
            34231.55
          ],
          "route_m": 469.2,
          "route_plus_snap_m": 511.7,
          "snap_m": 42.5
        },
        "best_node_name": "MACPHERSON MRT STATION Exit B",
        "best_node_type": "mrt_lrt_exit",
        "cache_key": "b24d3b462038e1cc3e7d4ed029f1b524aa04aa290944444fc335040232d242a1",
        "current_graph_route_m": 520.7,
        "current_graph_route_state": "implausible_detour",
        "current_mrt_lrt_connector_reason": "implausible_graph_route_to_mrt_lrt_exit_within_direct_range",
        "current_score_best_name": "MACPHERSON MRT STATION Exit B",
        "current_score_best_routed_m": 576.8,
        "current_score_best_type": "mrt_lrt_exit",
        "current_score_mrt_lrt_exit_access_connector_m": 0.0,
        "current_score_routing_type": "sheltered",
        "current_score_state": "SCORED",
        "current_score_total": 68.0,
        "diagnostic_class": "scorer_recovered_target_mrt_lrt_exit",
        "direct_distance_m": 224.8,
        "direction": "project_longer_than_onemap",
        "distance_sanity": "plausible",
        "endpoint_source": "postal_universe_to_transit_poi",
        "mrt_lrt_candidate_count": 5,
        "new_best_name": "MACPHERSON MRT STATION Exit B",
        "new_best_shortest_m": 520.7,
        "old_abs_pct_delta": 80.173,
        "old_direction": "project_longer_than_onemap",
        "old_onemap_walk_m": 289.0,
        "old_project_shortest_m": 520.7,
        "old_validation_best_node": "MACPHERSON MRT STATION Exit B",
        "onemap_walk_bucket": "gt_100m",
        "onemap_walk_m": 289.0,
        "origin_component": 0,
        "origin_component_reaches_target": true,
        "origin_snap_m": 41.8,
        "postal": "408694",
        "priority_rank": 9,
        "project_shortest_m": 520.7,
        "queue": "validation_subset_priority",
        "route_trust": "graph_routed_mrt_lrt",
        "routing_type": "sheltered",
        "same_validation_and_current_stop_name": true,
        "signed_delta_m": 231.7,
        "signed_pct_delta": 80.173,
        "state": "SCORED",
        "subset": "graph_routed_mrt_lrt_plausible_onemap_distance",
        "target_component": 0,
        "target_direct_m": 224.8,
        "target_exit_code": "Exit B",
        "target_match_method": "matched_target_name",
        "target_mrt_lrt_exit_name": "MACPHERSON MRT STATION Exit B",
        "target_snap_m": 14.3,
        "target_station_name": "MACPHERSON MRT STATION",
        "validation_area": "GEYLANG",
        "validation_direct_distance_m": 224.8,
        "validation_distance_sanity": "plausible",
        "validation_route_trust": "graph_routed_mrt_lrt",
        "validation_routing_type": "sheltered"
      },
      "type": "Feature"
    },
    {
      "geometry": {
        "coordinates": [
          [
            103.931597,
            1.311212
          ],
          [
            103.931246,
            1.310589
          ]
        ],
        "type": "LineString"
      },
      "properties": {
        "abs_delta_m": 85.0,
        "abs_pct_delta": 75.221,
        "alternate_snap_reachable_count": 13,
        "alternate_snap_search_m": 50.0,
        "area": "BEDOK",
        "best_alternate_snap": {
          "component": 0,
          "graph_node": [
            38920.83,
            32540.36
          ],
          "route_m": 193.9,
          "route_plus_snap_m": 216.6,
          "snap_m": 22.7
        },
        "best_node_name": "SIGLAP MRT STATION Exit 3",
        "best_node_type": "mrt_lrt_exit",
        "cache_key": "b6ba7329f7bff437bdd7bf8acda97c668788945474e3f8623d985c3fcbe9d42d",
        "current_graph_route_m": 198.0,
        "current_graph_route_state": "implausible_detour",
        "current_mrt_lrt_connector_reason": "implausible_graph_route_to_mrt_lrt_exit_within_direct_range",
        "current_score_best_name": "SIGLAP MRT STATION Exit 3",
        "current_score_best_routed_m": 232.9,
        "current_score_best_type": "mrt_lrt_exit",
        "current_score_mrt_lrt_exit_access_connector_m": 0.0,
        "current_score_routing_type": "sheltered",
        "current_score_state": "SCORED",
        "current_score_total": 76.1,
        "diagnostic_class": "scorer_recovered_target_mrt_lrt_exit",
        "direct_distance_m": 79.5,
        "direction": "project_longer_than_onemap",
        "distance_sanity": "plausible",
        "endpoint_source": "postal_universe_to_transit_poi",
        "mrt_lrt_candidate_count": 4,
        "new_best_name": "SIGLAP MRT STATION Exit 3",
        "new_best_shortest_m": 198.0,
        "old_abs_pct_delta": 75.221,
        "old_direction": "project_longer_than_onemap",
        "old_onemap_walk_m": 113.0,
        "old_project_shortest_m": 198.0,
        "old_validation_best_node": "SIGLAP MRT STATION Exit 3",
        "onemap_walk_bucket": "gt_100m",
        "onemap_walk_m": 113.0,
        "origin_component": 0,
        "origin_component_reaches_target": true,
        "origin_snap_m": 15.8,
        "postal": "458671",
        "priority_rank": 10,
        "project_shortest_m": 198.0,
        "queue": "validation_subset_priority",
        "route_trust": "graph_routed_mrt_lrt",
        "routing_type": "sheltered",
        "same_validation_and_current_stop_name": true,
        "signed_delta_m": 85.0,
        "signed_pct_delta": 75.221,
        "state": "SCORED",
        "subset": "graph_routed_mrt_lrt_plausible_onemap_distance",
        "target_component": 0,
        "target_direct_m": 79.2,
        "target_exit_code": "Exit 3",
        "target_match_method": "matched_target_name",
        "target_mrt_lrt_exit_name": "SIGLAP MRT STATION Exit 3",
        "target_snap_m": 19.1,
        "target_station_name": "SIGLAP MRT STATION",
        "validation_area": "BEDOK",
        "validation_direct_distance_m": 79.5,
        "validation_distance_sanity": "plausible",
        "validation_route_trust": "graph_routed_mrt_lrt",
        "validation_routing_type": "sheltered"
      },
      "type": "Feature"
    },
    {
      "geometry": {
        "coordinates": [
          [
            103.782545,
            1.447405
          ],
          [
            103.785429,
            1.447936
          ]
        ],
        "type": "LineString"
      },
      "properties": {
        "abs_delta_m": 965.8,
        "abs_pct_delta": 70.291,
        "alternate_snap_reachable_count": 9,
        "alternate_snap_search_m": 50.0,
        "area": "WOODLANDS",
        "best_alternate_snap": {
          "component": 0,
          "graph_node": [
            22645.39,
            47730.16
          ],
          "route_m": 382.5,
          "route_plus_snap_m": 407.8,
          "snap_m": 25.3
        },
        "best_node_name": "WOODLANDS NORTH MRT STATION Exit 1",
        "best_node_type": "mrt_lrt_exit",
        "cache_key": "c4ebe1aeff31bf63afad3f401deab02a3e697434fa5469742dd343d8b24ab9a3",
        "current_graph_route_m": 408.2,
        "current_graph_route_state": "routable",
        "current_mrt_lrt_connector_reason": null,
        "current_score_best_name": "W'lands Nth Stn",
        "current_score_best_routed_m": null,
        "current_score_best_type": "bus_stop",
        "current_score_mrt_lrt_exit_access_connector_m": null,
        "current_score_routing_type": "direct_bus_fallback_unrouted",
        "current_score_state": "SCORED_PARTIAL",
        "current_score_total": 55.0,
        "diagnostic_class": "current_routable",
        "direct_distance_m": 326.0,
        "direction": "project_shorter_than_onemap",
        "distance_sanity": "plausible",
        "endpoint_source": "postal_universe_to_transit_poi",
        "mrt_lrt_candidate_count": 2,
        "new_best_name": "WOODLANDS NORTH MRT STATION Exit 1",
        "new_best_shortest_m": 408.2,
        "old_abs_pct_delta": 70.291,
        "old_direction": "project_shorter_than_onemap",
        "old_onemap_walk_m": 1374.0,
        "old_project_shortest_m": 408.2,
        "old_validation_best_node": "WOODLANDS NORTH MRT STATION Exit 1",
        "onemap_walk_bucket": "gt_100m",
        "onemap_walk_m": 1374.0,
        "origin_component": 0,
        "origin_component_reaches_target": true,
        "origin_snap_m": 155.8,
        "postal": "730912",
        "priority_rank": 11,
        "project_shortest_m": 408.2,
        "queue": "validation_subset_priority",
        "route_trust": "graph_routed_mrt_lrt",
        "routing_type": "sheltered",
        "same_validation_and_current_stop_name": true,
        "signed_delta_m": -965.8,
        "signed_pct_delta": -70.291,
        "state": "SCORED",
        "subset": "graph_routed_mrt_lrt_plausible_onemap_distance",
        "target_component": 0,
        "target_direct_m": 326.3,
        "target_exit_code": "Exit 1",
        "target_match_method": "matched_target_name",
        "target_mrt_lrt_exit_name": "WOODLANDS NORTH MRT STATION Exit 1",
        "target_snap_m": 9.2,
        "target_station_name": "WOODLANDS NORTH MRT STATION",
        "validation_area": "WOODLANDS",
        "validation_direct_distance_m": 326.0,
        "validation_distance_sanity": "plausible",
        "validation_route_trust": "graph_routed_mrt_lrt",
        "validation_routing_type": "sheltered"
      },
      "type": "Feature"
    },
    {
      "geometry": {
        "coordinates": [
          [
            103.954084,
            1.33951
          ],
          [
            103.953819,
            1.342662
          ]
        ],
        "type": "LineString"
      },
      "properties": {
        "abs_delta_m": 336.2,
        "abs_pct_delta": 68.333,
        "alternate_snap_reachable_count": 24,
        "alternate_snap_search_m": 50.0,
        "area": "TAMPINES",
        "best_alternate_snap": {
          "component": 0,
          "graph_node": [
            41408.37,
            36057.23
          ],
          "route_m": 787.9,
          "route_plus_snap_m": 821.3,
          "snap_m": 33.4
        },
        "best_node_name": "SIMEI MRT STATION Exit A",
        "best_node_type": "mrt_lrt_exit",
        "cache_key": "a37fcee6137cf701637b4f856e290f0e078f24f9dffb634c6deda9460ea59cc1",
        "current_graph_route_m": 828.2,
        "current_graph_route_state": "implausible_detour",
        "current_mrt_lrt_connector_reason": "implausible_graph_route_to_mrt_lrt_exit_within_direct_range",
        "current_score_best_name": "Opp Simei Stn",
        "current_score_best_routed_m": null,
        "current_score_best_type": "bus_stop",
        "current_score_mrt_lrt_exit_access_connector_m": null,
        "current_score_routing_type": "direct_bus_fallback_unrouted",
        "current_score_state": "SCORED_PARTIAL",
        "current_score_total": 55.0,
        "diagnostic_class": "alternate_mrt_lrt_snap_candidate",
        "direct_distance_m": 351.7,
        "direction": "project_longer_than_onemap",
        "distance_sanity": "plausible",
        "endpoint_source": "postal_universe_to_transit_poi",
        "mrt_lrt_candidate_count": 1,
        "new_best_name": "SIMEI MRT STATION Exit A",
        "new_best_shortest_m": 828.2,
        "old_abs_pct_delta": 68.333,
        "old_direction": "project_longer_than_onemap",
        "old_onemap_walk_m": 492.0,
        "old_project_shortest_m": 828.2,
        "old_validation_best_node": "SIMEI MRT STATION Exit A",
        "onemap_walk_bucket": "gt_100m",
        "onemap_walk_m": 492.0,
        "origin_component": 0,
        "origin_component_reaches_target": true,
        "origin_snap_m": 7.0,
        "postal": "489511",
        "priority_rank": 12,
        "project_shortest_m": 828.2,
        "queue": "validation_subset_priority",
        "route_trust": "graph_routed_mrt_lrt",
        "routing_type": "sheltered",
        "same_validation_and_current_stop_name": true,
        "signed_delta_m": 336.2,
        "signed_pct_delta": 68.333,
        "state": "SCORED",
        "subset": "graph_routed_mrt_lrt_plausible_onemap_distance",
        "target_component": 0,
        "target_direct_m": 349.7,
        "target_exit_code": "Exit A",
        "target_match_method": "matched_target_name",
        "target_mrt_lrt_exit_name": "SIMEI MRT STATION Exit A",
        "target_snap_m": 7.6,
        "target_station_name": "SIMEI MRT STATION",
        "validation_area": "TAMPINES",
        "validation_direct_distance_m": 351.7,
        "validation_distance_sanity": "plausible",
        "validation_route_trust": "graph_routed_mrt_lrt",
        "validation_routing_type": "sheltered"
      },
      "type": "Feature"
    },
    {
      "geometry": {
        "coordinates": [
          [
            103.85826,
            1.293043
          ],
          [
            103.855105,
            1.29382
          ]
        ],
        "type": "LineString"
      },
      "properties": {
        "abs_delta_m": 873.7,
        "abs_pct_delta": 65.94,
        "alternate_snap_reachable_count": 16,
        "alternate_snap_search_m": 50.0,
        "area": "DOWNTOWN_CORE",
        "best_alternate_snap": {
          "component": 0,
          "graph_node": [
            30449.59,
            30650.53
          ],
          "route_m": 406.3,
          "route_plus_snap_m": 452.6,
          "snap_m": 46.3
        },
        "best_node_name": "ESPLANADE MRT STATION Exit F",
        "best_node_type": "mrt_lrt_exit",
        "cache_key": "57013b2f11ea5ab2744619999e03a927acbd7eb84c6f56b44893de24e5d02011",
        "current_graph_route_m": 451.3,
        "current_graph_route_state": "routable",
        "current_mrt_lrt_connector_reason": null,
        "current_score_best_name": "ESPLANADE MRT STATION Exit B",
        "current_score_best_routed_m": 307.3,
        "current_score_best_type": "mrt_lrt_exit",
        "current_score_mrt_lrt_exit_access_connector_m": 41.0,
        "current_score_routing_type": "sheltered_with_mrt_lrt_exit_access_connector",
        "current_score_state": "SCORED",
        "current_score_total": 71.3,
        "diagnostic_class": "current_routable",
        "direct_distance_m": 361.2,
        "direction": "project_shorter_than_onemap",
        "distance_sanity": "plausible",
        "endpoint_source": "postal_universe_to_transit_poi",
        "mrt_lrt_candidate_count": 10,
        "new_best_name": "ESPLANADE MRT STATION Exit F",
        "new_best_shortest_m": 451.3,
        "old_abs_pct_delta": 65.94,
        "old_direction": "project_shorter_than_onemap",
        "old_onemap_walk_m": 1325.0,
        "old_project_shortest_m": 451.3,
        "old_validation_best_node": "ESPLANADE MRT STATION Exit F",
        "onemap_walk_bucket": "gt_100m",
        "onemap_walk_m": 1325.0,
        "origin_component": 0,
        "origin_component_reaches_target": true,
        "origin_snap_m": 15.9,
        "postal": "039596",
        "priority_rank": 13,
        "project_shortest_m": 451.3,
        "queue": "validation_subset_priority",
        "route_trust": "graph_routed_mrt_lrt",
        "routing_type": "sheltered",
        "same_validation_and_current_stop_name": true,
        "signed_delta_m": -873.7,
        "signed_pct_delta": -65.94,
        "state": "SCORED",
        "subset": "graph_routed_mrt_lrt_plausible_onemap_distance",
        "target_component": 0,
        "target_direct_m": 361.5,
        "target_exit_code": "Exit F",
        "target_match_method": "matched_target_name",
        "target_mrt_lrt_exit_name": "ESPLANADE MRT STATION Exit F",
        "target_snap_m": 8.5,
        "target_station_name": "ESPLANADE MRT STATION",
        "validation_area": "DOWNTOWN_CORE",
        "validation_direct_distance_m": 361.2,
        "validation_distance_sanity": "plausible",
        "validation_route_trust": "graph_routed_mrt_lrt",
        "validation_routing_type": "sheltered"
      },
      "type": "Feature"
    },
    {
      "geometry": {
        "coordinates": [
          [
            103.79044,
            1.27912
          ],
          [
            103.79203,
            1.276003
          ]
        ],
        "type": "LineString"
      },
      "properties": {
        "abs_delta_m": 1066.3,
        "abs_pct_delta": 63.508,
        "alternate_snap_reachable_count": 21,
        "alternate_snap_search_m": 50.0,
        "area": "QUEENSTOWN",
        "best_alternate_snap": {
          "component": 0,
          "graph_node": [
            23377.25,
            28736.22
          ],
          "route_m": 569.0,
          "route_plus_snap_m": 601.3,
          "snap_m": 32.3
        },
        "best_node_name": "PASIR PANJANG MRT STATION Exit A",
        "best_node_type": "mrt_lrt_exit",
        "cache_key": "14811b51e64d7704c94dba165b777dca748122500c8547cfbc522a7cd7ca826b",
        "current_graph_route_m": 612.7,
        "current_graph_route_state": "routable",
        "current_mrt_lrt_connector_reason": null,
        "current_score_best_name": "Aft Pasir Panjang Stn",
        "current_score_best_routed_m": null,
        "current_score_best_type": "bus_stop",
        "current_score_mrt_lrt_exit_access_connector_m": null,
        "current_score_routing_type": "direct_bus_fallback_unrouted",
        "current_score_state": "SCORED_PARTIAL",
        "current_score_total": 55.0,
        "diagnostic_class": "current_routable",
        "direct_distance_m": 389.1,
        "direction": "project_shorter_than_onemap",
        "distance_sanity": "plausible",
        "endpoint_source": "postal_universe_to_transit_poi",
        "mrt_lrt_candidate_count": 1,
        "new_best_name": "PASIR PANJANG MRT STATION Exit A",
        "new_best_shortest_m": 612.7,
        "old_abs_pct_delta": 63.508,
        "old_direction": "project_shorter_than_onemap",
        "old_onemap_walk_m": 1679.0,
        "old_project_shortest_m": 612.7,
        "old_validation_best_node": "PASIR PANJANG MRT STATION Exit A",
        "onemap_walk_bucket": "gt_100m",
        "onemap_walk_m": 1679.0,
        "origin_component": 0,
        "origin_component_reaches_target": true,
        "origin_snap_m": 15.1,
        "postal": "117940",
        "priority_rank": 14,
        "project_shortest_m": 612.7,
        "queue": "validation_subset_priority",
        "route_trust": "graph_routed_mrt_lrt",
        "routing_type": "sheltered",
        "same_validation_and_current_stop_name": true,
        "signed_delta_m": -1066.3,
        "signed_pct_delta": -63.508,
        "state": "SCORED",
        "subset": "graph_routed_mrt_lrt_plausible_onemap_distance",
        "target_component": 0,
        "target_direct_m": 387.4,
        "target_exit_code": "Exit A",
        "target_match_method": "matched_target_name",
        "target_mrt_lrt_exit_name": "PASIR PANJANG MRT STATION Exit A",
        "target_snap_m": 5.2,
        "target_station_name": "PASIR PANJANG MRT STATION",
        "validation_area": "QUEENSTOWN",
        "validation_direct_distance_m": 389.1,
        "validation_distance_sanity": "plausible",
        "validation_route_trust": "graph_routed_mrt_lrt",
        "validation_routing_type": "sheltered"
      },
      "type": "Feature"
    },
    {
      "geometry": {
        "coordinates": [
          [
            103.867928,
            1.27914
          ],
          [
            103.868587,
            1.280371
          ]
        ],
        "type": "LineString"
      },
      "properties": {
        "abs_delta_m": 177.0,
        "abs_pct_delta": 62.544,
        "alternate_snap_reachable_count": 20,
        "alternate_snap_search_m": 50.0,
        "area": "MARINA_SOUTH",
        "best_alternate_snap": {
          "component": 0,
          "graph_node": [
            31889.84,
            29173.89
          ],
          "route_m": 37.4,
          "route_plus_snap_m": 82.7,
          "snap_m": 45.3
        },
        "best_node_name": "GARDENS BY THE BAY MRT STATION Exit 1",
        "best_node_type": "mrt_lrt_exit",
        "cache_key": "34d43bc06bea2462617a0ac55a491eb206c86d9ec2d16b141de0a63aecd0bc7d",
        "current_graph_route_m": 106.0,
        "current_graph_route_state": "routable",
        "current_mrt_lrt_connector_reason": null,
        "current_score_best_name": "GARDENS BY THE BAY MRT STATION Exit 1",
        "current_score_best_routed_m": 222.5,
        "current_score_best_type": "mrt_lrt_exit",
        "current_score_mrt_lrt_exit_access_connector_m": 0.0,
        "current_score_routing_type": "sheltered",
        "current_score_state": "SCORED",
        "current_score_total": 40.0,
        "diagnostic_class": "scorer_recovered_target_mrt_lrt_exit",
        "direct_distance_m": 155.3,
        "direction": "project_shorter_than_onemap",
        "distance_sanity": "plausible",
        "endpoint_source": "postal_universe_to_transit_poi",
        "mrt_lrt_candidate_count": 3,
        "new_best_name": "GARDENS BY THE BAY MRT STATION Exit 1",
        "new_best_shortest_m": 106.0,
        "old_abs_pct_delta": 62.544,
        "old_direction": "project_shorter_than_onemap",
        "old_onemap_walk_m": 283.0,
        "old_project_shortest_m": 106.0,
        "old_validation_best_node": "GARDENS BY THE BAY MRT STATION Exit 1",
        "onemap_walk_bucket": "gt_100m",
        "onemap_walk_m": 283.0,
        "origin_component": 0,
        "origin_component_reaches_target": true,
        "origin_snap_m": 105.3,
        "postal": "019396",
        "priority_rank": 15,
        "project_shortest_m": 106.0,
        "queue": "validation_subset_priority",
        "route_trust": "graph_routed_mrt_lrt",
        "routing_type": "sheltered",
        "same_validation_and_current_stop_name": true,
        "signed_delta_m": -177.0,
        "signed_pct_delta": -62.544,
        "state": "SCORED",
        "subset": "graph_routed_mrt_lrt_plausible_onemap_distance",
        "target_component": 0,
        "target_direct_m": 154.6,
        "target_exit_code": "Exit 1",
        "target_match_method": "matched_target_name",
        "target_mrt_lrt_exit_name": "GARDENS BY THE BAY MRT STATION Exit 1",
        "target_snap_m": 11.2,
        "target_station_name": "GARDENS BY THE BAY MRT STATION",
        "validation_area": "MARINA_SOUTH",
        "validation_direct_distance_m": 155.3,
        "validation_distance_sanity": "plausible",
        "validation_route_trust": "graph_routed_mrt_lrt",
        "validation_routing_type": "sheltered"
      },
      "type": "Feature"
    },
    {
      "geometry": {
        "coordinates": [
          [
            103.790607,
            1.281076
          ],
          [
            103.79203,
            1.276003
          ]
        ],
        "type": "LineString"
      },
      "properties": {
        "abs_delta_m": 1002.5,
        "abs_pct_delta": 59.922,
        "alternate_snap_reachable_count": 21,
        "alternate_snap_search_m": 50.0,
        "area": "QUEENSTOWN",
        "best_alternate_snap": {
          "component": 0,
          "graph_node": [
            23377.25,
            28736.22
          ],
          "route_m": 626.8,
          "route_plus_snap_m": 659.1,
          "snap_m": 32.3
        },
        "best_node_name": "PASIR PANJANG MRT STATION Exit A",
        "best_node_type": "mrt_lrt_exit",
        "cache_key": "f52a1a395a30ace8ad51ba7c3bb163078457f29bbad484f9b2a46ca4451d7e6f",
        "current_graph_route_m": 670.5,
        "current_graph_route_state": "routable",
        "current_mrt_lrt_connector_reason": null,
        "current_score_best_name": "PASIR PANJANG MRT STATION Exit A",
        "current_score_best_routed_m": 751.2,
        "current_score_best_type": "mrt_lrt_exit",
        "current_score_mrt_lrt_exit_access_connector_m": 0.0,
        "current_score_routing_type": "sheltered",
        "current_score_state": "SCORED",
        "current_score_total": 29.7,
        "diagnostic_class": "scorer_recovered_target_mrt_lrt_exit",
        "direct_distance_m": 585.9,
        "direction": "project_shorter_than_onemap",
        "distance_sanity": "plausible",
        "endpoint_source": "postal_universe_to_transit_poi",
        "mrt_lrt_candidate_count": 1,
        "new_best_name": "PASIR PANJANG MRT STATION Exit A",
        "new_best_shortest_m": 670.5,
        "old_abs_pct_delta": 59.922,
        "old_direction": "project_shorter_than_onemap",
        "old_onemap_walk_m": 1673.0,
        "old_project_shortest_m": 670.5,
        "old_validation_best_node": "PASIR PANJANG MRT STATION Exit A",
        "onemap_walk_bucket": "gt_100m",
        "onemap_walk_m": 1673.0,
        "origin_component": 0,
        "origin_component_reaches_target": true,
        "origin_snap_m": 75.6,
        "postal": "117311",
        "priority_rank": 16,
        "project_shortest_m": 670.5,
        "queue": "validation_subset_priority",
        "route_trust": "graph_routed_mrt_lrt",
        "routing_type": "sheltered",
        "same_validation_and_current_stop_name": true,
        "signed_delta_m": -1002.5,
        "signed_pct_delta": -59.922,
        "state": "SCORED",
        "subset": "graph_routed_mrt_lrt_plausible_onemap_distance",
        "target_component": 0,
        "target_direct_m": 582.9,
        "target_exit_code": "Exit A",
        "target_match_method": "matched_target_name",
        "target_mrt_lrt_exit_name": "PASIR PANJANG MRT STATION Exit A",
        "target_snap_m": 5.2,
        "target_station_name": "PASIR PANJANG MRT STATION",
        "validation_area": "QUEENSTOWN",
        "validation_direct_distance_m": 585.9,
        "validation_distance_sanity": "plausible",
        "validation_route_trust": "graph_routed_mrt_lrt",
        "validation_routing_type": "sheltered"
      },
      "type": "Feature"
    },
    {
      "geometry": {
        "coordinates": [
          [
            103.790807,
            1.280993
          ],
          [
            103.79203,
            1.276003
          ]
        ],
        "type": "LineString"
      },
      "properties": {
        "abs_delta_m": 1001.5,
        "abs_pct_delta": 59.898,
        "alternate_snap_reachable_count": 21,
        "alternate_snap_search_m": 50.0,
        "area": "QUEENSTOWN",
        "best_alternate_snap": {
          "component": 0,
          "graph_node": [
            23377.25,
            28736.22
          ],
          "route_m": 626.8,
          "route_plus_snap_m": 659.1,
          "snap_m": 32.3
        },
        "best_node_name": "PASIR PANJANG MRT STATION Exit A",
        "best_node_type": "mrt_lrt_exit",
        "cache_key": "00abc444640633c398f24a2d79c5687bfb63b0b114d19b9369d0520d986f57dd",
        "current_graph_route_m": 670.5,
        "current_graph_route_state": "routable",
        "current_mrt_lrt_connector_reason": null,
        "current_score_best_name": "PASIR PANJANG MRT STATION Exit A",
        "current_score_best_routed_m": 729.6,
        "current_score_best_type": "mrt_lrt_exit",
        "current_score_mrt_lrt_exit_access_connector_m": 0.0,
        "current_score_routing_type": "sheltered",
        "current_score_state": "SCORED",
        "current_score_total": 31.1,
        "diagnostic_class": "scorer_recovered_target_mrt_lrt_exit",
        "direct_distance_m": 571.3,
        "direction": "project_shorter_than_onemap",
        "distance_sanity": "plausible",
        "endpoint_source": "postal_universe_to_transit_poi",
        "mrt_lrt_candidate_count": 1,
        "new_best_name": "PASIR PANJANG MRT STATION Exit A",
        "new_best_shortest_m": 670.5,
        "old_abs_pct_delta": 59.898,
        "old_direction": "project_shorter_than_onemap",
        "old_onemap_walk_m": 1672.0,
        "old_project_shortest_m": 670.5,
        "old_validation_best_node": "PASIR PANJANG MRT STATION Exit A",
        "onemap_walk_bucket": "gt_100m",
        "onemap_walk_m": 1672.0,
        "origin_component": 0,
        "origin_component_reaches_target": true,
        "origin_snap_m": 54.0,
        "postal": "117294",
        "priority_rank": 17,
        "project_shortest_m": 670.5,
        "queue": "validation_subset_priority",
        "route_trust": "graph_routed_mrt_lrt",
        "routing_type": "sheltered",
        "same_validation_and_current_stop_name": true,
        "signed_delta_m": -1001.5,
        "signed_pct_delta": -59.898,
        "state": "SCORED",
        "subset": "graph_routed_mrt_lrt_plausible_onemap_distance",
        "target_component": 0,
        "target_direct_m": 568.2,
        "target_exit_code": "Exit A",
        "target_match_method": "matched_target_name",
        "target_mrt_lrt_exit_name": "PASIR PANJANG MRT STATION Exit A",
        "target_snap_m": 5.2,
        "target_station_name": "PASIR PANJANG MRT STATION",
        "validation_area": "QUEENSTOWN",
        "validation_direct_distance_m": 571.3,
        "validation_distance_sanity": "plausible",
        "validation_route_trust": "graph_routed_mrt_lrt",
        "validation_routing_type": "sheltered"
      },
      "type": "Feature"
    },
    {
      "geometry": {
        "coordinates": [
          [
            103.911836,
            1.38633
          ],
          [
            103.905482,
            1.387841
          ]
        ],
        "type": "LineString"
      },
      "properties": {
        "abs_delta_m": 1355.5,
        "abs_pct_delta": 59.582,
        "alternate_snap_reachable_count": 21,
        "alternate_snap_search_m": 50.0,
        "area": "SENGKANG",
        "best_alternate_snap": {
          "component": 0,
          "graph_node": [
            36053.48,
            41088.88
          ],
          "route_m": 899.3,
          "route_plus_snap_m": 922.1,
          "snap_m": 22.8
        },
        "best_node_name": "BAKAU LRT STATION Exit B",
        "best_node_type": "mrt_lrt_exit",
        "cache_key": "d078011fba2c0e2f612c946276622b089379417bd34839985d560a9687282f47",
        "current_graph_route_m": 919.5,
        "current_graph_route_state": "routable",
        "current_mrt_lrt_connector_reason": null,
        "current_score_best_name": "BAKAU LRT STATION Exit B",
        "current_score_best_routed_m": 925.2,
        "current_score_best_type": "mrt_lrt_exit",
        "current_score_mrt_lrt_exit_access_connector_m": 0.0,
        "current_score_routing_type": "sheltered",
        "current_score_state": "SCORED",
        "current_score_total": 43.0,
        "diagnostic_class": "scorer_recovered_target_mrt_lrt_exit",
        "direct_distance_m": 726.0,
        "direction": "project_shorter_than_onemap",
        "distance_sanity": "plausible",
        "endpoint_source": "postal_universe_to_transit_poi",
        "mrt_lrt_candidate_count": 4,
        "new_best_name": "BAKAU LRT STATION Exit B",
        "new_best_shortest_m": 919.5,
        "old_abs_pct_delta": 59.582,
        "old_direction": "project_shorter_than_onemap",
        "old_onemap_walk_m": 2275.0,
        "old_project_shortest_m": 919.5,
        "old_validation_best_node": "BAKAU LRT STATION Exit B",
        "onemap_walk_bucket": "gt_100m",
        "onemap_walk_m": 2275.0,
        "origin_component": 0,
        "origin_component_reaches_target": true,
        "origin_snap_m": 1.4,
        "postal": "541175",
        "priority_rank": 18,
        "project_shortest_m": 919.5,
        "queue": "validation_subset_priority",
        "route_trust": "graph_routed_mrt_lrt",
        "routing_type": "sheltered",
        "same_validation_and_current_stop_name": true,
        "signed_delta_m": -1355.5,
        "signed_pct_delta": -59.582,
        "state": "SCORED",
        "subset": "graph_routed_mrt_lrt_plausible_onemap_distance",
        "target_component": 0,
        "target_direct_m": 726.6,
        "target_exit_code": "Exit B",
        "target_match_method": "matched_target_name",
        "target_mrt_lrt_exit_name": "BAKAU LRT STATION Exit B",
        "target_snap_m": 4.4,
        "target_station_name": "BAKAU LRT STATION",
        "validation_area": "SENGKANG",
        "validation_direct_distance_m": 726.0,
        "validation_distance_sanity": "plausible",
        "validation_route_trust": "graph_routed_mrt_lrt",
        "validation_routing_type": "sheltered"
      },
      "type": "Feature"
    },
    {
      "geometry": {
        "coordinates": [
          [
            103.948007,
            1.325234
          ],
          [
            103.945795,
            1.326858
          ]
        ],
        "type": "LineString"
      },
      "properties": {
        "abs_delta_m": 269.5,
        "abs_pct_delta": 57.709,
        "alternate_snap_reachable_count": 15,
        "alternate_snap_search_m": 50.0,
        "area": "BEDOK",
        "best_alternate_snap": {
          "component": 0,
          "graph_node": [
            40500.99,
            34298.55
          ],
          "route_m": 409.3,
          "route_plus_snap_m": 456.7,
          "snap_m": 47.4
        },
        "best_node_name": "TANAH MERAH MRT STATION Exit A",
        "best_node_type": "mrt_lrt_exit",
        "cache_key": "adaaeaad7b4d6eda7b0db241a871a43c98023f22f5e9c1f027008a9599e5ee4b",
        "current_graph_route_m": 736.5,
        "current_graph_route_state": "implausible_detour",
        "current_mrt_lrt_connector_reason": "implausible_graph_route_to_mrt_lrt_exit_within_direct_range",
        "current_score_best_name": "Tanah Merah Stn Exit 1",
        "current_score_best_routed_m": null,
        "current_score_best_type": "bus_stop",
        "current_score_mrt_lrt_exit_access_connector_m": null,
        "current_score_routing_type": "direct_bus_fallback_unrouted",
        "current_score_state": "SCORED_PARTIAL",
        "current_score_total": 55.0,
        "diagnostic_class": "alternate_mrt_lrt_snap_candidate",
        "direct_distance_m": 305.1,
        "direction": "project_longer_than_onemap",
        "distance_sanity": "plausible",
        "endpoint_source": "postal_universe_to_transit_poi",
        "mrt_lrt_candidate_count": 2,
        "new_best_name": "TANAH MERAH MRT STATION Exit A",
        "new_best_shortest_m": 736.5,
        "old_abs_pct_delta": 57.709,
        "old_direction": "project_longer_than_onemap",
        "old_onemap_walk_m": 467.0,
        "old_project_shortest_m": 736.5,
        "old_validation_best_node": "TANAH MERAH MRT STATION Exit A",
        "onemap_walk_bucket": "gt_100m",
        "onemap_walk_m": 467.0,
        "origin_component": 0,
        "origin_component_reaches_target": true,
        "origin_snap_m": 13.2,
        "postal": "469200",
        "priority_rank": 19,
        "project_shortest_m": 736.5,
        "queue": "validation_subset_priority",
        "route_trust": "graph_routed_mrt_lrt",
        "routing_type": "sheltered",
        "same_validation_and_current_stop_name": true,
        "signed_delta_m": 269.5,
        "signed_pct_delta": 57.709,
        "state": "SCORED",
        "subset": "graph_routed_mrt_lrt_plausible_onemap_distance",
        "target_component": 0,
        "target_direct_m": 304.7,
        "target_exit_code": "Exit A",
        "target_match_method": "matched_target_name",
        "target_mrt_lrt_exit_name": "TANAH MERAH MRT STATION Exit A",
        "target_snap_m": 16.3,
        "target_station_name": "TANAH MERAH MRT STATION",
        "validation_area": "BEDOK",
        "validation_direct_distance_m": 305.1,
        "validation_distance_sanity": "plausible",
        "validation_route_trust": "graph_routed_mrt_lrt",
        "validation_routing_type": "sheltered"
      },
      "type": "Feature"
    },
    {
      "geometry": {
        "coordinates": [
          [
            103.901888,
            1.321101
          ],
          [
            103.903215,
            1.31953
          ]
        ],
        "type": "LineString"
      },
      "properties": {
        "abs_delta_m": 164.2,
        "abs_pct_delta": 56.426,
        "alternate_snap_reachable_count": 6,
        "alternate_snap_search_m": 50.0,
        "area": "GEYLANG",
        "best_alternate_snap": {
          "component": 0,
          "graph_node": [
            35774.6,
            33541.59
          ],
          "route_m": 445.3,
          "route_plus_snap_m": 455.2,
          "snap_m": 10.0
        },
        "best_node_name": "EUNOS MRT STATION Exit C",
        "best_node_type": "mrt_lrt_exit",
        "cache_key": "b30529226ea4a9a7a4d85d8ac84a90cb018e4c466e3b9467631774c0a20318fa",
        "current_graph_route_m": 445.3,
        "current_graph_route_state": "routable",
        "current_mrt_lrt_connector_reason": null,
        "current_score_best_name": "EUNOS MRT STATION Exit B",
        "current_score_best_routed_m": 210.7,
        "current_score_best_type": "mrt_lrt_exit",
        "current_score_mrt_lrt_exit_access_connector_m": 45.3,
        "current_score_routing_type": "sheltered_with_mrt_lrt_exit_access_connector",
        "current_score_state": "SCORED",
        "current_score_total": 61.5,
        "diagnostic_class": "current_routable",
        "direct_distance_m": 228.6,
        "direction": "project_longer_than_onemap",
        "distance_sanity": "plausible",
        "endpoint_source": "postal_universe_to_transit_poi",
        "mrt_lrt_candidate_count": 3,
        "new_best_name": "EUNOS MRT STATION Exit C",
        "new_best_shortest_m": 455.2,
        "old_abs_pct_delta": 56.426,
        "old_direction": "project_longer_than_onemap",
        "old_onemap_walk_m": 291.0,
        "old_project_shortest_m": 455.2,
        "old_validation_best_node": "EUNOS MRT STATION Exit C",
        "onemap_walk_bucket": "gt_100m",
        "onemap_walk_m": 291.0,
        "origin_component": 0,
        "origin_component_reaches_target": true,
        "origin_snap_m": 1.5,
        "postal": "400036",
        "priority_rank": 20,
        "project_shortest_m": 455.2,
        "queue": "validation_subset_priority",
        "route_trust": "graph_routed_mrt_lrt",
        "routing_type": "sheltered",
        "same_validation_and_current_stop_name": true,
        "signed_delta_m": 164.2,
        "signed_pct_delta": 56.426,
        "state": "SCORED",
        "subset": "graph_routed_mrt_lrt_plausible_onemap_distance",
        "target_component": 0,
        "target_direct_m": 228.0,
        "target_exit_code": "Exit C",
        "target_match_method": "matched_target_name",
        "target_mrt_lrt_exit_name": "EUNOS MRT STATION Exit C",
        "target_snap_m": 10.0,
        "target_station_name": "EUNOS MRT STATION",
        "validation_area": "GEYLANG",
        "validation_direct_distance_m": 228.6,
        "validation_distance_sanity": "plausible",
        "validation_route_trust": "graph_routed_mrt_lrt",
        "validation_routing_type": "sheltered"
      },
      "type": "Feature"
    },
    {
      "geometry": {
        "coordinates": [
          [
            103.831995,
            1.365982
          ],
          [
            103.833635,
            1.364037
          ]
        ],
        "type": "LineString"
      },
      "properties": {
        "abs_delta_m": 735.0,
        "abs_pct_delta": 53.532,
        "alternate_snap_reachable_count": 8,
        "alternate_snap_search_m": 50.0,
        "area": "BISHAN",
        "best_alternate_snap": {
          "component": 0,
          "graph_node": [
            28075.75,
            38437.39
          ],
          "route_m": 604.5,
          "route_plus_snap_m": 648.2,
          "snap_m": 43.7
        },
        "best_node_name": "BRIGHT HILL MRT STATION Exit 1",
        "best_node_type": "mrt_lrt_exit",
        "cache_key": "e78f242f7bde581ce67b5fd547f94ac17d9babeeeaae49103ad6d575d5547032",
        "current_graph_route_m": 638.0,
        "current_graph_route_state": "implausible_detour",
        "current_mrt_lrt_connector_reason": "implausible_graph_route_to_mrt_lrt_exit_within_direct_range",
        "current_score_best_name": "Bef Ang Mo Kio Ave 2",
        "current_score_best_routed_m": null,
        "current_score_best_type": "bus_stop",
        "current_score_mrt_lrt_exit_access_connector_m": null,
        "current_score_routing_type": "direct_bus_fallback_unrouted",
        "current_score_state": "SCORED_PARTIAL",
        "current_score_total": 55.0,
        "diagnostic_class": "alternate_mrt_lrt_snap_candidate",
        "direct_distance_m": 282.9,
        "direction": "project_shorter_than_onemap",
        "distance_sanity": "plausible",
        "endpoint_source": "postal_universe_to_transit_poi",
        "mrt_lrt_candidate_count": 4,
        "new_best_name": "BRIGHT HILL MRT STATION Exit 1",
        "new_best_shortest_m": 638.0,
        "old_abs_pct_delta": 53.532,
        "old_direction": "project_shorter_than_onemap",
        "old_onemap_walk_m": 1373.0,
        "old_project_shortest_m": 638.0,
        "old_validation_best_node": "BRIGHT HILL MRT STATION Exit 1",
        "onemap_walk_bucket": "gt_100m",
        "onemap_walk_m": 1373.0,
        "origin_component": 0,
        "origin_component_reaches_target": true,
        "origin_snap_m": 47.4,
        "postal": "575568",
        "priority_rank": 21,
        "project_shortest_m": 638.0,
        "queue": "validation_subset_priority",
        "route_trust": "graph_routed_mrt_lrt",
        "routing_type": "sheltered",
        "same_validation_and_current_stop_name": true,
        "signed_delta_m": -735.0,
        "signed_pct_delta": -53.532,
        "state": "SCORED",
        "subset": "graph_routed_mrt_lrt_plausible_onemap_distance",
        "target_component": 0,
        "target_direct_m": 282.1,
        "target_exit_code": "Exit 1",
        "target_match_method": "matched_target_name",
        "target_mrt_lrt_exit_name": "BRIGHT HILL MRT STATION Exit 1",
        "target_snap_m": 31.4,
        "target_station_name": "BRIGHT HILL MRT STATION",
        "validation_area": "BISHAN",
        "validation_direct_distance_m": 282.9,
        "validation_distance_sanity": "plausible",
        "validation_route_trust": "graph_routed_mrt_lrt",
        "validation_routing_type": "sheltered"
      },
      "type": "Feature"
    },
    {
      "geometry": {
        "coordinates": [
          [
            103.899552,
            1.413144
          ],
          [
            103.900074,
            1.411773
          ]
        ],
        "type": "LineString"
      },
      "properties": {
        "abs_delta_m": 203.3,
        "abs_pct_delta": 53.5,
        "alternate_snap_reachable_count": 19,
        "alternate_snap_search_m": 50.0,
        "area": "PUNGGOL",
        "best_alternate_snap": {
          "component": 0,
          "graph_node": [
            35430.38,
            43769.78
          ],
          "route_m": 130.6,
          "route_plus_snap_m": 168.2,
          "snap_m": 37.5
        },
        "best_node_name": "NIBONG LRT STATION Exit A",
        "best_node_type": "mrt_lrt_exit",
        "cache_key": "d9820a24d67b1441069d0a250f1c0a47f623b88590a2db08a9bef8bc36eb059f",
        "current_graph_route_m": 176.7,
        "current_graph_route_state": "routable",
        "current_mrt_lrt_connector_reason": null,
        "current_score_best_name": "NIBONG LRT STATION Exit B",
        "current_score_best_routed_m": 275.6,
        "current_score_best_type": "mrt_lrt_exit",
        "current_score_mrt_lrt_exit_access_connector_m": 0.0,
        "current_score_routing_type": "sheltered",
        "current_score_state": "SCORED",
        "current_score_total": 97.1,
        "diagnostic_class": "current_routable",
        "direct_distance_m": 163.1,
        "direction": "project_shorter_than_onemap",
        "distance_sanity": "plausible",
        "endpoint_source": "postal_universe_to_transit_poi",
        "mrt_lrt_candidate_count": 2,
        "new_best_name": "NIBONG LRT STATION Exit A",
        "new_best_shortest_m": 176.7,
        "old_abs_pct_delta": 53.5,
        "old_direction": "project_shorter_than_onemap",
        "old_onemap_walk_m": 380.0,
        "old_project_shortest_m": 176.7,
        "old_validation_best_node": "NIBONG LRT STATION Exit A",
        "onemap_walk_bucket": "gt_100m",
        "onemap_walk_m": 380.0,
        "origin_component": 0,
        "origin_component_reaches_target": true,
        "origin_snap_m": 17.1,
        "postal": "820326",
        "priority_rank": 22,
        "project_shortest_m": 176.7,
        "queue": "validation_subset_priority",
        "route_trust": "graph_routed_mrt_lrt",
        "routing_type": "sheltered",
        "same_validation_and_current_stop_name": true,
        "signed_delta_m": -203.3,
        "signed_pct_delta": -53.5,
        "state": "SCORED",
        "subset": "graph_routed_mrt_lrt_plausible_onemap_distance",
        "target_component": 0,
        "target_direct_m": 162.3,
        "target_exit_code": "Exit A",
        "target_match_method": "matched_target_name",
        "target_mrt_lrt_exit_name": "NIBONG LRT STATION Exit A",
        "target_snap_m": 2.3,
        "target_station_name": "NIBONG LRT STATION",
        "validation_area": "PUNGGOL",
        "validation_direct_distance_m": 163.1,
        "validation_distance_sanity": "plausible",
        "validation_route_trust": "graph_routed_mrt_lrt",
        "validation_routing_type": "sheltered"
      },
      "type": "Feature"
    },
    {
      "geometry": {
        "coordinates": [
          [
            103.889582,
            1.298137
          ],
          [
            103.887092,
            1.297539
          ]
        ],
        "type": "LineString"
      },
      "properties": {
        "abs_delta_m": 419.4,
        "abs_pct_delta": 53.495,
        "alternate_snap_reachable_count": 8,
        "alternate_snap_search_m": 50.0,
        "area": "MARINE_PARADE",
        "best_alternate_snap": {
          "component": 0,
          "graph_node": [
            34010.49,
            31139.39
          ],
          "route_m": 349.6,
          "route_plus_snap_m": 396.1,
          "snap_m": 46.5
        },
        "best_node_name": "KATONG PARK MRT STATION Exit 1",
        "best_node_type": "mrt_lrt_exit",
        "cache_key": "72b95ca56263e6f2ed87bbc83a6a7ab1bf55b0bb04632158a79bf6a5c1badfd3",
        "current_graph_route_m": 364.6,
        "current_graph_route_state": "routable",
        "current_mrt_lrt_connector_reason": null,
        "current_score_best_name": "Aft Margate Rd",
        "current_score_best_routed_m": null,
        "current_score_best_type": "bus_stop",
        "current_score_mrt_lrt_exit_access_connector_m": null,
        "current_score_routing_type": "direct_bus_fallback_unrouted",
        "current_score_state": "SCORED_PARTIAL",
        "current_score_total": 55.0,
        "diagnostic_class": "current_routable",
        "direct_distance_m": 284.7,
        "direction": "project_shorter_than_onemap",
        "distance_sanity": "plausible",
        "endpoint_source": "postal_universe_to_transit_poi",
        "mrt_lrt_candidate_count": 2,
        "new_best_name": "KATONG PARK MRT STATION Exit 1",
        "new_best_shortest_m": 364.6,
        "old_abs_pct_delta": 53.495,
        "old_direction": "project_shorter_than_onemap",
        "old_onemap_walk_m": 784.0,
        "old_project_shortest_m": 364.6,
        "old_validation_best_node": "KATONG PARK MRT STATION Exit 1",
        "onemap_walk_bucket": "gt_100m",
        "onemap_walk_m": 784.0,
        "origin_component": 0,
        "origin_component_reaches_target": true,
        "origin_snap_m": 41.9,
        "postal": "437460",
        "priority_rank": 23,
        "project_shortest_m": 364.6,
        "queue": "validation_subset_priority",
        "route_trust": "graph_routed_mrt_lrt",
        "routing_type": "sheltered",
        "same_validation_and_current_stop_name": true,
        "signed_delta_m": -419.4,
        "signed_pct_delta": -53.495,
        "state": "SCORED",
        "subset": "graph_routed_mrt_lrt_plausible_onemap_distance",
        "target_component": 0,
        "target_direct_m": 284.9,
        "target_exit_code": "Exit 1",
        "target_match_method": "matched_target_name",
        "target_mrt_lrt_exit_name": "KATONG PARK MRT STATION Exit 1",
        "target_snap_m": 36.2,
        "target_station_name": "KATONG PARK MRT STATION",
        "validation_area": "MARINE_PARADE",
        "validation_direct_distance_m": 284.7,
        "validation_distance_sanity": "plausible",
        "validation_route_trust": "graph_routed_mrt_lrt",
        "validation_routing_type": "sheltered"
      },
      "type": "Feature"
    },
    {
      "geometry": {
        "coordinates": [
          [
            103.91328,
            1.31589
          ],
          [
            103.912941,
            1.320924
          ]
        ],
        "type": "LineString"
      },
      "properties": {
        "abs_delta_m": 380.4,
        "abs_pct_delta": 51.896,
        "alternate_snap_reachable_count": 24,
        "alternate_snap_search_m": 50.0,
        "area": "BEDOK",
        "best_alternate_snap": {
          "component": 0,
          "graph_node": [
            36894.97,
            33655.62
          ],
          "route_m": 1019.5,
          "route_plus_snap_m": 1065.4,
          "snap_m": 45.9
        },
        "best_node_name": "KEMBANGAN MRT STATION Exit A",
        "best_node_type": "mrt_lrt_exit",
        "cache_key": "f99dad7a3d1c67ed722c2dbb8e3738b696070e57ae9ea18f59ff0c114788e7e7",
        "current_graph_route_m": 1113.4,
        "current_graph_route_state": "routable",
        "current_mrt_lrt_connector_reason": null,
        "current_score_best_name": "KEMBANGAN MRT STATION Exit B",
        "current_score_best_routed_m": 1165.7,
        "current_score_best_type": "mrt_lrt_exit",
        "current_score_mrt_lrt_exit_access_connector_m": 0.0,
        "current_score_routing_type": "sheltered",
        "current_score_state": "SCORED",
        "current_score_total": 6.5,
        "diagnostic_class": "current_routable",
        "direct_distance_m": 561.0,
        "direction": "project_longer_than_onemap",
        "distance_sanity": "plausible",
        "endpoint_source": "postal_universe_to_transit_poi",
        "mrt_lrt_candidate_count": 2,
        "new_best_name": "KEMBANGAN MRT STATION Exit A",
        "new_best_shortest_m": 1113.4,
        "old_abs_pct_delta": 51.896,
        "old_direction": "project_longer_than_onemap",
        "old_onemap_walk_m": 733.0,
        "old_project_shortest_m": 1113.4,
        "old_validation_best_node": "KEMBANGAN MRT STATION Exit A",
        "onemap_walk_bucket": "gt_100m",
        "onemap_walk_m": 733.0,
        "origin_component": 0,
        "origin_component_reaches_target": true,
        "origin_snap_m": 16.6,
        "postal": "428042",
        "priority_rank": 24,
        "project_shortest_m": 1113.4,
        "queue": "validation_subset_priority",
        "route_trust": "graph_routed_mrt_lrt",
        "routing_type": "sheltered",
        "same_validation_and_current_stop_name": true,
        "signed_delta_m": 380.4,
        "signed_pct_delta": 51.896,
        "state": "SCORED",
        "subset": "graph_routed_mrt_lrt_plausible_onemap_distance",
        "target_component": 0,
        "target_direct_m": 557.9,
        "target_exit_code": "Exit A",
        "target_match_method": "matched_target_name",
        "target_mrt_lrt_exit_name": "KEMBANGAN MRT STATION Exit A",
        "target_snap_m": 7.8,
        "target_station_name": "KEMBANGAN MRT STATION",
        "validation_area": "BEDOK",
        "validation_direct_distance_m": 561.0,
        "validation_distance_sanity": "plausible",
        "validation_route_trust": "graph_routed_mrt_lrt",
        "validation_routing_type": "sheltered"
      },
      "type": "Feature"
    },
    {
      "geometry": {
        "coordinates": [
          [
            103.839718,
            1.304158
          ],
          [
            103.838459,
            1.300767
          ]
        ],
        "type": "LineString"
      },
      "properties": {
        "abs_delta_m": 456.9,
        "abs_pct_delta": 51.222,
        "alternate_snap_reachable_count": 24,
        "alternate_snap_search_m": 50.0,
        "area": "NEWTON",
        "best_alternate_snap": {
          "component": 0,
          "graph_node": [
            28576.02,
            31473.64
          ],
          "route_m": 435.1,
          "route_plus_snap_m": 451.6,
          "snap_m": 16.4
        },
        "best_node_name": "SOMERSET MRT STATION Exit B",
        "best_node_type": "mrt_lrt_exit",
        "cache_key": "8dd873911c39467a5b2506b85563cffa4be9fead4376a003f7c7e1b5eb258bba",
        "current_graph_route_m": 435.1,
        "current_graph_route_state": "routable",
        "current_mrt_lrt_connector_reason": null,
        "current_score_best_name": "SOMERSET MRT STATION Exit B",
        "current_score_best_routed_m": 465.8,
        "current_score_best_type": "mrt_lrt_exit",
        "current_score_mrt_lrt_exit_access_connector_m": 0.0,
        "current_score_routing_type": "sheltered",
        "current_score_state": "SCORED",
        "current_score_total": 40.8,
        "diagnostic_class": "scorer_recovered_target_mrt_lrt_exit",
        "direct_distance_m": 402.2,
        "direction": "project_shorter_than_onemap",
        "distance_sanity": "plausible",
        "endpoint_source": "postal_universe_to_transit_poi",
        "mrt_lrt_candidate_count": 4,
        "new_best_name": "SOMERSET MRT STATION Exit B",
        "new_best_shortest_m": 435.1,
        "old_abs_pct_delta": 51.222,
        "old_direction": "project_shorter_than_onemap",
        "old_onemap_walk_m": 892.0,
        "old_project_shortest_m": 435.1,
        "old_validation_best_node": "SOMERSET MRT STATION Exit B",
        "onemap_walk_bucket": "gt_100m",
        "onemap_walk_m": 892.0,
        "origin_component": 0,
        "origin_component_reaches_target": true,
        "origin_snap_m": 14.3,
        "postal": "229385",
        "priority_rank": 25,
        "project_shortest_m": 435.1,
        "queue": "validation_subset_priority",
        "route_trust": "graph_routed_mrt_lrt",
        "routing_type": "sheltered",
        "same_validation_and_current_stop_name": true,
        "signed_delta_m": -456.9,
        "signed_pct_delta": -51.222,
        "state": "SCORED",
        "subset": "graph_routed_mrt_lrt_plausible_onemap_distance",
        "target_component": 0,
        "target_direct_m": 400.3,
        "target_exit_code": "Exit B",
        "target_match_method": "matched_target_name",
        "target_mrt_lrt_exit_name": "SOMERSET MRT STATION Exit B",
        "target_snap_m": 16.4,
        "target_station_name": "SOMERSET MRT STATION",
        "validation_area": "NEWTON",
        "validation_direct_distance_m": 402.2,
        "validation_distance_sanity": "plausible",
        "validation_route_trust": "graph_routed_mrt_lrt",
        "validation_routing_type": "sheltered"
      },
      "type": "Feature"
    },
    {
      "geometry": {
        "coordinates": [
          [
            103.912938,
            1.315511
          ],
          [
            103.912941,
            1.320924
          ]
        ],
        "type": "LineString"
      },
      "properties": {
        "abs_delta_m": 384.5,
        "abs_pct_delta": 50.659,
        "alternate_snap_reachable_count": 24,
        "alternate_snap_search_m": 50.0,
        "area": "BEDOK",
        "best_alternate_snap": {
          "component": 0,
          "graph_node": [
            36894.97,
            33655.62
          ],
          "route_m": 1049.7,
          "route_plus_snap_m": 1095.6,
          "snap_m": 45.9
        },
        "best_node_name": "KEMBANGAN MRT STATION Exit A",
        "best_node_type": "mrt_lrt_exit",
        "cache_key": "d6cbb638fcb67fa75970671f981be70f15d33215f444feb861d6bc98a334c1a7",
        "current_graph_route_m": 1143.5,
        "current_graph_route_state": "routable",
        "current_mrt_lrt_connector_reason": null,
        "current_score_best_name": "KEMBANGAN MRT STATION Exit B",
        "current_score_best_routed_m": 1196.2,
        "current_score_best_type": "mrt_lrt_exit",
        "current_score_mrt_lrt_exit_access_connector_m": 0.0,
        "current_score_routing_type": "sheltered",
        "current_score_state": "SCORED",
        "current_score_total": 5.3,
        "diagnostic_class": "current_routable",
        "direct_distance_m": 601.9,
        "direction": "project_longer_than_onemap",
        "distance_sanity": "plausible",
        "endpoint_source": "postal_universe_to_transit_poi",
        "mrt_lrt_candidate_count": 2,
        "new_best_name": "KEMBANGAN MRT STATION Exit A",
        "new_best_shortest_m": 1143.5,
        "old_abs_pct_delta": 50.659,
        "old_direction": "project_longer_than_onemap",
        "old_onemap_walk_m": 759.0,
        "old_project_shortest_m": 1143.5,
        "old_validation_best_node": "KEMBANGAN MRT STATION Exit A",
        "onemap_walk_bucket": "gt_100m",
        "onemap_walk_m": 759.0,
        "origin_component": 0,
        "origin_component_reaches_target": true,
        "origin_snap_m": 17.0,
        "postal": "428066",
        "priority_rank": 26,
        "project_shortest_m": 1143.5,
        "queue": "validation_subset_priority",
        "route_trust": "graph_routed_mrt_lrt",
        "routing_type": "sheltered",
        "same_validation_and_current_stop_name": true,
        "signed_delta_m": 384.5,
        "signed_pct_delta": 50.659,
        "state": "SCORED",
        "subset": "graph_routed_mrt_lrt_plausible_onemap_distance",
        "target_component": 0,
        "target_direct_m": 598.6,
        "target_exit_code": "Exit A",
        "target_match_method": "matched_target_name",
        "target_mrt_lrt_exit_name": "KEMBANGAN MRT STATION Exit A",
        "target_snap_m": 7.8,
        "target_station_name": "KEMBANGAN MRT STATION",
        "validation_area": "BEDOK",
        "validation_direct_distance_m": 601.9,
        "validation_distance_sanity": "plausible",
        "validation_route_trust": "graph_routed_mrt_lrt",
        "validation_routing_type": "sheltered"
      },
      "type": "Feature"
    },
    {
      "geometry": {
        "coordinates": [
          [
            103.901922,
            1.329882
          ],
          [
            103.899877,
            1.329951
          ]
        ],
        "type": "LineString"
      },
      "properties": {
        "abs_delta_m": 152.9,
        "abs_pct_delta": 49.323,
        "alternate_snap_reachable_count": 24,
        "alternate_snap_search_m": 50.0,
        "area": "GEYLANG",
        "best_alternate_snap": {
          "component": 0,
          "graph_node": [
            35440.27,
            34659.83
          ],
          "route_m": 390.7,
          "route_plus_snap_m": 432.1,
          "snap_m": 41.4
        },
        "best_node_name": "UBI MRT STATION Exit A",
        "best_node_type": "mrt_lrt_exit",
        "cache_key": "abca4135938572ca9784167bd40faabfbdeebc7d1ccdbe1b9365796c08fb5a29",
        "current_graph_route_m": 462.9,
        "current_graph_route_state": "implausible_detour",
        "current_mrt_lrt_connector_reason": "implausible_graph_route_to_mrt_lrt_exit_within_direct_range",
        "current_score_best_name": "UBI MRT STATION Exit A",
        "current_score_best_routed_m": 507.4,
        "current_score_best_type": "mrt_lrt_exit",
        "current_score_mrt_lrt_exit_access_connector_m": 0.0,
        "current_score_routing_type": "sheltered",
        "current_score_state": "SCORED",
        "current_score_total": 86.2,
        "diagnostic_class": "scorer_recovered_target_mrt_lrt_exit",
        "direct_distance_m": 227.5,
        "direction": "project_longer_than_onemap",
        "distance_sanity": "plausible",
        "endpoint_source": "postal_universe_to_transit_poi",
        "mrt_lrt_candidate_count": 2,
        "new_best_name": "UBI MRT STATION Exit A",
        "new_best_shortest_m": 462.9,
        "old_abs_pct_delta": 49.323,
        "old_direction": "project_longer_than_onemap",
        "old_onemap_walk_m": 310.0,
        "old_project_shortest_m": 462.9,
        "old_validation_best_node": "UBI MRT STATION Exit A",
        "onemap_walk_bucket": "gt_100m",
        "onemap_walk_m": 310.0,
        "origin_component": 0,
        "origin_component_reaches_target": true,
        "origin_snap_m": 28.7,
        "postal": "400306",
        "priority_rank": 27,
        "project_shortest_m": 462.9,
        "queue": "validation_subset_priority",
        "route_trust": "graph_routed_mrt_lrt",
        "routing_type": "sheltered",
        "same_validation_and_current_stop_name": true,
        "signed_delta_m": 152.9,
        "signed_pct_delta": 49.323,
        "state": "SCORED",
        "subset": "graph_routed_mrt_lrt_plausible_onemap_distance",
        "target_component": 0,
        "target_direct_m": 227.8,
        "target_exit_code": "Exit A",
        "target_match_method": "matched_target_name",
        "target_mrt_lrt_exit_name": "UBI MRT STATION Exit A",
        "target_snap_m": 15.8,
        "target_station_name": "UBI MRT STATION",
        "validation_area": "GEYLANG",
        "validation_direct_distance_m": 227.5,
        "validation_distance_sanity": "plausible",
        "validation_route_trust": "graph_routed_mrt_lrt",
        "validation_routing_type": "sheltered"
      },
      "type": "Feature"
    },
    {
      "geometry": {
        "coordinates": [
          [
            103.839355,
            1.298718
          ],
          [
            103.838399,
            1.300028
          ]
        ],
        "type": "LineString"
      },
      "properties": {
        "abs_delta_m": 142.6,
        "abs_pct_delta": 48.836,
        "alternate_snap_reachable_count": 23,
        "alternate_snap_search_m": 50.0,
        "area": "RIVER_VALLEY",
        "best_alternate_snap": {
          "component": 0,
          "graph_node": [
            28569.31,
            31395.47
          ],
          "route_m": 397.8,
          "route_plus_snap_m": 417.5,
          "snap_m": 19.8
        },
        "best_node_name": "SOMERSET MRT STATION Exit A",
        "best_node_type": "mrt_lrt_exit",
        "cache_key": "af070400bb20f7deb7c101d75e95a708d12110a498330b3a241efc8fb7c9dfb1",
        "current_graph_route_m": 434.6,
        "current_graph_route_state": "implausible_detour",
        "current_mrt_lrt_connector_reason": "implausible_graph_route_to_mrt_lrt_exit_within_direct_range",
        "current_score_best_name": "SOMERSET MRT STATION Exit A",
        "current_score_best_routed_m": 450.3,
        "current_score_best_type": "mrt_lrt_exit",
        "current_score_mrt_lrt_exit_access_connector_m": 0.0,
        "current_score_routing_type": "sheltered",
        "current_score_state": "SCORED",
        "current_score_total": 56.2,
        "diagnostic_class": "scorer_recovered_target_mrt_lrt_exit",
        "direct_distance_m": 180.3,
        "direction": "project_longer_than_onemap",
        "distance_sanity": "plausible",
        "endpoint_source": "postal_universe_to_transit_poi",
        "mrt_lrt_candidate_count": 4,
        "new_best_name": "SOMERSET MRT STATION Exit A",
        "new_best_shortest_m": 434.6,
        "old_abs_pct_delta": 48.836,
        "old_direction": "project_longer_than_onemap",
        "old_onemap_walk_m": 292.0,
        "old_project_shortest_m": 434.6,
        "old_validation_best_node": "SOMERSET MRT STATION Exit A",
        "onemap_walk_bucket": "gt_100m",
        "onemap_walk_m": 292.0,
        "origin_component": 0,
        "origin_component_reaches_target": true,
        "origin_snap_m": 13.7,
        "postal": "239528",
        "priority_rank": 28,
        "project_shortest_m": 434.6,
        "queue": "validation_subset_priority",
        "route_trust": "graph_routed_mrt_lrt",
        "routing_type": "sheltered",
        "same_validation_and_current_stop_name": true,
        "signed_delta_m": 142.6,
        "signed_pct_delta": 48.836,
        "state": "SCORED",
        "subset": "graph_routed_mrt_lrt_plausible_onemap_distance",
        "target_component": 0,
        "target_direct_m": 179.7,
        "target_exit_code": "Exit A",
        "target_match_method": "matched_target_name",
        "target_mrt_lrt_exit_name": "SOMERSET MRT STATION Exit A",
        "target_snap_m": 2.0,
        "target_station_name": "SOMERSET MRT STATION",
        "validation_area": "RIVER_VALLEY",
        "validation_direct_distance_m": 180.3,
        "validation_distance_sanity": "plausible",
        "validation_route_trust": "graph_routed_mrt_lrt",
        "validation_routing_type": "sheltered"
      },
      "type": "Feature"
    },
    {
      "geometry": {
        "coordinates": [
          [
            103.94301,
            1.35515
          ],
          [
            103.944766,
            1.353764
          ]
        ],
        "type": "LineString"
      },
      "properties": {
        "abs_delta_m": 134.5,
        "abs_pct_delta": 48.208,
        "alternate_snap_reachable_count": 15,
        "alternate_snap_search_m": 50.0,
        "area": "TAMPINES",
        "best_alternate_snap": {
          "component": 0,
          "graph_node": [
            40381.12,
            37342.23
          ],
          "route_m": 360.3,
          "route_plus_snap_m": 392.7,
          "snap_m": 32.5
        },
        "best_node_name": "TAMPINES MRT STATION Exit A",
        "best_node_type": "mrt_lrt_exit",
        "cache_key": "037e34dfa74abe0bcc2e55b32cff34ffbe5ef57bb3984cca7f84194355a045f8",
        "current_graph_route_m": 392.7,
        "current_graph_route_state": "routable",
        "current_mrt_lrt_connector_reason": null,
        "current_score_best_name": "TAMPINES MRT STATION Exit A",
        "current_score_best_routed_m": 399.1,
        "current_score_best_type": "mrt_lrt_exit",
        "current_score_mrt_lrt_exit_access_connector_m": 0.0,
        "current_score_routing_type": "sheltered",
        "current_score_state": "SCORED",
        "current_score_total": 85.3,
        "diagnostic_class": "scorer_recovered_target_mrt_lrt_exit",
        "direct_distance_m": 248.7,
        "direction": "project_longer_than_onemap",
        "distance_sanity": "plausible",
        "endpoint_source": "postal_universe_to_transit_poi",
        "mrt_lrt_candidate_count": 7,
        "new_best_name": "TAMPINES MRT STATION Exit A",
        "new_best_shortest_m": 413.5,
        "old_abs_pct_delta": 48.208,
        "old_direction": "project_longer_than_onemap",
        "old_onemap_walk_m": 279.0,
        "old_project_shortest_m": 413.5,
        "old_validation_best_node": "TAMPINES MRT STATION Exit A",
        "onemap_walk_bucket": "gt_100m",
        "onemap_walk_m": 279.0,
        "origin_component": 0,
        "origin_component_reaches_target": true,
        "origin_snap_m": 4.4,
        "postal": "529544",
        "priority_rank": 29,
        "project_shortest_m": 413.5,
        "queue": "validation_subset_priority",
        "route_trust": "graph_routed_mrt_lrt",
        "routing_type": "sheltered",
        "same_validation_and_current_stop_name": true,
        "signed_delta_m": 134.5,
        "signed_pct_delta": 48.208,
        "state": "SCORED",
        "subset": "graph_routed_mrt_lrt_plausible_onemap_distance",
        "target_component": 0,
        "target_direct_m": 248.4,
        "target_exit_code": "Exit A",
        "target_match_method": "matched_target_name",
        "target_mrt_lrt_exit_name": "TAMPINES MRT STATION Exit A",
        "target_snap_m": 2.0,
        "target_station_name": "TAMPINES MRT STATION",
        "validation_area": "TAMPINES",
        "validation_direct_distance_m": 248.7,
        "validation_distance_sanity": "plausible",
        "validation_route_trust": "graph_routed_mrt_lrt",
        "validation_routing_type": "sheltered"
      },
      "type": "Feature"
    },
    {
      "geometry": {
        "coordinates": [
          [
            103.820492,
            1.398773
          ],
          [
            103.818003,
            1.398787
          ]
        ],
        "type": "LineString"
      },
      "properties": {
        "abs_delta_m": 266.8,
        "abs_pct_delta": 46.0,
        "alternate_snap_reachable_count": 18,
        "alternate_snap_search_m": 50.0,
        "area": "YISHUN",
        "best_alternate_snap": {
          "component": 0,
          "graph_node": [
            26327.6,
            42310.42
          ],
          "route_m": 276.4,
          "route_plus_snap_m": 311.3,
          "snap_m": 34.9
        },
        "best_node_name": "SPRINGLEAF MRT STATION Exit 1",
        "best_node_type": "mrt_lrt_exit",
        "cache_key": "e0025c12ea14f841ed99f8de40d2bc81dfb99de5426e55d7d9a3b7999e5fd8db",
        "current_graph_route_m": 313.2,
        "current_graph_route_state": "routable",
        "current_mrt_lrt_connector_reason": null,
        "current_score_best_name": "SPRINGLEAF MRT STATION Exit 1",
        "current_score_best_routed_m": 351.9,
        "current_score_best_type": "mrt_lrt_exit",
        "current_score_mrt_lrt_exit_access_connector_m": 0.0,
        "current_score_routing_type": "sheltered",
        "current_score_state": "SCORED",
        "current_score_total": 41.0,
        "diagnostic_class": "scorer_recovered_target_mrt_lrt_exit",
        "direct_distance_m": 276.7,
        "direction": "project_shorter_than_onemap",
        "distance_sanity": "plausible",
        "endpoint_source": "postal_universe_to_transit_poi",
        "mrt_lrt_candidate_count": 3,
        "new_best_name": "SPRINGLEAF MRT STATION Exit 1",
        "new_best_shortest_m": 313.2,
        "old_abs_pct_delta": 46.0,
        "old_direction": "project_shorter_than_onemap",
        "old_onemap_walk_m": 580.0,
        "old_project_shortest_m": 313.2,
        "old_validation_best_node": "SPRINGLEAF MRT STATION Exit 1",
        "onemap_walk_bucket": "gt_100m",
        "onemap_walk_m": 580.0,
        "origin_component": 0,
        "origin_component_reaches_target": true,
        "origin_snap_m": 36.1,
        "postal": "788441",
        "priority_rank": 30,
        "project_shortest_m": 313.2,
        "queue": "validation_subset_priority",
        "route_trust": "graph_routed_mrt_lrt",
        "routing_type": "sheltered",
        "same_validation_and_current_stop_name": true,
        "signed_delta_m": -266.8,
        "signed_pct_delta": -46.0,
        "state": "SCORED",
        "subset": "graph_routed_mrt_lrt_plausible_onemap_distance",
        "target_component": 0,
        "target_direct_m": 277.0,
        "target_exit_code": "Exit 1",
        "target_match_method": "matched_target_name",
        "target_mrt_lrt_exit_name": "SPRINGLEAF MRT STATION Exit 1",
        "target_snap_m": 2.7,
        "target_station_name": "SPRINGLEAF MRT STATION",
        "validation_area": "YISHUN",
        "validation_direct_distance_m": 276.7,
        "validation_distance_sanity": "plausible",
        "validation_route_trust": "graph_routed_mrt_lrt",
        "validation_routing_type": "sheltered"
      },
      "type": "Feature"
    },
    {
      "geometry": {
        "coordinates": [
          [
            103.817469,
            1.319605
          ],
          [
            103.814977,
            1.322535
          ]
        ],
        "type": "LineString"
      },
      "properties": {
        "abs_delta_m": 436.6,
        "abs_pct_delta": 44.918,
        "alternate_snap_reachable_count": 20,
        "alternate_snap_search_m": 50.0,
        "area": "TANGLIN",
        "best_alternate_snap": {
          "component": 0,
          "graph_node": [
            25972.2,
            33853.86
          ],
          "route_m": 515.1,
          "route_plus_snap_m": 532.4,
          "snap_m": 17.3
        },
        "best_node_name": "BOTANIC GARDENS MRT STATION Exit A",
        "best_node_type": "mrt_lrt_exit",
        "cache_key": "6e55b0e3bb79dc468e58584d5f6da139f868f5efc4618a68f1129fba60586d82",
        "current_graph_route_m": 535.4,
        "current_graph_route_state": "routable",
        "current_mrt_lrt_connector_reason": null,
        "current_score_best_name": "BOTANIC GARDENS MRT STATION Exit A",
        "current_score_best_routed_m": 544.6,
        "current_score_best_type": "mrt_lrt_exit",
        "current_score_mrt_lrt_exit_access_connector_m": 0.0,
        "current_score_routing_type": "sheltered",
        "current_score_state": "SCORED",
        "current_score_total": 37.4,
        "diagnostic_class": "scorer_recovered_target_mrt_lrt_exit",
        "direct_distance_m": 427.7,
        "direction": "project_shorter_than_onemap",
        "distance_sanity": "plausible",
        "endpoint_source": "postal_universe_to_transit_poi",
        "mrt_lrt_candidate_count": 2,
        "new_best_name": "BOTANIC GARDENS MRT STATION Exit A",
        "new_best_shortest_m": 535.4,
        "old_abs_pct_delta": 44.918,
        "old_direction": "project_shorter_than_onemap",
        "old_onemap_walk_m": 972.0,
        "old_project_shortest_m": 535.4,
        "old_validation_best_node": "BOTANIC GARDENS MRT STATION Exit A",
        "onemap_walk_bucket": "gt_100m",
        "onemap_walk_m": 972.0,
        "origin_component": 0,
        "origin_component_reaches_target": true,
        "origin_snap_m": 6.9,
        "postal": "259771",
        "priority_rank": 31,
        "project_shortest_m": 535.4,
        "queue": "validation_subset_priority",
        "route_trust": "graph_routed_mrt_lrt",
        "routing_type": "sheltered",
        "same_validation_and_current_stop_name": true,
        "signed_delta_m": -436.6,
        "signed_pct_delta": -44.918,
        "state": "SCORED",
        "subset": "graph_routed_mrt_lrt_plausible_onemap_distance",
        "target_component": 0,
        "target_direct_m": 426.4,
        "target_exit_code": "Exit A",
        "target_match_method": "matched_target_name",
        "target_mrt_lrt_exit_name": "BOTANIC GARDENS MRT STATION Exit A",
        "target_snap_m": 2.3,
        "target_station_name": "BOTANIC GARDENS MRT STATION",
        "validation_area": "TANGLIN",
        "validation_direct_distance_m": 427.7,
        "validation_distance_sanity": "plausible",
        "validation_route_trust": "graph_routed_mrt_lrt",
        "validation_routing_type": "sheltered"
      },
      "type": "Feature"
    },
    {
      "geometry": {
        "coordinates": [
          [
            103.946433,
            1.32329
          ],
          [
            103.945795,
            1.326858
          ]
        ],
        "type": "LineString"
      },
      "properties": {
        "abs_delta_m": 207.1,
        "abs_pct_delta": 44.73,
        "alternate_snap_reachable_count": 15,
        "alternate_snap_search_m": 50.0,
        "area": "BEDOK",
        "best_alternate_snap": {
          "component": 0,
          "graph_node": [
            40500.99,
            34298.55
          ],
          "route_m": 343.0,
          "route_plus_snap_m": 390.4,
          "snap_m": 47.4
        },
        "best_node_name": "TANAH MERAH MRT STATION Exit A",
        "best_node_type": "mrt_lrt_exit",
        "cache_key": "c8a5e61ee46f47c8d7daf5fabfaabf71289fd69d63daf1bbe22733da89423520",
        "current_graph_route_m": 670.1,
        "current_graph_route_state": "routable",
        "current_mrt_lrt_connector_reason": null,
        "current_score_best_name": "Bef Bedok View Sec Sch",
        "current_score_best_routed_m": null,
        "current_score_best_type": "bus_stop",
        "current_score_mrt_lrt_exit_access_connector_m": null,
        "current_score_routing_type": "direct_bus_fallback_unrouted",
        "current_score_state": "SCORED_PARTIAL",
        "current_score_total": 55.0,
        "diagnostic_class": "current_routable",
        "direct_distance_m": 403.0,
        "direction": "project_longer_than_onemap",
        "distance_sanity": "plausible",
        "endpoint_source": "postal_universe_to_transit_poi",
        "mrt_lrt_candidate_count": 2,
        "new_best_name": "TANAH MERAH MRT STATION Exit A",
        "new_best_shortest_m": 670.1,
        "old_abs_pct_delta": 44.73,
        "old_direction": "project_longer_than_onemap",
        "old_onemap_walk_m": 463.0,
        "old_project_shortest_m": 670.1,
        "old_validation_best_node": "TANAH MERAH MRT STATION Exit A",
        "onemap_walk_bucket": "gt_100m",
        "onemap_walk_m": 463.0,
        "origin_component": 0,
        "origin_component_reaches_target": true,
        "origin_snap_m": 43.8,
        "postal": "468342",
        "priority_rank": 32,
        "project_shortest_m": 670.1,
        "queue": "validation_subset_priority",
        "route_trust": "graph_routed_mrt_lrt",
        "routing_type": "sheltered",
        "same_validation_and_current_stop_name": true,
        "signed_delta_m": 207.1,
        "signed_pct_delta": 44.73,
        "state": "SCORED",
        "subset": "graph_routed_mrt_lrt_plausible_onemap_distance",
        "target_component": 0,
        "target_direct_m": 400.8,
        "target_exit_code": "Exit A",
        "target_match_method": "matched_target_name",
        "target_mrt_lrt_exit_name": "TANAH MERAH MRT STATION Exit A",
        "target_snap_m": 16.3,
        "target_station_name": "TANAH MERAH MRT STATION",
        "validation_area": "BEDOK",
        "validation_direct_distance_m": 403.0,
        "validation_distance_sanity": "plausible",
        "validation_route_trust": "graph_routed_mrt_lrt",
        "validation_routing_type": "sheltered"
      },
      "type": "Feature"
    },
    {
      "geometry": {
        "coordinates": [
          [
            103.801629,
            1.318918
          ],
          [
            103.807965,
            1.317494
          ]
        ],
        "type": "LineString"
      },
      "properties": {
        "abs_delta_m": 745.2,
        "abs_pct_delta": 44.41,
        "alternate_snap_reachable_count": 3,
        "alternate_snap_search_m": 50.0,
        "area": "BUKIT_TIMAH",
        "best_alternate_snap": {
          "component": 0,
          "graph_node": [
            25138.92,
            33320.47
          ],
          "route_m": 949.8,
          "route_plus_snap_m": 991.4,
          "snap_m": 41.6
        },
        "best_node_name": "FARRER ROAD MRT STATION Exit A",
        "best_node_type": "mrt_lrt_exit",
        "cache_key": "879cda38fc46efcf04c513b9df68690b9f671cf52ebf03a889bcf1cb7c0a4920",
        "current_graph_route_m": 1057.9,
        "current_graph_route_state": "routable",
        "current_mrt_lrt_connector_reason": null,
        "current_score_best_name": "FARRER ROAD MRT STATION Exit B",
        "current_score_best_routed_m": 980.3,
        "current_score_best_type": "mrt_lrt_exit",
        "current_score_mrt_lrt_exit_access_connector_m": 0.0,
        "current_score_routing_type": "sheltered",
        "current_score_state": "SCORED",
        "current_score_total": 16.4,
        "diagnostic_class": "current_routable",
        "direct_distance_m": 721.9,
        "direction": "project_shorter_than_onemap",
        "distance_sanity": "plausible",
        "endpoint_source": "postal_universe_to_transit_poi",
        "mrt_lrt_candidate_count": 2,
        "new_best_name": "FARRER ROAD MRT STATION Exit A",
        "new_best_shortest_m": 932.8,
        "old_abs_pct_delta": 44.41,
        "old_direction": "project_shorter_than_onemap",
        "old_onemap_walk_m": 1678.0,
        "old_project_shortest_m": 932.8,
        "old_validation_best_node": "FARRER ROAD MRT STATION Exit A",
        "onemap_walk_bucket": "gt_100m",
        "onemap_walk_m": 1678.0,
        "origin_component": 0,
        "origin_component_reaches_target": true,
        "origin_snap_m": 49.5,
        "postal": "269672",
        "priority_rank": 33,
        "project_shortest_m": 932.8,
        "queue": "validation_subset_priority",
        "route_trust": "graph_routed_mrt_lrt",
        "routing_type": "sheltered",
        "same_validation_and_current_stop_name": true,
        "signed_delta_m": -745.2,
        "signed_pct_delta": -44.41,
        "state": "SCORED",
        "subset": "graph_routed_mrt_lrt_plausible_onemap_distance",
        "target_component": 0,
        "target_direct_m": 722.5,
        "target_exit_code": "Exit A",
        "target_match_method": "matched_target_name",
        "target_mrt_lrt_exit_name": "FARRER ROAD MRT STATION Exit A",
        "target_snap_m": 29.9,
        "target_station_name": "FARRER ROAD MRT STATION",
        "validation_area": "BUKIT_TIMAH",
        "validation_direct_distance_m": 721.9,
        "validation_distance_sanity": "plausible",
        "validation_route_trust": "graph_routed_mrt_lrt",
        "validation_routing_type": "sheltered"
      },
      "type": "Feature"
    },
    {
      "geometry": {
        "coordinates": [
          [
            103.817611,
            1.314294
          ],
          [
            103.819484,
            1.306936
          ]
        ],
        "type": "LineString"
      },
      "properties": {
        "abs_delta_m": 748.1,
        "abs_pct_delta": 44.188,
        "alternate_snap_reachable_count": 24,
        "alternate_snap_search_m": 50.0,
        "area": "TANGLIN",
        "best_alternate_snap": {
          "component": 0,
          "graph_node": [
            26428.13,
            32140.29
          ],
          "route_m": 914.6,
          "route_plus_snap_m": 946.8,
          "snap_m": 32.2
        },
        "best_node_name": "NAPIER MRT STATION Exit 1",
        "best_node_type": "mrt_lrt_exit",
        "cache_key": "fa138b5bbe118416316150dbdb2ca46149843ef72d5bc3e950feb0cd56e0d5bb",
        "current_graph_route_m": 944.9,
        "current_graph_route_state": "routable",
        "current_mrt_lrt_connector_reason": null,
        "current_score_best_name": "NAPIER MRT STATION Exit 1",
        "current_score_best_routed_m": 976.8,
        "current_score_best_type": "mrt_lrt_exit",
        "current_score_mrt_lrt_exit_access_connector_m": 0.0,
        "current_score_routing_type": "sheltered",
        "current_score_state": "SCORED",
        "current_score_total": 13.1,
        "diagnostic_class": "scorer_recovered_target_mrt_lrt_exit",
        "direct_distance_m": 844.3,
        "direction": "project_shorter_than_onemap",
        "distance_sanity": "plausible",
        "endpoint_source": "postal_universe_to_transit_poi",
        "mrt_lrt_candidate_count": 4,
        "new_best_name": "NAPIER MRT STATION Exit 1",
        "new_best_shortest_m": 944.9,
        "old_abs_pct_delta": 44.188,
        "old_direction": "project_shorter_than_onemap",
        "old_onemap_walk_m": 1693.0,
        "old_project_shortest_m": 944.9,
        "old_validation_best_node": "NAPIER MRT STATION Exit 1",
        "onemap_walk_bucket": "gt_100m",
        "onemap_walk_m": 1693.0,
        "origin_component": 0,
        "origin_component_reaches_target": true,
        "origin_snap_m": 24.8,
        "postal": "259605",
        "priority_rank": 34,
        "project_shortest_m": 944.9,
        "queue": "validation_subset_priority",
        "route_trust": "graph_routed_mrt_lrt",
        "routing_type": "sheltered",
        "same_validation_and_current_stop_name": true,
        "signed_delta_m": -748.1,
        "signed_pct_delta": -44.188,
        "state": "SCORED",
        "subset": "graph_routed_mrt_lrt_plausible_onemap_distance",
        "target_component": 0,
        "target_direct_m": 839.9,
        "target_exit_code": "Exit 1",
        "target_match_method": "matched_target_name",
        "target_mrt_lrt_exit_name": "NAPIER MRT STATION Exit 1",
        "target_snap_m": 7.1,
        "target_station_name": "NAPIER MRT STATION",
        "validation_area": "TANGLIN",
        "validation_direct_distance_m": 844.3,
        "validation_distance_sanity": "plausible",
        "validation_route_trust": "graph_routed_mrt_lrt",
        "validation_routing_type": "sheltered"
      },
      "type": "Feature"
    },
    {
      "geometry": {
        "coordinates": [
          [
            103.808768,
            1.265955
          ],
          [
            103.809884,
            1.270721
          ]
        ],
        "type": "LineString"
      },
      "properties": {
        "abs_delta_m": 785.3,
        "abs_pct_delta": 43.774,
        "alternate_snap_reachable_count": 0,
        "alternate_snap_search_m": 50.0,
        "area": "BUKIT_MERAH",
        "best_alternate_snap": null,
        "best_node_name": "TELOK BLANGAH MRT STATION Exit A",
        "best_node_type": "mrt_lrt_exit",
        "cache_key": "4729d3529d92d83b86a16201e156c8f0254410346221c055b89666631f57feb6",
        "current_graph_route_m": null,
        "current_graph_route_state": "disconnected",
        "current_mrt_lrt_connector_reason": null,
        "current_score_best_name": "TELOK BLANGAH MRT STATION Exit A",
        "current_score_best_routed_m": 1041.5,
        "current_score_best_type": "mrt_lrt_exit",
        "current_score_mrt_lrt_exit_access_connector_m": 0.0,
        "current_score_routing_type": "sheltered",
        "current_score_state": "SCORED",
        "current_score_total": 17.2,
        "diagnostic_class": "scorer_recovered_target_mrt_lrt_exit",
        "direct_distance_m": 544.3,
        "direction": "project_shorter_than_onemap",
        "distance_sanity": "plausible",
        "endpoint_source": "postal_universe_to_transit_poi",
        "mrt_lrt_candidate_count": 1,
        "new_best_name": "TELOK BLANGAH MRT STATION Exit A",
        "new_best_shortest_m": 1008.7,
        "old_abs_pct_delta": 43.774,
        "old_direction": "project_shorter_than_onemap",
        "old_onemap_walk_m": 1794.0,
        "old_project_shortest_m": 1008.7,
        "old_validation_best_node": "TELOK BLANGAH MRT STATION Exit A",
        "onemap_walk_bucket": "gt_100m",
        "onemap_walk_m": 1794.0,
        "origin_component": 834,
        "origin_component_reaches_target": false,
        "origin_snap_m": 24.5,
        "postal": "109920",
        "priority_rank": 35,
        "project_shortest_m": 1008.7,
        "queue": "validation_subset_priority",
        "route_trust": "graph_routed_mrt_lrt",
        "routing_type": "sheltered",
        "same_validation_and_current_stop_name": true,
        "signed_delta_m": -785.3,
        "signed_pct_delta": -43.774,
        "state": "SCORED",
        "subset": "graph_routed_mrt_lrt_plausible_onemap_distance",
        "target_component": 0,
        "target_direct_m": 541.4,
        "target_exit_code": "Exit A",
        "target_match_method": "matched_target_name",
        "target_mrt_lrt_exit_name": "TELOK BLANGAH MRT STATION Exit A",
        "target_snap_m": 5.8,
        "target_station_name": "TELOK BLANGAH MRT STATION",
        "validation_area": "BUKIT_MERAH",
        "validation_direct_distance_m": 544.3,
        "validation_distance_sanity": "plausible",
        "validation_route_trust": "graph_routed_mrt_lrt",
        "validation_routing_type": "sheltered"
      },
      "type": "Feature"
    },
    {
      "geometry": {
        "coordinates": [
          [
            103.88615,
            1.334291
          ],
          [
            103.888261,
            1.335772
          ]
        ],
        "type": "LineString"
      },
      "properties": {
        "abs_delta_m": 229.4,
        "abs_pct_delta": 42.56,
        "alternate_snap_reachable_count": 24,
        "alternate_snap_search_m": 50.0,
        "area": "TOA_PAYOH",
        "best_alternate_snap": {
          "component": 0,
          "graph_node": [
            34075.24,
            35306.9
          ],
          "route_m": 260.1,
          "route_plus_snap_m": 304.9,
          "snap_m": 44.8
        },
        "best_node_name": "TAI SENG MRT STATION C",
        "best_node_type": "mrt_lrt_exit",
        "cache_key": "d76497513bdd8802fe29cbdf8ded2b500f997df7671dc668b1a4c75b99b1a926",
        "current_graph_route_m": 768.4,
        "current_graph_route_state": "implausible_detour",
        "current_mrt_lrt_connector_reason": "implausible_graph_route_to_mrt_lrt_exit_within_direct_range",
        "current_score_best_name": "TAI SENG MRT STATION Exit A",
        "current_score_best_routed_m": 366.8,
        "current_score_best_type": "mrt_lrt_exit",
        "current_score_mrt_lrt_exit_access_connector_m": 0.0,
        "current_score_routing_type": "sheltered",
        "current_score_state": "SCORED",
        "current_score_total": 68.8,
        "diagnostic_class": "alternate_mrt_lrt_snap_candidate",
        "direct_distance_m": 286.7,
        "direction": "project_longer_than_onemap",
        "distance_sanity": "plausible",
        "endpoint_source": "postal_universe_to_transit_poi",
        "mrt_lrt_candidate_count": 3,
        "new_best_name": "TAI SENG MRT STATION C",
        "new_best_shortest_m": 768.4,
        "old_abs_pct_delta": 42.56,
        "old_direction": "project_longer_than_onemap",
        "old_onemap_walk_m": 539.0,
        "old_project_shortest_m": 768.4,
        "old_validation_best_node": "TAI SENG MRT STATION C",
        "onemap_walk_bucket": "gt_100m",
        "onemap_walk_m": 539.0,
        "origin_component": 0,
        "origin_component_reaches_target": true,
        "origin_snap_m": 46.4,
        "postal": "367990",
        "priority_rank": 36,
        "project_shortest_m": 768.4,
        "queue": "validation_subset_priority",
        "route_trust": "graph_routed_mrt_lrt",
        "routing_type": "sheltered",
        "same_validation_and_current_stop_name": true,
        "signed_delta_m": 229.4,
        "signed_pct_delta": 42.56,
        "state": "SCORED",
        "subset": "graph_routed_mrt_lrt_plausible_onemap_distance",
        "target_component": 0,
        "target_direct_m": 286.5,
        "target_exit_code": "C",
        "target_match_method": "matched_target_name",
        "target_mrt_lrt_exit_name": "TAI SENG MRT STATION C",
        "target_snap_m": 5.7,
        "target_station_name": "TAI SENG MRT STATION",
        "validation_area": "TOA_PAYOH",
        "validation_direct_distance_m": 286.7,
        "validation_distance_sanity": "plausible",
        "validation_route_trust": "graph_routed_mrt_lrt",
        "validation_routing_type": "sheltered"
      },
      "type": "Feature"
    },
    {
      "geometry": {
        "coordinates": [
          [
            103.839083,
            1.29837
          ],
          [
            103.838399,
            1.300028
          ]
        ],
        "type": "LineString"
      },
      "properties": {
        "abs_delta_m": 139.4,
        "abs_pct_delta": 42.5,
        "alternate_snap_reachable_count": 23,
        "alternate_snap_search_m": 50.0,
        "area": "RIVER_VALLEY",
        "best_alternate_snap": {
          "component": 0,
          "graph_node": [
            28569.31,
            31395.47
          ],
          "route_m": 430.6,
          "route_plus_snap_m": 450.3,
          "snap_m": 19.8
        },
        "best_node_name": "SOMERSET MRT STATION Exit A",
        "best_node_type": "mrt_lrt_exit",
        "cache_key": "f25972ff3536d516ff1e5fcc859526fd5c90e489d1eca6c86a79e5dd6164b209",
        "current_graph_route_m": 467.4,
        "current_graph_route_state": "implausible_detour",
        "current_mrt_lrt_connector_reason": "implausible_graph_route_to_mrt_lrt_exit_within_direct_range",
        "current_score_best_name": "Somerset Stn",
        "current_score_best_routed_m": null,
        "current_score_best_type": "bus_stop",
        "current_score_mrt_lrt_exit_access_connector_m": null,
        "current_score_routing_type": "direct_bus_fallback_unrouted",
        "current_score_state": "SCORED_PARTIAL",
        "current_score_total": 55.0,
        "diagnostic_class": "alternate_mrt_lrt_snap_candidate",
        "direct_distance_m": 199.4,
        "direction": "project_longer_than_onemap",
        "distance_sanity": "plausible",
        "endpoint_source": "postal_universe_to_transit_poi",
        "mrt_lrt_candidate_count": 4,
        "new_best_name": "SOMERSET MRT STATION Exit A",
        "new_best_shortest_m": 467.4,
        "old_abs_pct_delta": 42.5,
        "old_direction": "project_longer_than_onemap",
        "old_onemap_walk_m": 328.0,
        "old_project_shortest_m": 467.4,
        "old_validation_best_node": "SOMERSET MRT STATION Exit A",
        "onemap_walk_bucket": "gt_100m",
        "onemap_walk_m": 328.0,
        "origin_component": 0,
        "origin_component_reaches_target": true,
        "origin_snap_m": 11.1,
        "postal": "239536",
        "priority_rank": 37,
        "project_shortest_m": 467.4,
        "queue": "validation_subset_priority",
        "route_trust": "graph_routed_mrt_lrt",
        "routing_type": "sheltered",
        "same_validation_and_current_stop_name": true,
        "signed_delta_m": 139.4,
        "signed_pct_delta": 42.5,
        "state": "SCORED",
        "subset": "graph_routed_mrt_lrt_plausible_onemap_distance",
        "target_component": 0,
        "target_direct_m": 198.6,
        "target_exit_code": "Exit A",
        "target_match_method": "matched_target_name",
        "target_mrt_lrt_exit_name": "SOMERSET MRT STATION Exit A",
        "target_snap_m": 2.0,
        "target_station_name": "SOMERSET MRT STATION",
        "validation_area": "RIVER_VALLEY",
        "validation_direct_distance_m": 199.4,
        "validation_distance_sanity": "plausible",
        "validation_route_trust": "graph_routed_mrt_lrt",
        "validation_routing_type": "sheltered"
      },
      "type": "Feature"
    },
    {
      "geometry": {
        "coordinates": [
          [
            103.830504,
            1.361514
          ],
          [
            103.833511,
            1.363283
          ]
        ],
        "type": "LineString"
      },
      "properties": {
        "abs_delta_m": 353.5,
        "abs_pct_delta": 40.867,
        "alternate_snap_reachable_count": 23,
        "alternate_snap_search_m": 50.0,
        "area": "BISHAN",
        "best_alternate_snap": {
          "component": 0,
          "graph_node": [
            27979.83,
            38387.4
          ],
          "route_m": 473.6,
          "route_plus_snap_m": 518.5,
          "snap_m": 44.9
        },
        "best_node_name": "BRIGHT HILL MRT STATION Exit 2",
        "best_node_type": "mrt_lrt_exit",
        "cache_key": "2dd0d1f0ae7344706c0a57083470b540f63efe21095d69b5bf50d6f10c17add0",
        "current_graph_route_m": 511.6,
        "current_graph_route_state": "routable",
        "current_mrt_lrt_connector_reason": null,
        "current_score_best_name": "BRIGHT HILL MRT STATION Exit 3",
        "current_score_best_routed_m": 359.6,
        "current_score_best_type": "mrt_lrt_exit",
        "current_score_mrt_lrt_exit_access_connector_m": 0.0,
        "current_score_routing_type": "sheltered",
        "current_score_state": "SCORED",
        "current_score_total": 76.4,
        "diagnostic_class": "current_routable",
        "direct_distance_m": 387.9,
        "direction": "project_shorter_than_onemap",
        "distance_sanity": "plausible",
        "endpoint_source": "postal_universe_to_transit_poi",
        "mrt_lrt_candidate_count": 4,
        "new_best_name": "BRIGHT HILL MRT STATION Exit 2",
        "new_best_shortest_m": 511.5,
        "old_abs_pct_delta": 40.867,
        "old_direction": "project_shorter_than_onemap",
        "old_onemap_walk_m": 865.0,
        "old_project_shortest_m": 511.5,
        "old_validation_best_node": "BRIGHT HILL MRT STATION Exit 2",
        "onemap_walk_bucket": "gt_100m",
        "onemap_walk_m": 865.0,
        "origin_component": 0,
        "origin_component_reaches_target": true,
        "origin_snap_m": 18.3,
        "postal": "575106",
        "priority_rank": 38,
        "project_shortest_m": 511.5,
        "queue": "validation_subset_priority",
        "route_trust": "graph_routed_mrt_lrt",
        "routing_type": "sheltered",
        "same_validation_and_current_stop_name": true,
        "signed_delta_m": -353.5,
        "signed_pct_delta": -40.867,
        "state": "SCORED",
        "subset": "graph_routed_mrt_lrt_plausible_onemap_distance",
        "target_component": 0,
        "target_direct_m": 387.6,
        "target_exit_code": "Exit 2",
        "target_match_method": "matched_target_name",
        "target_mrt_lrt_exit_name": "BRIGHT HILL MRT STATION Exit 2",
        "target_snap_m": 14.8,
        "target_station_name": "BRIGHT HILL MRT STATION",
        "validation_area": "BISHAN",
        "validation_direct_distance_m": 387.9,
        "validation_distance_sanity": "plausible",
        "validation_route_trust": "graph_routed_mrt_lrt",
        "validation_routing_type": "sheltered"
      },
      "type": "Feature"
    },
    {
      "geometry": {
        "coordinates": [
          [
            103.797065,
            1.31564
          ],
          [
            103.795769,
            1.311069
          ]
        ],
        "type": "LineString"
      },
      "properties": {
        "abs_delta_m": 263.1,
        "abs_pct_delta": 38.297,
        "alternate_snap_reachable_count": 24,
        "alternate_snap_search_m": 50.0,
        "area": "BUKIT_TIMAH",
        "best_alternate_snap": {
          "component": 0,
          "graph_node": [
            23813.06,
            32619.95
          ],
          "route_m": 924.4,
          "route_plus_snap_m": 948.7,
          "snap_m": 24.4
        },
        "best_node_name": "HOLLAND VILLAGE MRT STATION Exit B",
        "best_node_type": "mrt_lrt_exit",
        "cache_key": "e9427ff99ab3cbd7a4828d87d1de43f52be18cf784d6049d580df1e337e5d730",
        "current_graph_route_m": 950.1,
        "current_graph_route_state": "routable",
        "current_mrt_lrt_connector_reason": null,
        "current_score_best_name": "HOLLAND VILLAGE MRT STATION Exit B",
        "current_score_best_routed_m": 998.0,
        "current_score_best_type": "mrt_lrt_exit",
        "current_score_mrt_lrt_exit_access_connector_m": 0.0,
        "current_score_routing_type": "sheltered",
        "current_score_state": "SCORED",
        "current_score_total": 14.3,
        "diagnostic_class": "scorer_recovered_target_mrt_lrt_exit",
        "direct_distance_m": 528.3,
        "direction": "project_longer_than_onemap",
        "distance_sanity": "plausible",
        "endpoint_source": "postal_universe_to_transit_poi",
        "mrt_lrt_candidate_count": 3,
        "new_best_name": "HOLLAND VILLAGE MRT STATION Exit B",
        "new_best_shortest_m": 950.1,
        "old_abs_pct_delta": 38.297,
        "old_direction": "project_longer_than_onemap",
        "old_onemap_walk_m": 687.0,
        "old_project_shortest_m": 950.1,
        "old_validation_best_node": "HOLLAND VILLAGE MRT STATION Exit B",
        "onemap_walk_bucket": "gt_100m",
        "onemap_walk_m": 687.0,
        "origin_component": 0,
        "origin_component_reaches_target": true,
        "origin_snap_m": 44.6,
        "postal": "267879",
        "priority_rank": 39,
        "project_shortest_m": 950.1,
        "queue": "validation_subset_priority",
        "route_trust": "graph_routed_mrt_lrt",
        "routing_type": "sheltered",
        "same_validation_and_current_stop_name": true,
        "signed_delta_m": 263.1,
        "signed_pct_delta": 38.297,
        "state": "SCORED",
        "subset": "graph_routed_mrt_lrt_plausible_onemap_distance",
        "target_component": 0,
        "target_direct_m": 525.6,
        "target_exit_code": "Exit B",
        "target_match_method": "matched_target_name",
        "target_mrt_lrt_exit_name": "HOLLAND VILLAGE MRT STATION Exit B",
        "target_snap_m": 3.2,
        "target_station_name": "HOLLAND VILLAGE MRT STATION",
        "validation_area": "BUKIT_TIMAH",
        "validation_direct_distance_m": 528.3,
        "validation_distance_sanity": "plausible",
        "validation_route_trust": "graph_routed_mrt_lrt",
        "validation_routing_type": "sheltered"
      },
      "type": "Feature"
    },
    {
      "geometry": {
        "coordinates": [
          [
            103.766535,
            1.313955
          ],
          [
            103.76575,
            1.314162
          ]
        ],
        "type": "LineString"
      },
      "properties": {
        "abs_delta_m": 42.5,
        "abs_pct_delta": 37.611,
        "alternate_snap_reachable_count": 24,
        "alternate_snap_search_m": 50.0,
        "area": "CLEMENTI",
        "best_alternate_snap": {
          "component": 0,
          "graph_node": [
            20516.29,
            32925.84
          ],
          "route_m": 92.2,
          "route_plus_snap_m": 130.6,
          "snap_m": 38.4
        },
        "best_node_name": "CLEMENTI MRT STATION Exit C",
        "best_node_type": "mrt_lrt_exit",
        "cache_key": "2beae97e55855300dbed86903e761407c78ab51ffd6c144f25ef58352aedb6da",
        "current_graph_route_m": 155.5,
        "current_graph_route_state": "routable",
        "current_mrt_lrt_connector_reason": null,
        "current_score_best_name": "Clementi Stn Exit A/Mall",
        "current_score_best_routed_m": 369.4,
        "current_score_best_type": "bus_stop",
        "current_score_mrt_lrt_exit_access_connector_m": 0.0,
        "current_score_routing_type": "sheltered",
        "current_score_state": "SCORED",
        "current_score_total": 99.4,
        "diagnostic_class": "current_routable",
        "direct_distance_m": 90.2,
        "direction": "project_longer_than_onemap",
        "distance_sanity": "plausible",
        "endpoint_source": "postal_universe_to_transit_poi",
        "mrt_lrt_candidate_count": 4,
        "new_best_name": "CLEMENTI MRT STATION Exit C",
        "new_best_shortest_m": 155.5,
        "old_abs_pct_delta": 37.611,
        "old_direction": "project_longer_than_onemap",
        "old_onemap_walk_m": 113.0,
        "old_project_shortest_m": 155.5,
        "old_validation_best_node": "CLEMENTI MRT STATION Exit C",
        "onemap_walk_bucket": "gt_100m",
        "onemap_walk_m": 113.0,
        "origin_component": 0,
        "origin_component_reaches_target": true,
        "origin_snap_m": 4.3,
        "postal": "120327",
        "priority_rank": 40,
        "project_shortest_m": 155.5,
        "queue": "validation_subset_priority",
        "route_trust": "graph_routed_mrt_lrt",
        "routing_type": "sheltered",
        "same_validation_and_current_stop_name": true,
        "signed_delta_m": 42.5,
        "signed_pct_delta": 37.611,
        "state": "SCORED",
        "subset": "graph_routed_mrt_lrt_plausible_onemap_distance",
        "target_component": 0,
        "target_direct_m": 90.4,
        "target_exit_code": "Exit C",
        "target_match_method": "matched_target_name",
        "target_mrt_lrt_exit_name": "CLEMENTI MRT STATION Exit C",
        "target_snap_m": 10.8,
        "target_station_name": "CLEMENTI MRT STATION",
        "validation_area": "CLEMENTI",
        "validation_direct_distance_m": 90.2,
        "validation_distance_sanity": "plausible",
        "validation_route_trust": "graph_routed_mrt_lrt",
        "validation_routing_type": "sheltered"
      },
      "type": "Feature"
    },
    {
      "geometry": {
        "coordinates": [
          [
            103.913601,
            1.314848
          ],
          [
            103.912941,
            1.320924
          ]
        ],
        "type": "LineString"
      },
      "properties": {
        "abs_delta_m": 320.5,
        "abs_pct_delta": 36.503,
        "alternate_snap_reachable_count": 24,
        "alternate_snap_search_m": 50.0,
        "area": "BEDOK",
        "best_alternate_snap": {
          "component": 0,
          "graph_node": [
            36894.97,
            33655.62
          ],
          "route_m": 1104.7,
          "route_plus_snap_m": 1150.6,
          "snap_m": 45.9
        },
        "best_node_name": "KEMBANGAN MRT STATION Exit A",
        "best_node_type": "mrt_lrt_exit",
        "cache_key": "bc969a5ff36a07d9cac8469e98cfec0ec5c5bb1db152b69a9fe88a65742c042b",
        "current_graph_route_m": 1198.5,
        "current_graph_route_state": "routable",
        "current_mrt_lrt_connector_reason": null,
        "current_score_best_name": null,
        "current_score_best_routed_m": null,
        "current_score_best_type": null,
        "current_score_mrt_lrt_exit_access_connector_m": null,
        "current_score_routing_type": null,
        "current_score_state": "NO_TRANSIT_IN_RANGE",
        "current_score_total": null,
        "diagnostic_class": "current_routable",
        "direct_distance_m": 679.6,
        "direction": "project_longer_than_onemap",
        "distance_sanity": "plausible",
        "endpoint_source": "postal_universe_to_transit_poi",
        "mrt_lrt_candidate_count": 2,
        "new_best_name": "KEMBANGAN MRT STATION Exit A",
        "new_best_shortest_m": 1198.5,
        "old_abs_pct_delta": 36.503,
        "old_direction": "project_longer_than_onemap",
        "old_onemap_walk_m": 878.0,
        "old_project_shortest_m": 1198.5,
        "old_validation_best_node": "KEMBANGAN MRT STATION Exit A",
        "onemap_walk_bucket": "gt_100m",
        "onemap_walk_m": 878.0,
        "origin_component": 0,
        "origin_component_reaches_target": true,
        "origin_snap_m": 19.1,
        "postal": "425957",
        "priority_rank": 41,
        "project_shortest_m": 1198.5,
        "queue": "validation_subset_priority",
        "route_trust": "graph_routed_mrt_lrt",
        "routing_type": "sheltered",
        "same_validation_and_current_stop_name": true,
        "signed_delta_m": 320.5,
        "signed_pct_delta": 36.503,
        "state": "SCORED",
        "subset": "graph_routed_mrt_lrt_plausible_onemap_distance",
        "target_component": 0,
        "target_direct_m": 675.9,
        "target_exit_code": "Exit A",
        "target_match_method": "matched_target_name",
        "target_mrt_lrt_exit_name": "KEMBANGAN MRT STATION Exit A",
        "target_snap_m": 7.8,
        "target_station_name": "KEMBANGAN MRT STATION",
        "validation_area": "BEDOK",
        "validation_direct_distance_m": 679.6,
        "validation_distance_sanity": "plausible",
        "validation_route_trust": "graph_routed_mrt_lrt",
        "validation_routing_type": "sheltered"
      },
      "type": "Feature"
    },
    {
      "geometry": {
        "coordinates": [
          [
            103.877357,
            1.348615
          ],
          [
            103.874322,
            1.349902
          ]
        ],
        "type": "LineString"
      },
      "properties": {
        "abs_delta_m": 225.9,
        "abs_pct_delta": 36.494,
        "alternate_snap_reachable_count": 24,
        "alternate_snap_search_m": 50.0,
        "area": "SERANGOON",
        "best_alternate_snap": {
          "component": 0,
          "graph_node": [
            32581.83,
            36877.94
          ],
          "route_m": 534.8,
          "route_plus_snap_m": 557.5,
          "snap_m": 22.6
        },
        "best_node_name": "SERANGOON MRT STATION Exit D",
        "best_node_type": "mrt_lrt_exit",
        "cache_key": "77106bbabd6d149323486446e365e830f1a48d9e42bb5fb35645d2f4bd5f5684",
        "current_graph_route_m": 575.4,
        "current_graph_route_state": "routable",
        "current_mrt_lrt_connector_reason": null,
        "current_score_best_name": "Blk 421",
        "current_score_best_routed_m": 445.6,
        "current_score_best_type": "bus_stop",
        "current_score_mrt_lrt_exit_access_connector_m": 0.0,
        "current_score_routing_type": "sheltered",
        "current_score_state": "SCORED",
        "current_score_total": 81.3,
        "diagnostic_class": "current_routable",
        "direct_distance_m": 366.5,
        "direction": "project_shorter_than_onemap",
        "distance_sanity": "plausible",
        "endpoint_source": "postal_universe_to_transit_poi",
        "mrt_lrt_candidate_count": 8,
        "new_best_name": "SERANGOON MRT STATION Exit D",
        "new_best_shortest_m": 393.1,
        "old_abs_pct_delta": 36.494,
        "old_direction": "project_shorter_than_onemap",
        "old_onemap_walk_m": 619.0,
        "old_project_shortest_m": 393.1,
        "old_validation_best_node": "SERANGOON MRT STATION Exit D",
        "onemap_walk_bucket": "gt_100m",
        "onemap_walk_m": 619.0,
        "origin_component": 0,
        "origin_component_reaches_target": true,
        "origin_snap_m": 46.8,
        "postal": "537019",
        "priority_rank": 42,
        "project_shortest_m": 393.1,
        "queue": "validation_subset_priority",
        "route_trust": "graph_routed_mrt_lrt",
        "routing_type": "sheltered",
        "same_validation_and_current_stop_name": true,
        "signed_delta_m": -225.9,
        "signed_pct_delta": -36.494,
        "state": "SCORED",
        "subset": "graph_routed_mrt_lrt_plausible_onemap_distance",
        "target_component": 0,
        "target_direct_m": 366.5,
        "target_exit_code": "Exit D",
        "target_match_method": "matched_target_name",
        "target_mrt_lrt_exit_name": "SERANGOON MRT STATION Exit D",
        "target_snap_m": 16.9,
        "target_station_name": "SERANGOON MRT STATION",
        "validation_area": "SERANGOON",
        "validation_direct_distance_m": 366.5,
        "validation_distance_sanity": "plausible",
        "validation_route_trust": "graph_routed_mrt_lrt",
        "validation_routing_type": "sheltered"
      },
      "type": "Feature"
    },
    {
      "geometry": {
        "coordinates": [
          [
            103.891518,
            1.325389
          ],
          [
            103.890666,
            1.325855
          ]
        ],
        "type": "LineString"
      },
      "properties": {
        "abs_delta_m": 64.3,
        "abs_pct_delta": 35.722,
        "alternate_snap_reachable_count": 19,
        "alternate_snap_search_m": 50.0,
        "area": "GEYLANG",
        "best_alternate_snap": {
          "component": 0,
          "graph_node": [
            34422.7,
            34225.52
          ],
          "route_m": 96.3,
          "route_plus_snap_m": 137.3,
          "snap_m": 41.0
        },
        "best_node_name": "MACPHERSON MRT STATION Exit B",
        "best_node_type": "mrt_lrt_exit",
        "cache_key": "5212c2df12cfad2ecf9fc74fef2e09ee8e6c65746dfcef0818b332a363ccd051",
        "current_graph_route_m": 244.3,
        "current_graph_route_state": "implausible_detour",
        "current_mrt_lrt_connector_reason": "implausible_graph_route_to_mrt_lrt_exit_within_direct_range",
        "current_score_best_name": "Aztech Bldg",
        "current_score_best_routed_m": 320.0,
        "current_score_best_type": "bus_stop",
        "current_score_mrt_lrt_exit_access_connector_m": 0.0,
        "current_score_routing_type": "sheltered_with_bus_stop_access_connector",
        "current_score_state": "SCORED",
        "current_score_total": 57.7,
        "diagnostic_class": "alternate_mrt_lrt_snap_candidate",
        "direct_distance_m": 108.0,
        "direction": "project_longer_than_onemap",
        "distance_sanity": "plausible",
        "endpoint_source": "postal_universe_to_transit_poi",
        "mrt_lrt_candidate_count": 5,
        "new_best_name": "MACPHERSON MRT STATION Exit B",
        "new_best_shortest_m": 244.3,
        "old_abs_pct_delta": 35.722,
        "old_direction": "project_longer_than_onemap",
        "old_onemap_walk_m": 180.0,
        "old_project_shortest_m": 244.3,
        "old_validation_best_node": "MACPHERSON MRT STATION Exit B",
        "onemap_walk_bucket": "gt_100m",
        "onemap_walk_m": 180.0,
        "origin_component": 0,
        "origin_component_reaches_target": true,
        "origin_snap_m": 23.9,
        "postal": "409961",
        "priority_rank": 43,
        "project_shortest_m": 244.3,
        "queue": "validation_subset_priority",
        "route_trust": "graph_routed_mrt_lrt",
        "routing_type": "sheltered",
        "same_validation_and_current_stop_name": true,
        "signed_delta_m": 64.3,
        "signed_pct_delta": 35.722,
        "state": "SCORED",
        "subset": "graph_routed_mrt_lrt_plausible_onemap_distance",
        "target_component": 0,
        "target_direct_m": 107.9,
        "target_exit_code": "Exit B",
        "target_match_method": "matched_target_name",
        "target_mrt_lrt_exit_name": "MACPHERSON MRT STATION Exit B",
        "target_snap_m": 14.3,
        "target_station_name": "MACPHERSON MRT STATION",
        "validation_area": "GEYLANG",
        "validation_direct_distance_m": 108.0,
        "validation_distance_sanity": "plausible",
        "validation_route_trust": "graph_routed_mrt_lrt",
        "validation_routing_type": "sheltered"
      },
      "type": "Feature"
    },
    {
      "geometry": {
        "coordinates": [
          [
            103.875229,
            1.345799
          ],
          [
            103.873957,
            1.349482
          ]
        ],
        "type": "LineString"
      },
      "properties": {
        "abs_delta_m": 319.1,
        "abs_pct_delta": 35.654,
        "alternate_snap_reachable_count": 22,
        "alternate_snap_search_m": 50.0,
        "area": "SERANGOON",
        "best_alternate_snap": {
          "component": 0,
          "graph_node": [
            32542.69,
            36836.6
          ],
          "route_m": 554.5,
          "route_plus_snap_m": 576.0,
          "snap_m": 21.5
        },
        "best_node_name": "SERANGOON MRT STATION Exit A",
        "best_node_type": "mrt_lrt_exit",
        "cache_key": "ad3a90ec4c82895dc3cfe7615bfb52c390e51e49eb9c84b3d6006828848ec39f",
        "current_graph_route_m": 575.9,
        "current_graph_route_state": "routable",
        "current_mrt_lrt_connector_reason": null,
        "current_score_best_name": "Gambir Ridge",
        "current_score_best_routed_m": null,
        "current_score_best_type": "bus_stop",
        "current_score_mrt_lrt_exit_access_connector_m": null,
        "current_score_routing_type": "direct_bus_fallback_unrouted",
        "current_score_state": "SCORED_PARTIAL",
        "current_score_total": 55.0,
        "diagnostic_class": "current_routable",
        "direct_distance_m": 433.3,
        "direction": "project_shorter_than_onemap",
        "distance_sanity": "plausible",
        "endpoint_source": "postal_universe_to_transit_poi",
        "mrt_lrt_candidate_count": 10,
        "new_best_name": "SERANGOON MRT STATION Exit A",
        "new_best_shortest_m": 575.9,
        "old_abs_pct_delta": 35.654,
        "old_direction": "project_shorter_than_onemap",
        "old_onemap_walk_m": 895.0,
        "old_project_shortest_m": 575.9,
        "old_validation_best_node": "SERANGOON MRT STATION Exit A",
        "onemap_walk_bucket": "gt_100m",
        "onemap_walk_m": 895.0,
        "origin_component": 0,
        "origin_component_reaches_target": true,
        "origin_snap_m": 12.3,
        "postal": "534397",
        "priority_rank": 44,
        "project_shortest_m": 575.9,
        "queue": "validation_subset_priority",
        "route_trust": "graph_routed_mrt_lrt",
        "routing_type": "sheltered",
        "same_validation_and_current_stop_name": true,
        "signed_delta_m": -319.1,
        "signed_pct_delta": -35.654,
        "state": "SCORED",
        "subset": "graph_routed_mrt_lrt_plausible_onemap_distance",
        "target_component": 0,
        "target_direct_m": 431.1,
        "target_exit_code": "Exit A",
        "target_match_method": "matched_target_name",
        "target_mrt_lrt_exit_name": "SERANGOON MRT STATION Exit A",
        "target_snap_m": 10.7,
        "target_station_name": "SERANGOON MRT STATION",
        "validation_area": "SERANGOON",
        "validation_direct_distance_m": 433.3,
        "validation_distance_sanity": "plausible",
        "validation_route_trust": "graph_routed_mrt_lrt",
        "validation_routing_type": "sheltered"
      },
      "type": "Feature"
    },
    {
      "geometry": {
        "coordinates": [
          [
            103.792932,
            1.276842
          ],
          [
            103.79203,
            1.276003
          ]
        ],
        "type": "LineString"
      },
      "properties": {
        "abs_delta_m": 107.1,
        "abs_pct_delta": 35.347,
        "alternate_snap_reachable_count": 0,
        "alternate_snap_search_m": 50.0,
        "area": "QUEENSTOWN",
        "best_alternate_snap": null,
        "best_node_name": "PASIR PANJANG MRT STATION Exit A",
        "best_node_type": "mrt_lrt_exit",
        "cache_key": "650637eb77a719d148f8b7ddeb9fb2ee41296a8ff9f24f40f375fa336c80a8b6",
        "current_graph_route_m": null,
        "current_graph_route_state": "disconnected",
        "current_mrt_lrt_connector_reason": null,
        "current_score_best_name": "PASIR PANJANG MRT STATION Exit A",
        "current_score_best_routed_m": 225.8,
        "current_score_best_type": "mrt_lrt_exit",
        "current_score_mrt_lrt_exit_access_connector_m": 0.0,
        "current_score_routing_type": "sheltered",
        "current_score_state": "SCORED",
        "current_score_total": 74.3,
        "diagnostic_class": "scorer_recovered_target_mrt_lrt_exit",
        "direct_distance_m": 137.0,
        "direction": "project_shorter_than_onemap",
        "distance_sanity": "plausible",
        "endpoint_source": "postal_universe_to_transit_poi",
        "mrt_lrt_candidate_count": 1,
        "new_best_name": "PASIR PANJANG MRT STATION Exit A",
        "new_best_shortest_m": 195.9,
        "old_abs_pct_delta": 35.347,
        "old_direction": "project_shorter_than_onemap",
        "old_onemap_walk_m": 303.0,
        "old_project_shortest_m": 195.9,
        "old_validation_best_node": "PASIR PANJANG MRT STATION Exit A",
        "onemap_walk_bucket": "gt_100m",
        "onemap_walk_m": 303.0,
        "origin_component": 1345,
        "origin_component_reaches_target": false,
        "origin_snap_m": 23.2,
        "postal": "119454",
        "priority_rank": 45,
        "project_shortest_m": 195.9,
        "queue": "validation_subset_priority",
        "route_trust": "graph_routed_mrt_lrt",
        "routing_type": "sheltered",
        "same_validation_and_current_stop_name": true,
        "signed_delta_m": -107.1,
        "signed_pct_delta": -35.347,
        "state": "SCORED",
        "subset": "graph_routed_mrt_lrt_plausible_onemap_distance",
        "target_component": 0,
        "target_direct_m": 136.7,
        "target_exit_code": "Exit A",
        "target_match_method": "matched_target_name",
        "target_mrt_lrt_exit_name": "PASIR PANJANG MRT STATION Exit A",
        "target_snap_m": 5.2,
        "target_station_name": "PASIR PANJANG MRT STATION",
        "validation_area": "QUEENSTOWN",
        "validation_direct_distance_m": 137.0,
        "validation_distance_sanity": "plausible",
        "validation_route_trust": "graph_routed_mrt_lrt",
        "validation_routing_type": "sheltered"
      },
      "type": "Feature"
    },
    {
      "geometry": {
        "coordinates": [
          [
            103.8608,
            1.310669
          ],
          [
            103.86265,
            1.307619
          ]
        ],
        "type": "LineString"
      },
      "properties": {
        "abs_delta_m": 221.1,
        "abs_pct_delta": 32.756,
        "alternate_snap_reachable_count": 20,
        "alternate_snap_search_m": 50.0,
        "area": "KALLANG",
        "best_alternate_snap": {
          "component": 0,
          "graph_node": [
            31280.32,
            32259.93
          ],
          "route_m": 392.3,
          "route_plus_snap_m": 439.6,
          "snap_m": 47.4
        },
        "best_node_name": "LAVENDER MRT STATION Exit B",
        "best_node_type": "mrt_lrt_exit",
        "cache_key": "e79a4f3b1204efb97d5f77e64ed332a1be021ab33c928e7001e5b2cc65471339",
        "current_graph_route_m": 453.9,
        "current_graph_route_state": "routable",
        "current_mrt_lrt_connector_reason": null,
        "current_score_best_name": "LAVENDER MRT STATION Exit B",
        "current_score_best_routed_m": 477.5,
        "current_score_best_type": "mrt_lrt_exit",
        "current_score_mrt_lrt_exit_access_connector_m": 0.0,
        "current_score_routing_type": "sheltered",
        "current_score_state": "SCORED",
        "current_score_total": 53.4,
        "diagnostic_class": "scorer_recovered_target_mrt_lrt_exit",
        "direct_distance_m": 396.6,
        "direction": "project_shorter_than_onemap",
        "distance_sanity": "plausible",
        "endpoint_source": "postal_universe_to_transit_poi",
        "mrt_lrt_candidate_count": 4,
        "new_best_name": "LAVENDER MRT STATION Exit B",
        "new_best_shortest_m": 453.9,
        "old_abs_pct_delta": 32.756,
        "old_direction": "project_shorter_than_onemap",
        "old_onemap_walk_m": 675.0,
        "old_project_shortest_m": 453.9,
        "old_validation_best_node": "LAVENDER MRT STATION Exit B",
        "onemap_walk_bucket": "gt_100m",
        "onemap_walk_m": 675.0,
        "origin_component": 0,
        "origin_component_reaches_target": true,
        "origin_snap_m": 21.2,
        "postal": "209077",
        "priority_rank": 46,
        "project_shortest_m": 453.9,
        "queue": "validation_subset_priority",
        "route_trust": "graph_routed_mrt_lrt",
        "routing_type": "sheltered",
        "same_validation_and_current_stop_name": true,
        "signed_delta_m": -221.1,
        "signed_pct_delta": -32.756,
        "state": "SCORED",
        "subset": "graph_routed_mrt_lrt_plausible_onemap_distance",
        "target_component": 0,
        "target_direct_m": 395.2,
        "target_exit_code": "Exit B",
        "target_match_method": "matched_target_name",
        "target_mrt_lrt_exit_name": "LAVENDER MRT STATION Exit B",
        "target_snap_m": 2.4,
        "target_station_name": "LAVENDER MRT STATION",
        "validation_area": "KALLANG",
        "validation_direct_distance_m": 396.6,
        "validation_distance_sanity": "plausible",
        "validation_route_trust": "graph_routed_mrt_lrt",
        "validation_routing_type": "sheltered"
      },
      "type": "Feature"
    },
    {
      "geometry": {
        "coordinates": [
          [
            103.885895,
            1.356617
          ],
          [
            103.885451,
            1.360028
          ]
        ],
        "type": "LineString"
      },
      "properties": {
        "abs_delta_m": 231.3,
        "abs_pct_delta": 31.903,
        "alternate_snap_reachable_count": 7,
        "alternate_snap_search_m": 50.0,
        "area": "HOUGANG",
        "best_alternate_snap": {
          "component": 0,
          "graph_node": [
            33793.74,
            37979.81
          ],
          "route_m": 438.2,
          "route_plus_snap_m": 469.9,
          "snap_m": 31.8
        },
        "best_node_name": "KOVAN MRT STATION Exit C",
        "best_node_type": "mrt_lrt_exit",
        "cache_key": "ea9041e99b5a5ff3150e9d68e0d7392c6743edbabda9b0f7c59783f0857b43cc",
        "current_graph_route_m": 484.1,
        "current_graph_route_state": "routable",
        "current_mrt_lrt_connector_reason": null,
        "current_score_best_name": "KOVAN MRT STATION Exit C",
        "current_score_best_routed_m": 548.3,
        "current_score_best_type": "mrt_lrt_exit",
        "current_score_mrt_lrt_exit_access_connector_m": 0.0,
        "current_score_routing_type": "sheltered",
        "current_score_state": "SCORED",
        "current_score_total": 77.5,
        "diagnostic_class": "scorer_recovered_target_mrt_lrt_exit",
        "direct_distance_m": 382.5,
        "direction": "project_shorter_than_onemap",
        "distance_sanity": "plausible",
        "endpoint_source": "postal_universe_to_transit_poi",
        "mrt_lrt_candidate_count": 3,
        "new_best_name": "KOVAN MRT STATION Exit C",
        "new_best_shortest_m": 493.7,
        "old_abs_pct_delta": 31.903,
        "old_direction": "project_shorter_than_onemap",
        "old_onemap_walk_m": 725.0,
        "old_project_shortest_m": 493.7,
        "old_validation_best_node": "KOVAN MRT STATION Exit C",
        "onemap_walk_bucket": "gt_100m",
        "onemap_walk_m": 725.0,
        "origin_component": 0,
        "origin_component_reaches_target": true,
        "origin_snap_m": 50.9,
        "postal": "537408",
        "priority_rank": 47,
        "project_shortest_m": 493.7,
        "queue": "validation_subset_priority",
        "route_trust": "graph_routed_mrt_lrt",
        "routing_type": "sheltered",
        "same_validation_and_current_stop_name": true,
        "signed_delta_m": -231.3,
        "signed_pct_delta": -31.903,
        "state": "SCORED",
        "subset": "graph_routed_mrt_lrt_plausible_onemap_distance",
        "target_component": 0,
        "target_direct_m": 380.4,
        "target_exit_code": "Exit C",
        "target_match_method": "matched_target_name",
        "target_mrt_lrt_exit_name": "KOVAN MRT STATION Exit C",
        "target_snap_m": 13.3,
        "target_station_name": "KOVAN MRT STATION",
        "validation_area": "HOUGANG",
        "validation_direct_distance_m": 382.5,
        "validation_distance_sanity": "plausible",
        "validation_route_trust": "graph_routed_mrt_lrt",
        "validation_routing_type": "sheltered"
      },
      "type": "Feature"
    },
    {
      "geometry": {
        "coordinates": [
          [
            103.81317,
            1.317961
          ],
          [
            103.814977,
            1.322535
          ]
        ],
        "type": "LineString"
      },
      "properties": {
        "abs_delta_m": 372.5,
        "abs_pct_delta": 30.709,
        "alternate_snap_reachable_count": 20,
        "alternate_snap_search_m": 50.0,
        "area": "TANGLIN",
        "best_alternate_snap": {
          "component": 0,
          "graph_node": [
            25972.2,
            33853.86
          ],
          "route_m": 820.1,
          "route_plus_snap_m": 837.4,
          "snap_m": 17.3
        },
        "best_node_name": "BOTANIC GARDENS MRT STATION Exit A",
        "best_node_type": "mrt_lrt_exit",
        "cache_key": "684ca7962d216f553d0b5354ba838816069e9dd335ff43ef59ea5daa8b9e4a34",
        "current_graph_route_m": 840.5,
        "current_graph_route_state": "routable",
        "current_mrt_lrt_connector_reason": null,
        "current_score_best_name": "BOTANIC GARDENS MRT STATION Exit A",
        "current_score_best_routed_m": 875.9,
        "current_score_best_type": "mrt_lrt_exit",
        "current_score_mrt_lrt_exit_access_connector_m": 0.0,
        "current_score_routing_type": "sheltered",
        "current_score_state": "SCORED",
        "current_score_total": 22.7,
        "diagnostic_class": "scorer_recovered_target_mrt_lrt_exit",
        "direct_distance_m": 546.8,
        "direction": "project_shorter_than_onemap",
        "distance_sanity": "plausible",
        "endpoint_source": "postal_universe_to_transit_poi",
        "mrt_lrt_candidate_count": 4,
        "new_best_name": "BOTANIC GARDENS MRT STATION Exit A",
        "new_best_shortest_m": 840.5,
        "old_abs_pct_delta": 30.709,
        "old_direction": "project_shorter_than_onemap",
        "old_onemap_walk_m": 1213.0,
        "old_project_shortest_m": 840.5,
        "old_validation_best_node": "BOTANIC GARDENS MRT STATION Exit A",
        "onemap_walk_bucket": "gt_100m",
        "onemap_walk_m": 1213.0,
        "origin_component": 0,
        "origin_component_reaches_target": true,
        "origin_snap_m": 33.2,
        "postal": "259633",
        "priority_rank": 48,
        "project_shortest_m": 840.5,
        "queue": "validation_subset_priority",
        "route_trust": "graph_routed_mrt_lrt",
        "routing_type": "sheltered",
        "same_validation_and_current_stop_name": true,
        "signed_delta_m": -372.5,
        "signed_pct_delta": -30.709,
        "state": "SCORED",
        "subset": "graph_routed_mrt_lrt_plausible_onemap_distance",
        "target_component": 0,
        "target_direct_m": 544.2,
        "target_exit_code": "Exit A",
        "target_match_method": "matched_target_name",
        "target_mrt_lrt_exit_name": "BOTANIC GARDENS MRT STATION Exit A",
        "target_snap_m": 2.3,
        "target_station_name": "BOTANIC GARDENS MRT STATION",
        "validation_area": "TANGLIN",
        "validation_direct_distance_m": 546.8,
        "validation_distance_sanity": "plausible",
        "validation_route_trust": "graph_routed_mrt_lrt",
        "validation_routing_type": "sheltered"
      },
      "type": "Feature"
    },
    {
      "geometry": {
        "coordinates": [
          [
            103.691138,
            1.337042
          ],
          [
            103.697129,
            1.337832
          ]
        ],
        "type": "LineString"
      },
      "properties": {
        "abs_delta_m": 275.5,
        "abs_pct_delta": 30.375,
        "alternate_snap_reachable_count": 24,
        "alternate_snap_search_m": 50.0,
        "area": "JURONG_WEST",
        "best_alternate_snap": {
          "component": 0,
          "graph_node": [
            12807.46,
            35555.57
          ],
          "route_m": 1142.4,
          "route_plus_snap_m": 1178.5,
          "snap_m": 36.1
        },
        "best_node_name": "PIONEER MRT STATION Exit B",
        "best_node_type": "mrt_lrt_exit",
        "cache_key": "c1f68270d28ca25093bbf54a0268f44d08497c039a28a1a823db45042d8beea8",
        "current_graph_route_m": 1182.5,
        "current_graph_route_state": "routable",
        "current_mrt_lrt_connector_reason": null,
        "current_score_best_name": null,
        "current_score_best_routed_m": null,
        "current_score_best_type": null,
        "current_score_mrt_lrt_exit_access_connector_m": null,
        "current_score_routing_type": null,
        "current_score_state": "NO_TRANSIT_IN_RANGE",
        "current_score_total": null,
        "diagnostic_class": "current_routable",
        "direct_distance_m": 671.8,
        "direction": "project_longer_than_onemap",
        "distance_sanity": "plausible",
        "endpoint_source": "postal_universe_to_transit_poi",
        "mrt_lrt_candidate_count": 2,
        "new_best_name": "PIONEER MRT STATION Exit B",
        "new_best_shortest_m": 1182.5,
        "old_abs_pct_delta": 30.375,
        "old_direction": "project_longer_than_onemap",
        "old_onemap_walk_m": 907.0,
        "old_project_shortest_m": 1182.5,
        "old_validation_best_node": "PIONEER MRT STATION Exit B",
        "onemap_walk_bucket": "gt_100m",
        "onemap_walk_m": 907.0,
        "origin_component": 0,
        "origin_component_reaches_target": true,
        "origin_snap_m": 28.7,
        "postal": "637915",
        "priority_rank": 49,
        "project_shortest_m": 1182.5,
        "queue": "validation_subset_priority",
        "route_trust": "graph_routed_mrt_lrt",
        "routing_type": "sheltered",
        "same_validation_and_current_stop_name": true,
        "signed_delta_m": 275.5,
        "signed_pct_delta": 30.375,
        "state": "SCORED",
        "subset": "graph_routed_mrt_lrt_plausible_onemap_distance",
        "target_component": 0,
        "target_direct_m": 672.5,
        "target_exit_code": "Exit B",
        "target_match_method": "matched_target_name",
        "target_mrt_lrt_exit_name": "PIONEER MRT STATION Exit B",
        "target_snap_m": 2.7,
        "target_station_name": "PIONEER MRT STATION",
        "validation_area": "JURONG_WEST",
        "validation_direct_distance_m": 671.8,
        "validation_distance_sanity": "plausible",
        "validation_route_trust": "graph_routed_mrt_lrt",
        "validation_routing_type": "sheltered"
      },
      "type": "Feature"
    },
    {
      "geometry": {
        "coordinates": [
          [
            103.765568,
            1.385016
          ],
          [
            103.764677,
            1.386833
          ]
        ],
        "type": "LineString"
      },
      "properties": {
        "abs_delta_m": 86.7,
        "abs_pct_delta": 29.897,
        "alternate_snap_reachable_count": 24,
        "alternate_snap_search_m": 50.0,
        "area": "BUKIT_PANJANG",
        "best_alternate_snap": {
          "component": 0,
          "graph_node": [
            20352.93,
            40929.61
          ],
          "route_m": 317.1,
          "route_plus_snap_m": 362.8,
          "snap_m": 45.7
        },
        "best_node_name": "JELAPANG LRT STATION Exit A",
        "best_node_type": "mrt_lrt_exit",
        "cache_key": "fc639a1092db81a63d586b7b748afbd2ea08799842fce85d319daf94c12fedbe",
        "current_graph_route_m": 376.7,
        "current_graph_route_state": "routable",
        "current_mrt_lrt_connector_reason": null,
        "current_score_best_name": "Opp Blk 532",
        "current_score_best_routed_m": null,
        "current_score_best_type": "bus_stop",
        "current_score_mrt_lrt_exit_access_connector_m": null,
        "current_score_routing_type": "direct_bus_fallback_unrouted",
        "current_score_state": "SCORED_PARTIAL",
        "current_score_total": 55.0,
        "diagnostic_class": "current_routable",
        "direct_distance_m": 225.0,
        "direction": "project_longer_than_onemap",
        "distance_sanity": "plausible",
        "endpoint_source": "postal_universe_to_transit_poi",
        "mrt_lrt_candidate_count": 1,
        "new_best_name": "JELAPANG LRT STATION Exit A",
        "new_best_shortest_m": 376.7,
        "old_abs_pct_delta": 29.897,
        "old_direction": "project_longer_than_onemap",
        "old_onemap_walk_m": 290.0,
        "old_project_shortest_m": 376.7,
        "old_validation_best_node": "JELAPANG LRT STATION Exit A",
        "onemap_walk_bucket": "gt_100m",
        "onemap_walk_m": 290.0,
        "origin_component": 0,
        "origin_component_reaches_target": true,
        "origin_snap_m": 39.3,
        "postal": "670528",
        "priority_rank": 50,
        "project_shortest_m": 376.7,
        "queue": "validation_subset_priority",
        "route_trust": "graph_routed_mrt_lrt",
        "routing_type": "sheltered",
        "same_validation_and_current_stop_name": true,
        "signed_delta_m": 86.7,
        "signed_pct_delta": 29.897,
        "state": "SCORED",
        "subset": "graph_routed_mrt_lrt_plausible_onemap_distance",
        "target_component": 0,
        "target_direct_m": 224.1,
        "target_exit_code": "Exit A",
        "target_match_method": "matched_target_name",
        "target_mrt_lrt_exit_name": "JELAPANG LRT STATION Exit A",
        "target_snap_m": 0.9,
        "target_station_name": "JELAPANG LRT STATION",
        "validation_area": "BUKIT_PANJANG",
        "validation_direct_distance_m": 225.0,
        "validation_distance_sanity": "plausible",
        "validation_route_trust": "graph_routed_mrt_lrt",
        "validation_routing_type": "sheltered"
      },
      "type": "Feature"
    }
  ],
  "type": "FeatureCollection"
}
