{
  "features": [
    {
      "geometry": {
        "coordinates": [
          [
            103.890393,
            1.376554
          ],
          [
            103.890549,
            1.376345
          ]
        ],
        "type": "LineString"
      },
      "properties": {
        "abs_delta_m": 304.9,
        "abs_pct_delta": 709.07,
        "area": "HOUGANG",
        "best_node_name": "Blk 535",
        "best_node_type": "bus_stop",
        "cache_key": "9c1e9e4601fff19d4beeff5eefd0810eb9a79db64d09928ca921639f9f9e2605",
        "direct_distance_m": 29.0,
        "direction": "project_longer_than_onemap",
        "distance_sanity": "plausible",
        "endpoint_source": "postal_universe_to_transit_poi",
        "onemap_walk_bucket": "gt_20m_le_50m",
        "onemap_walk_m": 43.0,
        "postal": "530535",
        "priority_rank": 1,
        "project_shortest_m": 347.9,
        "queue": "validation_subset_priority",
        "route_trust": "graph_routed_bus_stop",
        "routing_type": "sheltered",
        "signed_delta_m": 304.9,
        "signed_pct_delta": 709.07,
        "state": "SCORED",
        "subset": "graph_routed_bus_stop_plausible_onemap_distance"
      },
      "type": "Feature"
    },
    {
      "geometry": {
        "coordinates": [
          [
            103.829376,
            1.431591
          ],
          [
            103.829557,
            1.431407
          ]
        ],
        "type": "LineString"
      },
      "properties": {
        "abs_delta_m": 280.4,
        "abs_pct_delta": 667.619,
        "area": "YISHUN",
        "best_node_name": "Aft Chong Pang CC",
        "best_node_type": "bus_stop",
        "cache_key": "d58aca0315f7980865efad4767111d29b74cfb092f787d53e39053ea1155199d",
        "direct_distance_m": 28.7,
        "direction": "project_longer_than_onemap",
        "distance_sanity": "plausible",
        "endpoint_source": "postal_universe_to_transit_poi",
        "onemap_walk_bucket": "gt_20m_le_50m",
        "onemap_walk_m": 42.0,
        "postal": "760103",
        "priority_rank": 2,
        "project_shortest_m": 322.4,
        "queue": "validation_subset_priority",
        "route_trust": "graph_routed_bus_stop",
        "routing_type": "sheltered",
        "signed_delta_m": 280.4,
        "signed_pct_delta": 667.619,
        "state": "SCORED",
        "subset": "graph_routed_bus_stop_plausible_onemap_distance"
      },
      "type": "Feature"
    },
    {
      "geometry": {
        "coordinates": [
          [
            103.909024,
            1.320963
          ],
          [
            103.91,
            1.32027
          ]
        ],
        "type": "LineString"
      },
      "properties": {
        "abs_delta_m": 684.6,
        "abs_pct_delta": 388.977,
        "area": "BEDOK",
        "best_node_name": "Opp Hong San Si Tp",
        "best_node_type": "bus_stop",
        "cache_key": "b316aacea291a4f5e0d3757f859c7d14d9b1fd2cab91abb49b050d5b91c9f5da",
        "direct_distance_m": 133.1,
        "direction": "project_longer_than_onemap",
        "distance_sanity": "plausible",
        "endpoint_source": "postal_universe_to_transit_poi",
        "onemap_walk_bucket": "gt_100m",
        "onemap_walk_m": 176.0,
        "postal": "417092",
        "priority_rank": 3,
        "project_shortest_m": 860.6,
        "queue": "validation_subset_priority",
        "route_trust": "graph_routed_bus_stop",
        "routing_type": "sheltered",
        "signed_delta_m": 684.6,
        "signed_pct_delta": 388.977,
        "state": "SCORED",
        "subset": "graph_routed_bus_stop_plausible_onemap_distance"
      },
      "type": "Feature"
    },
    {
      "geometry": {
        "coordinates": [
          [
            103.859754,
            1.361073
          ],
          [
            103.859839,
            1.360656
          ]
        ],
        "type": "LineString"
      },
      "properties": {
        "abs_delta_m": 174.9,
        "abs_pct_delta": 372.128,
        "area": "SERANGOON",
        "best_node_name": "Aft Corfe Pl",
        "best_node_type": "bus_stop",
        "cache_key": "a4264a08a877d70b45869a22e8ff884fae2203a98971af0a4cbe9f978de051f4",
        "direct_distance_m": 47.3,
        "direction": "project_longer_than_onemap",
        "distance_sanity": "plausible",
        "endpoint_source": "postal_universe_to_transit_poi",
        "onemap_walk_bucket": "gt_20m_le_50m",
        "onemap_walk_m": 47.0,
        "postal": "559038",
        "priority_rank": 4,
        "project_shortest_m": 221.9,
        "queue": "validation_subset_priority",
        "route_trust": "graph_routed_bus_stop",
        "routing_type": "sheltered",
        "signed_delta_m": 174.9,
        "signed_pct_delta": 372.128,
        "state": "SCORED",
        "subset": "graph_routed_bus_stop_plausible_onemap_distance"
      },
      "type": "Feature"
    },
    {
      "geometry": {
        "coordinates": [
          [
            103.880887,
            1.347235
          ],
          [
            103.880912,
            1.346768
          ]
        ],
        "type": "LineString"
      },
      "properties": {
        "abs_delta_m": 360.4,
        "abs_pct_delta": 371.546,
        "area": "HOUGANG",
        "best_node_name": "Raya Gdn",
        "best_node_type": "bus_stop",
        "cache_key": "8f654b79882bdcb7cb75893781b02484b3c10477ad6e0c84cfc0090d82ef5969",
        "direct_distance_m": 52.0,
        "direction": "project_longer_than_onemap",
        "distance_sanity": "plausible",
        "endpoint_source": "postal_universe_to_transit_poi",
        "onemap_walk_bucket": "gt_50m_le_100m",
        "onemap_walk_m": 97.0,
        "postal": "534317",
        "priority_rank": 5,
        "project_shortest_m": 457.4,
        "queue": "validation_subset_priority",
        "route_trust": "graph_routed_bus_stop",
        "routing_type": "sheltered",
        "signed_delta_m": 360.4,
        "signed_pct_delta": 371.546,
        "state": "SCORED",
        "subset": "graph_routed_bus_stop_plausible_onemap_distance"
      },
      "type": "Feature"
    },
    {
      "geometry": {
        "coordinates": [
          [
            103.925246,
            1.318445
          ],
          [
            103.925105,
            1.318831
          ]
        ],
        "type": "LineString"
      },
      "properties": {
        "abs_delta_m": 722.6,
        "abs_pct_delta": 366.802,
        "area": "BEDOK",
        "best_node_name": "Aft Carmen St",
        "best_node_type": "bus_stop",
        "cache_key": "500009caa3139718ff0119d373aacf437cbeae1675db264cf5812dec9a0d2082",
        "direct_distance_m": 45.7,
        "direction": "project_longer_than_onemap",
        "distance_sanity": "plausible",
        "endpoint_source": "postal_universe_to_transit_poi",
        "onemap_walk_bucket": "gt_100m",
        "onemap_walk_m": 197.0,
        "postal": "455383",
        "priority_rank": 6,
        "project_shortest_m": 919.6,
        "queue": "validation_subset_priority",
        "route_trust": "graph_routed_bus_stop",
        "routing_type": "sheltered",
        "signed_delta_m": 722.6,
        "signed_pct_delta": 366.802,
        "state": "SCORED",
        "subset": "graph_routed_bus_stop_plausible_onemap_distance"
      },
      "type": "Feature"
    },
    {
      "geometry": {
        "coordinates": [
          [
            103.88359,
            1.302364
          ],
          [
            103.884367,
            1.303159
          ]
        ],
        "type": "LineString"
      },
      "properties": {
        "abs_delta_m": 635.7,
        "abs_pct_delta": 314.703,
        "area": "KALLANG",
        "best_node_name": "Bef Kg Kayu Rd",
        "best_node_type": "bus_stop",
        "cache_key": "c60c96ce04ad8c8609d7cecc46443cc2529676e810842af5b1ecfc03fb005298",
        "direct_distance_m": 123.6,
        "direction": "project_longer_than_onemap",
        "distance_sanity": "plausible",
        "endpoint_source": "postal_universe_to_transit_poi",
        "onemap_walk_bucket": "gt_100m",
        "onemap_walk_m": 202.0,
        "postal": "431007",
        "priority_rank": 7,
        "project_shortest_m": 837.7,
        "queue": "validation_subset_priority",
        "route_trust": "graph_routed_bus_stop",
        "routing_type": "sheltered",
        "signed_delta_m": 635.7,
        "signed_pct_delta": 314.703,
        "state": "SCORED",
        "subset": "graph_routed_bus_stop_plausible_onemap_distance"
      },
      "type": "Feature"
    },
    {
      "geometry": {
        "coordinates": [
          [
            103.626506,
            1.309657
          ],
          [
            103.626821,
            1.308546
          ]
        ],
        "type": "LineString"
      },
      "properties": {
        "abs_delta_m": 463.4,
        "abs_pct_delta": 308.933,
        "area": "TUAS",
        "best_node_name": "Aft Tuas Sth St 2",
        "best_node_type": "bus_stop",
        "cache_key": "24142beb03aef28bb57efc550a7c695b83adc134e71b96aba529c163c2158a3b",
        "direct_distance_m": 128.4,
        "direction": "project_longer_than_onemap",
        "distance_sanity": "plausible",
        "endpoint_source": "postal_universe_to_transit_poi",
        "onemap_walk_bucket": "gt_100m",
        "onemap_walk_m": 150.0,
        "postal": "637814",
        "priority_rank": 8,
        "project_shortest_m": 613.4,
        "queue": "validation_subset_priority",
        "route_trust": "graph_routed_bus_stop",
        "routing_type": "sheltered",
        "signed_delta_m": 463.4,
        "signed_pct_delta": 308.933,
        "state": "SCORED",
        "subset": "graph_routed_bus_stop_plausible_onemap_distance"
      },
      "type": "Feature"
    },
    {
      "geometry": {
        "coordinates": [
          [
            103.846283,
            1.416479
          ],
          [
            103.846311,
            1.41755
          ]
        ],
        "type": "LineString"
      },
      "properties": {
        "abs_delta_m": 293.8,
        "abs_pct_delta": 255.478,
        "area": "YISHUN",
        "best_node_name": "The Shaughnessy",
        "best_node_type": "bus_stop",
        "cache_key": "05d1e19c1247f2c83210a6969b5fc1bfd6380da57ca45edca25faae8bc8bafb3",
        "direct_distance_m": 119.1,
        "direction": "project_longer_than_onemap",
        "distance_sanity": "plausible",
        "endpoint_source": "postal_universe_to_transit_poi",
        "onemap_walk_bucket": "gt_100m",
        "onemap_walk_m": 115.0,
        "postal": "768342",
        "priority_rank": 9,
        "project_shortest_m": 408.8,
        "queue": "validation_subset_priority",
        "route_trust": "graph_routed_bus_stop",
        "routing_type": "sheltered",
        "signed_delta_m": 293.8,
        "signed_pct_delta": 255.478,
        "state": "SCORED",
        "subset": "graph_routed_bus_stop_plausible_onemap_distance"
      },
      "type": "Feature"
    },
    {
      "geometry": {
        "coordinates": [
          [
            103.954551,
            1.341147
          ],
          [
            103.953466,
            1.342262
          ]
        ],
        "type": "LineString"
      },
      "properties": {
        "abs_delta_m": 704.5,
        "abs_pct_delta": 237.205,
        "area": "TAMPINES",
        "best_node_name": "Simei Stn",
        "best_node_type": "bus_stop",
        "cache_key": "346f4561a8fbb72911432c405552293418ed7a6231cbe845ba0a1c475af4e3ba",
        "direct_distance_m": 173.0,
        "direction": "project_longer_than_onemap",
        "distance_sanity": "plausible",
        "endpoint_source": "postal_universe_to_transit_poi",
        "onemap_walk_bucket": "gt_100m",
        "onemap_walk_m": 297.0,
        "postal": "489393",
        "priority_rank": 10,
        "project_shortest_m": 1001.5,
        "queue": "validation_subset_priority",
        "route_trust": "graph_routed_bus_stop",
        "routing_type": "sheltered",
        "signed_delta_m": 704.5,
        "signed_pct_delta": 237.205,
        "state": "SCORED",
        "subset": "graph_routed_bus_stop_plausible_onemap_distance"
      },
      "type": "Feature"
    },
    {
      "geometry": {
        "coordinates": [
          [
            103.775099,
            1.366802
          ],
          [
            103.775309,
            1.367726
          ]
        ],
        "type": "LineString"
      },
      "properties": {
        "abs_delta_m": 255.0,
        "abs_pct_delta": 233.945,
        "area": "BUKIT_PANJANG",
        "best_node_name": "Bef Chestnut Ave",
        "best_node_type": "bus_stop",
        "cache_key": "c6ddeee88f0fc28df2160d9bf979331cf1c5731685706f1e225307b134c0a1b0",
        "direct_distance_m": 105.4,
        "direction": "project_longer_than_onemap",
        "distance_sanity": "plausible",
        "endpoint_source": "postal_universe_to_transit_poi",
        "onemap_walk_bucket": "gt_100m",
        "onemap_walk_m": 109.0,
        "postal": "677662",
        "priority_rank": 11,
        "project_shortest_m": 364.0,
        "queue": "validation_subset_priority",
        "route_trust": "graph_routed_bus_stop",
        "routing_type": "sheltered",
        "signed_delta_m": 255.0,
        "signed_pct_delta": 233.945,
        "state": "SCORED",
        "subset": "graph_routed_bus_stop_plausible_onemap_distance"
      },
      "type": "Feature"
    },
    {
      "geometry": {
        "coordinates": [
          [
            103.896383,
            1.303962
          ],
          [
            103.896569,
            1.3038
          ]
        ],
        "type": "LineString"
      },
      "properties": {
        "abs_delta_m": 99.9,
        "abs_pct_delta": 227.045,
        "area": "MARINE_PARADE",
        "best_node_name": "Aft Katong PO",
        "best_node_type": "bus_stop",
        "cache_key": "31e9fadd618bc51e20d7bcc0aa4c2860820cfeb08d81c5ff43fd8a9c31fdcbf3",
        "direct_distance_m": 27.4,
        "direction": "project_longer_than_onemap",
        "distance_sanity": "plausible",
        "endpoint_source": "postal_universe_to_transit_poi",
        "onemap_walk_bucket": "gt_20m_le_50m",
        "onemap_walk_m": 44.0,
        "postal": "437107",
        "priority_rank": 12,
        "project_shortest_m": 143.9,
        "queue": "validation_subset_priority",
        "route_trust": "graph_routed_bus_stop",
        "routing_type": "sheltered",
        "signed_delta_m": 99.9,
        "signed_pct_delta": 227.045,
        "state": "SCORED",
        "subset": "graph_routed_bus_stop_plausible_onemap_distance"
      },
      "type": "Feature"
    },
    {
      "geometry": {
        "coordinates": [
          [
            103.701198,
            1.35072
          ],
          [
            103.701079,
            1.350532
          ]
        ],
        "type": "LineString"
      },
      "properties": {
        "abs_delta_m": 290.3,
        "abs_pct_delta": 221.603,
        "area": "JURONG_WEST",
        "best_node_name": "Aft Westwood Ave",
        "best_node_type": "bus_stop",
        "cache_key": "a95cf14c4787110e3566054df7782b0c6b1eb8eba228f5b888569e5c213ec1b8",
        "direct_distance_m": 24.7,
        "direction": "project_longer_than_onemap",
        "distance_sanity": "plausible",
        "endpoint_source": "postal_universe_to_transit_poi",
        "onemap_walk_bucket": "gt_100m",
        "onemap_walk_m": 131.0,
        "postal": "648874",
        "priority_rank": 13,
        "project_shortest_m": 421.3,
        "queue": "validation_subset_priority",
        "route_trust": "graph_routed_bus_stop",
        "routing_type": "sheltered",
        "signed_delta_m": 290.3,
        "signed_pct_delta": 221.603,
        "state": "SCORED",
        "subset": "graph_routed_bus_stop_plausible_onemap_distance"
      },
      "type": "Feature"
    },
    {
      "geometry": {
        "coordinates": [
          [
            103.855735,
            1.323291
          ],
          [
            103.856261,
            1.32338
          ]
        ],
        "type": "LineString"
      },
      "properties": {
        "abs_delta_m": 202.6,
        "abs_pct_delta": 217.849,
        "area": "NOVENA",
        "best_node_name": "Blk 82",
        "best_node_type": "bus_stop",
        "cache_key": "4aec72f8023b10a10f66f6bb059d7a33203992fc257a8a98eb64f6ad60d68d91",
        "direct_distance_m": 59.3,
        "direction": "project_longer_than_onemap",
        "distance_sanity": "plausible",
        "endpoint_source": "postal_universe_to_transit_poi",
        "onemap_walk_bucket": "gt_50m_le_100m",
        "onemap_walk_m": 93.0,
        "postal": "320087",
        "priority_rank": 14,
        "project_shortest_m": 295.6,
        "queue": "validation_subset_priority",
        "route_trust": "graph_routed_bus_stop",
        "routing_type": "sheltered",
        "signed_delta_m": 202.6,
        "signed_pct_delta": 217.849,
        "state": "SCORED",
        "subset": "graph_routed_bus_stop_plausible_onemap_distance"
      },
      "type": "Feature"
    },
    {
      "geometry": {
        "coordinates": [
          [
            103.846022,
            1.416497
          ],
          [
            103.846311,
            1.41755
          ]
        ],
        "type": "LineString"
      },
      "properties": {
        "abs_delta_m": 264.8,
        "abs_pct_delta": 211.84,
        "area": "YISHUN",
        "best_node_name": "The Shaughnessy",
        "best_node_type": "bus_stop",
        "cache_key": "b6de7dcbc17bc890a10a636e74194a25369572d3449e3ee237d3ab92e7ae118f",
        "direct_distance_m": 121.4,
        "direction": "project_longer_than_onemap",
        "distance_sanity": "plausible",
        "endpoint_source": "postal_universe_to_transit_poi",
        "onemap_walk_bucket": "gt_100m",
        "onemap_walk_m": 125.0,
        "postal": "768282",
        "priority_rank": 15,
        "project_shortest_m": 389.8,
        "queue": "validation_subset_priority",
        "route_trust": "graph_routed_bus_stop",
        "routing_type": "sheltered",
        "signed_delta_m": 264.8,
        "signed_pct_delta": 211.84,
        "state": "SCORED",
        "subset": "graph_routed_bus_stop_plausible_onemap_distance"
      },
      "type": "Feature"
    },
    {
      "geometry": {
        "coordinates": [
          [
            103.941858,
            1.36736
          ],
          [
            103.941333,
            1.366506
          ]
        ],
        "type": "LineString"
      },
      "properties": {
        "abs_delta_m": 294.9,
        "abs_pct_delta": 209.149,
        "area": "TAMPINES",
        "best_node_name": "Blk 648C",
        "best_node_type": "bus_stop",
        "cache_key": "2ce4fe3fd0f3f9946b0189d9bc6a234fc4c4b671b375a6992aa0fed96ed30f61",
        "direct_distance_m": 111.5,
        "direction": "project_longer_than_onemap",
        "distance_sanity": "plausible",
        "endpoint_source": "postal_universe_to_transit_poi",
        "onemap_walk_bucket": "gt_100m",
        "onemap_walk_m": 141.0,
        "postal": "520647",
        "priority_rank": 16,
        "project_shortest_m": 435.9,
        "queue": "validation_subset_priority",
        "route_trust": "graph_routed_bus_stop",
        "routing_type": "sheltered",
        "signed_delta_m": 294.9,
        "signed_pct_delta": 209.149,
        "state": "SCORED",
        "subset": "graph_routed_bus_stop_plausible_onemap_distance"
      },
      "type": "Feature"
    },
    {
      "geometry": {
        "coordinates": [
          [
            103.767156,
            1.371679
          ],
          [
            103.767602,
            1.371629
          ]
        ],
        "type": "LineString"
      },
      "properties": {
        "abs_delta_m": 126.4,
        "abs_pct_delta": 207.213,
        "area": "BUKIT_PANJANG",
        "best_node_name": "Cashew Pk Condo",
        "best_node_type": "bus_stop",
        "cache_key": "2a42334c24558e180f3e5886adf7e7aa47c51969d7f22b7a6f2a3ef8685ae2b3",
        "direct_distance_m": 49.9,
        "direction": "project_longer_than_onemap",
        "distance_sanity": "plausible",
        "endpoint_source": "postal_universe_to_transit_poi",
        "onemap_walk_bucket": "gt_50m_le_100m",
        "onemap_walk_m": 61.0,
        "postal": "679634",
        "priority_rank": 17,
        "project_shortest_m": 187.4,
        "queue": "validation_subset_priority",
        "route_trust": "graph_routed_bus_stop",
        "routing_type": "sheltered",
        "signed_delta_m": 126.4,
        "signed_pct_delta": 207.213,
        "state": "SCORED",
        "subset": "graph_routed_bus_stop_plausible_onemap_distance"
      },
      "type": "Feature"
    },
    {
      "geometry": {
        "coordinates": [
          [
            103.89519,
            1.301782
          ],
          [
            103.895991,
            1.301713
          ]
        ],
        "type": "LineString"
      },
      "properties": {
        "abs_delta_m": 173.4,
        "abs_pct_delta": 201.628,
        "area": "MARINE_PARADE",
        "best_node_name": "Bef Tg Katong Rd",
        "best_node_type": "bus_stop",
        "cache_key": "dbd105cd49f47091bde658f71dfcdf418e5b2de52971d704335546c3d86c00a7",
        "direct_distance_m": 89.4,
        "direction": "project_longer_than_onemap",
        "distance_sanity": "plausible",
        "endpoint_source": "postal_universe_to_transit_poi",
        "onemap_walk_bucket": "gt_50m_le_100m",
        "onemap_walk_m": 86.0,
        "postal": "437787",
        "priority_rank": 18,
        "project_shortest_m": 259.4,
        "queue": "validation_subset_priority",
        "route_trust": "graph_routed_bus_stop",
        "routing_type": "sheltered",
        "signed_delta_m": 173.4,
        "signed_pct_delta": 201.628,
        "state": "SCORED",
        "subset": "graph_routed_bus_stop_plausible_onemap_distance"
      },
      "type": "Feature"
    },
    {
      "geometry": {
        "coordinates": [
          [
            103.93493,
            1.356848
          ],
          [
            103.933779,
            1.35625
          ]
        ],
        "type": "LineString"
      },
      "properties": {
        "abs_delta_m": 380.7,
        "abs_pct_delta": 194.235,
        "area": "TAMPINES",
        "best_node_name": "Blk 730",
        "best_node_type": "bus_stop",
        "cache_key": "3442e2a3ff666f946f5063144c371f50103f114a9499b464978de96af39425c1",
        "direct_distance_m": 144.2,
        "direction": "project_longer_than_onemap",
        "distance_sanity": "plausible",
        "endpoint_source": "postal_universe_to_transit_poi",
        "onemap_walk_bucket": "gt_100m",
        "onemap_walk_m": 196.0,
        "postal": "520724",
        "priority_rank": 19,
        "project_shortest_m": 576.7,
        "queue": "validation_subset_priority",
        "route_trust": "graph_routed_bus_stop",
        "routing_type": "sheltered",
        "signed_delta_m": 380.7,
        "signed_pct_delta": 194.235,
        "state": "SCORED",
        "subset": "graph_routed_bus_stop_plausible_onemap_distance"
      },
      "type": "Feature"
    },
    {
      "geometry": {
        "coordinates": [
          [
            103.939815,
            1.342648
          ],
          [
            103.939682,
            1.341129
          ]
        ],
        "type": "LineString"
      },
      "properties": {
        "abs_delta_m": 318.3,
        "abs_pct_delta": 168.413,
        "area": "TAMPINES",
        "best_node_name": "Blk 967A",
        "best_node_type": "bus_stop",
        "cache_key": "0f636cce31325fb775a8a08773309c64e7920a39311a3d7e5175547c3829c13c",
        "direct_distance_m": 169.6,
        "direction": "project_longer_than_onemap",
        "distance_sanity": "plausible",
        "endpoint_source": "postal_universe_to_transit_poi",
        "onemap_walk_bucket": "gt_100m",
        "onemap_walk_m": 189.0,
        "postal": "478983",
        "priority_rank": 20,
        "project_shortest_m": 507.3,
        "queue": "validation_subset_priority",
        "route_trust": "graph_routed_bus_stop",
        "routing_type": "sheltered",
        "signed_delta_m": 318.3,
        "signed_pct_delta": 168.413,
        "state": "SCORED",
        "subset": "graph_routed_bus_stop_plausible_onemap_distance"
      },
      "type": "Feature"
    },
    {
      "geometry": {
        "coordinates": [
          [
            103.859678,
            1.38947
          ],
          [
            103.859933,
            1.390494
          ]
        ],
        "type": "LineString"
      },
      "properties": {
        "abs_delta_m": 347.1,
        "abs_pct_delta": 163.726,
        "area": "SERANGOON",
        "best_node_name": "Serenity Pk",
        "best_node_type": "bus_stop",
        "cache_key": "cb68799e4d95c7ebb4f1d8253eb935921070fe7b6b1f65ed91a820f8345f603a",
        "direct_distance_m": 117.3,
        "direction": "project_longer_than_onemap",
        "distance_sanity": "plausible",
        "endpoint_source": "postal_universe_to_transit_poi",
        "onemap_walk_bucket": "gt_100m",
        "onemap_walk_m": 212.0,
        "postal": "806063",
        "priority_rank": 21,
        "project_shortest_m": 559.1,
        "queue": "validation_subset_priority",
        "route_trust": "graph_routed_bus_stop",
        "routing_type": "sheltered",
        "signed_delta_m": 347.1,
        "signed_pct_delta": 163.726,
        "state": "SCORED",
        "subset": "graph_routed_bus_stop_plausible_onemap_distance"
      },
      "type": "Feature"
    },
    {
      "geometry": {
        "coordinates": [
          [
            103.743943,
            1.342984
          ],
          [
            103.744076,
            1.342172
          ]
        ],
        "type": "LineString"
      },
      "properties": {
        "abs_delta_m": 350.9,
        "abs_pct_delta": 163.209,
        "area": "JURONG_EAST",
        "best_node_name": "Blk 241",
        "best_node_type": "bus_stop",
        "cache_key": "37b9239f81de5311450af775b02ff1f8d790523e85c0517311a6c98c1319dc87",
        "direct_distance_m": 91.5,
        "direction": "project_longer_than_onemap",
        "distance_sanity": "plausible",
        "endpoint_source": "postal_universe_to_transit_poi",
        "onemap_walk_bucket": "gt_100m",
        "onemap_walk_m": 215.0,
        "postal": "601291",
        "priority_rank": 22,
        "project_shortest_m": 565.9,
        "queue": "validation_subset_priority",
        "route_trust": "graph_routed_bus_stop",
        "routing_type": "sheltered",
        "signed_delta_m": 350.9,
        "signed_pct_delta": 163.209,
        "state": "SCORED",
        "subset": "graph_routed_bus_stop_plausible_onemap_distance"
      },
      "type": "Feature"
    },
    {
      "geometry": {
        "coordinates": [
          [
            103.92698,
            1.350803
          ],
          [
            103.92732,
            1.352209
          ]
        ],
        "type": "LineString"
      },
      "properties": {
        "abs_delta_m": 249.8,
        "abs_pct_delta": 159.108,
        "area": "TAMPINES",
        "best_node_name": "The Santorini",
        "best_node_type": "bus_stop",
        "cache_key": "fc06e30ec24109b88f55a6cc515b3f596bbbc6b9f8abeef010f5fc2f6b57692e",
        "direct_distance_m": 160.8,
        "direction": "project_longer_than_onemap",
        "distance_sanity": "plausible",
        "endpoint_source": "postal_universe_to_transit_poi",
        "onemap_walk_bucket": "gt_100m",
        "onemap_walk_m": 157.0,
        "postal": "528585",
        "priority_rank": 23,
        "project_shortest_m": 406.8,
        "queue": "validation_subset_priority",
        "route_trust": "graph_routed_bus_stop",
        "routing_type": "sheltered",
        "signed_delta_m": 249.8,
        "signed_pct_delta": 159.108,
        "state": "SCORED",
        "subset": "graph_routed_bus_stop_plausible_onemap_distance"
      },
      "type": "Feature"
    },
    {
      "geometry": {
        "coordinates": [
          [
            103.902567,
            1.313801
          ],
          [
            103.90307,
            1.313826
          ]
        ],
        "type": "LineString"
      },
      "properties": {
        "abs_delta_m": 89.3,
        "abs_pct_delta": 151.356,
        "area": "GEYLANG",
        "best_node_name": "Bef Mangis Rd",
        "best_node_type": "bus_stop",
        "cache_key": "28f55c8dbfb04b8aa33c52eb5c8f370a45f286f0ba93dba814d59b02dc8d0bc0",
        "direct_distance_m": 56.0,
        "direction": "project_longer_than_onemap",
        "distance_sanity": "plausible",
        "endpoint_source": "postal_universe_to_transit_poi",
        "onemap_walk_bucket": "gt_50m_le_100m",
        "onemap_walk_m": 59.0,
        "postal": "427835",
        "priority_rank": 24,
        "project_shortest_m": 148.3,
        "queue": "validation_subset_priority",
        "route_trust": "graph_routed_bus_stop",
        "routing_type": "sheltered",
        "signed_delta_m": 89.3,
        "signed_pct_delta": 151.356,
        "state": "SCORED",
        "subset": "graph_routed_bus_stop_plausible_onemap_distance"
      },
      "type": "Feature"
    },
    {
      "geometry": {
        "coordinates": [
          [
            103.873356,
            1.39648
          ],
          [
            103.873073,
            1.39705
          ]
        ],
        "type": "LineString"
      },
      "properties": {
        "abs_delta_m": 100.0,
        "abs_pct_delta": 149.254,
        "area": "SENGKANG",
        "best_node_name": "Jln Kayu Shophouse",
        "best_node_type": "bus_stop",
        "cache_key": "5bb9ac76339699226704e35702c35b28f886aceaf2c1d340d540dfb858b77972",
        "direct_distance_m": 70.8,
        "direction": "project_longer_than_onemap",
        "distance_sanity": "plausible",
        "endpoint_source": "postal_universe_to_transit_poi",
        "onemap_walk_bucket": "gt_50m_le_100m",
        "onemap_walk_m": 67.0,
        "postal": "799452",
        "priority_rank": 25,
        "project_shortest_m": 167.0,
        "queue": "validation_subset_priority",
        "route_trust": "graph_routed_bus_stop",
        "routing_type": "sheltered",
        "signed_delta_m": 100.0,
        "signed_pct_delta": 149.254,
        "state": "SCORED",
        "subset": "graph_routed_bus_stop_plausible_onemap_distance"
      },
      "type": "Feature"
    },
    {
      "geometry": {
        "coordinates": [
          [
            103.895264,
            1.307248
          ],
          [
            103.895454,
            1.307258
          ]
        ],
        "type": "LineString"
      },
      "properties": {
        "abs_delta_m": 55.0,
        "abs_pct_delta": 148.649,
        "area": "MARINE_PARADE",
        "best_node_name": "Opp Tg Katong Girls' Sch",
        "best_node_type": "bus_stop",
        "cache_key": "6b9eb9c1a4fc02bf4911e526ec6b2e551374d9f070bc1b01e312a1b1f5f792ea",
        "direct_distance_m": 21.2,
        "direction": "project_longer_than_onemap",
        "distance_sanity": "plausible",
        "endpoint_source": "postal_universe_to_transit_poi",
        "onemap_walk_bucket": "gt_20m_le_50m",
        "onemap_walk_m": 37.0,
        "postal": "437009",
        "priority_rank": 26,
        "project_shortest_m": 92.0,
        "queue": "validation_subset_priority",
        "route_trust": "graph_routed_bus_stop",
        "routing_type": "sheltered",
        "signed_delta_m": 55.0,
        "signed_pct_delta": 148.649,
        "state": "SCORED",
        "subset": "graph_routed_bus_stop_plausible_onemap_distance"
      },
      "type": "Feature"
    },
    {
      "geometry": {
        "coordinates": [
          [
            103.830701,
            1.294262
          ],
          [
            103.830838,
            1.294092
          ]
        ],
        "type": "LineString"
      },
      "properties": {
        "abs_delta_m": 38.0,
        "abs_pct_delta": 146.154,
        "area": "TANGLIN",
        "best_node_name": "Opp Great World City",
        "best_node_type": "bus_stop",
        "cache_key": "74bf4f4c43ebdf3d1575ab5809c11e4fd228e75309ec88b82dc35371a1c873c1",
        "direct_distance_m": 24.3,
        "direction": "project_longer_than_onemap",
        "distance_sanity": "plausible",
        "endpoint_source": "postal_universe_to_transit_poi",
        "onemap_walk_bucket": "gt_20m_le_50m",
        "onemap_walk_m": 26.0,
        "postal": "247733",
        "priority_rank": 27,
        "project_shortest_m": 64.0,
        "queue": "validation_subset_priority",
        "route_trust": "graph_routed_bus_stop",
        "routing_type": "sheltered",
        "signed_delta_m": 38.0,
        "signed_pct_delta": 146.154,
        "state": "SCORED",
        "subset": "graph_routed_bus_stop_plausible_onemap_distance"
      },
      "type": "Feature"
    },
    {
      "geometry": {
        "coordinates": [
          [
            103.846869,
            1.417068
          ],
          [
            103.84619,
            1.419031
          ]
        ],
        "type": "LineString"
      },
      "properties": {
        "abs_delta_m": 339.1,
        "abs_pct_delta": 144.915,
        "area": "YISHUN",
        "best_node_name": "Blk 432C",
        "best_node_type": "bus_stop",
        "cache_key": "5e5678daab58d4d64c81867dcc57b3ba6185514bb10136e18c4a46e6bc3997ce",
        "direct_distance_m": 231.0,
        "direction": "project_longer_than_onemap",
        "distance_sanity": "plausible",
        "endpoint_source": "postal_universe_to_transit_poi",
        "onemap_walk_bucket": "gt_100m",
        "onemap_walk_m": 234.0,
        "postal": "768308",
        "priority_rank": 28,
        "project_shortest_m": 573.1,
        "queue": "validation_subset_priority",
        "route_trust": "graph_routed_bus_stop",
        "routing_type": "sheltered",
        "signed_delta_m": 339.1,
        "signed_pct_delta": 144.915,
        "state": "SCORED",
        "subset": "graph_routed_bus_stop_plausible_onemap_distance"
      },
      "type": "Feature"
    },
    {
      "geometry": {
        "coordinates": [
          [
            103.702616,
            1.333896
          ],
          [
            103.703381,
            1.33327
          ]
        ],
        "type": "LineString"
      },
      "properties": {
        "abs_delta_m": 241.7,
        "abs_pct_delta": 143.869,
        "area": "JURONG_WEST",
        "best_node_name": "Aft Fan Yoong Rd",
        "best_node_type": "bus_stop",
        "cache_key": "0649534ffd2efc54da9a24d409c3dc2efabb5040255935995ee63adc9b8ff733",
        "direct_distance_m": 109.9,
        "direction": "project_longer_than_onemap",
        "distance_sanity": "plausible",
        "endpoint_source": "postal_universe_to_transit_poi",
        "onemap_walk_bucket": "gt_100m",
        "onemap_walk_m": 168.0,
        "postal": "627662",
        "priority_rank": 29,
        "project_shortest_m": 409.7,
        "queue": "validation_subset_priority",
        "route_trust": "graph_routed_bus_stop",
        "routing_type": "sheltered",
        "signed_delta_m": 241.7,
        "signed_pct_delta": 143.869,
        "state": "SCORED",
        "subset": "graph_routed_bus_stop_plausible_onemap_distance"
      },
      "type": "Feature"
    },
    {
      "geometry": {
        "coordinates": [
          [
            103.813265,
            1.271642
          ],
          [
            103.813154,
            1.26994
          ]
        ],
        "type": "LineString"
      },
      "properties": {
        "abs_delta_m": 325.5,
        "abs_pct_delta": 137.342,
        "area": "BUKIT_MERAH",
        "best_node_name": "Hotel Faber Pk",
        "best_node_type": "bus_stop",
        "cache_key": "5ecf33b01d7258e28dc096746a29cc8bd1d743e2196401b5e8571f931ffc8afd",
        "direct_distance_m": 189.7,
        "direction": "project_longer_than_onemap",
        "distance_sanity": "plausible",
        "endpoint_source": "postal_universe_to_transit_poi",
        "onemap_walk_bucket": "gt_100m",
        "onemap_walk_m": 237.0,
        "postal": "099169",
        "priority_rank": 30,
        "project_shortest_m": 562.5,
        "queue": "validation_subset_priority",
        "route_trust": "graph_routed_bus_stop",
        "routing_type": "sheltered",
        "signed_delta_m": 325.5,
        "signed_pct_delta": 137.342,
        "state": "SCORED",
        "subset": "graph_routed_bus_stop_plausible_onemap_distance"
      },
      "type": "Feature"
    },
    {
      "geometry": {
        "coordinates": [
          [
            103.889898,
            1.325525
          ],
          [
            103.890371,
            1.324972
          ]
        ],
        "type": "LineString"
      },
      "properties": {
        "abs_delta_m": 110.9,
        "abs_pct_delta": 133.614,
        "area": "GEYLANG",
        "best_node_name": "MacPherson Stn Exit C",
        "best_node_type": "bus_stop",
        "cache_key": "3b7c0df6afd3faf9c88aca739df1d2b17afef52834f66e1417ac8200aa19378a",
        "direct_distance_m": 80.9,
        "direction": "project_longer_than_onemap",
        "distance_sanity": "plausible",
        "endpoint_source": "postal_universe_to_transit_poi",
        "onemap_walk_bucket": "gt_50m_le_100m",
        "onemap_walk_m": 83.0,
        "postal": "370076",
        "priority_rank": 31,
        "project_shortest_m": 193.9,
        "queue": "validation_subset_priority",
        "route_trust": "graph_routed_bus_stop",
        "routing_type": "sheltered",
        "signed_delta_m": 110.9,
        "signed_pct_delta": 133.614,
        "state": "SCORED",
        "subset": "graph_routed_bus_stop_plausible_onemap_distance"
      },
      "type": "Feature"
    },
    {
      "geometry": {
        "coordinates": [
          [
            103.908745,
            1.322157
          ],
          [
            103.91,
            1.32027
          ]
        ],
        "type": "LineString"
      },
      "properties": {
        "abs_delta_m": 418.2,
        "abs_pct_delta": 133.61,
        "area": "BEDOK",
        "best_node_name": "Opp Hong San Si Tp",
        "best_node_type": "bus_stop",
        "cache_key": "238abc698f1f462792108367361939ed79530ab80797c953bb83e4b6ebbe3c90",
        "direct_distance_m": 252.0,
        "direction": "project_longer_than_onemap",
        "distance_sanity": "plausible",
        "endpoint_source": "postal_universe_to_transit_poi",
        "onemap_walk_bucket": "gt_100m",
        "onemap_walk_m": 313.0,
        "postal": "417117",
        "priority_rank": 32,
        "project_shortest_m": 731.2,
        "queue": "validation_subset_priority",
        "route_trust": "graph_routed_bus_stop",
        "routing_type": "sheltered",
        "signed_delta_m": 418.2,
        "signed_pct_delta": 133.61,
        "state": "SCORED",
        "subset": "graph_routed_bus_stop_plausible_onemap_distance"
      },
      "type": "Feature"
    },
    {
      "geometry": {
        "coordinates": [
          [
            103.802831,
            1.306763
          ],
          [
            103.801852,
            1.305441
          ]
        ],
        "type": "LineString"
      },
      "properties": {
        "abs_delta_m": 307.0,
        "abs_pct_delta": 132.9,
        "area": "QUEENSTOWN",
        "best_node_name": "Opp Blk 95",
        "best_node_type": "bus_stop",
        "cache_key": "41aea7236214604fae06109ed446af37166d6810497c7a3c8eb920cb44c413ff",
        "direct_distance_m": 182.9,
        "direction": "project_longer_than_onemap",
        "distance_sanity": "plausible",
        "endpoint_source": "postal_universe_to_transit_poi",
        "onemap_walk_bucket": "gt_100m",
        "onemap_walk_m": 231.0,
        "postal": "248430",
        "priority_rank": 33,
        "project_shortest_m": 538.0,
        "queue": "validation_subset_priority",
        "route_trust": "graph_routed_bus_stop",
        "routing_type": "sheltered",
        "signed_delta_m": 307.0,
        "signed_pct_delta": 132.9,
        "state": "SCORED",
        "subset": "graph_routed_bus_stop_plausible_onemap_distance"
      },
      "type": "Feature"
    },
    {
      "geometry": {
        "coordinates": [
          [
            103.879605,
            1.314385
          ],
          [
            103.879328,
            1.316075
          ]
        ],
        "type": "LineString"
      },
      "properties": {
        "abs_delta_m": 299.5,
        "abs_pct_delta": 130.217,
        "area": "GEYLANG",
        "best_node_name": "Sims Pl Ter",
        "best_node_type": "bus_stop",
        "cache_key": "dfe19cf76af574bed1149b69222db85bbf321773f9a1c59cfaeaf1a2da8e796c",
        "direct_distance_m": 190.4,
        "direction": "project_longer_than_onemap",
        "distance_sanity": "plausible",
        "endpoint_source": "postal_universe_to_transit_poi",
        "onemap_walk_bucket": "gt_100m",
        "onemap_walk_m": 230.0,
        "postal": "387485",
        "priority_rank": 34,
        "project_shortest_m": 529.5,
        "queue": "validation_subset_priority",
        "route_trust": "graph_routed_bus_stop",
        "routing_type": "sheltered",
        "signed_delta_m": 299.5,
        "signed_pct_delta": 130.217,
        "state": "SCORED",
        "subset": "graph_routed_bus_stop_plausible_onemap_distance"
      },
      "type": "Feature"
    },
    {
      "geometry": {
        "coordinates": [
          [
            103.830135,
            1.379694
          ],
          [
            103.829441,
            1.378798
          ]
        ],
        "type": "LineString"
      },
      "properties": {
        "abs_delta_m": 267.9,
        "abs_pct_delta": 129.42,
        "area": "ANG_MO_KIO",
        "best_node_name": "Teachers' Housing Est",
        "best_node_type": "bus_stop",
        "cache_key": "bfeca361ee5b3eb114f8d370ed9d7f1daa063e2e9fabc423cacf322c45c7d579",
        "direct_distance_m": 126.0,
        "direction": "project_longer_than_onemap",
        "distance_sanity": "plausible",
        "endpoint_source": "postal_universe_to_transit_poi",
        "onemap_walk_bucket": "gt_100m",
        "onemap_walk_m": 207.0,
        "postal": "787680",
        "priority_rank": 35,
        "project_shortest_m": 474.9,
        "queue": "validation_subset_priority",
        "route_trust": "graph_routed_bus_stop",
        "routing_type": "sheltered",
        "signed_delta_m": 267.9,
        "signed_pct_delta": 129.42,
        "state": "SCORED",
        "subset": "graph_routed_bus_stop_plausible_onemap_distance"
      },
      "type": "Feature"
    },
    {
      "geometry": {
        "coordinates": [
          [
            103.773262,
            1.372012
          ],
          [
            103.772935,
            1.373551
          ]
        ],
        "type": "LineString"
      },
      "properties": {
        "abs_delta_m": 285.2,
        "abs_pct_delta": 129.05,
        "area": "BUKIT_PANJANG",
        "best_node_name": "Opp Blk 219",
        "best_node_type": "bus_stop",
        "cache_key": "83695226a927cccecdeb0a36729fef36844754af964bbe89785decdbb64ce7cc",
        "direct_distance_m": 174.9,
        "direction": "project_longer_than_onemap",
        "distance_sanity": "plausible",
        "endpoint_source": "postal_universe_to_transit_poi",
        "onemap_walk_bucket": "gt_100m",
        "onemap_walk_m": 221.0,
        "postal": "677768",
        "priority_rank": 36,
        "project_shortest_m": 506.2,
        "queue": "validation_subset_priority",
        "route_trust": "graph_routed_bus_stop",
        "routing_type": "sheltered",
        "signed_delta_m": 285.2,
        "signed_pct_delta": 129.05,
        "state": "SCORED",
        "subset": "graph_routed_bus_stop_plausible_onemap_distance"
      },
      "type": "Feature"
    },
    {
      "geometry": {
        "coordinates": [
          [
            103.743191,
            1.392244
          ],
          [
            103.744494,
            1.392314
          ]
        ],
        "type": "LineString"
      },
      "properties": {
        "abs_delta_m": 209.2,
        "abs_pct_delta": 128.344,
        "area": "CHOA_CHU_KANG",
        "best_node_name": "Blk 537",
        "best_node_type": "bus_stop",
        "cache_key": "ee68cbb093b1bcf83c7cd08240798ff9a00147f09bd62aa73c0820b26d16cb66",
        "direct_distance_m": 145.1,
        "direction": "project_longer_than_onemap",
        "distance_sanity": "plausible",
        "endpoint_source": "postal_universe_to_transit_poi",
        "onemap_walk_bucket": "gt_100m",
        "onemap_walk_m": 163.0,
        "postal": "680534",
        "priority_rank": 37,
        "project_shortest_m": 372.2,
        "queue": "validation_subset_priority",
        "route_trust": "graph_routed_bus_stop",
        "routing_type": "sheltered",
        "signed_delta_m": 209.2,
        "signed_pct_delta": 128.344,
        "state": "SCORED",
        "subset": "graph_routed_bus_stop_plausible_onemap_distance"
      },
      "type": "Feature"
    },
    {
      "geometry": {
        "coordinates": [
          [
            103.796858,
            1.432766
          ],
          [
            103.79597,
            1.433313
          ]
        ],
        "type": "LineString"
      },
      "properties": {
        "abs_delta_m": 178.9,
        "abs_pct_delta": 125.105,
        "area": "WOODLANDS",
        "best_node_name": "Blk 556",
        "best_node_type": "bus_stop",
        "cache_key": "3800be0fe856cdfce5666b3146af6be21c428854e65a9f91a6afed04770ce6c7",
        "direct_distance_m": 115.9,
        "direction": "project_longer_than_onemap",
        "distance_sanity": "plausible",
        "endpoint_source": "postal_universe_to_transit_poi",
        "onemap_walk_bucket": "gt_100m",
        "onemap_walk_m": 143.0,
        "postal": "730557",
        "priority_rank": 38,
        "project_shortest_m": 321.9,
        "queue": "validation_subset_priority",
        "route_trust": "graph_routed_bus_stop",
        "routing_type": "sheltered",
        "signed_delta_m": 178.9,
        "signed_pct_delta": 125.105,
        "state": "SCORED",
        "subset": "graph_routed_bus_stop_plausible_onemap_distance"
      },
      "type": "Feature"
    },
    {
      "geometry": {
        "coordinates": [
          [
            103.919576,
            1.311361
          ],
          [
            103.919308,
            1.310761
          ]
        ],
        "type": "LineString"
      },
      "properties": {
        "abs_delta_m": 88.6,
        "abs_pct_delta": 124.789,
        "area": "BEDOK",
        "best_node_name": "Aft Jln Buloh Perindu",
        "best_node_type": "bus_stop",
        "cache_key": "423dcf3571de49d59e979aa7c7ce9aa09d9f991839fe52e2743391dea8c184d5",
        "direct_distance_m": 73.1,
        "direction": "project_longer_than_onemap",
        "distance_sanity": "plausible",
        "endpoint_source": "postal_universe_to_transit_poi",
        "onemap_walk_bucket": "gt_50m_le_100m",
        "onemap_walk_m": 71.0,
        "postal": "459037",
        "priority_rank": 39,
        "project_shortest_m": 159.6,
        "queue": "validation_subset_priority",
        "route_trust": "graph_routed_bus_stop",
        "routing_type": "sheltered",
        "signed_delta_m": 88.6,
        "signed_pct_delta": 124.789,
        "state": "SCORED",
        "subset": "graph_routed_bus_stop_plausible_onemap_distance"
      },
      "type": "Feature"
    },
    {
      "geometry": {
        "coordinates": [
          [
            103.780253,
            1.41038
          ],
          [
            103.779686,
            1.410565
          ]
        ],
        "type": "LineString"
      },
      "properties": {
        "abs_delta_m": 314.9,
        "abs_pct_delta": 124.466,
        "area": "CENTRAL_WATER_CATCHMENT",
        "best_node_name": "Bef Mandai Lake Rd",
        "best_node_type": "bus_stop",
        "cache_key": "6e44c7b35d470935bcb9c3ccc566dafa095ca31d700ac1ee8a6c997a49fe7446",
        "direct_distance_m": 66.3,
        "direction": "project_longer_than_onemap",
        "distance_sanity": "plausible",
        "endpoint_source": "postal_universe_to_transit_poi",
        "onemap_walk_bucket": "gt_100m",
        "onemap_walk_m": 253.0,
        "postal": "729761",
        "priority_rank": 40,
        "project_shortest_m": 567.9,
        "queue": "validation_subset_priority",
        "route_trust": "graph_routed_bus_stop",
        "routing_type": "sheltered",
        "signed_delta_m": 314.9,
        "signed_pct_delta": 124.466,
        "state": "SCORED",
        "subset": "graph_routed_bus_stop_plausible_onemap_distance"
      },
      "type": "Feature"
    },
    {
      "geometry": {
        "coordinates": [
          [
            103.890101,
            1.346319
          ],
          [
            103.889989,
            1.347631
          ]
        ],
        "type": "LineString"
      },
      "properties": {
        "abs_delta_m": 190.2,
        "abs_pct_delta": 124.314,
        "area": "HOUGANG",
        "best_node_name": "Opp S'pore Girls' Hme",
        "best_node_type": "bus_stop",
        "cache_key": "7ca8266d6a83dd355d3c8e94bfeb99f752e095ac3fa071c535b05b1037ac6563",
        "direct_distance_m": 146.4,
        "direction": "project_longer_than_onemap",
        "distance_sanity": "plausible",
        "endpoint_source": "postal_universe_to_transit_poi",
        "onemap_walk_bucket": "gt_100m",
        "onemap_walk_m": 153.0,
        "postal": "530180",
        "priority_rank": 41,
        "project_shortest_m": 343.2,
        "queue": "validation_subset_priority",
        "route_trust": "graph_routed_bus_stop",
        "routing_type": "sheltered",
        "signed_delta_m": 190.2,
        "signed_pct_delta": 124.314,
        "state": "SCORED",
        "subset": "graph_routed_bus_stop_plausible_onemap_distance"
      },
      "type": "Feature"
    },
    {
      "geometry": {
        "coordinates": [
          [
            103.711302,
            1.335626
          ],
          [
            103.710437,
            1.336041
          ]
        ],
        "type": "LineString"
      },
      "properties": {
        "abs_delta_m": 137.5,
        "abs_pct_delta": 122.768,
        "area": "JURONG_WEST",
        "best_node_name": "Aft Quality Rd",
        "best_node_type": "bus_stop",
        "cache_key": "d3223c4488e654465a858d603786aa66c243d02c11e703364415516ce68ed16d",
        "direct_distance_m": 106.7,
        "direction": "project_longer_than_onemap",
        "distance_sanity": "plausible",
        "endpoint_source": "postal_universe_to_transit_poi",
        "onemap_walk_bucket": "gt_100m",
        "onemap_walk_m": 112.0,
        "postal": "618823",
        "priority_rank": 42,
        "project_shortest_m": 249.5,
        "queue": "validation_subset_priority",
        "route_trust": "graph_routed_bus_stop",
        "routing_type": "sheltered",
        "signed_delta_m": 137.5,
        "signed_pct_delta": 122.768,
        "state": "SCORED",
        "subset": "graph_routed_bus_stop_plausible_onemap_distance"
      },
      "type": "Feature"
    },
    {
      "geometry": {
        "coordinates": [
          [
            103.828322,
            1.373253
          ],
          [
            103.82843,
            1.372666
          ]
        ],
        "type": "LineString"
      },
      "properties": {
        "abs_delta_m": 80.9,
        "abs_pct_delta": 122.576,
        "area": "ANG_MO_KIO",
        "best_node_name": "Opp Sembawang Hills FC",
        "best_node_type": "bus_stop",
        "cache_key": "402eda3ddeb03513f340f82013250f7fd1ec3925f03d6d6b48cf2462983208f4",
        "direct_distance_m": 66.4,
        "direction": "project_longer_than_onemap",
        "distance_sanity": "plausible",
        "endpoint_source": "postal_universe_to_transit_poi",
        "onemap_walk_bucket": "gt_50m_le_100m",
        "onemap_walk_m": 66.0,
        "postal": "579399",
        "priority_rank": 43,
        "project_shortest_m": 146.9,
        "queue": "validation_subset_priority",
        "route_trust": "graph_routed_bus_stop",
        "routing_type": "sheltered",
        "signed_delta_m": 80.9,
        "signed_pct_delta": 122.576,
        "state": "SCORED",
        "subset": "graph_routed_bus_stop_plausible_onemap_distance"
      },
      "type": "Feature"
    },
    {
      "geometry": {
        "coordinates": [
          [
            103.90517,
            1.314389
          ],
          [
            103.905892,
            1.314228
          ]
        ],
        "type": "LineString"
      },
      "properties": {
        "abs_delta_m": 94.0,
        "abs_pct_delta": 120.513,
        "area": "GEYLANG",
        "best_node_name": "Flora East",
        "best_node_type": "bus_stop",
        "cache_key": "95b7518c7dc639cc4e5c8237d9afdf5bdbec923faa9e68ce6f1dd257204b7d7d",
        "direct_distance_m": 82.2,
        "direction": "project_longer_than_onemap",
        "distance_sanity": "plausible",
        "endpoint_source": "postal_universe_to_transit_poi",
        "onemap_walk_bucket": "gt_50m_le_100m",
        "onemap_walk_m": 78.0,
        "postal": "427920",
        "priority_rank": 44,
        "project_shortest_m": 172.0,
        "queue": "validation_subset_priority",
        "route_trust": "graph_routed_bus_stop",
        "routing_type": "sheltered",
        "signed_delta_m": 94.0,
        "signed_pct_delta": 120.513,
        "state": "SCORED",
        "subset": "graph_routed_bus_stop_plausible_onemap_distance"
      },
      "type": "Feature"
    },
    {
      "geometry": {
        "coordinates": [
          [
            103.731288,
            1.361911
          ],
          [
            103.73349,
            1.36187
          ]
        ],
        "type": "LineString"
      },
      "properties": {
        "abs_delta_m": 322.8,
        "abs_pct_delta": 120.448,
        "area": "TENGAH",
        "best_node_name": "Blk 238",
        "best_node_type": "bus_stop",
        "cache_key": "7ebca939cb235efed8cffffc738034ac30c42f3777edaad3514de4335b173862",
        "direct_distance_m": 244.8,
        "direction": "project_longer_than_onemap",
        "distance_sanity": "plausible",
        "endpoint_source": "postal_universe_to_transit_poi",
        "onemap_walk_bucket": "gt_100m",
        "onemap_walk_m": 268.0,
        "postal": "699887",
        "priority_rank": 45,
        "project_shortest_m": 590.8,
        "queue": "validation_subset_priority",
        "route_trust": "graph_routed_bus_stop",
        "routing_type": "sheltered",
        "signed_delta_m": 322.8,
        "signed_pct_delta": 120.448,
        "state": "SCORED",
        "subset": "graph_routed_bus_stop_plausible_onemap_distance"
      },
      "type": "Feature"
    },
    {
      "geometry": {
        "coordinates": [
          [
            103.911259,
            1.313171
          ],
          [
            103.910634,
            1.312608
          ]
        ],
        "type": "LineString"
      },
      "properties": {
        "abs_delta_m": 134.3,
        "abs_pct_delta": 119.911,
        "area": "BEDOK",
        "best_node_name": "Bef Lor K Telok Kurau",
        "best_node_type": "bus_stop",
        "cache_key": "f9018a0d82862a178e11b1e8e5f361c17ef60460a85217279691b629c2775374",
        "direct_distance_m": 93.5,
        "direction": "project_longer_than_onemap",
        "distance_sanity": "plausible",
        "endpoint_source": "postal_universe_to_transit_poi",
        "onemap_walk_bucket": "gt_100m",
        "onemap_walk_m": 112.0,
        "postal": "425686",
        "priority_rank": 46,
        "project_shortest_m": 246.3,
        "queue": "validation_subset_priority",
        "route_trust": "graph_routed_bus_stop",
        "routing_type": "sheltered",
        "signed_delta_m": 134.3,
        "signed_pct_delta": 119.911,
        "state": "SCORED",
        "subset": "graph_routed_bus_stop_plausible_onemap_distance"
      },
      "type": "Feature"
    },
    {
      "geometry": {
        "coordinates": [
          [
            103.783196,
            1.286993
          ],
          [
            103.783451,
            1.286511
          ]
        ],
        "type": "LineString"
      },
      "properties": {
        "abs_delta_m": 70.3,
        "abs_pct_delta": 119.153,
        "area": "QUEENSTOWN",
        "best_node_name": "Galen",
        "best_node_type": "bus_stop",
        "cache_key": "ea8c70f9af6f56aa3284ac89e09eac40193b52d4d3137682ed74cd8813f56804",
        "direct_distance_m": 60.6,
        "direction": "project_longer_than_onemap",
        "distance_sanity": "plausible",
        "endpoint_source": "postal_universe_to_transit_poi",
        "onemap_walk_bucket": "gt_50m_le_100m",
        "onemap_walk_m": 59.0,
        "postal": "117586",
        "priority_rank": 47,
        "project_shortest_m": 129.3,
        "queue": "validation_subset_priority",
        "route_trust": "graph_routed_bus_stop",
        "routing_type": "sheltered",
        "signed_delta_m": 70.3,
        "signed_pct_delta": 119.153,
        "state": "SCORED",
        "subset": "graph_routed_bus_stop_plausible_onemap_distance"
      },
      "type": "Feature"
    },
    {
      "geometry": {
        "coordinates": [
          [
            103.718602,
            1.342802
          ],
          [
            103.719266,
            1.344324
          ]
        ],
        "type": "LineString"
      },
      "properties": {
        "abs_delta_m": 547.9,
        "abs_pct_delta": 118.85,
        "area": "JURONG_WEST",
        "best_node_name": "Opp Lakeside Stn",
        "best_node_type": "bus_stop",
        "cache_key": "2ed0644f245aea2791bc5d42176e665f70e0de6069c49d238bb53c5e0b1c2ccf",
        "direct_distance_m": 184.6,
        "direction": "project_longer_than_onemap",
        "distance_sanity": "plausible",
        "endpoint_source": "postal_universe_to_transit_poi",
        "onemap_walk_bucket": "gt_100m",
        "onemap_walk_m": 461.0,
        "postal": "648320",
        "priority_rank": 48,
        "project_shortest_m": 1008.9,
        "queue": "validation_subset_priority",
        "route_trust": "graph_routed_bus_stop",
        "routing_type": "sheltered",
        "signed_delta_m": 547.9,
        "signed_pct_delta": 118.85,
        "state": "SCORED",
        "subset": "graph_routed_bus_stop_plausible_onemap_distance"
      },
      "type": "Feature"
    },
    {
      "geometry": {
        "coordinates": [
          [
            103.700623,
            1.352167
          ],
          [
            103.701079,
            1.350532
          ]
        ],
        "type": "LineString"
      },
      "properties": {
        "abs_delta_m": 353.0,
        "abs_pct_delta": 118.456,
        "area": "JURONG_WEST",
        "best_node_name": "Aft Westwood Ave",
        "best_node_type": "bus_stop",
        "cache_key": "92a20e9aa48f5d668af3a277e1aab97cb517537cd18ebbc8f3f5ec5e1615acc3",
        "direct_distance_m": 188.7,
        "direction": "project_longer_than_onemap",
        "distance_sanity": "plausible",
        "endpoint_source": "postal_universe_to_transit_poi",
        "onemap_walk_bucket": "gt_100m",
        "onemap_walk_m": 298.0,
        "postal": "648802",
        "priority_rank": 49,
        "project_shortest_m": 651.0,
        "queue": "validation_subset_priority",
        "route_trust": "graph_routed_bus_stop",
        "routing_type": "sheltered",
        "signed_delta_m": 353.0,
        "signed_pct_delta": 118.456,
        "state": "SCORED",
        "subset": "graph_routed_bus_stop_plausible_onemap_distance"
      },
      "type": "Feature"
    },
    {
      "geometry": {
        "coordinates": [
          [
            103.700203,
            1.352195
          ],
          [
            103.701079,
            1.350532
          ]
        ],
        "type": "LineString"
      },
      "properties": {
        "abs_delta_m": 285.3,
        "abs_pct_delta": 115.506,
        "area": "JURONG_WEST",
        "best_node_name": "Aft Westwood Ave",
        "best_node_type": "bus_stop",
        "cache_key": "0e43e46041193ebfa85eff8d6bd37ab8a2ec8a8ff810bb56087e7912d68b16f7",
        "direct_distance_m": 209.0,
        "direction": "project_longer_than_onemap",
        "distance_sanity": "plausible",
        "endpoint_source": "postal_universe_to_transit_poi",
        "onemap_walk_bucket": "gt_100m",
        "onemap_walk_m": 247.0,
        "postal": "648726",
        "priority_rank": 50,
        "project_shortest_m": 532.3,
        "queue": "validation_subset_priority",
        "route_trust": "graph_routed_bus_stop",
        "routing_type": "sheltered",
        "signed_delta_m": 285.3,
        "signed_pct_delta": 115.506,
        "state": "SCORED",
        "subset": "graph_routed_bus_stop_plausible_onemap_distance"
      },
      "type": "Feature"
    },
    {
      "geometry": {
        "coordinates": [
          [
            103.933973,
            1.314693
          ],
          [
            103.93334,
            1.31657
          ]
        ],
        "type": "LineString"
      },
      "properties": {
        "abs_delta_m": 255.2,
        "abs_pct_delta": 114.955,
        "area": "BEDOK",
        "best_node_name": "Casafina",
        "best_node_type": "bus_stop",
        "cache_key": "1576c6212f58c8587046c4e70ef54837ed8478736a62e1d67abc661b7904d9ac",
        "direct_distance_m": 220.3,
        "direction": "project_longer_than_onemap",
        "distance_sanity": "plausible",
        "endpoint_source": "postal_universe_to_transit_poi",
        "onemap_walk_bucket": "gt_100m",
        "onemap_walk_m": 222.0,
        "postal": "469338",
        "priority_rank": 51,
        "project_shortest_m": 477.2,
        "queue": "validation_subset_priority",
        "route_trust": "graph_routed_bus_stop",
        "routing_type": "sheltered",
        "signed_delta_m": 255.2,
        "signed_pct_delta": 114.955,
        "state": "SCORED",
        "subset": "graph_routed_bus_stop_plausible_onemap_distance"
      },
      "type": "Feature"
    },
    {
      "geometry": {
        "coordinates": [
          [
            103.91918,
            1.320274
          ],
          [
            103.918104,
            1.320764
          ]
        ],
        "type": "LineString"
      },
      "properties": {
        "abs_delta_m": 203.6,
        "abs_pct_delta": 113.111,
        "area": "BEDOK",
        "best_node_name": "Aft Perpetual Succour Ch",
        "best_node_type": "bus_stop",
        "cache_key": "05f062a5ad6466beb168adc609895a0e16317b274b24cf480dda8a48451709ce",
        "direct_distance_m": 131.4,
        "direction": "project_longer_than_onemap",
        "distance_sanity": "plausible",
        "endpoint_source": "postal_universe_to_transit_poi",
        "onemap_walk_bucket": "gt_100m",
        "onemap_walk_m": 180.0,
        "postal": "456103",
        "priority_rank": 52,
        "project_shortest_m": 383.6,
        "queue": "validation_subset_priority",
        "route_trust": "graph_routed_bus_stop",
        "routing_type": "sheltered",
        "signed_delta_m": 203.6,
        "signed_pct_delta": 113.111,
        "state": "SCORED",
        "subset": "graph_routed_bus_stop_plausible_onemap_distance"
      },
      "type": "Feature"
    },
    {
      "geometry": {
        "coordinates": [
          [
            103.717439,
            1.339377
          ],
          [
            103.71932,
            1.338364
          ]
        ],
        "type": "LineString"
      },
      "properties": {
        "abs_delta_m": 392.3,
        "abs_pct_delta": 112.73,
        "area": "JURONG_WEST",
        "best_node_name": "Blk 367",
        "best_node_type": "bus_stop",
        "cache_key": "d5b77427b2d99f829f233dd0ae57654d2cf0f857997f24f99ce6619d0d58dbe3",
        "direct_distance_m": 237.5,
        "direction": "project_longer_than_onemap",
        "distance_sanity": "plausible",
        "endpoint_source": "postal_universe_to_transit_poi",
        "onemap_walk_bucket": "gt_100m",
        "onemap_walk_m": 348.0,
        "postal": "618380",
        "priority_rank": 53,
        "project_shortest_m": 740.3,
        "queue": "validation_subset_priority",
        "route_trust": "graph_routed_bus_stop",
        "routing_type": "sheltered",
        "signed_delta_m": 392.3,
        "signed_pct_delta": 112.73,
        "state": "SCORED",
        "subset": "graph_routed_bus_stop_plausible_onemap_distance"
      },
      "type": "Feature"
    },
    {
      "geometry": {
        "coordinates": [
          [
            103.776825,
            1.338608
          ],
          [
            103.776949,
            1.338762
          ]
        ],
        "type": "LineString"
      },
      "properties": {
        "abs_delta_m": 46.0,
        "abs_pct_delta": 112.195,
        "area": "BUKIT_TIMAH",
        "best_node_name": "Pei Hwa Presby Pr Sch",
        "best_node_type": "bus_stop",
        "cache_key": "3ac7e4d4aa0ad69d0da8401f62d5c1a4941799a9d03aefc722997b7e8cb784cd",
        "direct_distance_m": 22.0,
        "direction": "project_longer_than_onemap",
        "distance_sanity": "plausible",
        "endpoint_source": "postal_universe_to_transit_poi",
        "onemap_walk_bucket": "gt_20m_le_50m",
        "onemap_walk_m": 41.0,
        "postal": "588186",
        "priority_rank": 54,
        "project_shortest_m": 87.0,
        "queue": "validation_subset_priority",
        "route_trust": "graph_routed_bus_stop",
        "routing_type": "sheltered",
        "signed_delta_m": 46.0,
        "signed_pct_delta": 112.195,
        "state": "SCORED",
        "subset": "graph_routed_bus_stop_plausible_onemap_distance"
      },
      "type": "Feature"
    },
    {
      "geometry": {
        "coordinates": [
          [
            103.882478,
            1.311535
          ],
          [
            103.883181,
            1.310546
          ]
        ],
        "type": "LineString"
      },
      "properties": {
        "abs_delta_m": 226.1,
        "abs_pct_delta": 110.293,
        "area": "GEYLANG",
        "best_node_name": "Blk 56",
        "best_node_type": "bus_stop",
        "cache_key": "82bc33dee377607458f99a958fc640cffd8a3070677efb5a8f41645b26c9e1a4",
        "direct_distance_m": 134.9,
        "direction": "project_longer_than_onemap",
        "distance_sanity": "plausible",
        "endpoint_source": "postal_universe_to_transit_poi",
        "onemap_walk_bucket": "gt_100m",
        "onemap_walk_m": 205.0,
        "postal": "398690",
        "priority_rank": 55,
        "project_shortest_m": 431.1,
        "queue": "validation_subset_priority",
        "route_trust": "graph_routed_bus_stop",
        "routing_type": "sheltered",
        "signed_delta_m": 226.1,
        "signed_pct_delta": 110.293,
        "state": "SCORED",
        "subset": "graph_routed_bus_stop_plausible_onemap_distance"
      },
      "type": "Feature"
    },
    {
      "geometry": {
        "coordinates": [
          [
            103.853784,
            1.36158
          ],
          [
            103.853055,
            1.36206
          ]
        ],
        "type": "LineString"
      },
      "properties": {
        "abs_delta_m": 140.5,
        "abs_pct_delta": 109.766,
        "area": "ANG_MO_KIO",
        "best_node_name": "Opp Christ The King Ch",
        "best_node_type": "bus_stop",
        "cache_key": "ec707325e7167d69b9f7f0d47731575e30cde00a16f45200f23d4f2153db8bd8",
        "direct_distance_m": 97.0,
        "direction": "project_longer_than_onemap",
        "distance_sanity": "plausible",
        "endpoint_source": "postal_universe_to_transit_poi",
        "onemap_walk_bucket": "gt_100m",
        "onemap_walk_m": 128.0,
        "postal": "560405",
        "priority_rank": 56,
        "project_shortest_m": 268.5,
        "queue": "validation_subset_priority",
        "route_trust": "graph_routed_bus_stop",
        "routing_type": "sheltered",
        "signed_delta_m": 140.5,
        "signed_pct_delta": 109.766,
        "state": "SCORED",
        "subset": "graph_routed_bus_stop_plausible_onemap_distance"
      },
      "type": "Feature"
    },
    {
      "geometry": {
        "coordinates": [
          [
            103.940453,
            1.381107
          ],
          [
            103.942686,
            1.380057
          ]
        ],
        "type": "LineString"
      },
      "properties": {
        "abs_delta_m": 389.0,
        "abs_pct_delta": 109.27,
        "area": "PASIR_RIS",
        "best_node_name": "Bef Pasir Ris Dr 3",
        "best_node_type": "bus_stop",
        "cache_key": "e57b1a0264c350b8b2a7f95d99c62ce2eeca6693d6479a21d7ae3af01c86e933",
        "direct_distance_m": 274.3,
        "direction": "project_longer_than_onemap",
        "distance_sanity": "plausible",
        "endpoint_source": "postal_universe_to_transit_poi",
        "onemap_walk_bucket": "gt_100m",
        "onemap_walk_m": 356.0,
        "postal": "519285",
        "priority_rank": 57,
        "project_shortest_m": 745.0,
        "queue": "validation_subset_priority",
        "route_trust": "graph_routed_bus_stop",
        "routing_type": "sheltered",
        "signed_delta_m": 389.0,
        "signed_pct_delta": 109.27,
        "state": "SCORED",
        "subset": "graph_routed_bus_stop_plausible_onemap_distance"
      },
      "type": "Feature"
    },
    {
      "geometry": {
        "coordinates": [
          [
            103.794684,
            1.445837
          ],
          [
            103.794919,
            1.446689
          ]
        ],
        "type": "LineString"
      },
      "properties": {
        "abs_delta_m": 168.2,
        "abs_pct_delta": 109.221,
        "area": "WOODLANDS",
        "best_node_name": "Blk 759",
        "best_node_type": "bus_stop",
        "cache_key": "ea7ad42bc0819e190e354632624226bcfb14d8d1dd2a7ca399296f2cc159508d",
        "direct_distance_m": 98.3,
        "direction": "project_longer_than_onemap",
        "distance_sanity": "plausible",
        "endpoint_source": "postal_universe_to_transit_poi",
        "onemap_walk_bucket": "gt_100m",
        "onemap_walk_m": 154.0,
        "postal": "730753",
        "priority_rank": 58,
        "project_shortest_m": 322.2,
        "queue": "validation_subset_priority",
        "route_trust": "graph_routed_bus_stop",
        "routing_type": "sheltered",
        "signed_delta_m": 168.2,
        "signed_pct_delta": 109.221,
        "state": "SCORED",
        "subset": "graph_routed_bus_stop_plausible_onemap_distance"
      },
      "type": "Feature"
    },
    {
      "geometry": {
        "coordinates": [
          [
            103.896363,
            1.301406
          ],
          [
            103.895267,
            1.301306
          ]
        ],
        "type": "LineString"
      },
      "properties": {
        "abs_delta_m": 143.9,
        "abs_pct_delta": 109.015,
        "area": "MARINE_PARADE",
        "best_node_name": "Aft Tg Katong Rd",
        "best_node_type": "bus_stop",
        "cache_key": "d40f7ae59803f03977fabf0b5e0156a0794bd8af957b669cb34b3a3ab0bcc084",
        "direct_distance_m": 122.3,
        "direction": "project_longer_than_onemap",
        "distance_sanity": "plausible",
        "endpoint_source": "postal_universe_to_transit_poi",
        "onemap_walk_bucket": "gt_100m",
        "onemap_walk_m": 132.0,
        "postal": "437823",
        "priority_rank": 59,
        "project_shortest_m": 275.9,
        "queue": "validation_subset_priority",
        "route_trust": "graph_routed_bus_stop",
        "routing_type": "sheltered",
        "signed_delta_m": 143.9,
        "signed_pct_delta": 109.015,
        "state": "SCORED",
        "subset": "graph_routed_bus_stop_plausible_onemap_distance"
      },
      "type": "Feature"
    },
    {
      "geometry": {
        "coordinates": [
          [
            103.935104,
            1.330361
          ],
          [
            103.935314,
            1.3316
          ]
        ],
        "type": "LineString"
      },
      "properties": {
        "abs_delta_m": 184.1,
        "abs_pct_delta": 108.294,
        "area": "BEDOK",
        "best_node_name": "Blk 111",
        "best_node_type": "bus_stop",
        "cache_key": "e75fce2f6c780fc772eca09208b2e24889a1dc92e43ac61bd39e256f720754ae",
        "direct_distance_m": 139.7,
        "direction": "project_longer_than_onemap",
        "distance_sanity": "plausible",
        "endpoint_source": "postal_universe_to_transit_poi",
        "onemap_walk_bucket": "gt_100m",
        "onemap_walk_m": 170.0,
        "postal": "460113",
        "priority_rank": 60,
        "project_shortest_m": 354.1,
        "queue": "validation_subset_priority",
        "route_trust": "graph_routed_bus_stop",
        "routing_type": "sheltered",
        "signed_delta_m": 184.1,
        "signed_pct_delta": 108.294,
        "state": "SCORED",
        "subset": "graph_routed_bus_stop_plausible_onemap_distance"
      },
      "type": "Feature"
    },
    {
      "geometry": {
        "coordinates": [
          [
            103.768146,
            1.360504
          ],
          [
            103.76705,
            1.359101
          ]
        ],
        "type": "LineString"
      },
      "properties": {
        "abs_delta_m": 349.4,
        "abs_pct_delta": 108.173,
        "area": "BUKIT_PANJANG",
        "best_node_name": "Opp The Rail Mall",
        "best_node_type": "bus_stop",
        "cache_key": "c48dd8524ea396736470d31253b9fd3edb3e12bb9cbcf7bd7f3123b2c729df75",
        "direct_distance_m": 197.9,
        "direction": "project_longer_than_onemap",
        "distance_sanity": "plausible",
        "endpoint_source": "postal_universe_to_transit_poi",
        "onemap_walk_bucket": "gt_100m",
        "onemap_walk_m": 323.0,
        "postal": "678799",
        "priority_rank": 61,
        "project_shortest_m": 672.4,
        "queue": "validation_subset_priority",
        "route_trust": "graph_routed_bus_stop",
        "routing_type": "sheltered",
        "signed_delta_m": 349.4,
        "signed_pct_delta": 108.173,
        "state": "SCORED",
        "subset": "graph_routed_bus_stop_plausible_onemap_distance"
      },
      "type": "Feature"
    },
    {
      "geometry": {
        "coordinates": [
          [
            103.876102,
            1.331266
          ],
          [
            103.877148,
            1.330777
          ]
        ],
        "type": "LineString"
      },
      "properties": {
        "abs_delta_m": 196.4,
        "abs_pct_delta": 107.322,
        "area": "TOA_PAYOH",
        "best_node_name": "Opp Cencon Bldg",
        "best_node_type": "bus_stop",
        "cache_key": "9be12e9f5dbd04bf1180d3d0dbd3141f503fe7d106ec2fa4830d100b9c89f6e4",
        "direct_distance_m": 128.4,
        "direction": "project_longer_than_onemap",
        "distance_sanity": "plausible",
        "endpoint_source": "postal_universe_to_transit_poi",
        "onemap_walk_bucket": "gt_100m",
        "onemap_walk_m": 183.0,
        "postal": "348358",
        "priority_rank": 62,
        "project_shortest_m": 379.4,
        "queue": "validation_subset_priority",
        "route_trust": "graph_routed_bus_stop",
        "routing_type": "sheltered",
        "signed_delta_m": 196.4,
        "signed_pct_delta": 107.322,
        "state": "SCORED",
        "subset": "graph_routed_bus_stop_plausible_onemap_distance"
      },
      "type": "Feature"
    },
    {
      "geometry": {
        "coordinates": [
          [
            103.847509,
            1.416684
          ],
          [
            103.846311,
            1.41755
          ]
        ],
        "type": "LineString"
      },
      "properties": {
        "abs_delta_m": 215.3,
        "abs_pct_delta": 106.059,
        "area": "YISHUN",
        "best_node_name": "The Shaughnessy",
        "best_node_type": "bus_stop",
        "cache_key": "0e11e524f0eccb3c334aabf0b0cfeb4b60d0dd96f093149f4ffed6c1ca5d8615",
        "direct_distance_m": 164.3,
        "direction": "project_longer_than_onemap",
        "distance_sanity": "plausible",
        "endpoint_source": "postal_universe_to_transit_poi",
        "onemap_walk_bucket": "gt_100m",
        "onemap_walk_m": 203.0,
        "postal": "768106",
        "priority_rank": 63,
        "project_shortest_m": 418.3,
        "queue": "validation_subset_priority",
        "route_trust": "graph_routed_bus_stop",
        "routing_type": "sheltered",
        "signed_delta_m": 215.3,
        "signed_pct_delta": 106.059,
        "state": "SCORED",
        "subset": "graph_routed_bus_stop_plausible_onemap_distance"
      },
      "type": "Feature"
    },
    {
      "geometry": {
        "coordinates": [
          [
            103.901537,
            1.325965
          ],
          [
            103.900219,
            1.326801
          ]
        ],
        "type": "LineString"
      },
      "properties": {
        "abs_delta_m": 262.5,
        "abs_pct_delta": 105.847,
        "area": "GEYLANG",
        "best_node_name": "Opp Blk 343",
        "best_node_type": "bus_stop",
        "cache_key": "bce55f2f7da7c8543323344fe35e28865559da200229b0b38ef7c62ee7e407c4",
        "direct_distance_m": 173.5,
        "direction": "project_longer_than_onemap",
        "distance_sanity": "plausible",
        "endpoint_source": "postal_universe_to_transit_poi",
        "onemap_walk_bucket": "gt_100m",
        "onemap_walk_m": 248.0,
        "postal": "400337",
        "priority_rank": 64,
        "project_shortest_m": 510.5,
        "queue": "validation_subset_priority",
        "route_trust": "graph_routed_bus_stop",
        "routing_type": "sheltered",
        "signed_delta_m": 262.5,
        "signed_pct_delta": 105.847,
        "state": "SCORED",
        "subset": "graph_routed_bus_stop_plausible_onemap_distance"
      },
      "type": "Feature"
    },
    {
      "geometry": {
        "coordinates": [
          [
            103.903923,
            1.395069
          ],
          [
            103.9054,
            1.395274
          ]
        ],
        "type": "LineString"
      },
      "properties": {
        "abs_delta_m": 252.1,
        "abs_pct_delta": 103.32,
        "area": "SENGKANG",
        "best_node_name": "Bef Punggol Rd",
        "best_node_type": "bus_stop",
        "cache_key": "6ec9a25ddfb32097428b64430c0f2f84f8707777abbf71340d28a8f80e328d88",
        "direct_distance_m": 165.8,
        "direction": "project_longer_than_onemap",
        "distance_sanity": "plausible",
        "endpoint_source": "postal_universe_to_transit_poi",
        "onemap_walk_bucket": "gt_100m",
        "onemap_walk_m": 244.0,
        "postal": "544188",
        "priority_rank": 65,
        "project_shortest_m": 496.1,
        "queue": "validation_subset_priority",
        "route_trust": "graph_routed_bus_stop",
        "routing_type": "sheltered",
        "signed_delta_m": 252.1,
        "signed_pct_delta": 103.32,
        "state": "SCORED",
        "subset": "graph_routed_bus_stop_plausible_onemap_distance"
      },
      "type": "Feature"
    },
    {
      "geometry": {
        "coordinates": [
          [
            103.776477,
            1.288986
          ],
          [
            103.776601,
            1.289309
          ]
        ],
        "type": "LineString"
      },
      "properties": {
        "abs_delta_m": 45.4,
        "abs_pct_delta": 103.182,
        "area": "QUEENSTOWN",
        "best_node_name": "Opp Luxe Ville",
        "best_node_type": "bus_stop",
        "cache_key": "f3d9a9ecaa800252a1425ebabf37e16ed00df8dd86fec154976967fea572b823",
        "direct_distance_m": 38.5,
        "direction": "project_longer_than_onemap",
        "distance_sanity": "plausible",
        "endpoint_source": "postal_universe_to_transit_poi",
        "onemap_walk_bucket": "gt_20m_le_50m",
        "onemap_walk_m": 44.0,
        "postal": "118679",
        "priority_rank": 66,
        "project_shortest_m": 89.4,
        "queue": "validation_subset_priority",
        "route_trust": "graph_routed_bus_stop",
        "routing_type": "sheltered",
        "signed_delta_m": 45.4,
        "signed_pct_delta": 103.182,
        "state": "SCORED",
        "subset": "graph_routed_bus_stop_plausible_onemap_distance"
      },
      "type": "Feature"
    },
    {
      "geometry": {
        "coordinates": [
          [
            103.747523,
            1.379459
          ],
          [
            103.747543,
            1.379243
          ]
        ],
        "type": "LineString"
      },
      "properties": {
        "abs_delta_m": 28.7,
        "abs_pct_delta": 102.5,
        "area": "CHOA_CHU_KANG",
        "best_node_name": "Blk 239",
        "best_node_type": "bus_stop",
        "cache_key": "69b61c82263b6b7a3c767f27d423f7c609aacabc244d26c85218788ff7f68af2",
        "direct_distance_m": 24.1,
        "direction": "project_longer_than_onemap",
        "distance_sanity": "plausible",
        "endpoint_source": "postal_universe_to_transit_poi",
        "onemap_walk_bucket": "gt_20m_le_50m",
        "onemap_walk_m": 28.0,
        "postal": "680239",
        "priority_rank": 67,
        "project_shortest_m": 56.7,
        "queue": "validation_subset_priority",
        "route_trust": "graph_routed_bus_stop",
        "routing_type": "sheltered",
        "signed_delta_m": 28.7,
        "signed_pct_delta": 102.5,
        "state": "SCORED",
        "subset": "graph_routed_bus_stop_plausible_onemap_distance"
      },
      "type": "Feature"
    },
    {
      "geometry": {
        "coordinates": [
          [
            103.808602,
            1.443973
          ],
          [
            103.807138,
            1.444307
          ]
        ],
        "type": "LineString"
      },
      "properties": {
        "abs_delta_m": 243.6,
        "abs_pct_delta": 102.353,
        "area": "WOODLANDS",
        "best_node_name": "Blk 688 CP",
        "best_node_type": "bus_stop",
        "cache_key": "bb2e4a14c2d792c919984e96647d88bfb4581f6470ee794cc0878493382e7317",
        "direct_distance_m": 166.9,
        "direction": "project_longer_than_onemap",
        "distance_sanity": "plausible",
        "endpoint_source": "postal_universe_to_transit_poi",
        "onemap_walk_bucket": "gt_100m",
        "onemap_walk_m": 238.0,
        "postal": "735689",
        "priority_rank": 68,
        "project_shortest_m": 481.6,
        "queue": "validation_subset_priority",
        "route_trust": "graph_routed_bus_stop",
        "routing_type": "sheltered",
        "signed_delta_m": 243.6,
        "signed_pct_delta": 102.353,
        "state": "SCORED",
        "subset": "graph_routed_bus_stop_plausible_onemap_distance"
      },
      "type": "Feature"
    },
    {
      "geometry": {
        "coordinates": [
          [
            103.768341,
            1.359413
          ],
          [
            103.76705,
            1.359101
          ]
        ],
        "type": "LineString"
      },
      "properties": {
        "abs_delta_m": 290.5,
        "abs_pct_delta": 101.93,
        "area": "BUKIT_PANJANG",
        "best_node_name": "Opp The Rail Mall",
        "best_node_type": "bus_stop",
        "cache_key": "7c15edc5aa8c91aa654ed84d0456bb6c5fa97b40aec78fe191abd36fbe475fc1",
        "direct_distance_m": 147.6,
        "direction": "project_longer_than_onemap",
        "distance_sanity": "plausible",
        "endpoint_source": "postal_universe_to_transit_poi",
        "onemap_walk_bucket": "gt_100m",
        "onemap_walk_m": 285.0,
        "postal": "678417",
        "priority_rank": 69,
        "project_shortest_m": 575.5,
        "queue": "validation_subset_priority",
        "route_trust": "graph_routed_bus_stop",
        "routing_type": "sheltered",
        "signed_delta_m": 290.5,
        "signed_pct_delta": 101.93,
        "state": "SCORED",
        "subset": "graph_routed_bus_stop_plausible_onemap_distance"
      },
      "type": "Feature"
    },
    {
      "geometry": {
        "coordinates": [
          [
            103.771865,
            1.440706
          ],
          [
            103.771087,
            1.441809
          ]
        ],
        "type": "LineString"
      },
      "properties": {
        "abs_delta_m": 214.4,
        "abs_pct_delta": 101.611,
        "area": "WOODLANDS",
        "best_node_name": "Blk 25",
        "best_node_type": "bus_stop",
        "cache_key": "308683565e7a304e686c44c5133edfee5f53f5019a35c3e00e7347f93213c91b",
        "direct_distance_m": 150.1,
        "direction": "project_longer_than_onemap",
        "distance_sanity": "plausible",
        "endpoint_source": "postal_universe_to_transit_poi",
        "onemap_walk_bucket": "gt_100m",
        "onemap_walk_m": 211.0,
        "postal": "739983",
        "priority_rank": 70,
        "project_shortest_m": 425.4,
        "queue": "validation_subset_priority",
        "route_trust": "graph_routed_bus_stop",
        "routing_type": "sheltered",
        "signed_delta_m": 214.4,
        "signed_pct_delta": 101.611,
        "state": "SCORED",
        "subset": "graph_routed_bus_stop_plausible_onemap_distance"
      },
      "type": "Feature"
    },
    {
      "geometry": {
        "coordinates": [
          [
            103.693444,
            1.312138
          ],
          [
            103.695723,
            1.313427
          ]
        ],
        "type": "LineString"
      },
      "properties": {
        "abs_delta_m": 356.4,
        "abs_pct_delta": 100.678,
        "area": "BOON_LAY",
        "best_node_name": "Bef Jln Buroh",
        "best_node_type": "bus_stop",
        "cache_key": "4071a72309ffd0a732831a1517bd138429997afee7d3c864a68b03b48b1a4633",
        "direct_distance_m": 291.1,
        "direction": "project_longer_than_onemap",
        "distance_sanity": "plausible",
        "endpoint_source": "postal_universe_to_transit_poi",
        "onemap_walk_bucket": "gt_100m",
        "onemap_walk_m": 354.0,
        "postal": "628566",
        "priority_rank": 71,
        "project_shortest_m": 710.4,
        "queue": "validation_subset_priority",
        "route_trust": "graph_routed_bus_stop",
        "routing_type": "sheltered",
        "signed_delta_m": 356.4,
        "signed_pct_delta": 100.678,
        "state": "SCORED",
        "subset": "graph_routed_bus_stop_plausible_onemap_distance"
      },
      "type": "Feature"
    },
    {
      "geometry": {
        "coordinates": [
          [
            103.783452,
            1.334909
          ],
          [
            103.784632,
            1.335803
          ]
        ],
        "type": "LineString"
      },
      "properties": {
        "abs_delta_m": 228.5,
        "abs_pct_delta": 99.782,
        "area": "BUKIT_TIMAH",
        "best_node_name": "Hua Guan Gdns",
        "best_node_type": "bus_stop",
        "cache_key": "b21ccd818baa472a443ef64a624518a58299b640eec6ab8639b797765151d678",
        "direct_distance_m": 164.6,
        "direction": "project_longer_than_onemap",
        "distance_sanity": "plausible",
        "endpoint_source": "postal_universe_to_transit_poi",
        "onemap_walk_bucket": "gt_100m",
        "onemap_walk_m": 229.0,
        "postal": "589632",
        "priority_rank": 72,
        "project_shortest_m": 457.5,
        "queue": "validation_subset_priority",
        "route_trust": "graph_routed_bus_stop",
        "routing_type": "sheltered",
        "signed_delta_m": 228.5,
        "signed_pct_delta": 99.782,
        "state": "SCORED",
        "subset": "graph_routed_bus_stop_plausible_onemap_distance"
      },
      "type": "Feature"
    },
    {
      "geometry": {
        "coordinates": [
          [
            103.951356,
            1.328473
          ],
          [
            103.951349,
            1.329455
          ]
        ],
        "type": "LineString"
      },
      "properties": {
        "abs_delta_m": 534.7,
        "abs_pct_delta": 99.572,
        "area": "BEDOK",
        "best_node_name": "Bef Bedok Rd",
        "best_node_type": "bus_stop",
        "cache_key": "fc9550fa76e9fecf63482178d5c4dc2ca0c3cbed779013e28ca611dbb74da96a",
        "direct_distance_m": 109.2,
        "direction": "project_shorter_than_onemap",
        "distance_sanity": "plausible",
        "endpoint_source": "postal_universe_to_transit_poi",
        "onemap_walk_bucket": "gt_100m",
        "onemap_walk_m": 537.0,
        "postal": "489929",
        "priority_rank": 73,
        "project_shortest_m": 2.3,
        "queue": "validation_subset_priority",
        "route_trust": "graph_routed_bus_stop",
        "routing_type": "sheltered",
        "signed_delta_m": -534.7,
        "signed_pct_delta": -99.572,
        "state": "SCORED",
        "subset": "graph_routed_bus_stop_plausible_onemap_distance"
      },
      "type": "Feature"
    },
    {
      "geometry": {
        "coordinates": [
          [
            103.954343,
            1.340154
          ],
          [
            103.953466,
            1.342262
          ]
        ],
        "type": "LineString"
      },
      "properties": {
        "abs_delta_m": 423.9,
        "abs_pct_delta": 98.811,
        "area": "TAMPINES",
        "best_node_name": "Simei Stn",
        "best_node_type": "bus_stop",
        "cache_key": "14fac862c94e41d741609e82e1b364ed6af97c4e7f25859f8c9a0c8a65382702",
        "direct_distance_m": 253.9,
        "direction": "project_longer_than_onemap",
        "distance_sanity": "plausible",
        "endpoint_source": "postal_universe_to_transit_poi",
        "onemap_walk_bucket": "gt_100m",
        "onemap_walk_m": 429.0,
        "postal": "489368",
        "priority_rank": 74,
        "project_shortest_m": 852.9,
        "queue": "validation_subset_priority",
        "route_trust": "graph_routed_bus_stop",
        "routing_type": "sheltered",
        "signed_delta_m": 423.9,
        "signed_pct_delta": 98.811,
        "state": "SCORED",
        "subset": "graph_routed_bus_stop_plausible_onemap_distance"
      },
      "type": "Feature"
    },
    {
      "geometry": {
        "coordinates": [
          [
            103.780678,
            1.303223
          ],
          [
            103.781844,
            1.303703
          ]
        ],
        "type": "LineString"
      },
      "properties": {
        "abs_delta_m": 139.8,
        "abs_pct_delta": 98.451,
        "area": "QUEENSTOWN",
        "best_node_name": "ACS Independent",
        "best_node_type": "bus_stop",
        "cache_key": "86267abd7633eb58d8bd6f83caeb008c1e1158eaa81811921bbb25131d33d8c6",
        "direct_distance_m": 140.2,
        "direction": "project_longer_than_onemap",
        "distance_sanity": "plausible",
        "endpoint_source": "postal_universe_to_transit_poi",
        "onemap_walk_bucket": "gt_100m",
        "onemap_walk_m": 142.0,
        "postal": "139650",
        "priority_rank": 75,
        "project_shortest_m": 281.8,
        "queue": "validation_subset_priority",
        "route_trust": "graph_routed_bus_stop",
        "routing_type": "sheltered",
        "signed_delta_m": 139.8,
        "signed_pct_delta": 98.451,
        "state": "SCORED",
        "subset": "graph_routed_bus_stop_plausible_onemap_distance"
      },
      "type": "Feature"
    },
    {
      "geometry": {
        "coordinates": [
          [
            103.945126,
            1.322931
          ],
          [
            103.944215,
            1.322982
          ]
        ],
        "type": "LineString"
      },
      "properties": {
        "abs_delta_m": 644.3,
        "abs_pct_delta": 97.918,
        "area": "BEDOK",
        "best_node_name": "ECO Condo",
        "best_node_type": "bus_stop",
        "cache_key": "09dd04c8081699ffd5587030cecdca3ec7218e793f2a32f71d1229b0ec31b9d1",
        "direct_distance_m": 101.4,
        "direction": "project_shorter_than_onemap",
        "distance_sanity": "plausible",
        "endpoint_source": "postal_universe_to_transit_poi",
        "onemap_walk_bucket": "gt_100m",
        "onemap_walk_m": 658.0,
        "postal": "465460",
        "priority_rank": 76,
        "project_shortest_m": 13.7,
        "queue": "validation_subset_priority",
        "route_trust": "graph_routed_bus_stop",
        "routing_type": "sheltered",
        "signed_delta_m": -644.3,
        "signed_pct_delta": -97.918,
        "state": "SCORED",
        "subset": "graph_routed_bus_stop_plausible_onemap_distance"
      },
      "type": "Feature"
    },
    {
      "geometry": {
        "coordinates": [
          [
            103.75676,
            1.336485
          ],
          [
            103.754889,
            1.337202
          ]
        ],
        "type": "LineString"
      },
      "properties": {
        "abs_delta_m": 217.5,
        "abs_pct_delta": 97.534,
        "area": "CLEMENTI",
        "best_node_name": "Toh Guan Ctr",
        "best_node_type": "bus_stop",
        "cache_key": "0090a3e95ec709bfd75b40b4fdef94f9ba9a1ced4d4055edf2ed81f86192855d",
        "direct_distance_m": 222.7,
        "direction": "project_longer_than_onemap",
        "distance_sanity": "plausible",
        "endpoint_source": "postal_universe_to_transit_poi",
        "onemap_walk_bucket": "gt_100m",
        "onemap_walk_m": 223.0,
        "postal": "608602",
        "priority_rank": 77,
        "project_shortest_m": 440.5,
        "queue": "validation_subset_priority",
        "route_trust": "graph_routed_bus_stop",
        "routing_type": "sheltered",
        "signed_delta_m": 217.5,
        "signed_pct_delta": 97.534,
        "state": "SCORED",
        "subset": "graph_routed_bus_stop_plausible_onemap_distance"
      },
      "type": "Feature"
    },
    {
      "geometry": {
        "coordinates": [
          [
            103.841219,
            1.322809
          ],
          [
            103.841893,
            1.323541
          ]
        ],
        "type": "LineString"
      },
      "properties": {
        "abs_delta_m": 148.5,
        "abs_pct_delta": 95.806,
        "area": "NOVENA",
        "best_node_name": "Opp Novena Lodge",
        "best_node_type": "bus_stop",
        "cache_key": "a80b994fd8e31c5cb1aaa968cdc0dd214b98883dad6789f12bce7ea8617a951f",
        "direct_distance_m": 110.6,
        "direction": "project_longer_than_onemap",
        "distance_sanity": "plausible",
        "endpoint_source": "postal_universe_to_transit_poi",
        "onemap_walk_bucket": "gt_100m",
        "onemap_walk_m": 155.0,
        "postal": "308694",
        "priority_rank": 78,
        "project_shortest_m": 303.5,
        "queue": "validation_subset_priority",
        "route_trust": "graph_routed_bus_stop",
        "routing_type": "sheltered",
        "signed_delta_m": 148.5,
        "signed_pct_delta": 95.806,
        "state": "SCORED",
        "subset": "graph_routed_bus_stop_plausible_onemap_distance"
      },
      "type": "Feature"
    },
    {
      "geometry": {
        "coordinates": [
          [
            103.876494,
            1.382712
          ],
          [
            103.876735,
            1.382565
          ]
        ],
        "type": "LineString"
      },
      "properties": {
        "abs_delta_m": 68.7,
        "abs_pct_delta": 95.417,
        "area": "SERANGOON",
        "best_node_name": "Ch of St. Vincent de Paul",
        "best_node_type": "bus_stop",
        "cache_key": "e5fc577b6e0a048838f46fc925cbbd3beea709e191ca9d4531dca4fd9df9d71e",
        "direct_distance_m": 31.4,
        "direction": "project_shorter_than_onemap",
        "distance_sanity": "plausible",
        "endpoint_source": "postal_universe_to_transit_poi",
        "onemap_walk_bucket": "gt_50m_le_100m",
        "onemap_walk_m": 72.0,
        "postal": "809024",
        "priority_rank": 79,
        "project_shortest_m": 3.3,
        "queue": "validation_subset_priority",
        "route_trust": "graph_routed_bus_stop",
        "routing_type": "sheltered",
        "signed_delta_m": -68.7,
        "signed_pct_delta": -95.417,
        "state": "SCORED",
        "subset": "graph_routed_bus_stop_plausible_onemap_distance"
      },
      "type": "Feature"
    },
    {
      "geometry": {
        "coordinates": [
          [
            103.79775,
            1.297761
          ],
          [
            103.797541,
            1.297804
          ]
        ],
        "type": "LineString"
      },
      "properties": {
        "abs_delta_m": 360.2,
        "abs_pct_delta": 94.293,
        "area": "QUEENSTOWN",
        "best_node_name": "Blk 58",
        "best_node_type": "bus_stop",
        "cache_key": "561335a9940de614e8f37d02b055ca49813bb8fe0702b9057531f2b0e91eda2a",
        "direct_distance_m": 23.7,
        "direction": "project_shorter_than_onemap",
        "distance_sanity": "plausible",
        "endpoint_source": "postal_universe_to_transit_poi",
        "onemap_walk_bucket": "gt_100m",
        "onemap_walk_m": 382.0,
        "postal": "141037",
        "priority_rank": 80,
        "project_shortest_m": 21.8,
        "queue": "validation_subset_priority",
        "route_trust": "graph_routed_bus_stop",
        "routing_type": "sheltered",
        "signed_delta_m": -360.2,
        "signed_pct_delta": -94.293,
        "state": "SCORED",
        "subset": "graph_routed_bus_stop_plausible_onemap_distance"
      },
      "type": "Feature"
    },
    {
      "geometry": {
        "coordinates": [
          [
            103.715436,
            1.330584
          ],
          [
            103.716354,
            1.331311
          ]
        ],
        "type": "LineString"
      },
      "properties": {
        "abs_delta_m": 206.3,
        "abs_pct_delta": 93.348,
        "area": "JURONG_WEST",
        "best_node_name": "Opp Kaily Packaging",
        "best_node_type": "bus_stop",
        "cache_key": "31e418fbc41e317468762137f5da55b2ea658b65528bd976c0a9140deea9868a",
        "direct_distance_m": 130.2,
        "direction": "project_longer_than_onemap",
        "distance_sanity": "plausible",
        "endpoint_source": "postal_universe_to_transit_poi",
        "onemap_walk_bucket": "gt_100m",
        "onemap_walk_m": 221.0,
        "postal": "618769",
        "priority_rank": 81,
        "project_shortest_m": 427.3,
        "queue": "validation_subset_priority",
        "route_trust": "graph_routed_bus_stop",
        "routing_type": "sheltered",
        "signed_delta_m": 206.3,
        "signed_pct_delta": 93.348,
        "state": "SCORED",
        "subset": "graph_routed_bus_stop_plausible_onemap_distance"
      },
      "type": "Feature"
    },
    {
      "geometry": {
        "coordinates": [
          [
            103.836132,
            1.386538
          ],
          [
            103.837116,
            1.387082
          ]
        ],
        "type": "LineString"
      },
      "properties": {
        "abs_delta_m": 148.0,
        "abs_pct_delta": 93.082,
        "area": "ANG_MO_KIO",
        "best_node_name": "Aft Florissa Pk",
        "best_node_type": "bus_stop",
        "cache_key": "53737712d24ee1ba8bcd85856d390495b5c9e544188764cca2bd1ed67d531dc5",
        "direct_distance_m": 125.0,
        "direction": "project_longer_than_onemap",
        "distance_sanity": "plausible",
        "endpoint_source": "postal_universe_to_transit_poi",
        "onemap_walk_bucket": "gt_100m",
        "onemap_walk_m": 159.0,
        "postal": "789592",
        "priority_rank": 82,
        "project_shortest_m": 307.0,
        "queue": "validation_subset_priority",
        "route_trust": "graph_routed_bus_stop",
        "routing_type": "sheltered",
        "signed_delta_m": 148.0,
        "signed_pct_delta": 93.082,
        "state": "SCORED",
        "subset": "graph_routed_bus_stop_plausible_onemap_distance"
      },
      "type": "Feature"
    },
    {
      "geometry": {
        "coordinates": [
          [
            103.837599,
            1.460022
          ],
          [
            103.836542,
            1.458733
          ]
        ],
        "type": "LineString"
      },
      "properties": {
        "abs_delta_m": 187.8,
        "abs_pct_delta": 92.97,
        "area": "SEMBAWANG",
        "best_node_name": "Aft Andrews Ave",
        "best_node_type": "bus_stop",
        "cache_key": "10e97509d10849f6a7be436ca4f02a073e7db1877ac8eeef84b0d05f79797aa5",
        "direct_distance_m": 185.3,
        "direction": "project_longer_than_onemap",
        "distance_sanity": "plausible",
        "endpoint_source": "postal_universe_to_transit_poi",
        "onemap_walk_bucket": "gt_100m",
        "onemap_walk_m": 202.0,
        "postal": "757148",
        "priority_rank": 83,
        "project_shortest_m": 389.8,
        "queue": "validation_subset_priority",
        "route_trust": "graph_routed_bus_stop",
        "routing_type": "sheltered",
        "signed_delta_m": 187.8,
        "signed_pct_delta": 92.97,
        "state": "SCORED",
        "subset": "graph_routed_bus_stop_plausible_onemap_distance"
      },
      "type": "Feature"
    },
    {
      "geometry": {
        "coordinates": [
          [
            103.915673,
            1.321905
          ],
          [
            103.914852,
            1.321201
          ]
        ],
        "type": "LineString"
      },
      "properties": {
        "abs_delta_m": 178.5,
        "abs_pct_delta": 92.969,
        "area": "BEDOK",
        "best_node_name": "The Buddhist Union",
        "best_node_type": "bus_stop",
        "cache_key": "69fb2a6133e0a2b904e3a229f32efde90787e399253a9941fe1a8d80dae2f8de",
        "direct_distance_m": 120.2,
        "direction": "project_longer_than_onemap",
        "distance_sanity": "plausible",
        "endpoint_source": "postal_universe_to_transit_poi",
        "onemap_walk_bucket": "gt_100m",
        "onemap_walk_m": 192.0,
        "postal": "418531",
        "priority_rank": 84,
        "project_shortest_m": 370.5,
        "queue": "validation_subset_priority",
        "route_trust": "graph_routed_bus_stop",
        "routing_type": "sheltered",
        "signed_delta_m": 178.5,
        "signed_pct_delta": 92.969,
        "state": "SCORED",
        "subset": "graph_routed_bus_stop_plausible_onemap_distance"
      },
      "type": "Feature"
    },
    {
      "geometry": {
        "coordinates": [
          [
            103.924971,
            1.31646
          ],
          [
            103.925105,
            1.318831
          ]
        ],
        "type": "LineString"
      },
      "properties": {
        "abs_delta_m": 372.3,
        "abs_pct_delta": 92.612,
        "area": "BEDOK",
        "best_node_name": "Aft Carmen St",
        "best_node_type": "bus_stop",
        "cache_key": "183070799918ab664098aa1762699f50855545f0b3ad74f5a816649f7e12ca98",
        "direct_distance_m": 264.1,
        "direction": "project_longer_than_onemap",
        "distance_sanity": "plausible",
        "endpoint_source": "postal_universe_to_transit_poi",
        "onemap_walk_bucket": "gt_100m",
        "onemap_walk_m": 402.0,
        "postal": "458779",
        "priority_rank": 85,
        "project_shortest_m": 774.3,
        "queue": "validation_subset_priority",
        "route_trust": "graph_routed_bus_stop",
        "routing_type": "sheltered",
        "signed_delta_m": 372.3,
        "signed_pct_delta": 92.612,
        "state": "SCORED",
        "subset": "graph_routed_bus_stop_plausible_onemap_distance"
      },
      "type": "Feature"
    },
    {
      "geometry": {
        "coordinates": [
          [
            103.719144,
            1.34023
          ],
          [
            103.71932,
            1.338364
          ]
        ],
        "type": "LineString"
      },
      "properties": {
        "abs_delta_m": 325.1,
        "abs_pct_delta": 92.358,
        "area": "JURONG_WEST",
        "best_node_name": "Blk 367",
        "best_node_type": "bus_stop",
        "cache_key": "e5a78edc939fa9e6128178a5817da928fcd84c38dd8909b61c2540db51310463",
        "direct_distance_m": 208.4,
        "direction": "project_longer_than_onemap",
        "distance_sanity": "plausible",
        "endpoint_source": "postal_universe_to_transit_poi",
        "onemap_walk_bucket": "gt_100m",
        "onemap_walk_m": 352.0,
        "postal": "618471",
        "priority_rank": 86,
        "project_shortest_m": 677.1,
        "queue": "validation_subset_priority",
        "route_trust": "graph_routed_bus_stop",
        "routing_type": "sheltered",
        "signed_delta_m": 325.1,
        "signed_pct_delta": 92.358,
        "state": "SCORED",
        "subset": "graph_routed_bus_stop_plausible_onemap_distance"
      },
      "type": "Feature"
    },
    {
      "geometry": {
        "coordinates": [
          [
            103.634829,
            1.331448
          ],
          [
            103.634122,
            1.3328
          ]
        ],
        "type": "LineString"
      },
      "properties": {
        "abs_delta_m": 2999.8,
        "abs_pct_delta": 92.302,
        "area": "TUAS",
        "best_node_name": "Opp Tuas West St",
        "best_node_type": "bus_stop",
        "cache_key": "a5274bf1d125abd51576d42f4c19a166ac2f6f01832a1ec4361eb52dde4c74ac",
        "direct_distance_m": 169.6,
        "direction": "project_shorter_than_onemap",
        "distance_sanity": "plausible",
        "endpoint_source": "postal_universe_to_transit_poi",
        "onemap_walk_bucket": "gt_100m",
        "onemap_walk_m": 3250.0,
        "postal": "637442",
        "priority_rank": 87,
        "project_shortest_m": 250.2,
        "queue": "validation_subset_priority",
        "route_trust": "graph_routed_bus_stop",
        "routing_type": "sheltered",
        "signed_delta_m": -2999.8,
        "signed_pct_delta": -92.302,
        "state": "SCORED",
        "subset": "graph_routed_bus_stop_plausible_onemap_distance"
      },
      "type": "Feature"
    },
    {
      "geometry": {
        "coordinates": [
          [
            103.764542,
            1.338002
          ],
          [
            103.764302,
            1.337696
          ]
        ],
        "type": "LineString"
      },
      "properties": {
        "abs_delta_m": 47.0,
        "abs_pct_delta": 92.157,
        "area": "BUKIT_TIMAH",
        "best_node_name": "Opp Toh Tuck Cres",
        "best_node_type": "bus_stop",
        "cache_key": "92fde188813764a53a953f7e8ee86305a1529faf26502d94ee6c2a76b6c7f2ba",
        "direct_distance_m": 43.2,
        "direction": "project_shorter_than_onemap",
        "distance_sanity": "plausible",
        "endpoint_source": "postal_universe_to_transit_poi",
        "onemap_walk_bucket": "gt_50m_le_100m",
        "onemap_walk_m": 51.0,
        "postal": "596912",
        "priority_rank": 88,
        "project_shortest_m": 4.0,
        "queue": "validation_subset_priority",
        "route_trust": "graph_routed_bus_stop",
        "routing_type": "sheltered",
        "signed_delta_m": -47.0,
        "signed_pct_delta": -92.157,
        "state": "SCORED",
        "subset": "graph_routed_bus_stop_plausible_onemap_distance"
      },
      "type": "Feature"
    },
    {
      "geometry": {
        "coordinates": [
          [
            103.768141,
            1.360842
          ],
          [
            103.76705,
            1.359101
          ]
        ],
        "type": "LineString"
      },
      "properties": {
        "abs_delta_m": 334.2,
        "abs_pct_delta": 92.066,
        "area": "BUKIT_PANJANG",
        "best_node_name": "Opp The Rail Mall",
        "best_node_type": "bus_stop",
        "cache_key": "9ce1ecef5f6d0b5c43a2246420966d87b2d2f7d5afefa0807435a827df3df7be",
        "direct_distance_m": 228.4,
        "direction": "project_longer_than_onemap",
        "distance_sanity": "plausible",
        "endpoint_source": "postal_universe_to_transit_poi",
        "onemap_walk_bucket": "gt_100m",
        "onemap_walk_m": 363.0,
        "postal": "678805",
        "priority_rank": 89,
        "project_shortest_m": 697.2,
        "queue": "validation_subset_priority",
        "route_trust": "graph_routed_bus_stop",
        "routing_type": "sheltered",
        "signed_delta_m": 334.2,
        "signed_pct_delta": 92.066,
        "state": "SCORED",
        "subset": "graph_routed_bus_stop_plausible_onemap_distance"
      },
      "type": "Feature"
    },
    {
      "geometry": {
        "coordinates": [
          [
            103.862787,
            1.379404
          ],
          [
            103.862571,
            1.377588
          ]
        ],
        "type": "LineString"
      },
      "properties": {
        "abs_delta_m": 3836.8,
        "abs_pct_delta": 91.439,
        "area": "SERANGOON",
        "best_node_name": "Aft Blk 5000",
        "best_node_type": "bus_stop",
        "cache_key": "366c27710e5cadcbbf69ac8b51ace59a014d33c2cd56f2f028255199811e0e18",
        "direct_distance_m": 203.4,
        "direction": "project_shorter_than_onemap",
        "distance_sanity": "plausible",
        "endpoint_source": "postal_universe_to_transit_poi",
        "onemap_walk_bucket": "gt_100m",
        "onemap_walk_m": 4196.0,
        "postal": "804360",
        "priority_rank": 90,
        "project_shortest_m": 359.2,
        "queue": "validation_subset_priority",
        "route_trust": "graph_routed_bus_stop",
        "routing_type": "sheltered",
        "signed_delta_m": -3836.8,
        "signed_pct_delta": -91.439,
        "state": "SCORED",
        "subset": "graph_routed_bus_stop_plausible_onemap_distance"
      },
      "type": "Feature"
    },
    {
      "geometry": {
        "coordinates": [
          [
            103.764658,
            1.337672
          ],
          [
            103.764302,
            1.337696
          ]
        ],
        "type": "LineString"
      },
      "properties": {
        "abs_delta_m": 38.0,
        "abs_pct_delta": 90.476,
        "area": "BUKIT_TIMAH",
        "best_node_name": "Opp Toh Tuck Cres",
        "best_node_type": "bus_stop",
        "cache_key": "42e5328e42197f13c6edb60a64ca1260fa835a309019b149877c48926e5a1675",
        "direct_distance_m": 39.7,
        "direction": "project_shorter_than_onemap",
        "distance_sanity": "plausible",
        "endpoint_source": "postal_universe_to_transit_poi",
        "onemap_walk_bucket": "gt_20m_le_50m",
        "onemap_walk_m": 42.0,
        "postal": "596915",
        "priority_rank": 91,
        "project_shortest_m": 4.0,
        "queue": "validation_subset_priority",
        "route_trust": "graph_routed_bus_stop",
        "routing_type": "sheltered",
        "signed_delta_m": -38.0,
        "signed_pct_delta": -90.476,
        "state": "SCORED",
        "subset": "graph_routed_bus_stop_plausible_onemap_distance"
      },
      "type": "Feature"
    },
    {
      "geometry": {
        "coordinates": [
          [
            103.776298,
            1.31929
          ],
          [
            103.777242,
            1.319165
          ]
        ],
        "type": "LineString"
      },
      "properties": {
        "abs_delta_m": 131.5,
        "abs_pct_delta": 90.068,
        "area": "BUKIT_TIMAH",
        "best_node_name": "Pandan Valley",
        "best_node_type": "bus_stop",
        "cache_key": "e559cdb0fb487a0633dcf9385c0e0c70c791bd83317d7f37c5a9d7ca02b7bee2",
        "direct_distance_m": 105.9,
        "direction": "project_longer_than_onemap",
        "distance_sanity": "plausible",
        "endpoint_source": "postal_universe_to_transit_poi",
        "onemap_walk_bucket": "gt_100m",
        "onemap_walk_m": 146.0,
        "postal": "598441",
        "priority_rank": 92,
        "project_shortest_m": 277.5,
        "queue": "validation_subset_priority",
        "route_trust": "graph_routed_bus_stop",
        "routing_type": "sheltered",
        "signed_delta_m": 131.5,
        "signed_pct_delta": 90.068,
        "state": "SCORED",
        "subset": "graph_routed_bus_stop_plausible_onemap_distance"
      },
      "type": "Feature"
    },
    {
      "geometry": {
        "coordinates": [
          [
            103.839508,
            1.417439
          ],
          [
            103.83824,
            1.419469
          ]
        ],
        "type": "LineString"
      },
      "properties": {
        "abs_delta_m": 264.2,
        "abs_pct_delta": 89.864,
        "area": "YISHUN",
        "best_node_name": "Opp Chung Cheng High Sch",
        "best_node_type": "bus_stop",
        "cache_key": "a2587bad56011b5c1850c7a170f4b4d9a88fecb807743859d48eff191ed7050b",
        "direct_distance_m": 266.1,
        "direction": "project_longer_than_onemap",
        "distance_sanity": "plausible",
        "endpoint_source": "postal_universe_to_transit_poi",
        "onemap_walk_bucket": "gt_100m",
        "onemap_walk_m": 294.0,
        "postal": "760861",
        "priority_rank": 93,
        "project_shortest_m": 558.2,
        "queue": "validation_subset_priority",
        "route_trust": "graph_routed_bus_stop",
        "routing_type": "sheltered",
        "signed_delta_m": 264.2,
        "signed_pct_delta": 89.864,
        "state": "SCORED",
        "subset": "graph_routed_bus_stop_plausible_onemap_distance"
      },
      "type": "Feature"
    },
    {
      "geometry": {
        "coordinates": [
          [
            103.792143,
            1.332378
          ],
          [
            103.792371,
            1.332545
          ]
        ],
        "type": "LineString"
      },
      "properties": {
        "abs_delta_m": 113.2,
        "abs_pct_delta": 89.841,
        "area": "BUKIT_TIMAH",
        "best_node_name": "Aft Maple Ave",
        "best_node_type": "bus_stop",
        "cache_key": "22146f21dcc5a363d28e74ec219ff20134d85b854acb4c201ddc6d51f856a7f3",
        "direct_distance_m": 31.4,
        "direction": "project_shorter_than_onemap",
        "distance_sanity": "plausible",
        "endpoint_source": "postal_universe_to_transit_poi",
        "onemap_walk_bucket": "gt_100m",
        "onemap_walk_m": 126.0,
        "postal": "279863",
        "priority_rank": 94,
        "project_shortest_m": 12.8,
        "queue": "validation_subset_priority",
        "route_trust": "graph_routed_bus_stop",
        "routing_type": "sheltered",
        "signed_delta_m": -113.2,
        "signed_pct_delta": -89.841,
        "state": "SCORED",
        "subset": "graph_routed_bus_stop_plausible_onemap_distance"
      },
      "type": "Feature"
    },
    {
      "geometry": {
        "coordinates": [
          [
            103.868501,
            1.333061
          ],
          [
            103.868381,
            1.33276
          ]
        ],
        "type": "LineString"
      },
      "properties": {
        "abs_delta_m": 40.8,
        "abs_pct_delta": 88.696,
        "area": "TOA_PAYOH",
        "best_node_name": "Potong Pasir Stn Exit A",
        "best_node_type": "bus_stop",
        "cache_key": "8b662a8e524c377b2562fe94b8fa2a2b6797dfd745df34c13f6fefe1d3de80e5",
        "direct_distance_m": 36.0,
        "direction": "project_longer_than_onemap",
        "distance_sanity": "plausible",
        "endpoint_source": "postal_universe_to_transit_poi",
        "onemap_walk_bucket": "gt_20m_le_50m",
        "onemap_walk_m": 46.0,
        "postal": "350101",
        "priority_rank": 95,
        "project_shortest_m": 86.8,
        "queue": "validation_subset_priority",
        "route_trust": "graph_routed_bus_stop",
        "routing_type": "sheltered",
        "signed_delta_m": 40.8,
        "signed_pct_delta": 88.696,
        "state": "SCORED",
        "subset": "graph_routed_bus_stop_plausible_onemap_distance"
      },
      "type": "Feature"
    },
    {
      "geometry": {
        "coordinates": [
          [
            103.730185,
            1.441221
          ],
          [
            103.727927,
            1.440579
          ]
        ],
        "type": "LineString"
      },
      "properties": {
        "abs_delta_m": 1677.9,
        "abs_pct_delta": 88.079,
        "area": "LIM_CHU_KANG",
        "best_node_name": "Opp Nyee Phoe Group",
        "best_node_type": "bus_stop",
        "cache_key": "697b31238c045da4857760bac92b7aadf3139b29c23d04510d496fabe7276313",
        "direct_distance_m": 261.0,
        "direction": "project_shorter_than_onemap",
        "distance_sanity": "plausible",
        "endpoint_source": "postal_universe_to_transit_poi",
        "onemap_walk_bucket": "gt_100m",
        "onemap_walk_m": 1905.0,
        "postal": "718898",
        "priority_rank": 96,
        "project_shortest_m": 227.1,
        "queue": "validation_subset_priority",
        "route_trust": "graph_routed_bus_stop",
        "routing_type": "sheltered",
        "signed_delta_m": -1677.9,
        "signed_pct_delta": -88.079,
        "state": "SCORED",
        "subset": "graph_routed_bus_stop_plausible_onemap_distance"
      },
      "type": "Feature"
    },
    {
      "geometry": {
        "coordinates": [
          [
            103.833743,
            1.324883
          ],
          [
            103.834534,
            1.325882
          ]
        ],
        "type": "LineString"
      },
      "properties": {
        "abs_delta_m": 1721.8,
        "abs_pct_delta": 88.027,
        "area": "NOVENA",
        "best_node_name": "Catholic JC",
        "best_node_type": "bus_stop",
        "cache_key": "c0b890d53afead2050d5c633261fd744b28eb275d7c94c57206891ac3a15cae8",
        "direct_distance_m": 141.7,
        "direction": "project_shorter_than_onemap",
        "distance_sanity": "plausible",
        "endpoint_source": "postal_universe_to_transit_poi",
        "onemap_walk_bucket": "gt_100m",
        "onemap_walk_m": 1956.0,
        "postal": "308255",
        "priority_rank": 97,
        "project_shortest_m": 234.2,
        "queue": "validation_subset_priority",
        "route_trust": "graph_routed_bus_stop",
        "routing_type": "sheltered",
        "signed_delta_m": -1721.8,
        "signed_pct_delta": -88.027,
        "state": "SCORED",
        "subset": "graph_routed_bus_stop_plausible_onemap_distance"
      },
      "type": "Feature"
    },
    {
      "geometry": {
        "coordinates": [
          [
            103.700325,
            1.352373
          ],
          [
            103.701079,
            1.350532
          ]
        ],
        "type": "LineString"
      },
      "properties": {
        "abs_delta_m": 297.3,
        "abs_pct_delta": 87.959,
        "area": "JURONG_WEST",
        "best_node_name": "Aft Westwood Ave",
        "best_node_type": "bus_stop",
        "cache_key": "73c730463cd2154018f15a9336578f9f25ceccf571e5bc899bf1f48eb67baa43",
        "direct_distance_m": 221.2,
        "direction": "project_longer_than_onemap",
        "distance_sanity": "plausible",
        "endpoint_source": "postal_universe_to_transit_poi",
        "onemap_walk_bucket": "gt_100m",
        "onemap_walk_m": 338.0,
        "postal": "648814",
        "priority_rank": 98,
        "project_shortest_m": 635.3,
        "queue": "validation_subset_priority",
        "route_trust": "graph_routed_bus_stop",
        "routing_type": "sheltered",
        "signed_delta_m": 297.3,
        "signed_pct_delta": 87.959,
        "state": "SCORED",
        "subset": "graph_routed_bus_stop_plausible_onemap_distance"
      },
      "type": "Feature"
    },
    {
      "geometry": {
        "coordinates": [
          [
            103.906429,
            1.305718
          ],
          [
            103.906514,
            1.306874
          ]
        ],
        "type": "LineString"
      },
      "properties": {
        "abs_delta_m": 176.6,
        "abs_pct_delta": 85.728,
        "area": "MARINE_PARADE",
        "best_node_name": "The Holy Family Ch",
        "best_node_type": "bus_stop",
        "cache_key": "c067d36dc8b24eefcf04f16664b03c7f471a9f9282e6f8879fbbc722ffe8c44a",
        "direct_distance_m": 128.9,
        "direction": "project_longer_than_onemap",
        "distance_sanity": "plausible",
        "endpoint_source": "postal_universe_to_transit_poi",
        "onemap_walk_bucket": "gt_100m",
        "onemap_walk_m": 206.0,
        "postal": "428861",
        "priority_rank": 99,
        "project_shortest_m": 382.6,
        "queue": "validation_subset_priority",
        "route_trust": "graph_routed_bus_stop",
        "routing_type": "sheltered",
        "signed_delta_m": 176.6,
        "signed_pct_delta": 85.728,
        "state": "SCORED",
        "subset": "graph_routed_bus_stop_plausible_onemap_distance"
      },
      "type": "Feature"
    },
    {
      "geometry": {
        "coordinates": [
          [
            103.752088,
            1.392739
          ],
          [
            103.751999,
            1.393792
          ]
        ],
        "type": "LineString"
      },
      "properties": {
        "abs_delta_m": 173.6,
        "abs_pct_delta": 85.517,
        "area": "CHOA_CHU_KANG",
        "best_node_name": "Bef Choa Chu Kang Lk",
        "best_node_type": "bus_stop",
        "cache_key": "4ad0df7486f5868a578ad898e3442e7145b8dfc8c6b7c94e39aac066a8d15e85",
        "direct_distance_m": 117.5,
        "direction": "project_longer_than_onemap",
        "distance_sanity": "plausible",
        "endpoint_source": "postal_universe_to_transit_poi",
        "onemap_walk_bucket": "gt_100m",
        "onemap_walk_m": 203.0,
        "postal": "688646",
        "priority_rank": 100,
        "project_shortest_m": 376.6,
        "queue": "validation_subset_priority",
        "route_trust": "graph_routed_bus_stop",
        "routing_type": "sheltered",
        "signed_delta_m": 173.6,
        "signed_pct_delta": 85.517,
        "state": "SCORED",
        "subset": "graph_routed_bus_stop_plausible_onemap_distance"
      },
      "type": "Feature"
    }
  ],
  "type": "FeatureCollection"
}
