{
  "features": [
    {
      "geometry": {
        "coordinates": [
          [
            103.887204,
            1.346263
          ],
          [
            103.887806,
            1.346168
          ]
        ],
        "type": "LineString"
      },
      "properties": {
        "current_route_vs_validation_direct_sanity": "plausible",
        "direct_bus_fallback_reason": "implausible_graph_route_to_datamall_bus_stop_within_direct_radius",
        "endpoint_source": "postal_universe_to_transit_poi",
        "new_best_name": "Blk 181",
        "new_best_routing_type": "direct_bus_fallback_unrouted",
        "new_best_shortest_m": 67.8,
        "new_best_type": "bus_stop",
        "new_bus_routing_type": "direct_bus_fallback_unrouted",
        "new_bus_shortest_m": 67.8,
        "new_bus_state": "SCORED_PARTIAL",
        "new_state": "SCORED_PARTIAL",
        "new_total": 48.8,
        "old_abs_pct_delta": 6783.333,
        "old_direction": "project_longer_than_onemap",
        "old_onemap_walk_m": 6.0,
        "old_project_shortest_m": 413.0,
        "old_validation_best_node": "Blk 181",
        "postal": "532183",
        "queue": "missing_bus_connector",
        "source_artifact": "qa\\onemap_outlier_replay_bus_longer_profile_active_20260802.json",
        "source_flags": {
          "best_bridge_underpass_m": 0.0,
          "best_bus_stop_access_connector_m": 0.0,
          "best_direct_bus_fallback_m": 67.8,
          "best_inferred_hdb_m": 0.0,
          "best_official_lta_shelter_m": 0.0,
          "best_osm_shelter_m": 0.0,
          "best_top_source_layer_m": {
            "direct_bus_fallback": 67.8
          },
          "bus_bus_stop_access_connector_m": 0.0,
          "bus_direct_bus_fallback_m": 67.8,
          "bus_top_source_layer_m": {
            "direct_bus_fallback": 67.8
          }
        },
        "validation_area": "HOUGANG",
        "validation_best_node_type": "bus_stop",
        "validation_direct_distance_m": 67.7,
        "validation_distance_sanity": "onemap_materially_shorter_than_direct",
        "validation_onemap_vs_direct_delta_m": -61.7
      },
      "type": "Feature"
    },
    {
      "geometry": {
        "coordinates": [
          [
            103.66905,
            1.31954
          ],
          [
            103.669004,
            1.319792
          ]
        ],
        "type": "LineString"
      },
      "properties": {
        "current_route_vs_validation_direct_sanity": "plausible",
        "direct_bus_fallback_reason": "implausible_graph_route_to_datamall_bus_stop_within_direct_radius",
        "endpoint_source": "postal_universe_to_transit_poi",
        "new_best_name": "Bef Gul St 1",
        "new_best_routing_type": "direct_bus_fallback_unrouted",
        "new_best_shortest_m": 28.3,
        "new_best_type": "bus_stop",
        "new_bus_routing_type": "direct_bus_fallback_unrouted",
        "new_bus_shortest_m": 28.3,
        "new_bus_state": "SCORED_PARTIAL",
        "new_state": "SCORED_PARTIAL",
        "new_total": 53.1,
        "old_abs_pct_delta": 1401.111,
        "old_direction": "project_longer_than_onemap",
        "old_onemap_walk_m": 9.0,
        "old_project_shortest_m": 135.1,
        "old_validation_best_node": "Bef Gul St 1",
        "postal": "629314",
        "queue": "missing_bus_connector",
        "source_artifact": "qa\\onemap_outlier_replay_bus_longer_profile_active_20260802.json",
        "source_flags": {
          "best_bridge_underpass_m": 0.0,
          "best_bus_stop_access_connector_m": 0.0,
          "best_direct_bus_fallback_m": 28.3,
          "best_inferred_hdb_m": 0.0,
          "best_official_lta_shelter_m": 0.0,
          "best_osm_shelter_m": 0.0,
          "best_top_source_layer_m": {
            "direct_bus_fallback": 28.3
          },
          "bus_bus_stop_access_connector_m": 0.0,
          "bus_direct_bus_fallback_m": 28.3,
          "bus_top_source_layer_m": {
            "direct_bus_fallback": 28.3
          }
        },
        "validation_area": "PIONEER",
        "validation_best_node_type": "bus_stop",
        "validation_direct_distance_m": 28.5,
        "validation_distance_sanity": "onemap_materially_shorter_than_direct",
        "validation_onemap_vs_direct_delta_m": -19.5
      },
      "type": "Feature"
    },
    {
      "geometry": {
        "coordinates": [
          [
            103.885535,
            1.346753
          ],
          [
            103.887888,
            1.346389
          ]
        ],
        "type": "LineString"
      },
      "properties": {
        "current_route_vs_validation_direct_sanity": "plausible",
        "direct_bus_fallback_reason": "implausible_graph_route_to_datamall_bus_stop_within_direct_radius",
        "endpoint_source": "postal_universe_to_transit_poi",
        "new_best_name": "Blk 181",
        "new_best_routing_type": "direct_bus_fallback_unrouted",
        "new_best_shortest_m": 260.9,
        "new_best_type": "bus_stop",
        "new_bus_routing_type": "direct_bus_fallback_unrouted",
        "new_bus_shortest_m": 260.9,
        "new_bus_state": "SCORED_PARTIAL",
        "new_state": "SCORED_PARTIAL",
        "new_total": 48.8,
        "old_abs_pct_delta": 1347.424,
        "old_direction": "project_longer_than_onemap",
        "old_onemap_walk_m": 66.0,
        "old_project_shortest_m": 955.3,
        "old_validation_best_node": "Blk 178A",
        "postal": "535424",
        "queue": "missing_bus_connector",
        "source_artifact": "qa\\onemap_outlier_replay_bus_longer_profile_active_20260802.json",
        "source_flags": {
          "best_bridge_underpass_m": 0.0,
          "best_bus_stop_access_connector_m": 0.0,
          "best_direct_bus_fallback_m": 260.9,
          "best_inferred_hdb_m": 0.0,
          "best_official_lta_shelter_m": 0.0,
          "best_osm_shelter_m": 0.0,
          "best_top_source_layer_m": {
            "direct_bus_fallback": 260.9
          },
          "bus_bus_stop_access_connector_m": 0.0,
          "bus_direct_bus_fallback_m": 260.9,
          "bus_top_source_layer_m": {
            "direct_bus_fallback": 260.9
          }
        },
        "validation_area": "HOUGANG",
        "validation_best_node_type": "bus_stop",
        "validation_direct_distance_m": 264.7,
        "validation_distance_sanity": "onemap_materially_shorter_than_direct",
        "validation_onemap_vs_direct_delta_m": -198.7
      },
      "type": "Feature"
    },
    {
      "geometry": {
        "coordinates": [
          [
            103.890393,
            1.376554
          ],
          [
            103.890549,
            1.376345
          ]
        ],
        "type": "LineString"
      },
      "properties": {
        "current_route_vs_validation_direct_sanity": "plausible",
        "direct_bus_fallback_reason": "implausible_graph_route_to_datamall_bus_stop_within_direct_radius",
        "endpoint_source": "postal_universe_to_transit_poi",
        "new_best_name": "Blk 535",
        "new_best_routing_type": "direct_bus_fallback_unrouted",
        "new_best_shortest_m": 28.9,
        "new_best_type": "bus_stop",
        "new_bus_routing_type": "direct_bus_fallback_unrouted",
        "new_bus_shortest_m": 28.9,
        "new_bus_state": "SCORED_PARTIAL",
        "new_state": "SCORED_PARTIAL",
        "new_total": 55.0,
        "old_abs_pct_delta": 709.07,
        "old_direction": "project_longer_than_onemap",
        "old_onemap_walk_m": 43.0,
        "old_project_shortest_m": 347.9,
        "old_validation_best_node": "Blk 535",
        "postal": "530535",
        "queue": "missing_bus_connector",
        "source_artifact": "qa\\onemap_outlier_replay_bus_longer_profile_active_20260802.json",
        "source_flags": {
          "best_bridge_underpass_m": 0.0,
          "best_bus_stop_access_connector_m": 0.0,
          "best_direct_bus_fallback_m": 28.9,
          "best_inferred_hdb_m": 0.0,
          "best_official_lta_shelter_m": 0.0,
          "best_osm_shelter_m": 0.0,
          "best_top_source_layer_m": {
            "direct_bus_fallback": 28.9
          },
          "bus_bus_stop_access_connector_m": 0.0,
          "bus_direct_bus_fallback_m": 28.9,
          "bus_top_source_layer_m": {
            "direct_bus_fallback": 28.9
          }
        },
        "validation_area": "HOUGANG",
        "validation_best_node_type": "bus_stop",
        "validation_direct_distance_m": 29.0,
        "validation_distance_sanity": "plausible",
        "validation_onemap_vs_direct_delta_m": 14.0
      },
      "type": "Feature"
    },
    {
      "geometry": {
        "coordinates": [
          [
            103.745865,
            1.333351
          ],
          [
            103.745807,
            1.332606
          ]
        ],
        "type": "LineString"
      },
      "properties": {
        "current_route_vs_validation_direct_sanity": "plausible",
        "direct_bus_fallback_reason": "implausible_graph_route_to_datamall_bus_stop_within_direct_radius",
        "endpoint_source": "postal_universe_to_transit_poi",
        "new_best_name": "Ng Teng Fong General Hosp",
        "new_best_routing_type": "direct_bus_fallback_unrouted",
        "new_best_shortest_m": 82.5,
        "new_best_type": "bus_stop",
        "new_bus_routing_type": "direct_bus_fallback_unrouted",
        "new_bus_shortest_m": 82.5,
        "new_bus_state": "SCORED_PARTIAL",
        "new_state": "SCORED_PARTIAL",
        "new_total": 55.0,
        "old_abs_pct_delta": 503.75,
        "old_direction": "project_longer_than_onemap",
        "old_onemap_walk_m": 72.0,
        "old_project_shortest_m": 434.7,
        "old_validation_best_node": "Ng Teng Fong General Hosp",
        "postal": "609606",
        "queue": "missing_bus_connector",
        "source_artifact": "qa\\onemap_outlier_replay_bus_longer_profile_active_20260802.json",
        "source_flags": {
          "best_bridge_underpass_m": 0.0,
          "best_bus_stop_access_connector_m": 0.0,
          "best_direct_bus_fallback_m": 82.5,
          "best_inferred_hdb_m": 0.0,
          "best_official_lta_shelter_m": 0.0,
          "best_osm_shelter_m": 0.0,
          "best_top_source_layer_m": {
            "direct_bus_fallback": 82.5
          },
          "bus_bus_stop_access_connector_m": 0.0,
          "bus_direct_bus_fallback_m": 82.5,
          "bus_top_source_layer_m": {
            "direct_bus_fallback": 82.5
          }
        },
        "validation_area": "JURONG_EAST",
        "validation_best_node_type": "bus_stop",
        "validation_direct_distance_m": 83.1,
        "validation_distance_sanity": "onemap_slightly_shorter_than_direct",
        "validation_onemap_vs_direct_delta_m": -11.1
      },
      "type": "Feature"
    },
    {
      "geometry": {
        "coordinates": [
          [
            103.909024,
            1.320963
          ],
          [
            103.91,
            1.32027
          ]
        ],
        "type": "LineString"
      },
      "properties": {
        "current_route_vs_validation_direct_sanity": "plausible",
        "direct_bus_fallback_reason": "implausible_graph_route_to_datamall_bus_stop_within_direct_radius",
        "endpoint_source": "postal_universe_to_transit_poi",
        "new_best_name": "Opp Hong San Si Tp",
        "new_best_routing_type": "direct_bus_fallback_unrouted",
        "new_best_shortest_m": 133.0,
        "new_best_type": "bus_stop",
        "new_bus_routing_type": "direct_bus_fallback_unrouted",
        "new_bus_shortest_m": 133.0,
        "new_bus_state": "SCORED_PARTIAL",
        "new_state": "SCORED_PARTIAL",
        "new_total": 55.0,
        "old_abs_pct_delta": 388.977,
        "old_direction": "project_longer_than_onemap",
        "old_onemap_walk_m": 176.0,
        "old_project_shortest_m": 860.6,
        "old_validation_best_node": "Opp Hong San Si Tp",
        "postal": "417092",
        "queue": "missing_bus_connector",
        "source_artifact": "qa\\onemap_outlier_replay_bus_longer_profile_active_20260802.json",
        "source_flags": {
          "best_bridge_underpass_m": 0.0,
          "best_bus_stop_access_connector_m": 0.0,
          "best_direct_bus_fallback_m": 133.0,
          "best_inferred_hdb_m": 0.0,
          "best_official_lta_shelter_m": 0.0,
          "best_osm_shelter_m": 0.0,
          "best_top_source_layer_m": {
            "direct_bus_fallback": 133.0
          },
          "bus_bus_stop_access_connector_m": 0.0,
          "bus_direct_bus_fallback_m": 133.0,
          "bus_top_source_layer_m": {
            "direct_bus_fallback": 133.0
          }
        },
        "validation_area": "BEDOK",
        "validation_best_node_type": "bus_stop",
        "validation_direct_distance_m": 133.1,
        "validation_distance_sanity": "plausible",
        "validation_onemap_vs_direct_delta_m": 42.9
      },
      "type": "Feature"
    },
    {
      "geometry": {
        "coordinates": [
          [
            103.880887,
            1.347235
          ],
          [
            103.880912,
            1.346768
          ]
        ],
        "type": "LineString"
      },
      "properties": {
        "current_route_vs_validation_direct_sanity": "plausible",
        "direct_bus_fallback_reason": "implausible_graph_route_to_datamall_bus_stop_within_direct_radius",
        "endpoint_source": "postal_universe_to_transit_poi",
        "new_best_name": "Raya Gdn",
        "new_best_routing_type": "direct_bus_fallback_unrouted",
        "new_best_shortest_m": 51.7,
        "new_best_type": "bus_stop",
        "new_bus_routing_type": "direct_bus_fallback_unrouted",
        "new_bus_shortest_m": 51.7,
        "new_bus_state": "SCORED_PARTIAL",
        "new_state": "SCORED_PARTIAL",
        "new_total": 55.0,
        "old_abs_pct_delta": 371.546,
        "old_direction": "project_longer_than_onemap",
        "old_onemap_walk_m": 97.0,
        "old_project_shortest_m": 457.4,
        "old_validation_best_node": "Raya Gdn",
        "postal": "534317",
        "queue": "missing_bus_connector",
        "source_artifact": "qa\\onemap_outlier_replay_bus_longer_profile_active_20260802.json",
        "source_flags": {
          "best_bridge_underpass_m": 0.0,
          "best_bus_stop_access_connector_m": 0.0,
          "best_direct_bus_fallback_m": 51.7,
          "best_inferred_hdb_m": 0.0,
          "best_official_lta_shelter_m": 0.0,
          "best_osm_shelter_m": 0.0,
          "best_top_source_layer_m": {
            "direct_bus_fallback": 51.7
          },
          "bus_bus_stop_access_connector_m": 0.0,
          "bus_direct_bus_fallback_m": 51.7,
          "bus_top_source_layer_m": {
            "direct_bus_fallback": 51.7
          }
        },
        "validation_area": "HOUGANG",
        "validation_best_node_type": "bus_stop",
        "validation_direct_distance_m": 52.0,
        "validation_distance_sanity": "plausible",
        "validation_onemap_vs_direct_delta_m": 45.0
      },
      "type": "Feature"
    },
    {
      "geometry": {
        "coordinates": [
          [
            103.763318,
            1.327582
          ],
          [
            103.763995,
            1.326708
          ]
        ],
        "type": "LineString"
      },
      "properties": {
        "current_route_vs_validation_direct_sanity": "plausible",
        "direct_bus_fallback_reason": "implausible_graph_route_to_datamall_bus_stop_within_direct_radius",
        "endpoint_source": "postal_universe_to_transit_poi",
        "new_best_name": "Opp Clementi Loop",
        "new_best_routing_type": "direct_bus_fallback_unrouted",
        "new_best_shortest_m": 159.4,
        "new_best_type": "bus_stop",
        "new_bus_routing_type": "direct_bus_fallback_unrouted",
        "new_bus_shortest_m": 159.4,
        "new_bus_state": "SCORED_PARTIAL",
        "new_state": "SCORED_PARTIAL",
        "new_total": 55.0,
        "old_abs_pct_delta": 350.882,
        "old_direction": "project_longer_than_onemap",
        "old_onemap_walk_m": 102.0,
        "old_project_shortest_m": 459.9,
        "old_validation_best_node": "Bet Clementi Loop",
        "postal": "129810",
        "queue": "missing_bus_connector",
        "source_artifact": "qa\\onemap_outlier_replay_bus_longer_profile_active_20260802.json",
        "source_flags": {
          "best_bridge_underpass_m": 0.0,
          "best_bus_stop_access_connector_m": 0.0,
          "best_direct_bus_fallback_m": 159.4,
          "best_inferred_hdb_m": 0.0,
          "best_official_lta_shelter_m": 0.0,
          "best_osm_shelter_m": 0.0,
          "best_top_source_layer_m": {
            "direct_bus_fallback": 159.4
          },
          "bus_bus_stop_access_connector_m": 0.0,
          "bus_direct_bus_fallback_m": 159.4,
          "bus_top_source_layer_m": {
            "direct_bus_fallback": 159.4
          }
        },
        "validation_area": "CLEMENTI",
        "validation_best_node_type": "bus_stop",
        "validation_direct_distance_m": 122.9,
        "validation_distance_sanity": "onemap_slightly_shorter_than_direct",
        "validation_onemap_vs_direct_delta_m": -20.9
      },
      "type": "Feature"
    },
    {
      "geometry": {
        "coordinates": [
          [
            103.626506,
            1.309657
          ],
          [
            103.626821,
            1.308546
          ]
        ],
        "type": "LineString"
      },
      "properties": {
        "current_route_vs_validation_direct_sanity": "plausible",
        "direct_bus_fallback_reason": "implausible_graph_route_to_datamall_bus_stop_within_direct_radius",
        "endpoint_source": "postal_universe_to_transit_poi",
        "new_best_name": "Aft Tuas Sth St 2",
        "new_best_routing_type": "direct_bus_fallback_unrouted",
        "new_best_shortest_m": 127.8,
        "new_best_type": "bus_stop",
        "new_bus_routing_type": "direct_bus_fallback_unrouted",
        "new_bus_shortest_m": 127.8,
        "new_bus_state": "SCORED_PARTIAL",
        "new_state": "SCORED_PARTIAL",
        "new_total": 51.5,
        "old_abs_pct_delta": 308.933,
        "old_direction": "project_longer_than_onemap",
        "old_onemap_walk_m": 150.0,
        "old_project_shortest_m": 613.4,
        "old_validation_best_node": "Aft Tuas Sth St 2",
        "postal": "637814",
        "queue": "missing_bus_connector",
        "source_artifact": "qa\\onemap_outlier_replay_bus_longer_profile_active_20260802.json",
        "source_flags": {
          "best_bridge_underpass_m": 0.0,
          "best_bus_stop_access_connector_m": 0.0,
          "best_direct_bus_fallback_m": 127.8,
          "best_inferred_hdb_m": 0.0,
          "best_official_lta_shelter_m": 0.0,
          "best_osm_shelter_m": 0.0,
          "best_top_source_layer_m": {
            "direct_bus_fallback": 127.8
          },
          "bus_bus_stop_access_connector_m": 0.0,
          "bus_direct_bus_fallback_m": 127.8,
          "bus_top_source_layer_m": {
            "direct_bus_fallback": 127.8
          }
        },
        "validation_area": "TUAS",
        "validation_best_node_type": "bus_stop",
        "validation_direct_distance_m": 128.4,
        "validation_distance_sanity": "plausible",
        "validation_onemap_vs_direct_delta_m": 21.6
      },
      "type": "Feature"
    },
    {
      "geometry": {
        "coordinates": [
          [
            103.623743,
            1.287435
          ],
          [
            103.624893,
            1.289014
          ]
        ],
        "type": "LineString"
      },
      "properties": {
        "current_route_vs_validation_direct_sanity": "current_route_slightly_shorter_than_validation_direct",
        "direct_bus_fallback_reason": "implausible_graph_route_to_datamall_bus_stop_within_direct_radius",
        "endpoint_source": "postal_universe_to_transit_poi",
        "new_best_name": "Opp The Index",
        "new_best_routing_type": "direct_bus_fallback_unrouted",
        "new_best_shortest_m": 198.3,
        "new_best_type": "bus_stop",
        "new_bus_routing_type": "direct_bus_fallback_unrouted",
        "new_bus_shortest_m": 198.3,
        "new_bus_state": "SCORED_PARTIAL",
        "new_state": "SCORED_PARTIAL",
        "new_total": 47.7,
        "old_abs_pct_delta": 306.745,
        "old_direction": "project_longer_than_onemap",
        "old_onemap_walk_m": 212.0,
        "old_project_shortest_m": 862.3,
        "old_validation_best_node": "The Index",
        "postal": "637008",
        "queue": "missing_bus_connector",
        "source_artifact": "qa\\onemap_outlier_replay_bus_longer_profile_active_20260802.json",
        "source_flags": {
          "best_bridge_underpass_m": 0.0,
          "best_bus_stop_access_connector_m": 0.0,
          "best_direct_bus_fallback_m": 198.3,
          "best_inferred_hdb_m": 0.0,
          "best_official_lta_shelter_m": 0.0,
          "best_osm_shelter_m": 0.0,
          "best_top_source_layer_m": {
            "direct_bus_fallback": 198.3
          },
          "bus_bus_stop_access_connector_m": 0.0,
          "bus_direct_bus_fallback_m": 198.3,
          "bus_top_source_layer_m": {
            "direct_bus_fallback": 198.3
          }
        },
        "validation_area": "TUAS",
        "validation_best_node_type": "bus_stop",
        "validation_direct_distance_m": 217.2,
        "validation_distance_sanity": "onemap_slightly_shorter_than_direct",
        "validation_onemap_vs_direct_delta_m": -5.2
      },
      "type": "Feature"
    },
    {
      "geometry": {
        "coordinates": [
          [
            103.954551,
            1.341147
          ],
          [
            103.953466,
            1.342262
          ]
        ],
        "type": "LineString"
      },
      "properties": {
        "current_route_vs_validation_direct_sanity": "current_route_slightly_shorter_than_validation_direct",
        "direct_bus_fallback_reason": "implausible_graph_route_to_datamall_bus_stop_within_direct_radius",
        "endpoint_source": "postal_universe_to_transit_poi",
        "new_best_name": "Opp Simei Stn",
        "new_best_routing_type": "direct_bus_fallback_unrouted",
        "new_best_shortest_m": 155.6,
        "new_best_type": "bus_stop",
        "new_bus_routing_type": "direct_bus_fallback_unrouted",
        "new_bus_shortest_m": 155.6,
        "new_bus_state": "SCORED_PARTIAL",
        "new_state": "SCORED_PARTIAL",
        "new_total": 55.0,
        "old_abs_pct_delta": 237.205,
        "old_direction": "project_longer_than_onemap",
        "old_onemap_walk_m": 297.0,
        "old_project_shortest_m": 1001.5,
        "old_validation_best_node": "Simei Stn",
        "postal": "489393",
        "queue": "missing_bus_connector",
        "source_artifact": "qa\\onemap_outlier_replay_bus_longer_profile_active_20260802.json",
        "source_flags": {
          "best_bridge_underpass_m": 0.0,
          "best_bus_stop_access_connector_m": 0.0,
          "best_direct_bus_fallback_m": 155.6,
          "best_inferred_hdb_m": 0.0,
          "best_official_lta_shelter_m": 0.0,
          "best_osm_shelter_m": 0.0,
          "best_top_source_layer_m": {
            "direct_bus_fallback": 155.6
          },
          "bus_bus_stop_access_connector_m": 0.0,
          "bus_direct_bus_fallback_m": 155.6,
          "bus_top_source_layer_m": {
            "direct_bus_fallback": 155.6
          }
        },
        "validation_area": "TAMPINES",
        "validation_best_node_type": "bus_stop",
        "validation_direct_distance_m": 173.0,
        "validation_distance_sanity": "plausible",
        "validation_onemap_vs_direct_delta_m": 124.0
      },
      "type": "Feature"
    },
    {
      "geometry": {
        "coordinates": [
          [
            103.865842,
            1.342909
          ],
          [
            103.86744,
            1.343261
          ]
        ],
        "type": "LineString"
      },
      "properties": {
        "current_route_vs_validation_direct_sanity": "plausible",
        "direct_bus_fallback_reason": "implausible_graph_route_to_datamall_bus_stop_within_direct_radius",
        "endpoint_source": "postal_universe_to_transit_poi",
        "new_best_name": "Opp PUB Recreation Club",
        "new_best_routing_type": "direct_bus_fallback_unrouted",
        "new_best_shortest_m": 194.3,
        "new_best_type": "bus_stop",
        "new_bus_routing_type": "direct_bus_fallback_unrouted",
        "new_bus_shortest_m": 194.3,
        "new_bus_state": "SCORED_PARTIAL",
        "new_state": "SCORED_PARTIAL",
        "new_total": 55.0,
        "old_abs_pct_delta": 235.676,
        "old_direction": "project_longer_than_onemap",
        "old_onemap_walk_m": 148.0,
        "old_project_shortest_m": 496.8,
        "old_validation_best_node": "PUB Recreation Club",
        "postal": "357831",
        "queue": "missing_bus_connector",
        "source_artifact": "qa\\onemap_outlier_replay_bus_longer_profile_active_20260802.json",
        "source_flags": {
          "best_bridge_underpass_m": 0.0,
          "best_bus_stop_access_connector_m": 0.0,
          "best_direct_bus_fallback_m": 194.3,
          "best_inferred_hdb_m": 0.0,
          "best_official_lta_shelter_m": 0.0,
          "best_osm_shelter_m": 0.0,
          "best_top_source_layer_m": {
            "direct_bus_fallback": 194.3
          },
          "bus_bus_stop_access_connector_m": 0.0,
          "bus_direct_bus_fallback_m": 194.3,
          "bus_top_source_layer_m": {
            "direct_bus_fallback": 194.3
          }
        },
        "validation_area": "TOA_PAYOH",
        "validation_best_node_type": "bus_stop",
        "validation_direct_distance_m": 181.9,
        "validation_distance_sanity": "onemap_slightly_shorter_than_direct",
        "validation_onemap_vs_direct_delta_m": -33.9
      },
      "type": "Feature"
    },
    {
      "geometry": {
        "coordinates": [
          [
            103.775099,
            1.366802
          ],
          [
            103.775309,
            1.367726
          ]
        ],
        "type": "LineString"
      },
      "properties": {
        "current_route_vs_validation_direct_sanity": "current_route_materially_shorter_than_validation_direct",
        "direct_bus_fallback_reason": "implausible_graph_route_to_datamall_bus_stop_within_direct_radius",
        "endpoint_source": "postal_universe_to_transit_poi",
        "new_best_name": "Opp Dairy Farm Mall",
        "new_best_routing_type": "direct_bus_fallback_unrouted",
        "new_best_shortest_m": 68.5,
        "new_best_type": "bus_stop",
        "new_bus_routing_type": "direct_bus_fallback_unrouted",
        "new_bus_shortest_m": 68.5,
        "new_bus_state": "SCORED_PARTIAL",
        "new_state": "SCORED_PARTIAL",
        "new_total": 55.0,
        "old_abs_pct_delta": 233.945,
        "old_direction": "project_longer_than_onemap",
        "old_onemap_walk_m": 109.0,
        "old_project_shortest_m": 364.0,
        "old_validation_best_node": "Bef Chestnut Ave",
        "postal": "677662",
        "queue": "missing_bus_connector",
        "source_artifact": "qa\\onemap_outlier_replay_bus_longer_profile_active_20260802.json",
        "source_flags": {
          "best_bridge_underpass_m": 0.0,
          "best_bus_stop_access_connector_m": 0.0,
          "best_direct_bus_fallback_m": 68.5,
          "best_inferred_hdb_m": 0.0,
          "best_official_lta_shelter_m": 0.0,
          "best_osm_shelter_m": 0.0,
          "best_top_source_layer_m": {
            "direct_bus_fallback": 68.5
          },
          "bus_bus_stop_access_connector_m": 0.0,
          "bus_direct_bus_fallback_m": 68.5,
          "bus_top_source_layer_m": {
            "direct_bus_fallback": 68.5
          }
        },
        "validation_area": "BUKIT_PANJANG",
        "validation_best_node_type": "bus_stop",
        "validation_direct_distance_m": 105.4,
        "validation_distance_sanity": "plausible",
        "validation_onemap_vs_direct_delta_m": 3.6
      },
      "type": "Feature"
    },
    {
      "geometry": {
        "coordinates": [
          [
            103.82452,
            1.424291
          ],
          [
            103.825523,
            1.424958
          ]
        ],
        "type": "LineString"
      },
      "properties": {
        "current_route_vs_validation_direct_sanity": "current_route_slightly_shorter_than_validation_direct",
        "direct_bus_fallback_reason": "implausible_graph_route_to_datamall_bus_stop_within_direct_radius",
        "endpoint_source": "postal_universe_to_transit_poi",
        "new_best_name": "Khatib Camp",
        "new_best_routing_type": "direct_bus_fallback_unrouted",
        "new_best_shortest_m": 128.8,
        "new_best_type": "bus_stop",
        "new_bus_routing_type": "direct_bus_fallback_unrouted",
        "new_bus_shortest_m": 128.8,
        "new_bus_state": "SCORED_PARTIAL",
        "new_state": "SCORED_PARTIAL",
        "new_total": 55.0,
        "old_abs_pct_delta": 226.484,
        "old_direction": "project_longer_than_onemap",
        "old_onemap_walk_m": 91.0,
        "old_project_shortest_m": 297.1,
        "old_validation_best_node": "Opp Khatib Camp",
        "postal": "759152",
        "queue": "missing_bus_connector",
        "source_artifact": "qa\\onemap_outlier_replay_bus_longer_profile_active_20260802.json",
        "source_flags": {
          "best_bridge_underpass_m": 0.0,
          "best_bus_stop_access_connector_m": 0.0,
          "best_direct_bus_fallback_m": 128.8,
          "best_inferred_hdb_m": 0.0,
          "best_official_lta_shelter_m": 0.0,
          "best_osm_shelter_m": 0.0,
          "best_top_source_layer_m": {
            "direct_bus_fallback": 128.8
          },
          "bus_bus_stop_access_connector_m": 0.0,
          "bus_direct_bus_fallback_m": 128.8,
          "bus_top_source_layer_m": {
            "direct_bus_fallback": 128.8
          }
        },
        "validation_area": "MANDAI",
        "validation_best_node_type": "bus_stop",
        "validation_direct_distance_m": 133.9,
        "validation_distance_sanity": "onemap_materially_shorter_than_direct",
        "validation_onemap_vs_direct_delta_m": -42.9
      },
      "type": "Feature"
    },
    {
      "geometry": {
        "coordinates": [
          [
            103.855735,
            1.323291
          ],
          [
            103.856261,
            1.32338
          ]
        ],
        "type": "LineString"
      },
      "properties": {
        "current_route_vs_validation_direct_sanity": "plausible",
        "direct_bus_fallback_reason": "implausible_graph_route_to_datamall_bus_stop_within_direct_radius",
        "endpoint_source": "postal_universe_to_transit_poi",
        "new_best_name": "Blk 82",
        "new_best_routing_type": "direct_bus_fallback_unrouted",
        "new_best_shortest_m": 59.4,
        "new_best_type": "bus_stop",
        "new_bus_routing_type": "direct_bus_fallback_unrouted",
        "new_bus_shortest_m": 59.4,
        "new_bus_state": "SCORED_PARTIAL",
        "new_state": "SCORED_PARTIAL",
        "new_total": 55.0,
        "old_abs_pct_delta": 217.849,
        "old_direction": "project_longer_than_onemap",
        "old_onemap_walk_m": 93.0,
        "old_project_shortest_m": 295.6,
        "old_validation_best_node": "Blk 82",
        "postal": "320087",
        "queue": "missing_bus_connector",
        "source_artifact": "qa\\onemap_outlier_replay_bus_longer_profile_active_20260802.json",
        "source_flags": {
          "best_bridge_underpass_m": 0.0,
          "best_bus_stop_access_connector_m": 0.0,
          "best_direct_bus_fallback_m": 59.4,
          "best_inferred_hdb_m": 0.0,
          "best_official_lta_shelter_m": 0.0,
          "best_osm_shelter_m": 0.0,
          "best_top_source_layer_m": {
            "direct_bus_fallback": 59.4
          },
          "bus_bus_stop_access_connector_m": 0.0,
          "bus_direct_bus_fallback_m": 59.4,
          "bus_top_source_layer_m": {
            "direct_bus_fallback": 59.4
          }
        },
        "validation_area": "NOVENA",
        "validation_best_node_type": "bus_stop",
        "validation_direct_distance_m": 59.3,
        "validation_distance_sanity": "plausible",
        "validation_onemap_vs_direct_delta_m": 33.7
      },
      "type": "Feature"
    },
    {
      "geometry": {
        "coordinates": [
          [
            103.939815,
            1.342648
          ],
          [
            103.939682,
            1.341129
          ]
        ],
        "type": "LineString"
      },
      "properties": {
        "current_route_vs_validation_direct_sanity": "plausible",
        "direct_bus_fallback_reason": "implausible_graph_route_to_datamall_bus_stop_within_direct_radius",
        "endpoint_source": "postal_universe_to_transit_poi",
        "new_best_name": "Blk 967A",
        "new_best_routing_type": "direct_bus_fallback_unrouted",
        "new_best_shortest_m": 168.6,
        "new_best_type": "bus_stop",
        "new_bus_routing_type": "direct_bus_fallback_unrouted",
        "new_bus_shortest_m": 168.6,
        "new_bus_state": "SCORED_PARTIAL",
        "new_state": "SCORED_PARTIAL",
        "new_total": 50.8,
        "old_abs_pct_delta": 168.413,
        "old_direction": "project_longer_than_onemap",
        "old_onemap_walk_m": 189.0,
        "old_project_shortest_m": 507.3,
        "old_validation_best_node": "Blk 967A",
        "postal": "478983",
        "queue": "missing_bus_connector",
        "source_artifact": "qa\\onemap_outlier_replay_bus_longer_profile_active_20260802.json",
        "source_flags": {
          "best_bridge_underpass_m": 0.0,
          "best_bus_stop_access_connector_m": 0.0,
          "best_direct_bus_fallback_m": 168.6,
          "best_inferred_hdb_m": 0.0,
          "best_official_lta_shelter_m": 0.0,
          "best_osm_shelter_m": 0.0,
          "best_top_source_layer_m": {
            "direct_bus_fallback": 168.6
          },
          "bus_bus_stop_access_connector_m": 0.0,
          "bus_direct_bus_fallback_m": 168.6,
          "bus_top_source_layer_m": {
            "direct_bus_fallback": 168.6
          }
        },
        "validation_area": "TAMPINES",
        "validation_best_node_type": "bus_stop",
        "validation_direct_distance_m": 169.6,
        "validation_distance_sanity": "plausible",
        "validation_onemap_vs_direct_delta_m": 19.4
      },
      "type": "Feature"
    },
    {
      "geometry": {
        "coordinates": [
          [
            103.859678,
            1.38947
          ],
          [
            103.859933,
            1.390494
          ]
        ],
        "type": "LineString"
      },
      "properties": {
        "current_route_vs_validation_direct_sanity": "plausible",
        "direct_bus_fallback_reason": "implausible_graph_route_to_datamall_bus_stop_within_direct_radius",
        "endpoint_source": "postal_universe_to_transit_poi",
        "new_best_name": "Serenity Pk",
        "new_best_routing_type": "direct_bus_fallback_unrouted",
        "new_best_shortest_m": 116.7,
        "new_best_type": "bus_stop",
        "new_bus_routing_type": "direct_bus_fallback_unrouted",
        "new_bus_shortest_m": 116.7,
        "new_bus_state": "SCORED_PARTIAL",
        "new_state": "SCORED_PARTIAL",
        "new_total": 55.0,
        "old_abs_pct_delta": 163.726,
        "old_direction": "project_longer_than_onemap",
        "old_onemap_walk_m": 212.0,
        "old_project_shortest_m": 559.1,
        "old_validation_best_node": "Serenity Pk",
        "postal": "806063",
        "queue": "missing_bus_connector",
        "source_artifact": "qa\\onemap_outlier_replay_bus_longer_profile_active_20260802.json",
        "source_flags": {
          "best_bridge_underpass_m": 0.0,
          "best_bus_stop_access_connector_m": 0.0,
          "best_direct_bus_fallback_m": 116.7,
          "best_inferred_hdb_m": 0.0,
          "best_official_lta_shelter_m": 0.0,
          "best_osm_shelter_m": 0.0,
          "best_top_source_layer_m": {
            "direct_bus_fallback": 116.7
          },
          "bus_bus_stop_access_connector_m": 0.0,
          "bus_direct_bus_fallback_m": 116.7,
          "bus_top_source_layer_m": {
            "direct_bus_fallback": 116.7
          }
        },
        "validation_area": "SERANGOON",
        "validation_best_node_type": "bus_stop",
        "validation_direct_distance_m": 117.3,
        "validation_distance_sanity": "plausible",
        "validation_onemap_vs_direct_delta_m": 94.7
      },
      "type": "Feature"
    },
    {
      "geometry": {
        "coordinates": [
          [
            103.743943,
            1.342984
          ],
          [
            103.744076,
            1.342172
          ]
        ],
        "type": "LineString"
      },
      "properties": {
        "current_route_vs_validation_direct_sanity": "plausible",
        "direct_bus_fallback_reason": "implausible_graph_route_to_datamall_bus_stop_within_direct_radius",
        "endpoint_source": "postal_universe_to_transit_poi",
        "new_best_name": "Blk 241",
        "new_best_routing_type": "direct_bus_fallback_unrouted",
        "new_best_shortest_m": 91.0,
        "new_best_type": "bus_stop",
        "new_bus_routing_type": "direct_bus_fallback_unrouted",
        "new_bus_shortest_m": 91.0,
        "new_bus_state": "SCORED_PARTIAL",
        "new_state": "SCORED_PARTIAL",
        "new_total": 55.0,
        "old_abs_pct_delta": 163.209,
        "old_direction": "project_longer_than_onemap",
        "old_onemap_walk_m": 215.0,
        "old_project_shortest_m": 565.9,
        "old_validation_best_node": "Blk 241",
        "postal": "601291",
        "queue": "missing_bus_connector",
        "source_artifact": "qa\\onemap_outlier_replay_bus_longer_profile_active_20260802.json",
        "source_flags": {
          "best_bridge_underpass_m": 0.0,
          "best_bus_stop_access_connector_m": 0.0,
          "best_direct_bus_fallback_m": 91.0,
          "best_inferred_hdb_m": 0.0,
          "best_official_lta_shelter_m": 0.0,
          "best_osm_shelter_m": 0.0,
          "best_top_source_layer_m": {
            "direct_bus_fallback": 91.0
          },
          "bus_bus_stop_access_connector_m": 0.0,
          "bus_direct_bus_fallback_m": 91.0,
          "bus_top_source_layer_m": {
            "direct_bus_fallback": 91.0
          }
        },
        "validation_area": "JURONG_EAST",
        "validation_best_node_type": "bus_stop",
        "validation_direct_distance_m": 91.5,
        "validation_distance_sanity": "plausible",
        "validation_onemap_vs_direct_delta_m": 123.5
      },
      "type": "Feature"
    },
    {
      "geometry": {
        "coordinates": [
          [
            103.702616,
            1.333896
          ],
          [
            103.703381,
            1.33327
          ]
        ],
        "type": "LineString"
      },
      "properties": {
        "current_route_vs_validation_direct_sanity": "plausible",
        "direct_bus_fallback_reason": "implausible_graph_route_to_datamall_bus_stop_within_direct_radius",
        "endpoint_source": "postal_universe_to_transit_poi",
        "new_best_name": "Opp Blk 657 CP",
        "new_best_routing_type": "direct_bus_fallback_unrouted",
        "new_best_shortest_m": 197.1,
        "new_best_type": "bus_stop",
        "new_bus_routing_type": "direct_bus_fallback_unrouted",
        "new_bus_shortest_m": 197.1,
        "new_bus_state": "SCORED_PARTIAL",
        "new_state": "SCORED_PARTIAL",
        "new_total": 52.3,
        "old_abs_pct_delta": 143.869,
        "old_direction": "project_longer_than_onemap",
        "old_onemap_walk_m": 168.0,
        "old_project_shortest_m": 409.7,
        "old_validation_best_node": "Aft Fan Yoong Rd",
        "postal": "627662",
        "queue": "missing_bus_connector",
        "source_artifact": "qa\\onemap_outlier_replay_bus_longer_profile_active_20260802.json",
        "source_flags": {
          "best_bridge_underpass_m": 0.0,
          "best_bus_stop_access_connector_m": 0.0,
          "best_direct_bus_fallback_m": 197.1,
          "best_inferred_hdb_m": 0.0,
          "best_official_lta_shelter_m": 0.0,
          "best_osm_shelter_m": 0.0,
          "best_top_source_layer_m": {
            "direct_bus_fallback": 197.1
          },
          "bus_bus_stop_access_connector_m": 0.0,
          "bus_direct_bus_fallback_m": 197.1,
          "bus_top_source_layer_m": {
            "direct_bus_fallback": 197.1
          }
        },
        "validation_area": "JURONG_WEST",
        "validation_best_node_type": "bus_stop",
        "validation_direct_distance_m": 109.9,
        "validation_distance_sanity": "plausible",
        "validation_onemap_vs_direct_delta_m": 58.1
      },
      "type": "Feature"
    },
    {
      "geometry": {
        "coordinates": [
          [
            103.813265,
            1.271642
          ],
          [
            103.813154,
            1.26994
          ]
        ],
        "type": "LineString"
      },
      "properties": {
        "current_route_vs_validation_direct_sanity": "current_route_slightly_shorter_than_validation_direct",
        "direct_bus_fallback_reason": "implausible_graph_route_to_datamall_bus_stop_within_direct_radius",
        "endpoint_source": "postal_universe_to_transit_poi",
        "new_best_name": "Opp Blk 55",
        "new_best_routing_type": "direct_bus_fallback_unrouted",
        "new_best_shortest_m": 178.6,
        "new_best_type": "bus_stop",
        "new_bus_routing_type": "direct_bus_fallback_unrouted",
        "new_bus_shortest_m": 178.6,
        "new_bus_state": "SCORED_PARTIAL",
        "new_state": "SCORED_PARTIAL",
        "new_total": 55.0,
        "old_abs_pct_delta": 137.342,
        "old_direction": "project_longer_than_onemap",
        "old_onemap_walk_m": 237.0,
        "old_project_shortest_m": 562.5,
        "old_validation_best_node": "Hotel Faber Pk",
        "postal": "099169",
        "queue": "missing_bus_connector",
        "source_artifact": "qa\\onemap_outlier_replay_bus_longer_profile_active_20260802.json",
        "source_flags": {
          "best_bridge_underpass_m": 0.0,
          "best_bus_stop_access_connector_m": 0.0,
          "best_direct_bus_fallback_m": 178.6,
          "best_inferred_hdb_m": 0.0,
          "best_official_lta_shelter_m": 0.0,
          "best_osm_shelter_m": 0.0,
          "best_top_source_layer_m": {
            "direct_bus_fallback": 178.6
          },
          "bus_bus_stop_access_connector_m": 0.0,
          "bus_direct_bus_fallback_m": 178.6,
          "bus_top_source_layer_m": {
            "direct_bus_fallback": 178.6
          }
        },
        "validation_area": "BUKIT_MERAH",
        "validation_best_node_type": "bus_stop",
        "validation_direct_distance_m": 189.7,
        "validation_distance_sanity": "plausible",
        "validation_onemap_vs_direct_delta_m": 47.3
      },
      "type": "Feature"
    },
    {
      "geometry": {
        "coordinates": [
          [
            103.802831,
            1.306763
          ],
          [
            103.801852,
            1.305441
          ]
        ],
        "type": "LineString"
      },
      "properties": {
        "current_route_vs_validation_direct_sanity": "current_route_materially_shorter_than_validation_direct",
        "direct_bus_fallback_reason": "implausible_graph_route_to_datamall_bus_stop_within_direct_radius",
        "endpoint_source": "postal_universe_to_transit_poi",
        "new_best_name": "Blk 97",
        "new_best_routing_type": "direct_bus_fallback_unrouted",
        "new_best_shortest_m": 138.9,
        "new_best_type": "bus_stop",
        "new_bus_routing_type": "direct_bus_fallback_unrouted",
        "new_bus_shortest_m": 138.9,
        "new_bus_state": "SCORED_PARTIAL",
        "new_state": "SCORED_PARTIAL",
        "new_total": 55.0,
        "old_abs_pct_delta": 132.9,
        "old_direction": "project_longer_than_onemap",
        "old_onemap_walk_m": 231.0,
        "old_project_shortest_m": 538.0,
        "old_validation_best_node": "Opp Blk 95",
        "postal": "248430",
        "queue": "missing_bus_connector",
        "source_artifact": "qa\\onemap_outlier_replay_bus_longer_profile_active_20260802.json",
        "source_flags": {
          "best_bridge_underpass_m": 0.0,
          "best_bus_stop_access_connector_m": 0.0,
          "best_direct_bus_fallback_m": 138.9,
          "best_inferred_hdb_m": 0.0,
          "best_official_lta_shelter_m": 0.0,
          "best_osm_shelter_m": 0.0,
          "best_top_source_layer_m": {
            "direct_bus_fallback": 138.9
          },
          "bus_bus_stop_access_connector_m": 0.0,
          "bus_direct_bus_fallback_m": 138.9,
          "bus_top_source_layer_m": {
            "direct_bus_fallback": 138.9
          }
        },
        "validation_area": "QUEENSTOWN",
        "validation_best_node_type": "bus_stop",
        "validation_direct_distance_m": 182.9,
        "validation_distance_sanity": "plausible",
        "validation_onemap_vs_direct_delta_m": 48.1
      },
      "type": "Feature"
    },
    {
      "geometry": {
        "coordinates": [
          [
            103.773262,
            1.372012
          ],
          [
            103.772935,
            1.373551
          ]
        ],
        "type": "LineString"
      },
      "properties": {
        "current_route_vs_validation_direct_sanity": "current_route_slightly_shorter_than_validation_direct",
        "direct_bus_fallback_reason": "implausible_graph_route_to_datamall_bus_stop_within_direct_radius",
        "endpoint_source": "postal_universe_to_transit_poi",
        "new_best_name": "Blk 202",
        "new_best_routing_type": "direct_bus_fallback_unrouted",
        "new_best_shortest_m": 136.0,
        "new_best_type": "bus_stop",
        "new_bus_routing_type": "direct_bus_fallback_unrouted",
        "new_bus_shortest_m": 136.0,
        "new_bus_state": "SCORED_PARTIAL",
        "new_state": "SCORED_PARTIAL",
        "new_total": 55.0,
        "old_abs_pct_delta": 129.05,
        "old_direction": "project_longer_than_onemap",
        "old_onemap_walk_m": 221.0,
        "old_project_shortest_m": 506.2,
        "old_validation_best_node": "Opp Blk 219",
        "postal": "677768",
        "queue": "missing_bus_connector",
        "source_artifact": "qa\\onemap_outlier_replay_bus_longer_profile_active_20260802.json",
        "source_flags": {
          "best_bridge_underpass_m": 0.0,
          "best_bus_stop_access_connector_m": 0.0,
          "best_direct_bus_fallback_m": 136.0,
          "best_inferred_hdb_m": 0.0,
          "best_official_lta_shelter_m": 0.0,
          "best_osm_shelter_m": 0.0,
          "best_top_source_layer_m": {
            "direct_bus_fallback": 136.0
          },
          "bus_bus_stop_access_connector_m": 0.0,
          "bus_direct_bus_fallback_m": 136.0,
          "bus_top_source_layer_m": {
            "direct_bus_fallback": 136.0
          }
        },
        "validation_area": "BUKIT_PANJANG",
        "validation_best_node_type": "bus_stop",
        "validation_direct_distance_m": 174.9,
        "validation_distance_sanity": "plausible",
        "validation_onemap_vs_direct_delta_m": 46.1
      },
      "type": "Feature"
    },
    {
      "geometry": {
        "coordinates": [
          [
            103.780253,
            1.41038
          ],
          [
            103.779686,
            1.410565
          ]
        ],
        "type": "LineString"
      },
      "properties": {
        "current_route_vs_validation_direct_sanity": "plausible",
        "direct_bus_fallback_reason": "implausible_graph_route_to_datamall_bus_stop_within_direct_radius",
        "endpoint_source": "postal_universe_to_transit_poi",
        "new_best_name": "Bef Mandai Lake Rd",
        "new_best_routing_type": "direct_bus_fallback_unrouted",
        "new_best_shortest_m": 66.4,
        "new_best_type": "bus_stop",
        "new_bus_routing_type": "direct_bus_fallback_unrouted",
        "new_bus_shortest_m": 66.4,
        "new_bus_state": "SCORED_PARTIAL",
        "new_state": "SCORED_PARTIAL",
        "new_total": 54.2,
        "old_abs_pct_delta": 124.466,
        "old_direction": "project_longer_than_onemap",
        "old_onemap_walk_m": 253.0,
        "old_project_shortest_m": 567.9,
        "old_validation_best_node": "Bef Mandai Lake Rd",
        "postal": "729761",
        "queue": "missing_bus_connector",
        "source_artifact": "qa\\onemap_outlier_replay_bus_longer_profile_active_20260802.json",
        "source_flags": {
          "best_bridge_underpass_m": 0.0,
          "best_bus_stop_access_connector_m": 0.0,
          "best_direct_bus_fallback_m": 66.4,
          "best_inferred_hdb_m": 0.0,
          "best_official_lta_shelter_m": 0.0,
          "best_osm_shelter_m": 0.0,
          "best_top_source_layer_m": {
            "direct_bus_fallback": 66.4
          },
          "bus_bus_stop_access_connector_m": 0.0,
          "bus_direct_bus_fallback_m": 66.4,
          "bus_top_source_layer_m": {
            "direct_bus_fallback": 66.4
          }
        },
        "validation_area": "CENTRAL_WATER_CATCHMENT",
        "validation_best_node_type": "bus_stop",
        "validation_direct_distance_m": 66.3,
        "validation_distance_sanity": "plausible",
        "validation_onemap_vs_direct_delta_m": 186.7
      },
      "type": "Feature"
    },
    {
      "geometry": {
        "coordinates": [
          [
            103.890101,
            1.346319
          ],
          [
            103.889989,
            1.347631
          ]
        ],
        "type": "LineString"
      },
      "properties": {
        "current_route_vs_validation_direct_sanity": "plausible",
        "direct_bus_fallback_reason": "implausible_graph_route_to_datamall_bus_stop_within_direct_radius",
        "endpoint_source": "postal_universe_to_transit_poi",
        "new_best_name": "Bef S'pore Girls' Hme",
        "new_best_routing_type": "direct_bus_fallback_unrouted",
        "new_best_shortest_m": 156.1,
        "new_best_type": "bus_stop",
        "new_bus_routing_type": "direct_bus_fallback_unrouted",
        "new_bus_shortest_m": 156.1,
        "new_bus_state": "SCORED_PARTIAL",
        "new_state": "SCORED_PARTIAL",
        "new_total": 55.0,
        "old_abs_pct_delta": 124.314,
        "old_direction": "project_longer_than_onemap",
        "old_onemap_walk_m": 153.0,
        "old_project_shortest_m": 343.2,
        "old_validation_best_node": "Opp S'pore Girls' Hme",
        "postal": "530180",
        "queue": "missing_bus_connector",
        "source_artifact": "qa\\onemap_outlier_replay_bus_longer_profile_active_20260802.json",
        "source_flags": {
          "best_bridge_underpass_m": 0.0,
          "best_bus_stop_access_connector_m": 0.0,
          "best_direct_bus_fallback_m": 156.1,
          "best_inferred_hdb_m": 0.0,
          "best_official_lta_shelter_m": 0.0,
          "best_osm_shelter_m": 0.0,
          "best_top_source_layer_m": {
            "direct_bus_fallback": 156.1
          },
          "bus_bus_stop_access_connector_m": 0.0,
          "bus_direct_bus_fallback_m": 156.1,
          "bus_top_source_layer_m": {
            "direct_bus_fallback": 156.1
          }
        },
        "validation_area": "HOUGANG",
        "validation_best_node_type": "bus_stop",
        "validation_direct_distance_m": 146.4,
        "validation_distance_sanity": "plausible",
        "validation_onemap_vs_direct_delta_m": 6.6
      },
      "type": "Feature"
    },
    {
      "geometry": {
        "coordinates": [
          [
            103.718602,
            1.342802
          ],
          [
            103.719266,
            1.344324
          ]
        ],
        "type": "LineString"
      },
      "properties": {
        "current_route_vs_validation_direct_sanity": "plausible",
        "direct_bus_fallback_reason": "implausible_graph_route_to_datamall_bus_stop_within_direct_radius",
        "endpoint_source": "postal_universe_to_transit_poi",
        "new_best_name": "Opp Lakeside Stn",
        "new_best_routing_type": "direct_bus_fallback_unrouted",
        "new_best_shortest_m": 183.8,
        "new_best_type": "bus_stop",
        "new_bus_routing_type": "direct_bus_fallback_unrouted",
        "new_bus_shortest_m": 183.8,
        "new_bus_state": "SCORED_PARTIAL",
        "new_state": "SCORED_PARTIAL",
        "new_total": 55.0,
        "old_abs_pct_delta": 118.85,
        "old_direction": "project_longer_than_onemap",
        "old_onemap_walk_m": 461.0,
        "old_project_shortest_m": 1008.9,
        "old_validation_best_node": "Opp Lakeside Stn",
        "postal": "648320",
        "queue": "missing_bus_connector",
        "source_artifact": "qa\\onemap_outlier_replay_bus_longer_profile_active_20260802.json",
        "source_flags": {
          "best_bridge_underpass_m": 0.0,
          "best_bus_stop_access_connector_m": 0.0,
          "best_direct_bus_fallback_m": 183.8,
          "best_inferred_hdb_m": 0.0,
          "best_official_lta_shelter_m": 0.0,
          "best_osm_shelter_m": 0.0,
          "best_top_source_layer_m": {
            "direct_bus_fallback": 183.8
          },
          "bus_bus_stop_access_connector_m": 0.0,
          "bus_direct_bus_fallback_m": 183.8,
          "bus_top_source_layer_m": {
            "direct_bus_fallback": 183.8
          }
        },
        "validation_area": "JURONG_WEST",
        "validation_best_node_type": "bus_stop",
        "validation_direct_distance_m": 184.6,
        "validation_distance_sanity": "plausible",
        "validation_onemap_vs_direct_delta_m": 276.4
      },
      "type": "Feature"
    },
    {
      "geometry": {
        "coordinates": [
          [
            103.700623,
            1.352167
          ],
          [
            103.701079,
            1.350532
          ]
        ],
        "type": "LineString"
      },
      "properties": {
        "current_route_vs_validation_direct_sanity": "current_route_materially_shorter_than_validation_direct",
        "direct_bus_fallback_reason": "implausible_graph_route_to_datamall_bus_stop_within_direct_radius",
        "endpoint_source": "postal_universe_to_transit_poi",
        "new_best_name": "Opp Westwood Sec Sch",
        "new_best_routing_type": "direct_bus_fallback_unrouted",
        "new_best_shortest_m": 72.5,
        "new_best_type": "bus_stop",
        "new_bus_routing_type": "direct_bus_fallback_unrouted",
        "new_bus_shortest_m": 72.5,
        "new_bus_state": "SCORED_PARTIAL",
        "new_state": "SCORED_PARTIAL",
        "new_total": 55.0,
        "old_abs_pct_delta": 118.456,
        "old_direction": "project_longer_than_onemap",
        "old_onemap_walk_m": 298.0,
        "old_project_shortest_m": 651.0,
        "old_validation_best_node": "Aft Westwood Ave",
        "postal": "648802",
        "queue": "missing_bus_connector",
        "source_artifact": "qa\\onemap_outlier_replay_bus_longer_profile_active_20260802.json",
        "source_flags": {
          "best_bridge_underpass_m": 0.0,
          "best_bus_stop_access_connector_m": 0.0,
          "best_direct_bus_fallback_m": 72.5,
          "best_inferred_hdb_m": 0.0,
          "best_official_lta_shelter_m": 0.0,
          "best_osm_shelter_m": 0.0,
          "best_top_source_layer_m": {
            "direct_bus_fallback": 72.5
          },
          "bus_bus_stop_access_connector_m": 0.0,
          "bus_direct_bus_fallback_m": 72.5,
          "bus_top_source_layer_m": {
            "direct_bus_fallback": 72.5
          }
        },
        "validation_area": "JURONG_WEST",
        "validation_best_node_type": "bus_stop",
        "validation_direct_distance_m": 188.7,
        "validation_distance_sanity": "plausible",
        "validation_onemap_vs_direct_delta_m": 109.3
      },
      "type": "Feature"
    },
    {
      "geometry": {
        "coordinates": [
          [
            103.700203,
            1.352195
          ],
          [
            103.701079,
            1.350532
          ]
        ],
        "type": "LineString"
      },
      "properties": {
        "current_route_vs_validation_direct_sanity": "current_route_materially_shorter_than_validation_direct",
        "direct_bus_fallback_reason": "implausible_graph_route_to_datamall_bus_stop_within_direct_radius",
        "endpoint_source": "postal_universe_to_transit_poi",
        "new_best_name": "Opp Westwood Sec Sch",
        "new_best_routing_type": "direct_bus_fallback_unrouted",
        "new_best_shortest_m": 110.8,
        "new_best_type": "bus_stop",
        "new_bus_routing_type": "direct_bus_fallback_unrouted",
        "new_bus_shortest_m": 110.8,
        "new_bus_state": "SCORED_PARTIAL",
        "new_state": "SCORED_PARTIAL",
        "new_total": 55.0,
        "old_abs_pct_delta": 115.506,
        "old_direction": "project_longer_than_onemap",
        "old_onemap_walk_m": 247.0,
        "old_project_shortest_m": 532.3,
        "old_validation_best_node": "Aft Westwood Ave",
        "postal": "648726",
        "queue": "missing_bus_connector",
        "source_artifact": "qa\\onemap_outlier_replay_bus_longer_profile_active_20260802.json",
        "source_flags": {
          "best_bridge_underpass_m": 0.0,
          "best_bus_stop_access_connector_m": 0.0,
          "best_direct_bus_fallback_m": 110.8,
          "best_inferred_hdb_m": 0.0,
          "best_official_lta_shelter_m": 0.0,
          "best_osm_shelter_m": 0.0,
          "best_top_source_layer_m": {
            "direct_bus_fallback": 110.8
          },
          "bus_bus_stop_access_connector_m": 0.0,
          "bus_direct_bus_fallback_m": 110.8,
          "bus_top_source_layer_m": {
            "direct_bus_fallback": 110.8
          }
        },
        "validation_area": "JURONG_WEST",
        "validation_best_node_type": "bus_stop",
        "validation_direct_distance_m": 209.0,
        "validation_distance_sanity": "plausible",
        "validation_onemap_vs_direct_delta_m": 38.0
      },
      "type": "Feature"
    },
    {
      "geometry": {
        "coordinates": [
          [
            103.717439,
            1.339377
          ],
          [
            103.71932,
            1.338364
          ]
        ],
        "type": "LineString"
      },
      "properties": {
        "current_route_vs_validation_direct_sanity": "current_route_materially_shorter_than_validation_direct",
        "direct_bus_fallback_reason": "implausible_graph_route_to_datamall_bus_stop_within_direct_radius",
        "endpoint_source": "postal_universe_to_transit_poi",
        "new_best_name": "Lakepoint Condo",
        "new_best_routing_type": "direct_bus_fallback_unrouted",
        "new_best_shortest_m": 153.9,
        "new_best_type": "bus_stop",
        "new_bus_routing_type": "direct_bus_fallback_unrouted",
        "new_bus_shortest_m": 153.9,
        "new_bus_state": "SCORED_PARTIAL",
        "new_state": "SCORED_PARTIAL",
        "new_total": 55.0,
        "old_abs_pct_delta": 112.73,
        "old_direction": "project_longer_than_onemap",
        "old_onemap_walk_m": 348.0,
        "old_project_shortest_m": 740.3,
        "old_validation_best_node": "Blk 367",
        "postal": "618380",
        "queue": "missing_bus_connector",
        "source_artifact": "qa\\onemap_outlier_replay_bus_longer_profile_active_20260802.json",
        "source_flags": {
          "best_bridge_underpass_m": 0.0,
          "best_bus_stop_access_connector_m": 0.0,
          "best_direct_bus_fallback_m": 153.9,
          "best_inferred_hdb_m": 0.0,
          "best_official_lta_shelter_m": 0.0,
          "best_osm_shelter_m": 0.0,
          "best_top_source_layer_m": {
            "direct_bus_fallback": 153.9
          },
          "bus_bus_stop_access_connector_m": 0.0,
          "bus_direct_bus_fallback_m": 153.9,
          "bus_top_source_layer_m": {
            "direct_bus_fallback": 153.9
          }
        },
        "validation_area": "JURONG_WEST",
        "validation_best_node_type": "bus_stop",
        "validation_direct_distance_m": 237.5,
        "validation_distance_sanity": "plausible",
        "validation_onemap_vs_direct_delta_m": 110.5
      },
      "type": "Feature"
    },
    {
      "geometry": {
        "coordinates": [
          [
            103.940453,
            1.381107
          ],
          [
            103.942686,
            1.380057
          ]
        ],
        "type": "LineString"
      },
      "properties": {
        "current_route_vs_validation_direct_sanity": "current_route_materially_shorter_than_validation_direct",
        "direct_bus_fallback_reason": "implausible_graph_route_to_datamall_bus_stop_within_direct_radius",
        "endpoint_source": "postal_universe_to_transit_poi",
        "new_best_name": "Opp Blk 626",
        "new_best_routing_type": "direct_bus_fallback_unrouted",
        "new_best_shortest_m": 62.5,
        "new_best_type": "bus_stop",
        "new_bus_routing_type": "direct_bus_fallback_unrouted",
        "new_bus_shortest_m": 62.5,
        "new_bus_state": "SCORED_PARTIAL",
        "new_state": "SCORED_PARTIAL",
        "new_total": 55.0,
        "old_abs_pct_delta": 109.27,
        "old_direction": "project_longer_than_onemap",
        "old_onemap_walk_m": 356.0,
        "old_project_shortest_m": 745.0,
        "old_validation_best_node": "Bef Pasir Ris Dr 3",
        "postal": "519285",
        "queue": "missing_bus_connector",
        "source_artifact": "qa\\onemap_outlier_replay_bus_longer_profile_active_20260802.json",
        "source_flags": {
          "best_bridge_underpass_m": 0.0,
          "best_bus_stop_access_connector_m": 0.0,
          "best_direct_bus_fallback_m": 62.5,
          "best_inferred_hdb_m": 0.0,
          "best_official_lta_shelter_m": 0.0,
          "best_osm_shelter_m": 0.0,
          "best_top_source_layer_m": {
            "direct_bus_fallback": 62.5
          },
          "bus_bus_stop_access_connector_m": 0.0,
          "bus_direct_bus_fallback_m": 62.5,
          "bus_top_source_layer_m": {
            "direct_bus_fallback": 62.5
          }
        },
        "validation_area": "PASIR_RIS",
        "validation_best_node_type": "bus_stop",
        "validation_direct_distance_m": 274.3,
        "validation_distance_sanity": "plausible",
        "validation_onemap_vs_direct_delta_m": 81.7
      },
      "type": "Feature"
    },
    {
      "geometry": {
        "coordinates": [
          [
            103.768146,
            1.360504
          ],
          [
            103.76705,
            1.359101
          ]
        ],
        "type": "LineString"
      },
      "properties": {
        "current_route_vs_validation_direct_sanity": "plausible",
        "direct_bus_fallback_reason": "implausible_graph_route_to_datamall_bus_stop_within_direct_radius",
        "endpoint_source": "postal_universe_to_transit_poi",
        "new_best_name": "Opp The Rail Mall",
        "new_best_routing_type": "direct_bus_fallback_unrouted",
        "new_best_shortest_m": 197.2,
        "new_best_type": "bus_stop",
        "new_bus_routing_type": "direct_bus_fallback_unrouted",
        "new_bus_shortest_m": 197.2,
        "new_bus_state": "SCORED_PARTIAL",
        "new_state": "SCORED_PARTIAL",
        "new_total": 55.0,
        "old_abs_pct_delta": 108.173,
        "old_direction": "project_longer_than_onemap",
        "old_onemap_walk_m": 323.0,
        "old_project_shortest_m": 672.4,
        "old_validation_best_node": "Opp The Rail Mall",
        "postal": "678799",
        "queue": "missing_bus_connector",
        "source_artifact": "qa\\onemap_outlier_replay_bus_longer_profile_active_20260802.json",
        "source_flags": {
          "best_bridge_underpass_m": 0.0,
          "best_bus_stop_access_connector_m": 0.0,
          "best_direct_bus_fallback_m": 197.2,
          "best_inferred_hdb_m": 0.0,
          "best_official_lta_shelter_m": 0.0,
          "best_osm_shelter_m": 0.0,
          "best_top_source_layer_m": {
            "direct_bus_fallback": 197.2
          },
          "bus_bus_stop_access_connector_m": 0.0,
          "bus_direct_bus_fallback_m": 197.2,
          "bus_top_source_layer_m": {
            "direct_bus_fallback": 197.2
          }
        },
        "validation_area": "BUKIT_PANJANG",
        "validation_best_node_type": "bus_stop",
        "validation_direct_distance_m": 197.9,
        "validation_distance_sanity": "plausible",
        "validation_onemap_vs_direct_delta_m": 125.1
      },
      "type": "Feature"
    },
    {
      "geometry": {
        "coordinates": [
          [
            103.903923,
            1.395069
          ],
          [
            103.9054,
            1.395274
          ]
        ],
        "type": "LineString"
      },
      "properties": {
        "current_route_vs_validation_direct_sanity": "plausible",
        "direct_bus_fallback_reason": "implausible_graph_route_to_datamall_bus_stop_within_direct_radius",
        "endpoint_source": "postal_universe_to_transit_poi",
        "new_best_name": "Blk 190C",
        "new_best_routing_type": "direct_bus_fallback_unrouted",
        "new_best_shortest_m": 173.0,
        "new_best_type": "bus_stop",
        "new_bus_routing_type": "direct_bus_fallback_unrouted",
        "new_bus_shortest_m": 173.0,
        "new_bus_state": "SCORED_PARTIAL",
        "new_state": "SCORED_PARTIAL",
        "new_total": 55.0,
        "old_abs_pct_delta": 103.32,
        "old_direction": "project_longer_than_onemap",
        "old_onemap_walk_m": 244.0,
        "old_project_shortest_m": 496.1,
        "old_validation_best_node": "Bef Punggol Rd",
        "postal": "544188",
        "queue": "missing_bus_connector",
        "source_artifact": "qa\\onemap_outlier_replay_bus_longer_profile_active_20260802.json",
        "source_flags": {
          "best_bridge_underpass_m": 0.0,
          "best_bus_stop_access_connector_m": 0.0,
          "best_direct_bus_fallback_m": 173.0,
          "best_inferred_hdb_m": 0.0,
          "best_official_lta_shelter_m": 0.0,
          "best_osm_shelter_m": 0.0,
          "best_top_source_layer_m": {
            "direct_bus_fallback": 173.0
          },
          "bus_bus_stop_access_connector_m": 0.0,
          "bus_direct_bus_fallback_m": 173.0,
          "bus_top_source_layer_m": {
            "direct_bus_fallback": 173.0
          }
        },
        "validation_area": "SENGKANG",
        "validation_best_node_type": "bus_stop",
        "validation_direct_distance_m": 165.8,
        "validation_distance_sanity": "plausible",
        "validation_onemap_vs_direct_delta_m": 78.2
      },
      "type": "Feature"
    },
    {
      "geometry": {
        "coordinates": [
          [
            103.768341,
            1.359413
          ],
          [
            103.76705,
            1.359101
          ]
        ],
        "type": "LineString"
      },
      "properties": {
        "current_route_vs_validation_direct_sanity": "plausible",
        "direct_bus_fallback_reason": "implausible_graph_route_to_datamall_bus_stop_within_direct_radius",
        "endpoint_source": "postal_universe_to_transit_poi",
        "new_best_name": "Opp The Rail Mall",
        "new_best_routing_type": "direct_bus_fallback_unrouted",
        "new_best_shortest_m": 147.7,
        "new_best_type": "bus_stop",
        "new_bus_routing_type": "direct_bus_fallback_unrouted",
        "new_bus_shortest_m": 147.7,
        "new_bus_state": "SCORED_PARTIAL",
        "new_state": "SCORED_PARTIAL",
        "new_total": 55.0,
        "old_abs_pct_delta": 101.93,
        "old_direction": "project_longer_than_onemap",
        "old_onemap_walk_m": 285.0,
        "old_project_shortest_m": 575.5,
        "old_validation_best_node": "Opp The Rail Mall",
        "postal": "678417",
        "queue": "missing_bus_connector",
        "source_artifact": "qa\\onemap_outlier_replay_bus_longer_profile_active_20260802.json",
        "source_flags": {
          "best_bridge_underpass_m": 0.0,
          "best_bus_stop_access_connector_m": 0.0,
          "best_direct_bus_fallback_m": 147.7,
          "best_inferred_hdb_m": 0.0,
          "best_official_lta_shelter_m": 0.0,
          "best_osm_shelter_m": 0.0,
          "best_top_source_layer_m": {
            "direct_bus_fallback": 147.7
          },
          "bus_bus_stop_access_connector_m": 0.0,
          "bus_direct_bus_fallback_m": 147.7,
          "bus_top_source_layer_m": {
            "direct_bus_fallback": 147.7
          }
        },
        "validation_area": "BUKIT_PANJANG",
        "validation_best_node_type": "bus_stop",
        "validation_direct_distance_m": 147.6,
        "validation_distance_sanity": "plausible",
        "validation_onemap_vs_direct_delta_m": 137.4
      },
      "type": "Feature"
    },
    {
      "geometry": {
        "coordinates": [
          [
            103.954343,
            1.340154
          ],
          [
            103.953466,
            1.342262
          ]
        ],
        "type": "LineString"
      },
      "properties": {
        "current_route_vs_validation_direct_sanity": "current_route_slightly_shorter_than_validation_direct",
        "direct_bus_fallback_reason": "implausible_graph_route_to_datamall_bus_stop_within_direct_radius",
        "endpoint_source": "postal_universe_to_transit_poi",
        "new_best_name": "Opp Simei Stn",
        "new_best_routing_type": "direct_bus_fallback_unrouted",
        "new_best_shortest_m": 234.9,
        "new_best_type": "bus_stop",
        "new_bus_routing_type": "direct_bus_fallback_unrouted",
        "new_bus_shortest_m": 234.9,
        "new_bus_state": "SCORED_PARTIAL",
        "new_state": "SCORED_PARTIAL",
        "new_total": 55.0,
        "old_abs_pct_delta": 98.811,
        "old_direction": "project_longer_than_onemap",
        "old_onemap_walk_m": 429.0,
        "old_project_shortest_m": 852.9,
        "old_validation_best_node": "Simei Stn",
        "postal": "489368",
        "queue": "missing_bus_connector",
        "source_artifact": "qa\\onemap_outlier_replay_bus_longer_profile_active_20260802.json",
        "source_flags": {
          "best_bridge_underpass_m": 0.0,
          "best_bus_stop_access_connector_m": 0.0,
          "best_direct_bus_fallback_m": 234.9,
          "best_inferred_hdb_m": 0.0,
          "best_official_lta_shelter_m": 0.0,
          "best_osm_shelter_m": 0.0,
          "best_top_source_layer_m": {
            "direct_bus_fallback": 234.9
          },
          "bus_bus_stop_access_connector_m": 0.0,
          "bus_direct_bus_fallback_m": 234.9,
          "bus_top_source_layer_m": {
            "direct_bus_fallback": 234.9
          }
        },
        "validation_area": "TAMPINES",
        "validation_best_node_type": "bus_stop",
        "validation_direct_distance_m": 253.9,
        "validation_distance_sanity": "plausible",
        "validation_onemap_vs_direct_delta_m": 175.1
      },
      "type": "Feature"
    },
    {
      "geometry": {
        "coordinates": [
          [
            103.715436,
            1.330584
          ],
          [
            103.716354,
            1.331311
          ]
        ],
        "type": "LineString"
      },
      "properties": {
        "current_route_vs_validation_direct_sanity": "plausible",
        "direct_bus_fallback_reason": "implausible_graph_route_to_datamall_bus_stop_within_direct_radius",
        "endpoint_source": "postal_universe_to_transit_poi",
        "new_best_name": "Opp Kaily Packaging",
        "new_best_routing_type": "direct_bus_fallback_unrouted",
        "new_best_shortest_m": 130.0,
        "new_best_type": "bus_stop",
        "new_bus_routing_type": "direct_bus_fallback_unrouted",
        "new_bus_shortest_m": 130.0,
        "new_bus_state": "SCORED_PARTIAL",
        "new_state": "SCORED_PARTIAL",
        "new_total": 51.2,
        "old_abs_pct_delta": 93.348,
        "old_direction": "project_longer_than_onemap",
        "old_onemap_walk_m": 221.0,
        "old_project_shortest_m": 427.3,
        "old_validation_best_node": "Opp Kaily Packaging",
        "postal": "618769",
        "queue": "missing_bus_connector",
        "source_artifact": "qa\\onemap_outlier_replay_bus_longer_profile_active_20260802.json",
        "source_flags": {
          "best_bridge_underpass_m": 0.0,
          "best_bus_stop_access_connector_m": 0.0,
          "best_direct_bus_fallback_m": 130.0,
          "best_inferred_hdb_m": 0.0,
          "best_official_lta_shelter_m": 0.0,
          "best_osm_shelter_m": 0.0,
          "best_top_source_layer_m": {
            "direct_bus_fallback": 130.0
          },
          "bus_bus_stop_access_connector_m": 0.0,
          "bus_direct_bus_fallback_m": 130.0,
          "bus_top_source_layer_m": {
            "direct_bus_fallback": 130.0
          }
        },
        "validation_area": "JURONG_WEST",
        "validation_best_node_type": "bus_stop",
        "validation_direct_distance_m": 130.2,
        "validation_distance_sanity": "plausible",
        "validation_onemap_vs_direct_delta_m": 90.8
      },
      "type": "Feature"
    },
    {
      "geometry": {
        "coordinates": [
          [
            103.836132,
            1.386538
          ],
          [
            103.837116,
            1.387082
          ]
        ],
        "type": "LineString"
      },
      "properties": {
        "current_route_vs_validation_direct_sanity": "plausible",
        "direct_bus_fallback_reason": "implausible_graph_route_to_datamall_bus_stop_within_direct_radius",
        "endpoint_source": "postal_universe_to_transit_poi",
        "new_best_name": "Lentor Stn Exit 3",
        "new_best_routing_type": "direct_bus_fallback_unrouted",
        "new_best_shortest_m": 183.4,
        "new_best_type": "bus_stop",
        "new_bus_routing_type": "direct_bus_fallback_unrouted",
        "new_bus_shortest_m": 183.4,
        "new_bus_state": "SCORED_PARTIAL",
        "new_state": "SCORED_PARTIAL",
        "new_total": 50.4,
        "old_abs_pct_delta": 93.082,
        "old_direction": "project_longer_than_onemap",
        "old_onemap_walk_m": 159.0,
        "old_project_shortest_m": 307.0,
        "old_validation_best_node": "Aft Florissa Pk",
        "postal": "789592",
        "queue": "missing_bus_connector",
        "source_artifact": "qa\\onemap_outlier_replay_bus_longer_profile_active_20260802.json",
        "source_flags": {
          "best_bridge_underpass_m": 0.0,
          "best_bus_stop_access_connector_m": 0.0,
          "best_direct_bus_fallback_m": 183.4,
          "best_inferred_hdb_m": 0.0,
          "best_official_lta_shelter_m": 0.0,
          "best_osm_shelter_m": 0.0,
          "best_top_source_layer_m": {
            "direct_bus_fallback": 183.4
          },
          "bus_bus_stop_access_connector_m": 0.0,
          "bus_direct_bus_fallback_m": 183.4,
          "bus_top_source_layer_m": {
            "direct_bus_fallback": 183.4
          }
        },
        "validation_area": "ANG_MO_KIO",
        "validation_best_node_type": "bus_stop",
        "validation_direct_distance_m": 125.0,
        "validation_distance_sanity": "plausible",
        "validation_onemap_vs_direct_delta_m": 34.0
      },
      "type": "Feature"
    },
    {
      "geometry": {
        "coordinates": [
          [
            103.915673,
            1.321905
          ],
          [
            103.914852,
            1.321201
          ]
        ],
        "type": "LineString"
      },
      "properties": {
        "current_route_vs_validation_direct_sanity": "plausible",
        "direct_bus_fallback_reason": "implausible_graph_route_to_datamall_bus_stop_within_direct_radius",
        "endpoint_source": "postal_universe_to_transit_poi",
        "new_best_name": "The Buddhist Union",
        "new_best_routing_type": "direct_bus_fallback_unrouted",
        "new_best_shortest_m": 119.9,
        "new_best_type": "bus_stop",
        "new_bus_routing_type": "direct_bus_fallback_unrouted",
        "new_bus_shortest_m": 119.9,
        "new_bus_state": "SCORED_PARTIAL",
        "new_state": "SCORED_PARTIAL",
        "new_total": 46.5,
        "old_abs_pct_delta": 92.969,
        "old_direction": "project_longer_than_onemap",
        "old_onemap_walk_m": 192.0,
        "old_project_shortest_m": 370.5,
        "old_validation_best_node": "The Buddhist Union",
        "postal": "418531",
        "queue": "missing_bus_connector",
        "source_artifact": "qa\\onemap_outlier_replay_bus_longer_profile_active_20260802.json",
        "source_flags": {
          "best_bridge_underpass_m": 0.0,
          "best_bus_stop_access_connector_m": 0.0,
          "best_direct_bus_fallback_m": 119.9,
          "best_inferred_hdb_m": 0.0,
          "best_official_lta_shelter_m": 0.0,
          "best_osm_shelter_m": 0.0,
          "best_top_source_layer_m": {
            "direct_bus_fallback": 119.9
          },
          "bus_bus_stop_access_connector_m": 0.0,
          "bus_direct_bus_fallback_m": 119.9,
          "bus_top_source_layer_m": {
            "direct_bus_fallback": 119.9
          }
        },
        "validation_area": "BEDOK",
        "validation_best_node_type": "bus_stop",
        "validation_direct_distance_m": 120.2,
        "validation_distance_sanity": "plausible",
        "validation_onemap_vs_direct_delta_m": 71.8
      },
      "type": "Feature"
    },
    {
      "geometry": {
        "coordinates": [
          [
            103.719144,
            1.34023
          ],
          [
            103.71932,
            1.338364
          ]
        ],
        "type": "LineString"
      },
      "properties": {
        "current_route_vs_validation_direct_sanity": "plausible",
        "direct_bus_fallback_reason": "implausible_graph_route_to_datamall_bus_stop_within_direct_radius",
        "endpoint_source": "postal_universe_to_transit_poi",
        "new_best_name": "Blk 367",
        "new_best_routing_type": "direct_bus_fallback_unrouted",
        "new_best_shortest_m": 207.2,
        "new_best_type": "bus_stop",
        "new_bus_routing_type": "direct_bus_fallback_unrouted",
        "new_bus_shortest_m": 207.2,
        "new_bus_state": "SCORED_PARTIAL",
        "new_state": "SCORED_PARTIAL",
        "new_total": 55.0,
        "old_abs_pct_delta": 92.358,
        "old_direction": "project_longer_than_onemap",
        "old_onemap_walk_m": 352.0,
        "old_project_shortest_m": 677.1,
        "old_validation_best_node": "Blk 367",
        "postal": "618471",
        "queue": "missing_bus_connector",
        "source_artifact": "qa\\onemap_outlier_replay_bus_longer_profile_active_20260802.json",
        "source_flags": {
          "best_bridge_underpass_m": 0.0,
          "best_bus_stop_access_connector_m": 0.0,
          "best_direct_bus_fallback_m": 207.2,
          "best_inferred_hdb_m": 0.0,
          "best_official_lta_shelter_m": 0.0,
          "best_osm_shelter_m": 0.0,
          "best_top_source_layer_m": {
            "direct_bus_fallback": 207.2
          },
          "bus_bus_stop_access_connector_m": 0.0,
          "bus_direct_bus_fallback_m": 207.2,
          "bus_top_source_layer_m": {
            "direct_bus_fallback": 207.2
          }
        },
        "validation_area": "JURONG_WEST",
        "validation_best_node_type": "bus_stop",
        "validation_direct_distance_m": 208.4,
        "validation_distance_sanity": "plausible",
        "validation_onemap_vs_direct_delta_m": 143.6
      },
      "type": "Feature"
    },
    {
      "geometry": {
        "coordinates": [
          [
            103.768141,
            1.360842
          ],
          [
            103.76705,
            1.359101
          ]
        ],
        "type": "LineString"
      },
      "properties": {
        "current_route_vs_validation_direct_sanity": "plausible",
        "direct_bus_fallback_reason": "implausible_graph_route_to_datamall_bus_stop_within_direct_radius",
        "endpoint_source": "postal_universe_to_transit_poi",
        "new_best_name": "Opp The Rail Mall",
        "new_best_routing_type": "direct_bus_fallback_unrouted",
        "new_best_shortest_m": 227.5,
        "new_best_type": "bus_stop",
        "new_bus_routing_type": "direct_bus_fallback_unrouted",
        "new_bus_shortest_m": 227.5,
        "new_bus_state": "SCORED_PARTIAL",
        "new_state": "SCORED_PARTIAL",
        "new_total": 55.0,
        "old_abs_pct_delta": 92.066,
        "old_direction": "project_longer_than_onemap",
        "old_onemap_walk_m": 363.0,
        "old_project_shortest_m": 697.2,
        "old_validation_best_node": "Opp The Rail Mall",
        "postal": "678805",
        "queue": "missing_bus_connector",
        "source_artifact": "qa\\onemap_outlier_replay_bus_longer_profile_active_20260802.json",
        "source_flags": {
          "best_bridge_underpass_m": 0.0,
          "best_bus_stop_access_connector_m": 0.0,
          "best_direct_bus_fallback_m": 227.5,
          "best_inferred_hdb_m": 0.0,
          "best_official_lta_shelter_m": 0.0,
          "best_osm_shelter_m": 0.0,
          "best_top_source_layer_m": {
            "direct_bus_fallback": 227.5
          },
          "bus_bus_stop_access_connector_m": 0.0,
          "bus_direct_bus_fallback_m": 227.5,
          "bus_top_source_layer_m": {
            "direct_bus_fallback": 227.5
          }
        },
        "validation_area": "BUKIT_PANJANG",
        "validation_best_node_type": "bus_stop",
        "validation_direct_distance_m": 228.4,
        "validation_distance_sanity": "plausible",
        "validation_onemap_vs_direct_delta_m": 134.6
      },
      "type": "Feature"
    },
    {
      "geometry": {
        "coordinates": [
          [
            103.700325,
            1.352373
          ],
          [
            103.701079,
            1.350532
          ]
        ],
        "type": "LineString"
      },
      "properties": {
        "current_route_vs_validation_direct_sanity": "current_route_materially_shorter_than_validation_direct",
        "direct_bus_fallback_reason": "implausible_graph_route_to_datamall_bus_stop_within_direct_radius",
        "endpoint_source": "postal_universe_to_transit_poi",
        "new_best_name": "Opp Westwood Sec Sch",
        "new_best_routing_type": "direct_bus_fallback_unrouted",
        "new_best_shortest_m": 91.4,
        "new_best_type": "bus_stop",
        "new_bus_routing_type": "direct_bus_fallback_unrouted",
        "new_bus_shortest_m": 91.4,
        "new_bus_state": "SCORED_PARTIAL",
        "new_state": "SCORED_PARTIAL",
        "new_total": 55.0,
        "old_abs_pct_delta": 87.959,
        "old_direction": "project_longer_than_onemap",
        "old_onemap_walk_m": 338.0,
        "old_project_shortest_m": 635.3,
        "old_validation_best_node": "Aft Westwood Ave",
        "postal": "648814",
        "queue": "missing_bus_connector",
        "source_artifact": "qa\\onemap_outlier_replay_bus_longer_profile_active_20260802.json",
        "source_flags": {
          "best_bridge_underpass_m": 0.0,
          "best_bus_stop_access_connector_m": 0.0,
          "best_direct_bus_fallback_m": 91.4,
          "best_inferred_hdb_m": 0.0,
          "best_official_lta_shelter_m": 0.0,
          "best_osm_shelter_m": 0.0,
          "best_top_source_layer_m": {
            "direct_bus_fallback": 91.4
          },
          "bus_bus_stop_access_connector_m": 0.0,
          "bus_direct_bus_fallback_m": 91.4,
          "bus_top_source_layer_m": {
            "direct_bus_fallback": 91.4
          }
        },
        "validation_area": "JURONG_WEST",
        "validation_best_node_type": "bus_stop",
        "validation_direct_distance_m": 221.2,
        "validation_distance_sanity": "plausible",
        "validation_onemap_vs_direct_delta_m": 116.8
      },
      "type": "Feature"
    },
    {
      "geometry": {
        "coordinates": [
          [
            103.887204,
            1.346263
          ],
          [
            103.887806,
            1.346168
          ]
        ],
        "type": "LineString"
      },
      "properties": {
        "current_route_vs_validation_direct_sanity": "plausible",
        "direct_bus_fallback_reason": "implausible_graph_route_to_datamall_bus_stop_within_direct_radius",
        "endpoint_source": "postal_universe_to_transit_poi",
        "new_best_name": "Blk 181",
        "new_best_routing_type": "direct_bus_fallback_unrouted",
        "new_best_shortest_m": 67.8,
        "new_best_type": "bus_stop",
        "new_bus_routing_type": "direct_bus_fallback_unrouted",
        "new_bus_shortest_m": 67.8,
        "new_bus_state": "SCORED_PARTIAL",
        "new_state": "SCORED_PARTIAL",
        "new_total": 48.8,
        "old_abs_pct_delta": 6783.333,
        "old_direction": "project_longer_than_onemap",
        "old_onemap_walk_m": 6.0,
        "old_project_shortest_m": 413.0,
        "old_validation_best_node": "Blk 181",
        "postal": "532183",
        "queue": "direct_bus_fallback_review",
        "source_artifact": "qa\\onemap_outlier_replay_bus_longer_profile_active_20260802.json",
        "source_flags": {
          "best_bridge_underpass_m": 0.0,
          "best_bus_stop_access_connector_m": 0.0,
          "best_direct_bus_fallback_m": 67.8,
          "best_inferred_hdb_m": 0.0,
          "best_official_lta_shelter_m": 0.0,
          "best_osm_shelter_m": 0.0,
          "best_top_source_layer_m": {
            "direct_bus_fallback": 67.8
          },
          "bus_bus_stop_access_connector_m": 0.0,
          "bus_direct_bus_fallback_m": 67.8,
          "bus_top_source_layer_m": {
            "direct_bus_fallback": 67.8
          }
        },
        "validation_area": "HOUGANG",
        "validation_best_node_type": "bus_stop",
        "validation_direct_distance_m": 67.7,
        "validation_distance_sanity": "onemap_materially_shorter_than_direct",
        "validation_onemap_vs_direct_delta_m": -61.7
      },
      "type": "Feature"
    },
    {
      "geometry": {
        "coordinates": [
          [
            103.736326,
            1.361246
          ],
          [
            103.735908,
            1.361662
          ]
        ],
        "type": "LineString"
      },
      "properties": {
        "current_route_vs_validation_direct_sanity": "plausible",
        "direct_bus_fallback_reason": "implausible_graph_route_to_datamall_bus_stop_within_direct_radius",
        "endpoint_source": "postal_universe_to_transit_poi",
        "new_best_name": "Blk 306B",
        "new_best_routing_type": "sheltered",
        "new_best_shortest_m": 91.5,
        "new_best_type": "bus_stop",
        "new_bus_routing_type": "sheltered",
        "new_bus_shortest_m": 91.5,
        "new_bus_state": "SCORED",
        "new_state": "SCORED",
        "new_total": 100.0,
        "old_abs_pct_delta": 4475.0,
        "old_direction": "project_longer_than_onemap",
        "old_onemap_walk_m": 2.0,
        "old_project_shortest_m": 91.5,
        "old_validation_best_node": "Blk 306B",
        "postal": "692306",
        "queue": "direct_bus_fallback_review",
        "source_artifact": "qa\\onemap_outlier_replay_bus_longer_profile_active_20260802.json",
        "source_flags": {
          "best_bridge_underpass_m": 0.0,
          "best_bus_stop_access_connector_m": 0.0,
          "best_direct_bus_fallback_m": 0.0,
          "best_inferred_hdb_m": 59.2,
          "best_official_lta_shelter_m": 0.0,
          "best_osm_shelter_m": 32.3,
          "best_top_source_layer_m": {
            "inferred_hdb_precinct": 21.3,
            "inferred_hdb_void_deck": 37.9,
            "osm_native_covered": 32.3
          },
          "bus_bus_stop_access_connector_m": 0.0,
          "bus_direct_bus_fallback_m": 0.0,
          "bus_top_source_layer_m": {
            "inferred_hdb_precinct": 21.3,
            "inferred_hdb_void_deck": 37.9,
            "osm_native_covered": 32.3
          }
        },
        "validation_area": "TENGAH",
        "validation_best_node_type": "bus_stop",
        "validation_direct_distance_m": 65.6,
        "validation_distance_sanity": "onemap_materially_shorter_than_direct",
        "validation_onemap_vs_direct_delta_m": -63.6
      },
      "type": "Feature"
    },
    {
      "geometry": {
        "coordinates": [
          [
            103.66905,
            1.31954
          ],
          [
            103.669004,
            1.319792
          ]
        ],
        "type": "LineString"
      },
      "properties": {
        "current_route_vs_validation_direct_sanity": "plausible",
        "direct_bus_fallback_reason": "implausible_graph_route_to_datamall_bus_stop_within_direct_radius",
        "endpoint_source": "postal_universe_to_transit_poi",
        "new_best_name": "Bef Gul St 1",
        "new_best_routing_type": "direct_bus_fallback_unrouted",
        "new_best_shortest_m": 28.3,
        "new_best_type": "bus_stop",
        "new_bus_routing_type": "direct_bus_fallback_unrouted",
        "new_bus_shortest_m": 28.3,
        "new_bus_state": "SCORED_PARTIAL",
        "new_state": "SCORED_PARTIAL",
        "new_total": 53.1,
        "old_abs_pct_delta": 1401.111,
        "old_direction": "project_longer_than_onemap",
        "old_onemap_walk_m": 9.0,
        "old_project_shortest_m": 135.1,
        "old_validation_best_node": "Bef Gul St 1",
        "postal": "629314",
        "queue": "direct_bus_fallback_review",
        "source_artifact": "qa\\onemap_outlier_replay_bus_longer_profile_active_20260802.json",
        "source_flags": {
          "best_bridge_underpass_m": 0.0,
          "best_bus_stop_access_connector_m": 0.0,
          "best_direct_bus_fallback_m": 28.3,
          "best_inferred_hdb_m": 0.0,
          "best_official_lta_shelter_m": 0.0,
          "best_osm_shelter_m": 0.0,
          "best_top_source_layer_m": {
            "direct_bus_fallback": 28.3
          },
          "bus_bus_stop_access_connector_m": 0.0,
          "bus_direct_bus_fallback_m": 28.3,
          "bus_top_source_layer_m": {
            "direct_bus_fallback": 28.3
          }
        },
        "validation_area": "PIONEER",
        "validation_best_node_type": "bus_stop",
        "validation_direct_distance_m": 28.5,
        "validation_distance_sanity": "onemap_materially_shorter_than_direct",
        "validation_onemap_vs_direct_delta_m": -19.5
      },
      "type": "Feature"
    },
    {
      "geometry": {
        "coordinates": [
          [
            103.885535,
            1.346753
          ],
          [
            103.887888,
            1.346389
          ]
        ],
        "type": "LineString"
      },
      "properties": {
        "current_route_vs_validation_direct_sanity": "plausible",
        "direct_bus_fallback_reason": "implausible_graph_route_to_datamall_bus_stop_within_direct_radius",
        "endpoint_source": "postal_universe_to_transit_poi",
        "new_best_name": "Blk 181",
        "new_best_routing_type": "direct_bus_fallback_unrouted",
        "new_best_shortest_m": 260.9,
        "new_best_type": "bus_stop",
        "new_bus_routing_type": "direct_bus_fallback_unrouted",
        "new_bus_shortest_m": 260.9,
        "new_bus_state": "SCORED_PARTIAL",
        "new_state": "SCORED_PARTIAL",
        "new_total": 48.8,
        "old_abs_pct_delta": 1347.424,
        "old_direction": "project_longer_than_onemap",
        "old_onemap_walk_m": 66.0,
        "old_project_shortest_m": 955.3,
        "old_validation_best_node": "Blk 178A",
        "postal": "535424",
        "queue": "direct_bus_fallback_review",
        "source_artifact": "qa\\onemap_outlier_replay_bus_longer_profile_active_20260802.json",
        "source_flags": {
          "best_bridge_underpass_m": 0.0,
          "best_bus_stop_access_connector_m": 0.0,
          "best_direct_bus_fallback_m": 260.9,
          "best_inferred_hdb_m": 0.0,
          "best_official_lta_shelter_m": 0.0,
          "best_osm_shelter_m": 0.0,
          "best_top_source_layer_m": {
            "direct_bus_fallback": 260.9
          },
          "bus_bus_stop_access_connector_m": 0.0,
          "bus_direct_bus_fallback_m": 260.9,
          "bus_top_source_layer_m": {
            "direct_bus_fallback": 260.9
          }
        },
        "validation_area": "HOUGANG",
        "validation_best_node_type": "bus_stop",
        "validation_direct_distance_m": 264.7,
        "validation_distance_sanity": "onemap_materially_shorter_than_direct",
        "validation_onemap_vs_direct_delta_m": -198.7
      },
      "type": "Feature"
    },
    {
      "geometry": {
        "coordinates": [
          [
            103.883497,
            1.383046
          ],
          [
            103.882529,
            1.383197
          ]
        ],
        "type": "LineString"
      },
      "properties": {
        "current_route_vs_validation_direct_sanity": "plausible",
        "direct_bus_fallback_reason": "implausible_graph_route_to_datamall_bus_stop_within_direct_radius",
        "endpoint_source": "postal_universe_to_transit_poi",
        "new_best_name": "Opp Blk 991B",
        "new_best_routing_type": "sheltered_with_bus_stop_access_connector",
        "new_best_shortest_m": 109.2,
        "new_best_type": "bus_stop",
        "new_bus_routing_type": "sheltered_with_bus_stop_access_connector",
        "new_bus_shortest_m": 109.2,
        "new_bus_state": "SCORED",
        "new_state": "SCORED",
        "new_total": 59.1,
        "old_abs_pct_delta": 1289.844,
        "old_direction": "project_longer_than_onemap",
        "old_onemap_walk_m": 64.0,
        "old_project_shortest_m": 889.5,
        "old_validation_best_node": "Opp Blk 991B",
        "postal": "534194",
        "queue": "direct_bus_fallback_review",
        "source_artifact": "qa\\onemap_outlier_replay_bus_longer_profile_active_20260802.json",
        "source_flags": {
          "best_bridge_underpass_m": 0.0,
          "best_bus_stop_access_connector_m": 0.0,
          "best_direct_bus_fallback_m": 0.0,
          "best_inferred_hdb_m": 0.0,
          "best_official_lta_shelter_m": 0.0,
          "best_osm_shelter_m": 0.0,
          "best_top_source_layer_m": {
            "bus_stop_access_connector": 44.6,
            "unknown": 64.6
          },
          "bus_bus_stop_access_connector_m": 0.0,
          "bus_direct_bus_fallback_m": 0.0,
          "bus_top_source_layer_m": {
            "bus_stop_access_connector": 44.6,
            "unknown": 64.6
          }
        },
        "validation_area": "HOUGANG",
        "validation_best_node_type": "bus_stop",
        "validation_direct_distance_m": 108.9,
        "validation_distance_sanity": "onemap_materially_shorter_than_direct",
        "validation_onemap_vs_direct_delta_m": -44.9
      },
      "type": "Feature"
    },
    {
      "geometry": {
        "coordinates": [
          [
            103.890393,
            1.376554
          ],
          [
            103.890549,
            1.376345
          ]
        ],
        "type": "LineString"
      },
      "properties": {
        "current_route_vs_validation_direct_sanity": "plausible",
        "direct_bus_fallback_reason": "implausible_graph_route_to_datamall_bus_stop_within_direct_radius",
        "endpoint_source": "postal_universe_to_transit_poi",
        "new_best_name": "Blk 535",
        "new_best_routing_type": "direct_bus_fallback_unrouted",
        "new_best_shortest_m": 28.9,
        "new_best_type": "bus_stop",
        "new_bus_routing_type": "direct_bus_fallback_unrouted",
        "new_bus_shortest_m": 28.9,
        "new_bus_state": "SCORED_PARTIAL",
        "new_state": "SCORED_PARTIAL",
        "new_total": 55.0,
        "old_abs_pct_delta": 709.07,
        "old_direction": "project_longer_than_onemap",
        "old_onemap_walk_m": 43.0,
        "old_project_shortest_m": 347.9,
        "old_validation_best_node": "Blk 535",
        "postal": "530535",
        "queue": "direct_bus_fallback_review",
        "source_artifact": "qa\\onemap_outlier_replay_bus_longer_profile_active_20260802.json",
        "source_flags": {
          "best_bridge_underpass_m": 0.0,
          "best_bus_stop_access_connector_m": 0.0,
          "best_direct_bus_fallback_m": 28.9,
          "best_inferred_hdb_m": 0.0,
          "best_official_lta_shelter_m": 0.0,
          "best_osm_shelter_m": 0.0,
          "best_top_source_layer_m": {
            "direct_bus_fallback": 28.9
          },
          "bus_bus_stop_access_connector_m": 0.0,
          "bus_direct_bus_fallback_m": 28.9,
          "bus_top_source_layer_m": {
            "direct_bus_fallback": 28.9
          }
        },
        "validation_area": "HOUGANG",
        "validation_best_node_type": "bus_stop",
        "validation_direct_distance_m": 29.0,
        "validation_distance_sanity": "plausible",
        "validation_onemap_vs_direct_delta_m": 14.0
      },
      "type": "Feature"
    },
    {
      "geometry": {
        "coordinates": [
          [
            103.829376,
            1.431591
          ],
          [
            103.829557,
            1.431407
          ]
        ],
        "type": "LineString"
      },
      "properties": {
        "current_route_vs_validation_direct_sanity": "plausible",
        "direct_bus_fallback_reason": "implausible_graph_route_to_datamall_bus_stop_within_direct_radius",
        "endpoint_source": "postal_universe_to_transit_poi",
        "new_best_name": "Aft Chong Pang CC",
        "new_best_routing_type": "sheltered_with_bus_stop_access_connector",
        "new_best_shortest_m": 49.1,
        "new_best_type": "bus_stop",
        "new_bus_routing_type": "sheltered_with_bus_stop_access_connector",
        "new_bus_shortest_m": 49.1,
        "new_bus_state": "SCORED",
        "new_state": "SCORED",
        "new_total": 60.0,
        "old_abs_pct_delta": 667.619,
        "old_direction": "project_longer_than_onemap",
        "old_onemap_walk_m": 42.0,
        "old_project_shortest_m": 322.4,
        "old_validation_best_node": "Aft Chong Pang CC",
        "postal": "760103",
        "queue": "direct_bus_fallback_review",
        "source_artifact": "qa\\onemap_outlier_replay_bus_longer_profile_active_20260802.json",
        "source_flags": {
          "best_bridge_underpass_m": 0.0,
          "best_bus_stop_access_connector_m": 0.0,
          "best_direct_bus_fallback_m": 0.0,
          "best_inferred_hdb_m": 0.0,
          "best_official_lta_shelter_m": 0.0,
          "best_osm_shelter_m": 0.0,
          "best_top_source_layer_m": {
            "bus_stop_access_connector": 45.1,
            "unknown": 4.0
          },
          "bus_bus_stop_access_connector_m": 0.0,
          "bus_direct_bus_fallback_m": 0.0,
          "bus_top_source_layer_m": {
            "bus_stop_access_connector": 45.1,
            "unknown": 4.0
          }
        },
        "validation_area": "YISHUN",
        "validation_best_node_type": "bus_stop",
        "validation_direct_distance_m": 28.7,
        "validation_distance_sanity": "plausible",
        "validation_onemap_vs_direct_delta_m": 13.3
      },
      "type": "Feature"
    },
    {
      "geometry": {
        "coordinates": [
          [
            103.745865,
            1.333351
          ],
          [
            103.745807,
            1.332606
          ]
        ],
        "type": "LineString"
      },
      "properties": {
        "current_route_vs_validation_direct_sanity": "plausible",
        "direct_bus_fallback_reason": "implausible_graph_route_to_datamall_bus_stop_within_direct_radius",
        "endpoint_source": "postal_universe_to_transit_poi",
        "new_best_name": "Ng Teng Fong General Hosp",
        "new_best_routing_type": "direct_bus_fallback_unrouted",
        "new_best_shortest_m": 82.5,
        "new_best_type": "bus_stop",
        "new_bus_routing_type": "direct_bus_fallback_unrouted",
        "new_bus_shortest_m": 82.5,
        "new_bus_state": "SCORED_PARTIAL",
        "new_state": "SCORED_PARTIAL",
        "new_total": 55.0,
        "old_abs_pct_delta": 503.75,
        "old_direction": "project_longer_than_onemap",
        "old_onemap_walk_m": 72.0,
        "old_project_shortest_m": 434.7,
        "old_validation_best_node": "Ng Teng Fong General Hosp",
        "postal": "609606",
        "queue": "direct_bus_fallback_review",
        "source_artifact": "qa\\onemap_outlier_replay_bus_longer_profile_active_20260802.json",
        "source_flags": {
          "best_bridge_underpass_m": 0.0,
          "best_bus_stop_access_connector_m": 0.0,
          "best_direct_bus_fallback_m": 82.5,
          "best_inferred_hdb_m": 0.0,
          "best_official_lta_shelter_m": 0.0,
          "best_osm_shelter_m": 0.0,
          "best_top_source_layer_m": {
            "direct_bus_fallback": 82.5
          },
          "bus_bus_stop_access_connector_m": 0.0,
          "bus_direct_bus_fallback_m": 82.5,
          "bus_top_source_layer_m": {
            "direct_bus_fallback": 82.5
          }
        },
        "validation_area": "JURONG_EAST",
        "validation_best_node_type": "bus_stop",
        "validation_direct_distance_m": 83.1,
        "validation_distance_sanity": "onemap_slightly_shorter_than_direct",
        "validation_onemap_vs_direct_delta_m": -11.1
      },
      "type": "Feature"
    },
    {
      "geometry": {
        "coordinates": [
          [
            103.802999,
            1.457395
          ],
          [
            103.802148,
            1.45761
          ]
        ],
        "type": "LineString"
      },
      "properties": {
        "current_route_vs_validation_direct_sanity": "current_route_materially_shorter_than_validation_direct",
        "direct_bus_fallback_reason": "implausible_graph_route_to_datamall_bus_stop_within_direct_radius",
        "endpoint_source": "postal_universe_to_transit_poi",
        "new_best_name": "Opp British American Tobacco",
        "new_best_routing_type": "sheltered_with_bus_stop_access_connector",
        "new_best_shortest_m": 48.5,
        "new_best_type": "bus_stop",
        "new_bus_routing_type": "sheltered_with_bus_stop_access_connector",
        "new_bus_shortest_m": 48.5,
        "new_bus_state": "SCORED",
        "new_state": "SCORED",
        "new_total": 60.0,
        "old_abs_pct_delta": 466.771,
        "old_direction": "project_longer_than_onemap",
        "old_onemap_walk_m": 96.0,
        "old_project_shortest_m": 544.1,
        "old_validation_best_node": "Bef British American Tobacco",
        "postal": "758093",
        "queue": "direct_bus_fallback_review",
        "source_artifact": "qa\\onemap_outlier_replay_bus_longer_profile_active_20260802.json",
        "source_flags": {
          "best_bridge_underpass_m": 0.0,
          "best_bus_stop_access_connector_m": 0.0,
          "best_direct_bus_fallback_m": 0.0,
          "best_inferred_hdb_m": 0.0,
          "best_official_lta_shelter_m": 0.0,
          "best_osm_shelter_m": 0.0,
          "best_top_source_layer_m": {
            "bus_stop_access_connector": 16.0,
            "unknown": 32.4
          },
          "bus_bus_stop_access_connector_m": 0.0,
          "bus_direct_bus_fallback_m": 0.0,
          "bus_top_source_layer_m": {
            "bus_stop_access_connector": 16.0,
            "unknown": 32.4
          }
        },
        "validation_area": "SEMBAWANG",
        "validation_best_node_type": "bus_stop",
        "validation_direct_distance_m": 97.6,
        "validation_distance_sanity": "plausible",
        "validation_onemap_vs_direct_delta_m": -1.6
      },
      "type": "Feature"
    },
    {
      "geometry": {
        "coordinates": [
          [
            103.66664,
            1.325552
          ],
          [
            103.666996,
            1.324961
          ]
        ],
        "type": "LineString"
      },
      "properties": {
        "current_route_vs_validation_direct_sanity": "plausible",
        "direct_bus_fallback_reason": "implausible_graph_route_to_datamall_bus_stop_within_direct_radius",
        "endpoint_source": "postal_universe_to_transit_poi",
        "new_best_name": "Opp ESAB",
        "new_best_routing_type": "sheltered",
        "new_best_shortest_m": 184.5,
        "new_best_type": "bus_stop",
        "new_bus_routing_type": "sheltered",
        "new_bus_shortest_m": 184.5,
        "new_bus_state": "SCORED",
        "new_state": "SCORED",
        "new_total": 56.9,
        "old_abs_pct_delta": 442.647,
        "old_direction": "project_longer_than_onemap",
        "old_onemap_walk_m": 34.0,
        "old_project_shortest_m": 184.5,
        "old_validation_best_node": "Opp ESAB",
        "postal": "629065",
        "queue": "direct_bus_fallback_review",
        "source_artifact": "qa\\onemap_outlier_replay_bus_longer_profile_active_20260802.json",
        "source_flags": {
          "best_bridge_underpass_m": 0.0,
          "best_bus_stop_access_connector_m": 0.0,
          "best_direct_bus_fallback_m": 0.0,
          "best_inferred_hdb_m": 0.0,
          "best_official_lta_shelter_m": 0.0,
          "best_osm_shelter_m": 0.0,
          "best_top_source_layer_m": {
            "unknown": 184.5
          },
          "bus_bus_stop_access_connector_m": 0.0,
          "bus_direct_bus_fallback_m": 0.0,
          "bus_top_source_layer_m": {
            "unknown": 184.5
          }
        },
        "validation_area": "PIONEER",
        "validation_best_node_type": "bus_stop",
        "validation_direct_distance_m": 76.7,
        "validation_distance_sanity": "onemap_materially_shorter_than_direct",
        "validation_onemap_vs_direct_delta_m": -42.7
      },
      "type": "Feature"
    },
    {
      "geometry": {
        "coordinates": [
          [
            103.651877,
            1.325168
          ],
          [
            103.651473,
            1.325136
          ]
        ],
        "type": "LineString"
      },
      "properties": {
        "current_route_vs_validation_direct_sanity": "plausible",
        "direct_bus_fallback_reason": "implausible_graph_route_to_datamall_bus_stop_within_direct_radius",
        "endpoint_source": "postal_universe_to_transit_poi",
        "new_best_name": "Hart Engrg Pte Ltd",
        "new_best_routing_type": "sheltered",
        "new_best_shortest_m": 300.8,
        "new_best_type": "bus_stop",
        "new_bus_routing_type": "sheltered",
        "new_bus_shortest_m": 300.8,
        "new_bus_state": "SCORED",
        "new_state": "SCORED",
        "new_total": 56.3,
        "old_abs_pct_delta": 423.235,
        "old_direction": "project_longer_than_onemap",
        "old_onemap_walk_m": 34.0,
        "old_project_shortest_m": 177.9,
        "old_validation_best_node": "Opp Yan San Metals",
        "postal": "639420",
        "queue": "direct_bus_fallback_review",
        "source_artifact": "qa\\onemap_outlier_replay_bus_longer_profile_active_20260802.json",
        "source_flags": {
          "best_bridge_underpass_m": 0.0,
          "best_bus_stop_access_connector_m": 0.0,
          "best_direct_bus_fallback_m": 0.0,
          "best_inferred_hdb_m": 0.0,
          "best_official_lta_shelter_m": 0.0,
          "best_osm_shelter_m": 0.0,
          "best_top_source_layer_m": {
            "unknown": 300.8
          },
          "bus_bus_stop_access_connector_m": 0.0,
          "bus_direct_bus_fallback_m": 0.0,
          "bus_top_source_layer_m": {
            "unknown": 300.8
          }
        },
        "validation_area": "TUAS",
        "validation_best_node_type": "bus_stop",
        "validation_direct_distance_m": 45.1,
        "validation_distance_sanity": "onemap_slightly_shorter_than_direct",
        "validation_onemap_vs_direct_delta_m": -11.1
      },
      "type": "Feature"
    },
    {
      "geometry": {
        "coordinates": [
          [
            103.909024,
            1.320963
          ],
          [
            103.91,
            1.32027
          ]
        ],
        "type": "LineString"
      },
      "properties": {
        "current_route_vs_validation_direct_sanity": "plausible",
        "direct_bus_fallback_reason": "implausible_graph_route_to_datamall_bus_stop_within_direct_radius",
        "endpoint_source": "postal_universe_to_transit_poi",
        "new_best_name": "Opp Hong San Si Tp",
        "new_best_routing_type": "direct_bus_fallback_unrouted",
        "new_best_shortest_m": 133.0,
        "new_best_type": "bus_stop",
        "new_bus_routing_type": "direct_bus_fallback_unrouted",
        "new_bus_shortest_m": 133.0,
        "new_bus_state": "SCORED_PARTIAL",
        "new_state": "SCORED_PARTIAL",
        "new_total": 55.0,
        "old_abs_pct_delta": 388.977,
        "old_direction": "project_longer_than_onemap",
        "old_onemap_walk_m": 176.0,
        "old_project_shortest_m": 860.6,
        "old_validation_best_node": "Opp Hong San Si Tp",
        "postal": "417092",
        "queue": "direct_bus_fallback_review",
        "source_artifact": "qa\\onemap_outlier_replay_bus_longer_profile_active_20260802.json",
        "source_flags": {
          "best_bridge_underpass_m": 0.0,
          "best_bus_stop_access_connector_m": 0.0,
          "best_direct_bus_fallback_m": 133.0,
          "best_inferred_hdb_m": 0.0,
          "best_official_lta_shelter_m": 0.0,
          "best_osm_shelter_m": 0.0,
          "best_top_source_layer_m": {
            "direct_bus_fallback": 133.0
          },
          "bus_bus_stop_access_connector_m": 0.0,
          "bus_direct_bus_fallback_m": 133.0,
          "bus_top_source_layer_m": {
            "direct_bus_fallback": 133.0
          }
        },
        "validation_area": "BEDOK",
        "validation_best_node_type": "bus_stop",
        "validation_direct_distance_m": 133.1,
        "validation_distance_sanity": "plausible",
        "validation_onemap_vs_direct_delta_m": 42.9
      },
      "type": "Feature"
    },
    {
      "geometry": {
        "coordinates": [
          [
            103.880887,
            1.347235
          ],
          [
            103.880912,
            1.346768
          ]
        ],
        "type": "LineString"
      },
      "properties": {
        "current_route_vs_validation_direct_sanity": "plausible",
        "direct_bus_fallback_reason": "implausible_graph_route_to_datamall_bus_stop_within_direct_radius",
        "endpoint_source": "postal_universe_to_transit_poi",
        "new_best_name": "Raya Gdn",
        "new_best_routing_type": "direct_bus_fallback_unrouted",
        "new_best_shortest_m": 51.7,
        "new_best_type": "bus_stop",
        "new_bus_routing_type": "direct_bus_fallback_unrouted",
        "new_bus_shortest_m": 51.7,
        "new_bus_state": "SCORED_PARTIAL",
        "new_state": "SCORED_PARTIAL",
        "new_total": 55.0,
        "old_abs_pct_delta": 371.546,
        "old_direction": "project_longer_than_onemap",
        "old_onemap_walk_m": 97.0,
        "old_project_shortest_m": 457.4,
        "old_validation_best_node": "Raya Gdn",
        "postal": "534317",
        "queue": "direct_bus_fallback_review",
        "source_artifact": "qa\\onemap_outlier_replay_bus_longer_profile_active_20260802.json",
        "source_flags": {
          "best_bridge_underpass_m": 0.0,
          "best_bus_stop_access_connector_m": 0.0,
          "best_direct_bus_fallback_m": 51.7,
          "best_inferred_hdb_m": 0.0,
          "best_official_lta_shelter_m": 0.0,
          "best_osm_shelter_m": 0.0,
          "best_top_source_layer_m": {
            "direct_bus_fallback": 51.7
          },
          "bus_bus_stop_access_connector_m": 0.0,
          "bus_direct_bus_fallback_m": 51.7,
          "bus_top_source_layer_m": {
            "direct_bus_fallback": 51.7
          }
        },
        "validation_area": "HOUGANG",
        "validation_best_node_type": "bus_stop",
        "validation_direct_distance_m": 52.0,
        "validation_distance_sanity": "plausible",
        "validation_onemap_vs_direct_delta_m": 45.0
      },
      "type": "Feature"
    },
    {
      "geometry": {
        "coordinates": [
          [
            103.925246,
            1.318445
          ],
          [
            103.925105,
            1.318831
          ]
        ],
        "type": "LineString"
      },
      "properties": {
        "current_route_vs_validation_direct_sanity": "plausible",
        "direct_bus_fallback_reason": "implausible_graph_route_to_datamall_bus_stop_within_direct_radius",
        "endpoint_source": "postal_universe_to_transit_poi",
        "new_best_name": "Aft Carmen St",
        "new_best_routing_type": "sheltered_with_bus_stop_access_connector",
        "new_best_shortest_m": 102.4,
        "new_best_type": "bus_stop",
        "new_bus_routing_type": "sheltered_with_bus_stop_access_connector",
        "new_bus_shortest_m": 102.4,
        "new_bus_state": "SCORED",
        "new_state": "SCORED",
        "new_total": 54.6,
        "old_abs_pct_delta": 366.802,
        "old_direction": "project_longer_than_onemap",
        "old_onemap_walk_m": 197.0,
        "old_project_shortest_m": 919.6,
        "old_validation_best_node": "Aft Carmen St",
        "postal": "455383",
        "queue": "direct_bus_fallback_review",
        "source_artifact": "qa\\onemap_outlier_replay_bus_longer_profile_active_20260802.json",
        "source_flags": {
          "best_bridge_underpass_m": 0.0,
          "best_bus_stop_access_connector_m": 0.0,
          "best_direct_bus_fallback_m": 0.0,
          "best_inferred_hdb_m": 0.0,
          "best_official_lta_shelter_m": 0.0,
          "best_osm_shelter_m": 0.0,
          "best_top_source_layer_m": {
            "bus_stop_access_connector": 43.1,
            "unknown": 59.3
          },
          "bus_bus_stop_access_connector_m": 0.0,
          "bus_direct_bus_fallback_m": 0.0,
          "bus_top_source_layer_m": {
            "bus_stop_access_connector": 43.1,
            "unknown": 59.3
          }
        },
        "validation_area": "BEDOK",
        "validation_best_node_type": "bus_stop",
        "validation_direct_distance_m": 45.7,
        "validation_distance_sanity": "plausible",
        "validation_onemap_vs_direct_delta_m": 151.3
      },
      "type": "Feature"
    },
    {
      "geometry": {
        "coordinates": [
          [
            103.763318,
            1.327582
          ],
          [
            103.763995,
            1.326708
          ]
        ],
        "type": "LineString"
      },
      "properties": {
        "current_route_vs_validation_direct_sanity": "plausible",
        "direct_bus_fallback_reason": "implausible_graph_route_to_datamall_bus_stop_within_direct_radius",
        "endpoint_source": "postal_universe_to_transit_poi",
        "new_best_name": "Opp Clementi Loop",
        "new_best_routing_type": "direct_bus_fallback_unrouted",
        "new_best_shortest_m": 159.4,
        "new_best_type": "bus_stop",
        "new_bus_routing_type": "direct_bus_fallback_unrouted",
        "new_bus_shortest_m": 159.4,
        "new_bus_state": "SCORED_PARTIAL",
        "new_state": "SCORED_PARTIAL",
        "new_total": 55.0,
        "old_abs_pct_delta": 350.882,
        "old_direction": "project_longer_than_onemap",
        "old_onemap_walk_m": 102.0,
        "old_project_shortest_m": 459.9,
        "old_validation_best_node": "Bet Clementi Loop",
        "postal": "129810",
        "queue": "direct_bus_fallback_review",
        "source_artifact": "qa\\onemap_outlier_replay_bus_longer_profile_active_20260802.json",
        "source_flags": {
          "best_bridge_underpass_m": 0.0,
          "best_bus_stop_access_connector_m": 0.0,
          "best_direct_bus_fallback_m": 159.4,
          "best_inferred_hdb_m": 0.0,
          "best_official_lta_shelter_m": 0.0,
          "best_osm_shelter_m": 0.0,
          "best_top_source_layer_m": {
            "direct_bus_fallback": 159.4
          },
          "bus_bus_stop_access_connector_m": 0.0,
          "bus_direct_bus_fallback_m": 159.4,
          "bus_top_source_layer_m": {
            "direct_bus_fallback": 159.4
          }
        },
        "validation_area": "CLEMENTI",
        "validation_best_node_type": "bus_stop",
        "validation_direct_distance_m": 122.9,
        "validation_distance_sanity": "onemap_slightly_shorter_than_direct",
        "validation_onemap_vs_direct_delta_m": -20.9
      },
      "type": "Feature"
    },
    {
      "geometry": {
        "coordinates": [
          [
            103.970023,
            1.334983
          ],
          [
            103.970392,
            1.335296
          ]
        ],
        "type": "LineString"
      },
      "properties": {
        "current_route_vs_validation_direct_sanity": "plausible",
        "direct_bus_fallback_reason": "implausible_graph_route_to_datamall_bus_stop_within_direct_radius",
        "endpoint_source": "postal_universe_to_transit_poi",
        "new_best_name": "Bef Changi Sth St 1",
        "new_best_routing_type": "sheltered",
        "new_best_shortest_m": 115.3,
        "new_best_type": "bus_stop",
        "new_bus_routing_type": "sheltered",
        "new_bus_shortest_m": 115.3,
        "new_bus_state": "SCORED",
        "new_state": "SCORED",
        "new_total": 56.7,
        "old_abs_pct_delta": 327.037,
        "old_direction": "project_longer_than_onemap",
        "old_onemap_walk_m": 27.0,
        "old_project_shortest_m": 115.3,
        "old_validation_best_node": "Bef Changi Sth St 1",
        "postal": "486765",
        "queue": "direct_bus_fallback_review",
        "source_artifact": "qa\\onemap_outlier_replay_bus_longer_profile_active_20260802.json",
        "source_flags": {
          "best_bridge_underpass_m": 0.0,
          "best_bus_stop_access_connector_m": 0.0,
          "best_direct_bus_fallback_m": 0.0,
          "best_inferred_hdb_m": 0.0,
          "best_official_lta_shelter_m": 0.0,
          "best_osm_shelter_m": 0.0,
          "best_top_source_layer_m": {
            "unknown": 115.3
          },
          "bus_bus_stop_access_connector_m": 0.0,
          "bus_direct_bus_fallback_m": 0.0,
          "bus_top_source_layer_m": {
            "unknown": 115.3
          }
        },
        "validation_area": "TAMPINES",
        "validation_best_node_type": "bus_stop",
        "validation_direct_distance_m": 53.8,
        "validation_distance_sanity": "onemap_materially_shorter_than_direct",
        "validation_onemap_vs_direct_delta_m": -26.8
      },
      "type": "Feature"
    },
    {
      "geometry": {
        "coordinates": [
          [
            103.87283,
            1.342883
          ],
          [
            103.874179,
            1.341638
          ]
        ],
        "type": "LineString"
      },
      "properties": {
        "current_route_vs_validation_direct_sanity": "plausible",
        "direct_bus_fallback_reason": "implausible_graph_route_to_datamall_bus_stop_within_direct_radius",
        "endpoint_source": "postal_universe_to_transit_poi",
        "new_best_name": "Blk 212",
        "new_best_routing_type": "sheltered",
        "new_best_shortest_m": 496.9,
        "new_best_type": "bus_stop",
        "new_bus_routing_type": "sheltered",
        "new_bus_shortest_m": 496.9,
        "new_bus_state": "SCORED",
        "new_state": "SCORED",
        "new_total": 69.4,
        "old_abs_pct_delta": 324.701,
        "old_direction": "project_longer_than_onemap",
        "old_onemap_walk_m": 117.0,
        "old_project_shortest_m": 496.9,
        "old_validation_best_node": "Blk 212",
        "postal": "360213",
        "queue": "direct_bus_fallback_review",
        "source_artifact": "qa\\onemap_outlier_replay_bus_longer_profile_active_20260802.json",
        "source_flags": {
          "best_bridge_underpass_m": 0.0,
          "best_bus_stop_access_connector_m": 0.0,
          "best_direct_bus_fallback_m": 0.0,
          "best_inferred_hdb_m": 233.9,
          "best_official_lta_shelter_m": 0.0,
          "best_osm_shelter_m": 126.2,
          "best_top_source_layer_m": {
            "inferred_hdb_point_footway": 233.9,
            "osm_native_covered": 126.2,
            "unknown": 136.8
          },
          "bus_bus_stop_access_connector_m": 0.0,
          "bus_direct_bus_fallback_m": 0.0,
          "bus_top_source_layer_m": {
            "inferred_hdb_point_footway": 233.9,
            "osm_native_covered": 126.2,
            "unknown": 136.8
          }
        },
        "validation_area": "TOA_PAYOH",
        "validation_best_node_type": "bus_stop",
        "validation_direct_distance_m": 204.1,
        "validation_distance_sanity": "onemap_materially_shorter_than_direct",
        "validation_onemap_vs_direct_delta_m": -87.1
      },
      "type": "Feature"
    },
    {
      "geometry": {
        "coordinates": [
          [
            103.88359,
            1.302364
          ],
          [
            103.884367,
            1.303159
          ]
        ],
        "type": "LineString"
      },
      "properties": {
        "current_route_vs_validation_direct_sanity": "plausible",
        "direct_bus_fallback_reason": "implausible_graph_route_to_datamall_bus_stop_within_direct_radius",
        "endpoint_source": "postal_universe_to_transit_poi",
        "new_best_name": "Bef Kg Kayu Rd",
        "new_best_routing_type": "sheltered_with_bus_stop_access_connector",
        "new_best_shortest_m": 155.2,
        "new_best_type": "bus_stop",
        "new_bus_routing_type": "sheltered_with_bus_stop_access_connector",
        "new_bus_shortest_m": 155.2,
        "new_bus_state": "SCORED",
        "new_state": "SCORED",
        "new_total": 74.0,
        "old_abs_pct_delta": 314.703,
        "old_direction": "project_longer_than_onemap",
        "old_onemap_walk_m": 202.0,
        "old_project_shortest_m": 837.7,
        "old_validation_best_node": "Bef Kg Kayu Rd",
        "postal": "431007",
        "queue": "direct_bus_fallback_review",
        "source_artifact": "qa\\onemap_outlier_replay_bus_longer_profile_active_20260802.json",
        "source_flags": {
          "best_bridge_underpass_m": 0.0,
          "best_bus_stop_access_connector_m": 0.0,
          "best_direct_bus_fallback_m": 0.0,
          "best_inferred_hdb_m": 54.2,
          "best_official_lta_shelter_m": 0.0,
          "best_osm_shelter_m": 0.0,
          "best_top_source_layer_m": {
            "bus_stop_access_connector": 42.7,
            "inferred_hdb_point_footway": 54.2,
            "unknown": 58.3
          },
          "bus_bus_stop_access_connector_m": 0.0,
          "bus_direct_bus_fallback_m": 0.0,
          "bus_top_source_layer_m": {
            "bus_stop_access_connector": 42.7,
            "inferred_hdb_point_footway": 54.2,
            "unknown": 58.3
          }
        },
        "validation_area": "KALLANG",
        "validation_best_node_type": "bus_stop",
        "validation_direct_distance_m": 123.6,
        "validation_distance_sanity": "plausible",
        "validation_onemap_vs_direct_delta_m": 78.4
      },
      "type": "Feature"
    },
    {
      "geometry": {
        "coordinates": [
          [
            103.626506,
            1.309657
          ],
          [
            103.626821,
            1.308546
          ]
        ],
        "type": "LineString"
      },
      "properties": {
        "current_route_vs_validation_direct_sanity": "plausible",
        "direct_bus_fallback_reason": "implausible_graph_route_to_datamall_bus_stop_within_direct_radius",
        "endpoint_source": "postal_universe_to_transit_poi",
        "new_best_name": "Aft Tuas Sth St 2",
        "new_best_routing_type": "direct_bus_fallback_unrouted",
        "new_best_shortest_m": 127.8,
        "new_best_type": "bus_stop",
        "new_bus_routing_type": "direct_bus_fallback_unrouted",
        "new_bus_shortest_m": 127.8,
        "new_bus_state": "SCORED_PARTIAL",
        "new_state": "SCORED_PARTIAL",
        "new_total": 51.5,
        "old_abs_pct_delta": 308.933,
        "old_direction": "project_longer_than_onemap",
        "old_onemap_walk_m": 150.0,
        "old_project_shortest_m": 613.4,
        "old_validation_best_node": "Aft Tuas Sth St 2",
        "postal": "637814",
        "queue": "direct_bus_fallback_review",
        "source_artifact": "qa\\onemap_outlier_replay_bus_longer_profile_active_20260802.json",
        "source_flags": {
          "best_bridge_underpass_m": 0.0,
          "best_bus_stop_access_connector_m": 0.0,
          "best_direct_bus_fallback_m": 127.8,
          "best_inferred_hdb_m": 0.0,
          "best_official_lta_shelter_m": 0.0,
          "best_osm_shelter_m": 0.0,
          "best_top_source_layer_m": {
            "direct_bus_fallback": 127.8
          },
          "bus_bus_stop_access_connector_m": 0.0,
          "bus_direct_bus_fallback_m": 127.8,
          "bus_top_source_layer_m": {
            "direct_bus_fallback": 127.8
          }
        },
        "validation_area": "TUAS",
        "validation_best_node_type": "bus_stop",
        "validation_direct_distance_m": 128.4,
        "validation_distance_sanity": "plausible",
        "validation_onemap_vs_direct_delta_m": 21.6
      },
      "type": "Feature"
    },
    {
      "geometry": {
        "coordinates": [
          [
            103.623743,
            1.287435
          ],
          [
            103.624893,
            1.289014
          ]
        ],
        "type": "LineString"
      },
      "properties": {
        "current_route_vs_validation_direct_sanity": "current_route_slightly_shorter_than_validation_direct",
        "direct_bus_fallback_reason": "implausible_graph_route_to_datamall_bus_stop_within_direct_radius",
        "endpoint_source": "postal_universe_to_transit_poi",
        "new_best_name": "Opp The Index",
        "new_best_routing_type": "direct_bus_fallback_unrouted",
        "new_best_shortest_m": 198.3,
        "new_best_type": "bus_stop",
        "new_bus_routing_type": "direct_bus_fallback_unrouted",
        "new_bus_shortest_m": 198.3,
        "new_bus_state": "SCORED_PARTIAL",
        "new_state": "SCORED_PARTIAL",
        "new_total": 47.7,
        "old_abs_pct_delta": 306.745,
        "old_direction": "project_longer_than_onemap",
        "old_onemap_walk_m": 212.0,
        "old_project_shortest_m": 862.3,
        "old_validation_best_node": "The Index",
        "postal": "637008",
        "queue": "direct_bus_fallback_review",
        "source_artifact": "qa\\onemap_outlier_replay_bus_longer_profile_active_20260802.json",
        "source_flags": {
          "best_bridge_underpass_m": 0.0,
          "best_bus_stop_access_connector_m": 0.0,
          "best_direct_bus_fallback_m": 198.3,
          "best_inferred_hdb_m": 0.0,
          "best_official_lta_shelter_m": 0.0,
          "best_osm_shelter_m": 0.0,
          "best_top_source_layer_m": {
            "direct_bus_fallback": 198.3
          },
          "bus_bus_stop_access_connector_m": 0.0,
          "bus_direct_bus_fallback_m": 198.3,
          "bus_top_source_layer_m": {
            "direct_bus_fallback": 198.3
          }
        },
        "validation_area": "TUAS",
        "validation_best_node_type": "bus_stop",
        "validation_direct_distance_m": 217.2,
        "validation_distance_sanity": "onemap_slightly_shorter_than_direct",
        "validation_onemap_vs_direct_delta_m": -5.2
      },
      "type": "Feature"
    },
    {
      "geometry": {
        "coordinates": [
          [
            103.846283,
            1.416479
          ],
          [
            103.846311,
            1.41755
          ]
        ],
        "type": "LineString"
      },
      "properties": {
        "current_route_vs_validation_direct_sanity": "plausible",
        "direct_bus_fallback_reason": "implausible_graph_route_to_datamall_bus_stop_within_direct_radius",
        "endpoint_source": "postal_universe_to_transit_poi",
        "new_best_name": "The Shaughnessy",
        "new_best_routing_type": "sheltered_with_bus_stop_access_connector",
        "new_best_shortest_m": 168.8,
        "new_best_type": "bus_stop",
        "new_bus_routing_type": "sheltered_with_bus_stop_access_connector",
        "new_bus_shortest_m": 168.8,
        "new_bus_state": "SCORED",
        "new_state": "SCORED",
        "new_total": 59.4,
        "old_abs_pct_delta": 255.478,
        "old_direction": "project_longer_than_onemap",
        "old_onemap_walk_m": 115.0,
        "old_project_shortest_m": 408.8,
        "old_validation_best_node": "The Shaughnessy",
        "postal": "768342",
        "queue": "direct_bus_fallback_review",
        "source_artifact": "qa\\onemap_outlier_replay_bus_longer_profile_active_20260802.json",
        "source_flags": {
          "best_bridge_underpass_m": 0.0,
          "best_bus_stop_access_connector_m": 0.0,
          "best_direct_bus_fallback_m": 0.0,
          "best_inferred_hdb_m": 0.0,
          "best_official_lta_shelter_m": 0.0,
          "best_osm_shelter_m": 0.0,
          "best_top_source_layer_m": {
            "bus_stop_access_connector": 44.6,
            "unknown": 124.2
          },
          "bus_bus_stop_access_connector_m": 0.0,
          "bus_direct_bus_fallback_m": 0.0,
          "bus_top_source_layer_m": {
            "bus_stop_access_connector": 44.6,
            "unknown": 124.2
          }
        },
        "validation_area": "YISHUN",
        "validation_best_node_type": "bus_stop",
        "validation_direct_distance_m": 119.1,
        "validation_distance_sanity": "plausible",
        "validation_onemap_vs_direct_delta_m": -4.1
      },
      "type": "Feature"
    },
    {
      "geometry": {
        "coordinates": [
          [
            103.954551,
            1.341147
          ],
          [
            103.953466,
            1.342262
          ]
        ],
        "type": "LineString"
      },
      "properties": {
        "current_route_vs_validation_direct_sanity": "current_route_slightly_shorter_than_validation_direct",
        "direct_bus_fallback_reason": "implausible_graph_route_to_datamall_bus_stop_within_direct_radius",
        "endpoint_source": "postal_universe_to_transit_poi",
        "new_best_name": "Opp Simei Stn",
        "new_best_routing_type": "direct_bus_fallback_unrouted",
        "new_best_shortest_m": 155.6,
        "new_best_type": "bus_stop",
        "new_bus_routing_type": "direct_bus_fallback_unrouted",
        "new_bus_shortest_m": 155.6,
        "new_bus_state": "SCORED_PARTIAL",
        "new_state": "SCORED_PARTIAL",
        "new_total": 55.0,
        "old_abs_pct_delta": 237.205,
        "old_direction": "project_longer_than_onemap",
        "old_onemap_walk_m": 297.0,
        "old_project_shortest_m": 1001.5,
        "old_validation_best_node": "Simei Stn",
        "postal": "489393",
        "queue": "direct_bus_fallback_review",
        "source_artifact": "qa\\onemap_outlier_replay_bus_longer_profile_active_20260802.json",
        "source_flags": {
          "best_bridge_underpass_m": 0.0,
          "best_bus_stop_access_connector_m": 0.0,
          "best_direct_bus_fallback_m": 155.6,
          "best_inferred_hdb_m": 0.0,
          "best_official_lta_shelter_m": 0.0,
          "best_osm_shelter_m": 0.0,
          "best_top_source_layer_m": {
            "direct_bus_fallback": 155.6
          },
          "bus_bus_stop_access_connector_m": 0.0,
          "bus_direct_bus_fallback_m": 155.6,
          "bus_top_source_layer_m": {
            "direct_bus_fallback": 155.6
          }
        },
        "validation_area": "TAMPINES",
        "validation_best_node_type": "bus_stop",
        "validation_direct_distance_m": 173.0,
        "validation_distance_sanity": "plausible",
        "validation_onemap_vs_direct_delta_m": 124.0
      },
      "type": "Feature"
    },
    {
      "geometry": {
        "coordinates": [
          [
            103.865842,
            1.342909
          ],
          [
            103.86744,
            1.343261
          ]
        ],
        "type": "LineString"
      },
      "properties": {
        "current_route_vs_validation_direct_sanity": "plausible",
        "direct_bus_fallback_reason": "implausible_graph_route_to_datamall_bus_stop_within_direct_radius",
        "endpoint_source": "postal_universe_to_transit_poi",
        "new_best_name": "Opp PUB Recreation Club",
        "new_best_routing_type": "direct_bus_fallback_unrouted",
        "new_best_shortest_m": 194.3,
        "new_best_type": "bus_stop",
        "new_bus_routing_type": "direct_bus_fallback_unrouted",
        "new_bus_shortest_m": 194.3,
        "new_bus_state": "SCORED_PARTIAL",
        "new_state": "SCORED_PARTIAL",
        "new_total": 55.0,
        "old_abs_pct_delta": 235.676,
        "old_direction": "project_longer_than_onemap",
        "old_onemap_walk_m": 148.0,
        "old_project_shortest_m": 496.8,
        "old_validation_best_node": "PUB Recreation Club",
        "postal": "357831",
        "queue": "direct_bus_fallback_review",
        "source_artifact": "qa\\onemap_outlier_replay_bus_longer_profile_active_20260802.json",
        "source_flags": {
          "best_bridge_underpass_m": 0.0,
          "best_bus_stop_access_connector_m": 0.0,
          "best_direct_bus_fallback_m": 194.3,
          "best_inferred_hdb_m": 0.0,
          "best_official_lta_shelter_m": 0.0,
          "best_osm_shelter_m": 0.0,
          "best_top_source_layer_m": {
            "direct_bus_fallback": 194.3
          },
          "bus_bus_stop_access_connector_m": 0.0,
          "bus_direct_bus_fallback_m": 194.3,
          "bus_top_source_layer_m": {
            "direct_bus_fallback": 194.3
          }
        },
        "validation_area": "TOA_PAYOH",
        "validation_best_node_type": "bus_stop",
        "validation_direct_distance_m": 181.9,
        "validation_distance_sanity": "onemap_slightly_shorter_than_direct",
        "validation_onemap_vs_direct_delta_m": -33.9
      },
      "type": "Feature"
    },
    {
      "geometry": {
        "coordinates": [
          [
            103.775099,
            1.366802
          ],
          [
            103.775309,
            1.367726
          ]
        ],
        "type": "LineString"
      },
      "properties": {
        "current_route_vs_validation_direct_sanity": "current_route_materially_shorter_than_validation_direct",
        "direct_bus_fallback_reason": "implausible_graph_route_to_datamall_bus_stop_within_direct_radius",
        "endpoint_source": "postal_universe_to_transit_poi",
        "new_best_name": "Opp Dairy Farm Mall",
        "new_best_routing_type": "direct_bus_fallback_unrouted",
        "new_best_shortest_m": 68.5,
        "new_best_type": "bus_stop",
        "new_bus_routing_type": "direct_bus_fallback_unrouted",
        "new_bus_shortest_m": 68.5,
        "new_bus_state": "SCORED_PARTIAL",
        "new_state": "SCORED_PARTIAL",
        "new_total": 55.0,
        "old_abs_pct_delta": 233.945,
        "old_direction": "project_longer_than_onemap",
        "old_onemap_walk_m": 109.0,
        "old_project_shortest_m": 364.0,
        "old_validation_best_node": "Bef Chestnut Ave",
        "postal": "677662",
        "queue": "direct_bus_fallback_review",
        "source_artifact": "qa\\onemap_outlier_replay_bus_longer_profile_active_20260802.json",
        "source_flags": {
          "best_bridge_underpass_m": 0.0,
          "best_bus_stop_access_connector_m": 0.0,
          "best_direct_bus_fallback_m": 68.5,
          "best_inferred_hdb_m": 0.0,
          "best_official_lta_shelter_m": 0.0,
          "best_osm_shelter_m": 0.0,
          "best_top_source_layer_m": {
            "direct_bus_fallback": 68.5
          },
          "bus_bus_stop_access_connector_m": 0.0,
          "bus_direct_bus_fallback_m": 68.5,
          "bus_top_source_layer_m": {
            "direct_bus_fallback": 68.5
          }
        },
        "validation_area": "BUKIT_PANJANG",
        "validation_best_node_type": "bus_stop",
        "validation_direct_distance_m": 105.4,
        "validation_distance_sanity": "plausible",
        "validation_onemap_vs_direct_delta_m": 3.6
      },
      "type": "Feature"
    },
    {
      "geometry": {
        "coordinates": [
          [
            103.704002,
            1.422047
          ],
          [
            103.70408,
            1.423296
          ]
        ],
        "type": "LineString"
      },
      "properties": {
        "current_route_vs_validation_direct_sanity": "current_route_materially_shorter_than_validation_direct",
        "direct_bus_fallback_reason": "implausible_graph_route_to_datamall_bus_stop_within_direct_radius",
        "endpoint_source": "postal_universe_to_transit_poi",
        "new_best_name": "Opp Neo Tiew Rd",
        "new_best_routing_type": "sheltered_with_bus_stop_access_connector",
        "new_best_shortest_m": 58.0,
        "new_best_type": "bus_stop",
        "new_bus_routing_type": "sheltered_with_bus_stop_access_connector",
        "new_bus_shortest_m": 58.0,
        "new_bus_state": "SCORED",
        "new_state": "SCORED",
        "new_total": 58.1,
        "old_abs_pct_delta": 232.977,
        "old_direction": "project_longer_than_onemap",
        "old_onemap_walk_m": 131.0,
        "old_project_shortest_m": 436.2,
        "old_validation_best_node": "Opp Jln Bahtera",
        "postal": "710005",
        "queue": "direct_bus_fallback_review",
        "source_artifact": "qa\\onemap_outlier_replay_bus_longer_profile_active_20260802.json",
        "source_flags": {
          "best_bridge_underpass_m": 0.0,
          "best_bus_stop_access_connector_m": 0.0,
          "best_direct_bus_fallback_m": 0.0,
          "best_inferred_hdb_m": 0.0,
          "best_official_lta_shelter_m": 0.0,
          "best_osm_shelter_m": 0.0,
          "best_top_source_layer_m": {
            "bus_stop_access_connector": 48.2,
            "unknown": 9.7
          },
          "bus_bus_stop_access_connector_m": 0.0,
          "bus_direct_bus_fallback_m": 0.0,
          "bus_top_source_layer_m": {
            "bus_stop_access_connector": 48.2,
            "unknown": 9.7
          }
        },
        "validation_area": "LIM_CHU_KANG",
        "validation_best_node_type": "bus_stop",
        "validation_direct_distance_m": 139.2,
        "validation_distance_sanity": "onemap_slightly_shorter_than_direct",
        "validation_onemap_vs_direct_delta_m": -8.2
      },
      "type": "Feature"
    },
    {
      "geometry": {
        "coordinates": [
          [
            103.82452,
            1.424291
          ],
          [
            103.825523,
            1.424958
          ]
        ],
        "type": "LineString"
      },
      "properties": {
        "current_route_vs_validation_direct_sanity": "current_route_slightly_shorter_than_validation_direct",
        "direct_bus_fallback_reason": "implausible_graph_route_to_datamall_bus_stop_within_direct_radius",
        "endpoint_source": "postal_universe_to_transit_poi",
        "new_best_name": "Khatib Camp",
        "new_best_routing_type": "direct_bus_fallback_unrouted",
        "new_best_shortest_m": 128.8,
        "new_best_type": "bus_stop",
        "new_bus_routing_type": "direct_bus_fallback_unrouted",
        "new_bus_shortest_m": 128.8,
        "new_bus_state": "SCORED_PARTIAL",
        "new_state": "SCORED_PARTIAL",
        "new_total": 55.0,
        "old_abs_pct_delta": 226.484,
        "old_direction": "project_longer_than_onemap",
        "old_onemap_walk_m": 91.0,
        "old_project_shortest_m": 297.1,
        "old_validation_best_node": "Opp Khatib Camp",
        "postal": "759152",
        "queue": "direct_bus_fallback_review",
        "source_artifact": "qa\\onemap_outlier_replay_bus_longer_profile_active_20260802.json",
        "source_flags": {
          "best_bridge_underpass_m": 0.0,
          "best_bus_stop_access_connector_m": 0.0,
          "best_direct_bus_fallback_m": 128.8,
          "best_inferred_hdb_m": 0.0,
          "best_official_lta_shelter_m": 0.0,
          "best_osm_shelter_m": 0.0,
          "best_top_source_layer_m": {
            "direct_bus_fallback": 128.8
          },
          "bus_bus_stop_access_connector_m": 0.0,
          "bus_direct_bus_fallback_m": 128.8,
          "bus_top_source_layer_m": {
            "direct_bus_fallback": 128.8
          }
        },
        "validation_area": "MANDAI",
        "validation_best_node_type": "bus_stop",
        "validation_direct_distance_m": 133.9,
        "validation_distance_sanity": "onemap_materially_shorter_than_direct",
        "validation_onemap_vs_direct_delta_m": -42.9
      },
      "type": "Feature"
    },
    {
      "geometry": {
        "coordinates": [
          [
            103.701198,
            1.35072
          ],
          [
            103.701079,
            1.350532
          ]
        ],
        "type": "LineString"
      },
      "properties": {
        "current_route_vs_validation_direct_sanity": "plausible",
        "direct_bus_fallback_reason": "implausible_graph_route_to_datamall_bus_stop_within_direct_radius",
        "endpoint_source": "postal_universe_to_transit_poi",
        "new_best_name": "Bet Blks 757/758",
        "new_best_routing_type": "sheltered_with_bus_stop_access_connector",
        "new_best_shortest_m": 113.9,
        "new_best_type": "bus_stop",
        "new_bus_routing_type": "sheltered_with_bus_stop_access_connector",
        "new_bus_shortest_m": 113.9,
        "new_bus_state": "SCORED",
        "new_state": "SCORED",
        "new_total": 60.0,
        "old_abs_pct_delta": 221.603,
        "old_direction": "project_longer_than_onemap",
        "old_onemap_walk_m": 131.0,
        "old_project_shortest_m": 421.3,
        "old_validation_best_node": "Aft Westwood Ave",
        "postal": "648874",
        "queue": "direct_bus_fallback_review",
        "source_artifact": "qa\\onemap_outlier_replay_bus_longer_profile_active_20260802.json",
        "source_flags": {
          "best_bridge_underpass_m": 0.0,
          "best_bus_stop_access_connector_m": 0.0,
          "best_direct_bus_fallback_m": 0.0,
          "best_inferred_hdb_m": 0.0,
          "best_official_lta_shelter_m": 0.0,
          "best_osm_shelter_m": 0.0,
          "best_top_source_layer_m": {
            "bus_stop_access_connector": 30.4,
            "unknown": 83.5
          },
          "bus_bus_stop_access_connector_m": 0.0,
          "bus_direct_bus_fallback_m": 0.0,
          "bus_top_source_layer_m": {
            "bus_stop_access_connector": 30.4,
            "unknown": 83.5
          }
        },
        "validation_area": "JURONG_WEST",
        "validation_best_node_type": "bus_stop",
        "validation_direct_distance_m": 24.7,
        "validation_distance_sanity": "plausible",
        "validation_onemap_vs_direct_delta_m": 106.3
      },
      "type": "Feature"
    },
    {
      "geometry": {
        "coordinates": [
          [
            103.855735,
            1.323291
          ],
          [
            103.856261,
            1.32338
          ]
        ],
        "type": "LineString"
      },
      "properties": {
        "current_route_vs_validation_direct_sanity": "plausible",
        "direct_bus_fallback_reason": "implausible_graph_route_to_datamall_bus_stop_within_direct_radius",
        "endpoint_source": "postal_universe_to_transit_poi",
        "new_best_name": "Blk 82",
        "new_best_routing_type": "direct_bus_fallback_unrouted",
        "new_best_shortest_m": 59.4,
        "new_best_type": "bus_stop",
        "new_bus_routing_type": "direct_bus_fallback_unrouted",
        "new_bus_shortest_m": 59.4,
        "new_bus_state": "SCORED_PARTIAL",
        "new_state": "SCORED_PARTIAL",
        "new_total": 55.0,
        "old_abs_pct_delta": 217.849,
        "old_direction": "project_longer_than_onemap",
        "old_onemap_walk_m": 93.0,
        "old_project_shortest_m": 295.6,
        "old_validation_best_node": "Blk 82",
        "postal": "320087",
        "queue": "direct_bus_fallback_review",
        "source_artifact": "qa\\onemap_outlier_replay_bus_longer_profile_active_20260802.json",
        "source_flags": {
          "best_bridge_underpass_m": 0.0,
          "best_bus_stop_access_connector_m": 0.0,
          "best_direct_bus_fallback_m": 59.4,
          "best_inferred_hdb_m": 0.0,
          "best_official_lta_shelter_m": 0.0,
          "best_osm_shelter_m": 0.0,
          "best_top_source_layer_m": {
            "direct_bus_fallback": 59.4
          },
          "bus_bus_stop_access_connector_m": 0.0,
          "bus_direct_bus_fallback_m": 59.4,
          "bus_top_source_layer_m": {
            "direct_bus_fallback": 59.4
          }
        },
        "validation_area": "NOVENA",
        "validation_best_node_type": "bus_stop",
        "validation_direct_distance_m": 59.3,
        "validation_distance_sanity": "plausible",
        "validation_onemap_vs_direct_delta_m": 33.7
      },
      "type": "Feature"
    },
    {
      "geometry": {
        "coordinates": [
          [
            103.846022,
            1.416497
          ],
          [
            103.846311,
            1.41755
          ]
        ],
        "type": "LineString"
      },
      "properties": {
        "current_route_vs_validation_direct_sanity": "plausible",
        "direct_bus_fallback_reason": "implausible_graph_route_to_datamall_bus_stop_within_direct_radius",
        "endpoint_source": "postal_universe_to_transit_poi",
        "new_best_name": "The Shaughnessy",
        "new_best_routing_type": "sheltered_with_bus_stop_access_connector",
        "new_best_shortest_m": 149.9,
        "new_best_type": "bus_stop",
        "new_bus_routing_type": "sheltered_with_bus_stop_access_connector",
        "new_bus_shortest_m": 149.9,
        "new_bus_state": "SCORED",
        "new_state": "SCORED",
        "new_total": 59.4,
        "old_abs_pct_delta": 211.84,
        "old_direction": "project_longer_than_onemap",
        "old_onemap_walk_m": 125.0,
        "old_project_shortest_m": 389.8,
        "old_validation_best_node": "The Shaughnessy",
        "postal": "768282",
        "queue": "direct_bus_fallback_review",
        "source_artifact": "qa\\onemap_outlier_replay_bus_longer_profile_active_20260802.json",
        "source_flags": {
          "best_bridge_underpass_m": 0.0,
          "best_bus_stop_access_connector_m": 0.0,
          "best_direct_bus_fallback_m": 0.0,
          "best_inferred_hdb_m": 0.0,
          "best_official_lta_shelter_m": 0.0,
          "best_osm_shelter_m": 0.0,
          "best_top_source_layer_m": {
            "bus_stop_access_connector": 44.6,
            "unknown": 105.3
          },
          "bus_bus_stop_access_connector_m": 0.0,
          "bus_direct_bus_fallback_m": 0.0,
          "bus_top_source_layer_m": {
            "bus_stop_access_connector": 44.6,
            "unknown": 105.3
          }
        },
        "validation_area": "YISHUN",
        "validation_best_node_type": "bus_stop",
        "validation_direct_distance_m": 121.4,
        "validation_distance_sanity": "plausible",
        "validation_onemap_vs_direct_delta_m": 3.6
      },
      "type": "Feature"
    },
    {
      "geometry": {
        "coordinates": [
          [
            103.941858,
            1.36736
          ],
          [
            103.941333,
            1.366506
          ]
        ],
        "type": "LineString"
      },
      "properties": {
        "current_route_vs_validation_direct_sanity": "plausible",
        "direct_bus_fallback_reason": "implausible_graph_route_to_datamall_bus_stop_within_direct_radius",
        "endpoint_source": "postal_universe_to_transit_poi",
        "new_best_name": "Tampines Nth Int",
        "new_best_routing_type": "sheltered",
        "new_best_shortest_m": 612.5,
        "new_best_type": "bus_stop",
        "new_bus_routing_type": "sheltered",
        "new_bus_shortest_m": 612.5,
        "new_bus_state": "SCORED",
        "new_state": "SCORED",
        "new_total": 73.0,
        "old_abs_pct_delta": 209.149,
        "old_direction": "project_longer_than_onemap",
        "old_onemap_walk_m": 141.0,
        "old_project_shortest_m": 435.9,
        "old_validation_best_node": "Blk 648C",
        "postal": "520647",
        "queue": "direct_bus_fallback_review",
        "source_artifact": "qa\\onemap_outlier_replay_bus_longer_profile_active_20260802.json",
        "source_flags": {
          "best_bridge_underpass_m": 0.0,
          "best_bus_stop_access_connector_m": 0.0,
          "best_direct_bus_fallback_m": 0.0,
          "best_inferred_hdb_m": 0.0,
          "best_official_lta_shelter_m": 0.0,
          "best_osm_shelter_m": 155.9,
          "best_top_source_layer_m": {
            "osm_native_covered": 155.9,
            "unknown": 456.6
          },
          "bus_bus_stop_access_connector_m": 0.0,
          "bus_direct_bus_fallback_m": 0.0,
          "bus_top_source_layer_m": {
            "osm_native_covered": 155.9,
            "unknown": 456.6
          }
        },
        "validation_area": "TAMPINES",
        "validation_best_node_type": "bus_stop",
        "validation_direct_distance_m": 111.5,
        "validation_distance_sanity": "plausible",
        "validation_onemap_vs_direct_delta_m": 29.5
      },
      "type": "Feature"
    },
    {
      "geometry": {
        "coordinates": [
          [
            103.93493,
            1.356848
          ],
          [
            103.933779,
            1.35625
          ]
        ],
        "type": "LineString"
      },
      "properties": {
        "current_route_vs_validation_direct_sanity": "plausible",
        "direct_bus_fallback_reason": "implausible_graph_route_to_datamall_bus_stop_within_direct_radius",
        "endpoint_source": "postal_universe_to_transit_poi",
        "new_best_name": "Blk 863",
        "new_best_routing_type": "sheltered",
        "new_best_shortest_m": 396.0,
        "new_best_type": "bus_stop",
        "new_bus_routing_type": "sheltered",
        "new_bus_shortest_m": 396.0,
        "new_bus_state": "SCORED",
        "new_state": "SCORED",
        "new_total": 57.8,
        "old_abs_pct_delta": 194.235,
        "old_direction": "project_longer_than_onemap",
        "old_onemap_walk_m": 196.0,
        "old_project_shortest_m": 576.7,
        "old_validation_best_node": "Blk 730",
        "postal": "520724",
        "queue": "direct_bus_fallback_review",
        "source_artifact": "qa\\onemap_outlier_replay_bus_longer_profile_active_20260802.json",
        "source_flags": {
          "best_bridge_underpass_m": 0.0,
          "best_bus_stop_access_connector_m": 0.0,
          "best_direct_bus_fallback_m": 0.0,
          "best_inferred_hdb_m": 94.1,
          "best_official_lta_shelter_m": 0.0,
          "best_osm_shelter_m": 11.2,
          "best_top_source_layer_m": {
            "inferred_hdb_precinct": 94.1,
            "osm_native_covered": 11.2,
            "unknown": 290.7
          },
          "bus_bus_stop_access_connector_m": 0.0,
          "bus_direct_bus_fallback_m": 0.0,
          "bus_top_source_layer_m": {
            "inferred_hdb_precinct": 94.1,
            "osm_native_covered": 11.2,
            "unknown": 290.7
          }
        },
        "validation_area": "TAMPINES",
        "validation_best_node_type": "bus_stop",
        "validation_direct_distance_m": 144.2,
        "validation_distance_sanity": "plausible",
        "validation_onemap_vs_direct_delta_m": 51.8
      },
      "type": "Feature"
    },
    {
      "geometry": {
        "coordinates": [
          [
            103.967859,
            1.349482
          ],
          [
            103.967723,
            1.350271
          ]
        ],
        "type": "LineString"
      },
      "properties": {
        "current_route_vs_validation_direct_sanity": "plausible",
        "direct_bus_fallback_reason": "implausible_graph_route_to_datamall_bus_stop_within_direct_radius",
        "endpoint_source": "postal_universe_to_transit_poi",
        "new_best_name": "Bef VICOM",
        "new_best_routing_type": "sheltered",
        "new_best_shortest_m": 161.8,
        "new_best_type": "bus_stop",
        "new_bus_routing_type": "sheltered",
        "new_bus_shortest_m": 161.8,
        "new_bus_state": "SCORED",
        "new_state": "SCORED",
        "new_total": 57.7,
        "old_abs_pct_delta": 188.929,
        "old_direction": "project_longer_than_onemap",
        "old_onemap_walk_m": 56.0,
        "old_project_shortest_m": 161.8,
        "old_validation_best_node": "Bef VICOM",
        "postal": "499617",
        "queue": "direct_bus_fallback_review",
        "source_artifact": "qa\\onemap_outlier_replay_bus_longer_profile_active_20260802.json",
        "source_flags": {
          "best_bridge_underpass_m": 0.0,
          "best_bus_stop_access_connector_m": 0.0,
          "best_direct_bus_fallback_m": 0.0,
          "best_inferred_hdb_m": 0.0,
          "best_official_lta_shelter_m": 0.0,
          "best_osm_shelter_m": 0.0,
          "best_top_source_layer_m": {
            "unknown": 161.8
          },
          "bus_bus_stop_access_connector_m": 0.0,
          "bus_direct_bus_fallback_m": 0.0,
          "bus_top_source_layer_m": {
            "unknown": 161.8
          }
        },
        "validation_area": "CHANGI",
        "validation_best_node_type": "bus_stop",
        "validation_direct_distance_m": 89.0,
        "validation_distance_sanity": "onemap_materially_shorter_than_direct",
        "validation_onemap_vs_direct_delta_m": -33.0
      },
      "type": "Feature"
    },
    {
      "geometry": {
        "coordinates": [
          [
            103.939815,
            1.342648
          ],
          [
            103.939682,
            1.341129
          ]
        ],
        "type": "LineString"
      },
      "properties": {
        "current_route_vs_validation_direct_sanity": "plausible",
        "direct_bus_fallback_reason": "implausible_graph_route_to_datamall_bus_stop_within_direct_radius",
        "endpoint_source": "postal_universe_to_transit_poi",
        "new_best_name": "Blk 967A",
        "new_best_routing_type": "direct_bus_fallback_unrouted",
        "new_best_shortest_m": 168.6,
        "new_best_type": "bus_stop",
        "new_bus_routing_type": "direct_bus_fallback_unrouted",
        "new_bus_shortest_m": 168.6,
        "new_bus_state": "SCORED_PARTIAL",
        "new_state": "SCORED_PARTIAL",
        "new_total": 50.8,
        "old_abs_pct_delta": 168.413,
        "old_direction": "project_longer_than_onemap",
        "old_onemap_walk_m": 189.0,
        "old_project_shortest_m": 507.3,
        "old_validation_best_node": "Blk 967A",
        "postal": "478983",
        "queue": "direct_bus_fallback_review",
        "source_artifact": "qa\\onemap_outlier_replay_bus_longer_profile_active_20260802.json",
        "source_flags": {
          "best_bridge_underpass_m": 0.0,
          "best_bus_stop_access_connector_m": 0.0,
          "best_direct_bus_fallback_m": 168.6,
          "best_inferred_hdb_m": 0.0,
          "best_official_lta_shelter_m": 0.0,
          "best_osm_shelter_m": 0.0,
          "best_top_source_layer_m": {
            "direct_bus_fallback": 168.6
          },
          "bus_bus_stop_access_connector_m": 0.0,
          "bus_direct_bus_fallback_m": 168.6,
          "bus_top_source_layer_m": {
            "direct_bus_fallback": 168.6
          }
        },
        "validation_area": "TAMPINES",
        "validation_best_node_type": "bus_stop",
        "validation_direct_distance_m": 169.6,
        "validation_distance_sanity": "plausible",
        "validation_onemap_vs_direct_delta_m": 19.4
      },
      "type": "Feature"
    },
    {
      "geometry": {
        "coordinates": [
          [
            103.859678,
            1.38947
          ],
          [
            103.859933,
            1.390494
          ]
        ],
        "type": "LineString"
      },
      "properties": {
        "current_route_vs_validation_direct_sanity": "plausible",
        "direct_bus_fallback_reason": "implausible_graph_route_to_datamall_bus_stop_within_direct_radius",
        "endpoint_source": "postal_universe_to_transit_poi",
        "new_best_name": "Serenity Pk",
        "new_best_routing_type": "direct_bus_fallback_unrouted",
        "new_best_shortest_m": 116.7,
        "new_best_type": "bus_stop",
        "new_bus_routing_type": "direct_bus_fallback_unrouted",
        "new_bus_shortest_m": 116.7,
        "new_bus_state": "SCORED_PARTIAL",
        "new_state": "SCORED_PARTIAL",
        "new_total": 55.0,
        "old_abs_pct_delta": 163.726,
        "old_direction": "project_longer_than_onemap",
        "old_onemap_walk_m": 212.0,
        "old_project_shortest_m": 559.1,
        "old_validation_best_node": "Serenity Pk",
        "postal": "806063",
        "queue": "direct_bus_fallback_review",
        "source_artifact": "qa\\onemap_outlier_replay_bus_longer_profile_active_20260802.json",
        "source_flags": {
          "best_bridge_underpass_m": 0.0,
          "best_bus_stop_access_connector_m": 0.0,
          "best_direct_bus_fallback_m": 116.7,
          "best_inferred_hdb_m": 0.0,
          "best_official_lta_shelter_m": 0.0,
          "best_osm_shelter_m": 0.0,
          "best_top_source_layer_m": {
            "direct_bus_fallback": 116.7
          },
          "bus_bus_stop_access_connector_m": 0.0,
          "bus_direct_bus_fallback_m": 116.7,
          "bus_top_source_layer_m": {
            "direct_bus_fallback": 116.7
          }
        },
        "validation_area": "SERANGOON",
        "validation_best_node_type": "bus_stop",
        "validation_direct_distance_m": 117.3,
        "validation_distance_sanity": "plausible",
        "validation_onemap_vs_direct_delta_m": 94.7
      },
      "type": "Feature"
    },
    {
      "geometry": {
        "coordinates": [
          [
            103.743943,
            1.342984
          ],
          [
            103.744076,
            1.342172
          ]
        ],
        "type": "LineString"
      },
      "properties": {
        "current_route_vs_validation_direct_sanity": "plausible",
        "direct_bus_fallback_reason": "implausible_graph_route_to_datamall_bus_stop_within_direct_radius",
        "endpoint_source": "postal_universe_to_transit_poi",
        "new_best_name": "Blk 241",
        "new_best_routing_type": "direct_bus_fallback_unrouted",
        "new_best_shortest_m": 91.0,
        "new_best_type": "bus_stop",
        "new_bus_routing_type": "direct_bus_fallback_unrouted",
        "new_bus_shortest_m": 91.0,
        "new_bus_state": "SCORED_PARTIAL",
        "new_state": "SCORED_PARTIAL",
        "new_total": 55.0,
        "old_abs_pct_delta": 163.209,
        "old_direction": "project_longer_than_onemap",
        "old_onemap_walk_m": 215.0,
        "old_project_shortest_m": 565.9,
        "old_validation_best_node": "Blk 241",
        "postal": "601291",
        "queue": "direct_bus_fallback_review",
        "source_artifact": "qa\\onemap_outlier_replay_bus_longer_profile_active_20260802.json",
        "source_flags": {
          "best_bridge_underpass_m": 0.0,
          "best_bus_stop_access_connector_m": 0.0,
          "best_direct_bus_fallback_m": 91.0,
          "best_inferred_hdb_m": 0.0,
          "best_official_lta_shelter_m": 0.0,
          "best_osm_shelter_m": 0.0,
          "best_top_source_layer_m": {
            "direct_bus_fallback": 91.0
          },
          "bus_bus_stop_access_connector_m": 0.0,
          "bus_direct_bus_fallback_m": 91.0,
          "bus_top_source_layer_m": {
            "direct_bus_fallback": 91.0
          }
        },
        "validation_area": "JURONG_EAST",
        "validation_best_node_type": "bus_stop",
        "validation_direct_distance_m": 91.5,
        "validation_distance_sanity": "plausible",
        "validation_onemap_vs_direct_delta_m": 123.5
      },
      "type": "Feature"
    },
    {
      "geometry": {
        "coordinates": [
          [
            103.846869,
            1.417068
          ],
          [
            103.84619,
            1.419031
          ]
        ],
        "type": "LineString"
      },
      "properties": {
        "current_route_vs_validation_direct_sanity": "current_route_materially_shorter_than_validation_direct",
        "direct_bus_fallback_reason": "implausible_graph_route_to_datamall_bus_stop_within_direct_radius",
        "endpoint_source": "postal_universe_to_transit_poi",
        "new_best_name": "The Shaughnessy",
        "new_best_routing_type": "sheltered_with_bus_stop_access_connector",
        "new_best_shortest_m": 85.4,
        "new_best_type": "bus_stop",
        "new_bus_routing_type": "sheltered_with_bus_stop_access_connector",
        "new_bus_shortest_m": 85.4,
        "new_bus_state": "SCORED",
        "new_state": "SCORED",
        "new_total": 59.4,
        "old_abs_pct_delta": 144.915,
        "old_direction": "project_longer_than_onemap",
        "old_onemap_walk_m": 234.0,
        "old_project_shortest_m": 573.1,
        "old_validation_best_node": "Blk 432C",
        "postal": "768308",
        "queue": "direct_bus_fallback_review",
        "source_artifact": "qa\\onemap_outlier_replay_bus_longer_profile_active_20260802.json",
        "source_flags": {
          "best_bridge_underpass_m": 0.0,
          "best_bus_stop_access_connector_m": 0.0,
          "best_direct_bus_fallback_m": 0.0,
          "best_inferred_hdb_m": 0.0,
          "best_official_lta_shelter_m": 0.0,
          "best_osm_shelter_m": 0.0,
          "best_top_source_layer_m": {
            "bus_stop_access_connector": 46.6,
            "unknown": 38.9
          },
          "bus_bus_stop_access_connector_m": 0.0,
          "bus_direct_bus_fallback_m": 0.0,
          "bus_top_source_layer_m": {
            "bus_stop_access_connector": 46.6,
            "unknown": 38.9
          }
        },
        "validation_area": "YISHUN",
        "validation_best_node_type": "bus_stop",
        "validation_direct_distance_m": 231.0,
        "validation_distance_sanity": "plausible",
        "validation_onemap_vs_direct_delta_m": 3.0
      },
      "type": "Feature"
    },
    {
      "geometry": {
        "coordinates": [
          [
            103.702616,
            1.333896
          ],
          [
            103.703381,
            1.33327
          ]
        ],
        "type": "LineString"
      },
      "properties": {
        "current_route_vs_validation_direct_sanity": "plausible",
        "direct_bus_fallback_reason": "implausible_graph_route_to_datamall_bus_stop_within_direct_radius",
        "endpoint_source": "postal_universe_to_transit_poi",
        "new_best_name": "Opp Blk 657 CP",
        "new_best_routing_type": "direct_bus_fallback_unrouted",
        "new_best_shortest_m": 197.1,
        "new_best_type": "bus_stop",
        "new_bus_routing_type": "direct_bus_fallback_unrouted",
        "new_bus_shortest_m": 197.1,
        "new_bus_state": "SCORED_PARTIAL",
        "new_state": "SCORED_PARTIAL",
        "new_total": 52.3,
        "old_abs_pct_delta": 143.869,
        "old_direction": "project_longer_than_onemap",
        "old_onemap_walk_m": 168.0,
        "old_project_shortest_m": 409.7,
        "old_validation_best_node": "Aft Fan Yoong Rd",
        "postal": "627662",
        "queue": "direct_bus_fallback_review",
        "source_artifact": "qa\\onemap_outlier_replay_bus_longer_profile_active_20260802.json",
        "source_flags": {
          "best_bridge_underpass_m": 0.0,
          "best_bus_stop_access_connector_m": 0.0,
          "best_direct_bus_fallback_m": 197.1,
          "best_inferred_hdb_m": 0.0,
          "best_official_lta_shelter_m": 0.0,
          "best_osm_shelter_m": 0.0,
          "best_top_source_layer_m": {
            "direct_bus_fallback": 197.1
          },
          "bus_bus_stop_access_connector_m": 0.0,
          "bus_direct_bus_fallback_m": 197.1,
          "bus_top_source_layer_m": {
            "direct_bus_fallback": 197.1
          }
        },
        "validation_area": "JURONG_WEST",
        "validation_best_node_type": "bus_stop",
        "validation_direct_distance_m": 109.9,
        "validation_distance_sanity": "plausible",
        "validation_onemap_vs_direct_delta_m": 58.1
      },
      "type": "Feature"
    },
    {
      "geometry": {
        "coordinates": [
          [
            103.813265,
            1.271642
          ],
          [
            103.813154,
            1.26994
          ]
        ],
        "type": "LineString"
      },
      "properties": {
        "current_route_vs_validation_direct_sanity": "current_route_slightly_shorter_than_validation_direct",
        "direct_bus_fallback_reason": "implausible_graph_route_to_datamall_bus_stop_within_direct_radius",
        "endpoint_source": "postal_universe_to_transit_poi",
        "new_best_name": "Opp Blk 55",
        "new_best_routing_type": "direct_bus_fallback_unrouted",
        "new_best_shortest_m": 178.6,
        "new_best_type": "bus_stop",
        "new_bus_routing_type": "direct_bus_fallback_unrouted",
        "new_bus_shortest_m": 178.6,
        "new_bus_state": "SCORED_PARTIAL",
        "new_state": "SCORED_PARTIAL",
        "new_total": 55.0,
        "old_abs_pct_delta": 137.342,
        "old_direction": "project_longer_than_onemap",
        "old_onemap_walk_m": 237.0,
        "old_project_shortest_m": 562.5,
        "old_validation_best_node": "Hotel Faber Pk",
        "postal": "099169",
        "queue": "direct_bus_fallback_review",
        "source_artifact": "qa\\onemap_outlier_replay_bus_longer_profile_active_20260802.json",
        "source_flags": {
          "best_bridge_underpass_m": 0.0,
          "best_bus_stop_access_connector_m": 0.0,
          "best_direct_bus_fallback_m": 178.6,
          "best_inferred_hdb_m": 0.0,
          "best_official_lta_shelter_m": 0.0,
          "best_osm_shelter_m": 0.0,
          "best_top_source_layer_m": {
            "direct_bus_fallback": 178.6
          },
          "bus_bus_stop_access_connector_m": 0.0,
          "bus_direct_bus_fallback_m": 178.6,
          "bus_top_source_layer_m": {
            "direct_bus_fallback": 178.6
          }
        },
        "validation_area": "BUKIT_MERAH",
        "validation_best_node_type": "bus_stop",
        "validation_direct_distance_m": 189.7,
        "validation_distance_sanity": "plausible",
        "validation_onemap_vs_direct_delta_m": 47.3
      },
      "type": "Feature"
    },
    {
      "geometry": {
        "coordinates": [
          [
            103.802831,
            1.306763
          ],
          [
            103.801852,
            1.305441
          ]
        ],
        "type": "LineString"
      },
      "properties": {
        "current_route_vs_validation_direct_sanity": "current_route_materially_shorter_than_validation_direct",
        "direct_bus_fallback_reason": "implausible_graph_route_to_datamall_bus_stop_within_direct_radius",
        "endpoint_source": "postal_universe_to_transit_poi",
        "new_best_name": "Blk 97",
        "new_best_routing_type": "direct_bus_fallback_unrouted",
        "new_best_shortest_m": 138.9,
        "new_best_type": "bus_stop",
        "new_bus_routing_type": "direct_bus_fallback_unrouted",
        "new_bus_shortest_m": 138.9,
        "new_bus_state": "SCORED_PARTIAL",
        "new_state": "SCORED_PARTIAL",
        "new_total": 55.0,
        "old_abs_pct_delta": 132.9,
        "old_direction": "project_longer_than_onemap",
        "old_onemap_walk_m": 231.0,
        "old_project_shortest_m": 538.0,
        "old_validation_best_node": "Opp Blk 95",
        "postal": "248430",
        "queue": "direct_bus_fallback_review",
        "source_artifact": "qa\\onemap_outlier_replay_bus_longer_profile_active_20260802.json",
        "source_flags": {
          "best_bridge_underpass_m": 0.0,
          "best_bus_stop_access_connector_m": 0.0,
          "best_direct_bus_fallback_m": 138.9,
          "best_inferred_hdb_m": 0.0,
          "best_official_lta_shelter_m": 0.0,
          "best_osm_shelter_m": 0.0,
          "best_top_source_layer_m": {
            "direct_bus_fallback": 138.9
          },
          "bus_bus_stop_access_connector_m": 0.0,
          "bus_direct_bus_fallback_m": 138.9,
          "bus_top_source_layer_m": {
            "direct_bus_fallback": 138.9
          }
        },
        "validation_area": "QUEENSTOWN",
        "validation_best_node_type": "bus_stop",
        "validation_direct_distance_m": 182.9,
        "validation_distance_sanity": "plausible",
        "validation_onemap_vs_direct_delta_m": 48.1
      },
      "type": "Feature"
    },
    {
      "geometry": {
        "coordinates": [
          [
            103.830135,
            1.379694
          ],
          [
            103.829441,
            1.378798
          ]
        ],
        "type": "LineString"
      },
      "properties": {
        "current_route_vs_validation_direct_sanity": "plausible",
        "direct_bus_fallback_reason": "implausible_graph_route_to_datamall_bus_stop_within_direct_radius",
        "endpoint_source": "postal_universe_to_transit_poi",
        "new_best_name": "Teachers' Housing Est",
        "new_best_routing_type": "sheltered_with_bus_stop_access_connector",
        "new_best_shortest_m": 208.0,
        "new_best_type": "bus_stop",
        "new_bus_routing_type": "sheltered_with_bus_stop_access_connector",
        "new_bus_shortest_m": 208.0,
        "new_bus_state": "SCORED",
        "new_state": "SCORED",
        "new_total": 60.0,
        "old_abs_pct_delta": 129.42,
        "old_direction": "project_longer_than_onemap",
        "old_onemap_walk_m": 207.0,
        "old_project_shortest_m": 474.9,
        "old_validation_best_node": "Teachers' Housing Est",
        "postal": "787680",
        "queue": "direct_bus_fallback_review",
        "source_artifact": "qa\\onemap_outlier_replay_bus_longer_profile_active_20260802.json",
        "source_flags": {
          "best_bridge_underpass_m": 0.0,
          "best_bus_stop_access_connector_m": 0.0,
          "best_direct_bus_fallback_m": 0.0,
          "best_inferred_hdb_m": 0.0,
          "best_official_lta_shelter_m": 0.0,
          "best_osm_shelter_m": 0.0,
          "best_top_source_layer_m": {
            "bus_stop_access_connector": 30.8,
            "unknown": 177.2
          },
          "bus_bus_stop_access_connector_m": 0.0,
          "bus_direct_bus_fallback_m": 0.0,
          "bus_top_source_layer_m": {
            "bus_stop_access_connector": 30.8,
            "unknown": 177.2
          }
        },
        "validation_area": "ANG_MO_KIO",
        "validation_best_node_type": "bus_stop",
        "validation_direct_distance_m": 126.0,
        "validation_distance_sanity": "plausible",
        "validation_onemap_vs_direct_delta_m": 81.0
      },
      "type": "Feature"
    },
    {
      "geometry": {
        "coordinates": [
          [
            103.773262,
            1.372012
          ],
          [
            103.772935,
            1.373551
          ]
        ],
        "type": "LineString"
      },
      "properties": {
        "current_route_vs_validation_direct_sanity": "current_route_slightly_shorter_than_validation_direct",
        "direct_bus_fallback_reason": "implausible_graph_route_to_datamall_bus_stop_within_direct_radius",
        "endpoint_source": "postal_universe_to_transit_poi",
        "new_best_name": "Blk 202",
        "new_best_routing_type": "direct_bus_fallback_unrouted",
        "new_best_shortest_m": 136.0,
        "new_best_type": "bus_stop",
        "new_bus_routing_type": "direct_bus_fallback_unrouted",
        "new_bus_shortest_m": 136.0,
        "new_bus_state": "SCORED_PARTIAL",
        "new_state": "SCORED_PARTIAL",
        "new_total": 55.0,
        "old_abs_pct_delta": 129.05,
        "old_direction": "project_longer_than_onemap",
        "old_onemap_walk_m": 221.0,
        "old_project_shortest_m": 506.2,
        "old_validation_best_node": "Opp Blk 219",
        "postal": "677768",
        "queue": "direct_bus_fallback_review",
        "source_artifact": "qa\\onemap_outlier_replay_bus_longer_profile_active_20260802.json",
        "source_flags": {
          "best_bridge_underpass_m": 0.0,
          "best_bus_stop_access_connector_m": 0.0,
          "best_direct_bus_fallback_m": 136.0,
          "best_inferred_hdb_m": 0.0,
          "best_official_lta_shelter_m": 0.0,
          "best_osm_shelter_m": 0.0,
          "best_top_source_layer_m": {
            "direct_bus_fallback": 136.0
          },
          "bus_bus_stop_access_connector_m": 0.0,
          "bus_direct_bus_fallback_m": 136.0,
          "bus_top_source_layer_m": {
            "direct_bus_fallback": 136.0
          }
        },
        "validation_area": "BUKIT_PANJANG",
        "validation_best_node_type": "bus_stop",
        "validation_direct_distance_m": 174.9,
        "validation_distance_sanity": "plausible",
        "validation_onemap_vs_direct_delta_m": 46.1
      },
      "type": "Feature"
    },
    {
      "geometry": {
        "coordinates": [
          [
            103.780253,
            1.41038
          ],
          [
            103.779686,
            1.410565
          ]
        ],
        "type": "LineString"
      },
      "properties": {
        "current_route_vs_validation_direct_sanity": "plausible",
        "direct_bus_fallback_reason": "implausible_graph_route_to_datamall_bus_stop_within_direct_radius",
        "endpoint_source": "postal_universe_to_transit_poi",
        "new_best_name": "Bef Mandai Lake Rd",
        "new_best_routing_type": "direct_bus_fallback_unrouted",
        "new_best_shortest_m": 66.4,
        "new_best_type": "bus_stop",
        "new_bus_routing_type": "direct_bus_fallback_unrouted",
        "new_bus_shortest_m": 66.4,
        "new_bus_state": "SCORED_PARTIAL",
        "new_state": "SCORED_PARTIAL",
        "new_total": 54.2,
        "old_abs_pct_delta": 124.466,
        "old_direction": "project_longer_than_onemap",
        "old_onemap_walk_m": 253.0,
        "old_project_shortest_m": 567.9,
        "old_validation_best_node": "Bef Mandai Lake Rd",
        "postal": "729761",
        "queue": "direct_bus_fallback_review",
        "source_artifact": "qa\\onemap_outlier_replay_bus_longer_profile_active_20260802.json",
        "source_flags": {
          "best_bridge_underpass_m": 0.0,
          "best_bus_stop_access_connector_m": 0.0,
          "best_direct_bus_fallback_m": 66.4,
          "best_inferred_hdb_m": 0.0,
          "best_official_lta_shelter_m": 0.0,
          "best_osm_shelter_m": 0.0,
          "best_top_source_layer_m": {
            "direct_bus_fallback": 66.4
          },
          "bus_bus_stop_access_connector_m": 0.0,
          "bus_direct_bus_fallback_m": 66.4,
          "bus_top_source_layer_m": {
            "direct_bus_fallback": 66.4
          }
        },
        "validation_area": "CENTRAL_WATER_CATCHMENT",
        "validation_best_node_type": "bus_stop",
        "validation_direct_distance_m": 66.3,
        "validation_distance_sanity": "plausible",
        "validation_onemap_vs_direct_delta_m": 186.7
      },
      "type": "Feature"
    },
    {
      "geometry": {
        "coordinates": [
          [
            103.890101,
            1.346319
          ],
          [
            103.889989,
            1.347631
          ]
        ],
        "type": "LineString"
      },
      "properties": {
        "current_route_vs_validation_direct_sanity": "plausible",
        "direct_bus_fallback_reason": "implausible_graph_route_to_datamall_bus_stop_within_direct_radius",
        "endpoint_source": "postal_universe_to_transit_poi",
        "new_best_name": "Bef S'pore Girls' Hme",
        "new_best_routing_type": "direct_bus_fallback_unrouted",
        "new_best_shortest_m": 156.1,
        "new_best_type": "bus_stop",
        "new_bus_routing_type": "direct_bus_fallback_unrouted",
        "new_bus_shortest_m": 156.1,
        "new_bus_state": "SCORED_PARTIAL",
        "new_state": "SCORED_PARTIAL",
        "new_total": 55.0,
        "old_abs_pct_delta": 124.314,
        "old_direction": "project_longer_than_onemap",
        "old_onemap_walk_m": 153.0,
        "old_project_shortest_m": 343.2,
        "old_validation_best_node": "Opp S'pore Girls' Hme",
        "postal": "530180",
        "queue": "direct_bus_fallback_review",
        "source_artifact": "qa\\onemap_outlier_replay_bus_longer_profile_active_20260802.json",
        "source_flags": {
          "best_bridge_underpass_m": 0.0,
          "best_bus_stop_access_connector_m": 0.0,
          "best_direct_bus_fallback_m": 156.1,
          "best_inferred_hdb_m": 0.0,
          "best_official_lta_shelter_m": 0.0,
          "best_osm_shelter_m": 0.0,
          "best_top_source_layer_m": {
            "direct_bus_fallback": 156.1
          },
          "bus_bus_stop_access_connector_m": 0.0,
          "bus_direct_bus_fallback_m": 156.1,
          "bus_top_source_layer_m": {
            "direct_bus_fallback": 156.1
          }
        },
        "validation_area": "HOUGANG",
        "validation_best_node_type": "bus_stop",
        "validation_direct_distance_m": 146.4,
        "validation_distance_sanity": "plausible",
        "validation_onemap_vs_direct_delta_m": 6.6
      },
      "type": "Feature"
    },
    {
      "geometry": {
        "coordinates": [
          [
            103.934971,
            1.379984
          ],
          [
            103.936187,
            1.378372
          ]
        ],
        "type": "LineString"
      },
      "properties": {
        "current_route_vs_validation_direct_sanity": "current_route_materially_shorter_than_validation_direct",
        "direct_bus_fallback_reason": "implausible_graph_route_to_datamall_bus_stop_within_direct_radius",
        "endpoint_source": "postal_universe_to_transit_poi",
        "new_best_name": "Aft Pasir Ris St 72",
        "new_best_routing_type": "sheltered_with_bus_stop_access_connector",
        "new_best_shortest_m": 132.4,
        "new_best_type": "bus_stop",
        "new_bus_routing_type": "sheltered_with_bus_stop_access_connector",
        "new_bus_shortest_m": 132.4,
        "new_bus_state": "SCORED",
        "new_state": "SCORED",
        "new_total": 60.0,
        "old_abs_pct_delta": 124.313,
        "old_direction": "project_longer_than_onemap",
        "old_onemap_walk_m": 313.0,
        "old_project_shortest_m": 702.1,
        "old_validation_best_node": "Blk 740",
        "postal": "518766",
        "queue": "direct_bus_fallback_review",
        "source_artifact": "qa\\onemap_outlier_replay_bus_longer_profile_active_20260802.json",
        "source_flags": {
          "best_bridge_underpass_m": 0.0,
          "best_bus_stop_access_connector_m": 0.0,
          "best_direct_bus_fallback_m": 0.0,
          "best_inferred_hdb_m": 0.0,
          "best_official_lta_shelter_m": 0.0,
          "best_osm_shelter_m": 0.0,
          "best_top_source_layer_m": {
            "bus_stop_access_connector": 33.0,
            "unknown": 99.4
          },
          "bus_bus_stop_access_connector_m": 0.0,
          "bus_direct_bus_fallback_m": 0.0,
          "bus_top_source_layer_m": {
            "bus_stop_access_connector": 33.0,
            "unknown": 99.4
          }
        },
        "validation_area": "PASIR_RIS",
        "validation_best_node_type": "bus_stop",
        "validation_direct_distance_m": 224.5,
        "validation_distance_sanity": "plausible",
        "validation_onemap_vs_direct_delta_m": 88.5
      },
      "type": "Feature"
    },
    {
      "geometry": {
        "coordinates": [
          [
            103.718602,
            1.342802
          ],
          [
            103.719266,
            1.344324
          ]
        ],
        "type": "LineString"
      },
      "properties": {
        "current_route_vs_validation_direct_sanity": "plausible",
        "direct_bus_fallback_reason": "implausible_graph_route_to_datamall_bus_stop_within_direct_radius",
        "endpoint_source": "postal_universe_to_transit_poi",
        "new_best_name": "Opp Lakeside Stn",
        "new_best_routing_type": "direct_bus_fallback_unrouted",
        "new_best_shortest_m": 183.8,
        "new_best_type": "bus_stop",
        "new_bus_routing_type": "direct_bus_fallback_unrouted",
        "new_bus_shortest_m": 183.8,
        "new_bus_state": "SCORED_PARTIAL",
        "new_state": "SCORED_PARTIAL",
        "new_total": 55.0,
        "old_abs_pct_delta": 118.85,
        "old_direction": "project_longer_than_onemap",
        "old_onemap_walk_m": 461.0,
        "old_project_shortest_m": 1008.9,
        "old_validation_best_node": "Opp Lakeside Stn",
        "postal": "648320",
        "queue": "direct_bus_fallback_review",
        "source_artifact": "qa\\onemap_outlier_replay_bus_longer_profile_active_20260802.json",
        "source_flags": {
          "best_bridge_underpass_m": 0.0,
          "best_bus_stop_access_connector_m": 0.0,
          "best_direct_bus_fallback_m": 183.8,
          "best_inferred_hdb_m": 0.0,
          "best_official_lta_shelter_m": 0.0,
          "best_osm_shelter_m": 0.0,
          "best_top_source_layer_m": {
            "direct_bus_fallback": 183.8
          },
          "bus_bus_stop_access_connector_m": 0.0,
          "bus_direct_bus_fallback_m": 183.8,
          "bus_top_source_layer_m": {
            "direct_bus_fallback": 183.8
          }
        },
        "validation_area": "JURONG_WEST",
        "validation_best_node_type": "bus_stop",
        "validation_direct_distance_m": 184.6,
        "validation_distance_sanity": "plausible",
        "validation_onemap_vs_direct_delta_m": 276.4
      },
      "type": "Feature"
    },
    {
      "geometry": {
        "coordinates": [
          [
            103.700623,
            1.352167
          ],
          [
            103.701079,
            1.350532
          ]
        ],
        "type": "LineString"
      },
      "properties": {
        "current_route_vs_validation_direct_sanity": "current_route_materially_shorter_than_validation_direct",
        "direct_bus_fallback_reason": "implausible_graph_route_to_datamall_bus_stop_within_direct_radius",
        "endpoint_source": "postal_universe_to_transit_poi",
        "new_best_name": "Opp Westwood Sec Sch",
        "new_best_routing_type": "direct_bus_fallback_unrouted",
        "new_best_shortest_m": 72.5,
        "new_best_type": "bus_stop",
        "new_bus_routing_type": "direct_bus_fallback_unrouted",
        "new_bus_shortest_m": 72.5,
        "new_bus_state": "SCORED_PARTIAL",
        "new_state": "SCORED_PARTIAL",
        "new_total": 55.0,
        "old_abs_pct_delta": 118.456,
        "old_direction": "project_longer_than_onemap",
        "old_onemap_walk_m": 298.0,
        "old_project_shortest_m": 651.0,
        "old_validation_best_node": "Aft Westwood Ave",
        "postal": "648802",
        "queue": "direct_bus_fallback_review",
        "source_artifact": "qa\\onemap_outlier_replay_bus_longer_profile_active_20260802.json",
        "source_flags": {
          "best_bridge_underpass_m": 0.0,
          "best_bus_stop_access_connector_m": 0.0,
          "best_direct_bus_fallback_m": 72.5,
          "best_inferred_hdb_m": 0.0,
          "best_official_lta_shelter_m": 0.0,
          "best_osm_shelter_m": 0.0,
          "best_top_source_layer_m": {
            "direct_bus_fallback": 72.5
          },
          "bus_bus_stop_access_connector_m": 0.0,
          "bus_direct_bus_fallback_m": 72.5,
          "bus_top_source_layer_m": {
            "direct_bus_fallback": 72.5
          }
        },
        "validation_area": "JURONG_WEST",
        "validation_best_node_type": "bus_stop",
        "validation_direct_distance_m": 188.7,
        "validation_distance_sanity": "plausible",
        "validation_onemap_vs_direct_delta_m": 109.3
      },
      "type": "Feature"
    },
    {
      "geometry": {
        "coordinates": [
          [
            103.700203,
            1.352195
          ],
          [
            103.701079,
            1.350532
          ]
        ],
        "type": "LineString"
      },
      "properties": {
        "current_route_vs_validation_direct_sanity": "current_route_materially_shorter_than_validation_direct",
        "direct_bus_fallback_reason": "implausible_graph_route_to_datamall_bus_stop_within_direct_radius",
        "endpoint_source": "postal_universe_to_transit_poi",
        "new_best_name": "Opp Westwood Sec Sch",
        "new_best_routing_type": "direct_bus_fallback_unrouted",
        "new_best_shortest_m": 110.8,
        "new_best_type": "bus_stop",
        "new_bus_routing_type": "direct_bus_fallback_unrouted",
        "new_bus_shortest_m": 110.8,
        "new_bus_state": "SCORED_PARTIAL",
        "new_state": "SCORED_PARTIAL",
        "new_total": 55.0,
        "old_abs_pct_delta": 115.506,
        "old_direction": "project_longer_than_onemap",
        "old_onemap_walk_m": 247.0,
        "old_project_shortest_m": 532.3,
        "old_validation_best_node": "Aft Westwood Ave",
        "postal": "648726",
        "queue": "direct_bus_fallback_review",
        "source_artifact": "qa\\onemap_outlier_replay_bus_longer_profile_active_20260802.json",
        "source_flags": {
          "best_bridge_underpass_m": 0.0,
          "best_bus_stop_access_connector_m": 0.0,
          "best_direct_bus_fallback_m": 110.8,
          "best_inferred_hdb_m": 0.0,
          "best_official_lta_shelter_m": 0.0,
          "best_osm_shelter_m": 0.0,
          "best_top_source_layer_m": {
            "direct_bus_fallback": 110.8
          },
          "bus_bus_stop_access_connector_m": 0.0,
          "bus_direct_bus_fallback_m": 110.8,
          "bus_top_source_layer_m": {
            "direct_bus_fallback": 110.8
          }
        },
        "validation_area": "JURONG_WEST",
        "validation_best_node_type": "bus_stop",
        "validation_direct_distance_m": 209.0,
        "validation_distance_sanity": "plausible",
        "validation_onemap_vs_direct_delta_m": 38.0
      },
      "type": "Feature"
    },
    {
      "geometry": {
        "coordinates": [
          [
            103.717439,
            1.339377
          ],
          [
            103.71932,
            1.338364
          ]
        ],
        "type": "LineString"
      },
      "properties": {
        "current_route_vs_validation_direct_sanity": "current_route_materially_shorter_than_validation_direct",
        "direct_bus_fallback_reason": "implausible_graph_route_to_datamall_bus_stop_within_direct_radius",
        "endpoint_source": "postal_universe_to_transit_poi",
        "new_best_name": "Lakepoint Condo",
        "new_best_routing_type": "direct_bus_fallback_unrouted",
        "new_best_shortest_m": 153.9,
        "new_best_type": "bus_stop",
        "new_bus_routing_type": "direct_bus_fallback_unrouted",
        "new_bus_shortest_m": 153.9,
        "new_bus_state": "SCORED_PARTIAL",
        "new_state": "SCORED_PARTIAL",
        "new_total": 55.0,
        "old_abs_pct_delta": 112.73,
        "old_direction": "project_longer_than_onemap",
        "old_onemap_walk_m": 348.0,
        "old_project_shortest_m": 740.3,
        "old_validation_best_node": "Blk 367",
        "postal": "618380",
        "queue": "direct_bus_fallback_review",
        "source_artifact": "qa\\onemap_outlier_replay_bus_longer_profile_active_20260802.json",
        "source_flags": {
          "best_bridge_underpass_m": 0.0,
          "best_bus_stop_access_connector_m": 0.0,
          "best_direct_bus_fallback_m": 153.9,
          "best_inferred_hdb_m": 0.0,
          "best_official_lta_shelter_m": 0.0,
          "best_osm_shelter_m": 0.0,
          "best_top_source_layer_m": {
            "direct_bus_fallback": 153.9
          },
          "bus_bus_stop_access_connector_m": 0.0,
          "bus_direct_bus_fallback_m": 153.9,
          "bus_top_source_layer_m": {
            "direct_bus_fallback": 153.9
          }
        },
        "validation_area": "JURONG_WEST",
        "validation_best_node_type": "bus_stop",
        "validation_direct_distance_m": 237.5,
        "validation_distance_sanity": "plausible",
        "validation_onemap_vs_direct_delta_m": 110.5
      },
      "type": "Feature"
    },
    {
      "geometry": {
        "coordinates": [
          [
            103.940453,
            1.381107
          ],
          [
            103.942686,
            1.380057
          ]
        ],
        "type": "LineString"
      },
      "properties": {
        "current_route_vs_validation_direct_sanity": "current_route_materially_shorter_than_validation_direct",
        "direct_bus_fallback_reason": "implausible_graph_route_to_datamall_bus_stop_within_direct_radius",
        "endpoint_source": "postal_universe_to_transit_poi",
        "new_best_name": "Opp Blk 626",
        "new_best_routing_type": "direct_bus_fallback_unrouted",
        "new_best_shortest_m": 62.5,
        "new_best_type": "bus_stop",
        "new_bus_routing_type": "direct_bus_fallback_unrouted",
        "new_bus_shortest_m": 62.5,
        "new_bus_state": "SCORED_PARTIAL",
        "new_state": "SCORED_PARTIAL",
        "new_total": 55.0,
        "old_abs_pct_delta": 109.27,
        "old_direction": "project_longer_than_onemap",
        "old_onemap_walk_m": 356.0,
        "old_project_shortest_m": 745.0,
        "old_validation_best_node": "Bef Pasir Ris Dr 3",
        "postal": "519285",
        "queue": "direct_bus_fallback_review",
        "source_artifact": "qa\\onemap_outlier_replay_bus_longer_profile_active_20260802.json",
        "source_flags": {
          "best_bridge_underpass_m": 0.0,
          "best_bus_stop_access_connector_m": 0.0,
          "best_direct_bus_fallback_m": 62.5,
          "best_inferred_hdb_m": 0.0,
          "best_official_lta_shelter_m": 0.0,
          "best_osm_shelter_m": 0.0,
          "best_top_source_layer_m": {
            "direct_bus_fallback": 62.5
          },
          "bus_bus_stop_access_connector_m": 0.0,
          "bus_direct_bus_fallback_m": 62.5,
          "bus_top_source_layer_m": {
            "direct_bus_fallback": 62.5
          }
        },
        "validation_area": "PASIR_RIS",
        "validation_best_node_type": "bus_stop",
        "validation_direct_distance_m": 274.3,
        "validation_distance_sanity": "plausible",
        "validation_onemap_vs_direct_delta_m": 81.7
      },
      "type": "Feature"
    },
    {
      "geometry": {
        "coordinates": [
          [
            103.794684,
            1.445837
          ],
          [
            103.794919,
            1.446689
          ]
        ],
        "type": "LineString"
      },
      "properties": {
        "current_route_vs_validation_direct_sanity": "plausible",
        "direct_bus_fallback_reason": "implausible_graph_route_to_datamall_bus_stop_within_direct_radius",
        "endpoint_source": "postal_universe_to_transit_poi",
        "new_best_name": "Blk 880",
        "new_best_routing_type": "sheltered",
        "new_best_shortest_m": 346.2,
        "new_best_type": "bus_stop",
        "new_bus_routing_type": "sheltered",
        "new_bus_shortest_m": 346.2,
        "new_bus_state": "SCORED",
        "new_state": "SCORED",
        "new_total": 69.5,
        "old_abs_pct_delta": 109.221,
        "old_direction": "project_longer_than_onemap",
        "old_onemap_walk_m": 154.0,
        "old_project_shortest_m": 322.2,
        "old_validation_best_node": "Blk 759",
        "postal": "730753",
        "queue": "direct_bus_fallback_review",
        "source_artifact": "qa\\onemap_outlier_replay_bus_longer_profile_active_20260802.json",
        "source_flags": {
          "best_bridge_underpass_m": 0.0,
          "best_bus_stop_access_connector_m": 0.0,
          "best_direct_bus_fallback_m": 0.0,
          "best_inferred_hdb_m": 238.0,
          "best_official_lta_shelter_m": 0.0,
          "best_osm_shelter_m": 0.0,
          "best_top_source_layer_m": {
            "inferred_hdb_point_footway": 154.3,
            "inferred_hdb_precinct": 48.0,
            "inferred_hdb_void_deck": 35.7,
            "unknown": 108.3
          },
          "bus_bus_stop_access_connector_m": 0.0,
          "bus_direct_bus_fallback_m": 0.0,
          "bus_top_source_layer_m": {
            "inferred_hdb_point_footway": 154.3,
            "inferred_hdb_precinct": 48.0,
            "inferred_hdb_void_deck": 35.7,
            "unknown": 108.3
          }
        },
        "validation_area": "WOODLANDS",
        "validation_best_node_type": "bus_stop",
        "validation_direct_distance_m": 98.3,
        "validation_distance_sanity": "plausible",
        "validation_onemap_vs_direct_delta_m": 55.7
      },
      "type": "Feature"
    },
    {
      "geometry": {
        "coordinates": [
          [
            103.768146,
            1.360504
          ],
          [
            103.76705,
            1.359101
          ]
        ],
        "type": "LineString"
      },
      "properties": {
        "current_route_vs_validation_direct_sanity": "plausible",
        "direct_bus_fallback_reason": "implausible_graph_route_to_datamall_bus_stop_within_direct_radius",
        "endpoint_source": "postal_universe_to_transit_poi",
        "new_best_name": "Opp The Rail Mall",
        "new_best_routing_type": "direct_bus_fallback_unrouted",
        "new_best_shortest_m": 197.2,
        "new_best_type": "bus_stop",
        "new_bus_routing_type": "direct_bus_fallback_unrouted",
        "new_bus_shortest_m": 197.2,
        "new_bus_state": "SCORED_PARTIAL",
        "new_state": "SCORED_PARTIAL",
        "new_total": 55.0,
        "old_abs_pct_delta": 108.173,
        "old_direction": "project_longer_than_onemap",
        "old_onemap_walk_m": 323.0,
        "old_project_shortest_m": 672.4,
        "old_validation_best_node": "Opp The Rail Mall",
        "postal": "678799",
        "queue": "direct_bus_fallback_review",
        "source_artifact": "qa\\onemap_outlier_replay_bus_longer_profile_active_20260802.json",
        "source_flags": {
          "best_bridge_underpass_m": 0.0,
          "best_bus_stop_access_connector_m": 0.0,
          "best_direct_bus_fallback_m": 197.2,
          "best_inferred_hdb_m": 0.0,
          "best_official_lta_shelter_m": 0.0,
          "best_osm_shelter_m": 0.0,
          "best_top_source_layer_m": {
            "direct_bus_fallback": 197.2
          },
          "bus_bus_stop_access_connector_m": 0.0,
          "bus_direct_bus_fallback_m": 197.2,
          "bus_top_source_layer_m": {
            "direct_bus_fallback": 197.2
          }
        },
        "validation_area": "BUKIT_PANJANG",
        "validation_best_node_type": "bus_stop",
        "validation_direct_distance_m": 197.9,
        "validation_distance_sanity": "plausible",
        "validation_onemap_vs_direct_delta_m": 125.1
      },
      "type": "Feature"
    },
    {
      "geometry": {
        "coordinates": [
          [
            103.881609,
            1.385952
          ],
          [
            103.880704,
            1.38403
          ]
        ],
        "type": "LineString"
      },
      "properties": {
        "current_route_vs_validation_direct_sanity": "plausible",
        "direct_bus_fallback_reason": "implausible_graph_route_to_datamall_bus_stop_within_direct_radius",
        "endpoint_source": "postal_universe_to_transit_poi",
        "new_best_name": "Blk 998B",
        "new_best_routing_type": "sheltered",
        "new_best_shortest_m": 390.7,
        "new_best_type": "bus_stop",
        "new_bus_routing_type": "sheltered",
        "new_bus_shortest_m": 390.7,
        "new_bus_state": "SCORED",
        "new_state": "SCORED",
        "new_total": 75.8,
        "old_abs_pct_delta": 107.819,
        "old_direction": "project_longer_than_onemap",
        "old_onemap_walk_m": 188.0,
        "old_project_shortest_m": 390.7,
        "old_validation_best_node": "Blk 998B",
        "postal": "532997",
        "queue": "direct_bus_fallback_review",
        "source_artifact": "qa\\onemap_outlier_replay_bus_longer_profile_active_20260802.json",
        "source_flags": {
          "best_bridge_underpass_m": 0.0,
          "best_bus_stop_access_connector_m": 0.0,
          "best_direct_bus_fallback_m": 0.0,
          "best_inferred_hdb_m": 307.9,
          "best_official_lta_shelter_m": 0.0,
          "best_osm_shelter_m": 0.0,
          "best_top_source_layer_m": {
            "inferred_hdb_point_footway": 77.3,
            "inferred_hdb_precinct": 193.2,
            "inferred_hdb_void_deck": 37.4,
            "unknown": 82.8
          },
          "bus_bus_stop_access_connector_m": 0.0,
          "bus_direct_bus_fallback_m": 0.0,
          "bus_top_source_layer_m": {
            "inferred_hdb_point_footway": 77.3,
            "inferred_hdb_precinct": 193.2,
            "inferred_hdb_void_deck": 37.4,
            "unknown": 82.8
          }
        },
        "validation_area": "HOUGANG",
        "validation_best_node_type": "bus_stop",
        "validation_direct_distance_m": 236.2,
        "validation_distance_sanity": "onemap_slightly_shorter_than_direct",
        "validation_onemap_vs_direct_delta_m": -48.2
      },
      "type": "Feature"
    },
    {
      "geometry": {
        "coordinates": [
          [
            103.903923,
            1.395069
          ],
          [
            103.9054,
            1.395274
          ]
        ],
        "type": "LineString"
      },
      "properties": {
        "current_route_vs_validation_direct_sanity": "plausible",
        "direct_bus_fallback_reason": "implausible_graph_route_to_datamall_bus_stop_within_direct_radius",
        "endpoint_source": "postal_universe_to_transit_poi",
        "new_best_name": "Blk 190C",
        "new_best_routing_type": "direct_bus_fallback_unrouted",
        "new_best_shortest_m": 173.0,
        "new_best_type": "bus_stop",
        "new_bus_routing_type": "direct_bus_fallback_unrouted",
        "new_bus_shortest_m": 173.0,
        "new_bus_state": "SCORED_PARTIAL",
        "new_state": "SCORED_PARTIAL",
        "new_total": 55.0,
        "old_abs_pct_delta": 103.32,
        "old_direction": "project_longer_than_onemap",
        "old_onemap_walk_m": 244.0,
        "old_project_shortest_m": 496.1,
        "old_validation_best_node": "Bef Punggol Rd",
        "postal": "544188",
        "queue": "direct_bus_fallback_review",
        "source_artifact": "qa\\onemap_outlier_replay_bus_longer_profile_active_20260802.json",
        "source_flags": {
          "best_bridge_underpass_m": 0.0,
          "best_bus_stop_access_connector_m": 0.0,
          "best_direct_bus_fallback_m": 173.0,
          "best_inferred_hdb_m": 0.0,
          "best_official_lta_shelter_m": 0.0,
          "best_osm_shelter_m": 0.0,
          "best_top_source_layer_m": {
            "direct_bus_fallback": 173.0
          },
          "bus_bus_stop_access_connector_m": 0.0,
          "bus_direct_bus_fallback_m": 173.0,
          "bus_top_source_layer_m": {
            "direct_bus_fallback": 173.0
          }
        },
        "validation_area": "SENGKANG",
        "validation_best_node_type": "bus_stop",
        "validation_direct_distance_m": 165.8,
        "validation_distance_sanity": "plausible",
        "validation_onemap_vs_direct_delta_m": 78.2
      },
      "type": "Feature"
    },
    {
      "geometry": {
        "coordinates": [
          [
            103.768341,
            1.359413
          ],
          [
            103.76705,
            1.359101
          ]
        ],
        "type": "LineString"
      },
      "properties": {
        "current_route_vs_validation_direct_sanity": "plausible",
        "direct_bus_fallback_reason": "implausible_graph_route_to_datamall_bus_stop_within_direct_radius",
        "endpoint_source": "postal_universe_to_transit_poi",
        "new_best_name": "Opp The Rail Mall",
        "new_best_routing_type": "direct_bus_fallback_unrouted",
        "new_best_shortest_m": 147.7,
        "new_best_type": "bus_stop",
        "new_bus_routing_type": "direct_bus_fallback_unrouted",
        "new_bus_shortest_m": 147.7,
        "new_bus_state": "SCORED_PARTIAL",
        "new_state": "SCORED_PARTIAL",
        "new_total": 55.0,
        "old_abs_pct_delta": 101.93,
        "old_direction": "project_longer_than_onemap",
        "old_onemap_walk_m": 285.0,
        "old_project_shortest_m": 575.5,
        "old_validation_best_node": "Opp The Rail Mall",
        "postal": "678417",
        "queue": "direct_bus_fallback_review",
        "source_artifact": "qa\\onemap_outlier_replay_bus_longer_profile_active_20260802.json",
        "source_flags": {
          "best_bridge_underpass_m": 0.0,
          "best_bus_stop_access_connector_m": 0.0,
          "best_direct_bus_fallback_m": 147.7,
          "best_inferred_hdb_m": 0.0,
          "best_official_lta_shelter_m": 0.0,
          "best_osm_shelter_m": 0.0,
          "best_top_source_layer_m": {
            "direct_bus_fallback": 147.7
          },
          "bus_bus_stop_access_connector_m": 0.0,
          "bus_direct_bus_fallback_m": 147.7,
          "bus_top_source_layer_m": {
            "direct_bus_fallback": 147.7
          }
        },
        "validation_area": "BUKIT_PANJANG",
        "validation_best_node_type": "bus_stop",
        "validation_direct_distance_m": 147.6,
        "validation_distance_sanity": "plausible",
        "validation_onemap_vs_direct_delta_m": 137.4
      },
      "type": "Feature"
    },
    {
      "geometry": {
        "coordinates": [
          [
            103.771865,
            1.440706
          ],
          [
            103.771087,
            1.441809
          ]
        ],
        "type": "LineString"
      },
      "properties": {
        "current_route_vs_validation_direct_sanity": "plausible",
        "direct_bus_fallback_reason": "implausible_graph_route_to_datamall_bus_stop_within_direct_radius",
        "endpoint_source": "postal_universe_to_transit_poi",
        "new_best_name": "Blk 25",
        "new_best_routing_type": "sheltered",
        "new_best_shortest_m": 425.4,
        "new_best_type": "bus_stop",
        "new_bus_routing_type": "sheltered",
        "new_bus_shortest_m": 425.4,
        "new_bus_state": "SCORED",
        "new_state": "SCORED",
        "new_total": 83.8,
        "old_abs_pct_delta": 101.611,
        "old_direction": "project_longer_than_onemap",
        "old_onemap_walk_m": 211.0,
        "old_project_shortest_m": 425.4,
        "old_validation_best_node": "Blk 25",
        "postal": "739983",
        "queue": "direct_bus_fallback_review",
        "source_artifact": "qa\\onemap_outlier_replay_bus_longer_profile_active_20260802.json",
        "source_flags": {
          "best_bridge_underpass_m": 0.0,
          "best_bus_stop_access_connector_m": 0.0,
          "best_direct_bus_fallback_m": 0.0,
          "best_inferred_hdb_m": 68.4,
          "best_official_lta_shelter_m": 58.0,
          "best_osm_shelter_m": 137.9,
          "best_top_source_layer_m": {
            "covered_linkway": 58.0,
            "inferred_hdb_precinct": 68.4,
            "osm_explicit_shelter": 3.6,
            "osm_native_covered": 134.3,
            "unknown": 161.1
          },
          "bus_bus_stop_access_connector_m": 0.0,
          "bus_direct_bus_fallback_m": 0.0,
          "bus_top_source_layer_m": {
            "covered_linkway": 58.0,
            "inferred_hdb_precinct": 68.4,
            "osm_explicit_shelter": 3.6,
            "osm_native_covered": 134.3,
            "unknown": 161.1
          }
        },
        "validation_area": "WOODLANDS",
        "validation_best_node_type": "bus_stop",
        "validation_direct_distance_m": 150.1,
        "validation_distance_sanity": "plausible",
        "validation_onemap_vs_direct_delta_m": 60.9
      },
      "type": "Feature"
    },
    {
      "geometry": {
        "coordinates": [
          [
            103.954343,
            1.340154
          ],
          [
            103.953466,
            1.342262
          ]
        ],
        "type": "LineString"
      },
      "properties": {
        "current_route_vs_validation_direct_sanity": "current_route_slightly_shorter_than_validation_direct",
        "direct_bus_fallback_reason": "implausible_graph_route_to_datamall_bus_stop_within_direct_radius",
        "endpoint_source": "postal_universe_to_transit_poi",
        "new_best_name": "Opp Simei Stn",
        "new_best_routing_type": "direct_bus_fallback_unrouted",
        "new_best_shortest_m": 234.9,
        "new_best_type": "bus_stop",
        "new_bus_routing_type": "direct_bus_fallback_unrouted",
        "new_bus_shortest_m": 234.9,
        "new_bus_state": "SCORED_PARTIAL",
        "new_state": "SCORED_PARTIAL",
        "new_total": 55.0,
        "old_abs_pct_delta": 98.811,
        "old_direction": "project_longer_than_onemap",
        "old_onemap_walk_m": 429.0,
        "old_project_shortest_m": 852.9,
        "old_validation_best_node": "Simei Stn",
        "postal": "489368",
        "queue": "direct_bus_fallback_review",
        "source_artifact": "qa\\onemap_outlier_replay_bus_longer_profile_active_20260802.json",
        "source_flags": {
          "best_bridge_underpass_m": 0.0,
          "best_bus_stop_access_connector_m": 0.0,
          "best_direct_bus_fallback_m": 234.9,
          "best_inferred_hdb_m": 0.0,
          "best_official_lta_shelter_m": 0.0,
          "best_osm_shelter_m": 0.0,
          "best_top_source_layer_m": {
            "direct_bus_fallback": 234.9
          },
          "bus_bus_stop_access_connector_m": 0.0,
          "bus_direct_bus_fallback_m": 234.9,
          "bus_top_source_layer_m": {
            "direct_bus_fallback": 234.9
          }
        },
        "validation_area": "TAMPINES",
        "validation_best_node_type": "bus_stop",
        "validation_direct_distance_m": 253.9,
        "validation_distance_sanity": "plausible",
        "validation_onemap_vs_direct_delta_m": 175.1
      },
      "type": "Feature"
    },
    {
      "geometry": {
        "coordinates": [
          [
            103.901537,
            1.325965
          ],
          [
            103.900219,
            1.326801
          ]
        ],
        "type": "LineString"
      },
      "properties": {
        "current_route_vs_validation_direct_sanity": "plausible",
        "direct_bus_fallback_reason": "implausible_graph_route_to_datamall_bus_stop_within_direct_radius",
        "endpoint_source": "postal_universe_to_transit_poi",
        "new_best_name": "Opp Blk 343",
        "new_best_routing_type": "sheltered",
        "new_best_shortest_m": 487.2,
        "new_best_type": "bus_stop",
        "new_bus_routing_type": "sheltered",
        "new_bus_shortest_m": 487.2,
        "new_bus_state": "SCORED",
        "new_state": "SCORED",
        "new_total": 63.6,
        "old_abs_pct_delta": 96.452,
        "old_direction": "project_longer_than_onemap",
        "old_onemap_walk_m": 248.0,
        "old_project_shortest_m": 487.2,
        "old_validation_best_node": "Opp Blk 343",
        "postal": "400337",
        "queue": "direct_bus_fallback_review",
        "source_artifact": "qa\\onemap_outlier_replay_bus_longer_profile_active_20260802.json",
        "source_flags": {
          "best_bridge_underpass_m": 0.0,
          "best_bus_stop_access_connector_m": 0.0,
          "best_direct_bus_fallback_m": 0.0,
          "best_inferred_hdb_m": 131.8,
          "best_official_lta_shelter_m": 0.0,
          "best_osm_shelter_m": 169.6,
          "best_top_source_layer_m": {
            "inferred_hdb_precinct": 131.8,
            "osm_native_covered": 169.6,
            "unknown": 185.8
          },
          "bus_bus_stop_access_connector_m": 0.0,
          "bus_direct_bus_fallback_m": 0.0,
          "bus_top_source_layer_m": {
            "inferred_hdb_precinct": 131.8,
            "osm_native_covered": 169.6,
            "unknown": 185.8
          }
        },
        "validation_area": "GEYLANG",
        "validation_best_node_type": "bus_stop",
        "validation_direct_distance_m": 173.5,
        "validation_distance_sanity": "plausible",
        "validation_onemap_vs_direct_delta_m": 74.5
      },
      "type": "Feature"
    },
    {
      "geometry": {
        "coordinates": [
          [
            103.873356,
            1.39648
          ],
          [
            103.873073,
            1.39705
          ]
        ],
        "type": "LineString"
      },
      "properties": {
        "current_route_vs_validation_direct_sanity": "plausible",
        "direct_bus_fallback_reason": "implausible_graph_route_to_datamall_bus_stop_within_direct_radius",
        "endpoint_source": "postal_universe_to_transit_poi",
        "new_best_name": "Jln Kayu Shophouse",
        "new_best_routing_type": "sheltered",
        "new_best_shortest_m": 131.3,
        "new_best_type": "bus_stop",
        "new_bus_routing_type": "sheltered",
        "new_bus_shortest_m": 131.3,
        "new_bus_state": "SCORED",
        "new_state": "SCORED",
        "new_total": 60.0,
        "old_abs_pct_delta": 95.97,
        "old_direction": "project_longer_than_onemap",
        "old_onemap_walk_m": 67.0,
        "old_project_shortest_m": 131.3,
        "old_validation_best_node": "Jln Kayu Shophouse",
        "postal": "799452",
        "queue": "direct_bus_fallback_review",
        "source_artifact": "qa\\onemap_outlier_replay_bus_longer_profile_active_20260802.json",
        "source_flags": {
          "best_bridge_underpass_m": 0.0,
          "best_bus_stop_access_connector_m": 0.0,
          "best_direct_bus_fallback_m": 0.0,
          "best_inferred_hdb_m": 0.0,
          "best_official_lta_shelter_m": 0.0,
          "best_osm_shelter_m": 0.0,
          "best_top_source_layer_m": {
            "unknown": 131.3
          },
          "bus_bus_stop_access_connector_m": 0.0,
          "bus_direct_bus_fallback_m": 0.0,
          "bus_top_source_layer_m": {
            "unknown": 131.3
          }
        },
        "validation_area": "SENGKANG",
        "validation_best_node_type": "bus_stop",
        "validation_direct_distance_m": 70.8,
        "validation_distance_sanity": "plausible",
        "validation_onemap_vs_direct_delta_m": -3.8
      },
      "type": "Feature"
    },
    {
      "geometry": {
        "coordinates": [
          [
            103.715436,
            1.330584
          ],
          [
            103.716354,
            1.331311
          ]
        ],
        "type": "LineString"
      },
      "properties": {
        "current_route_vs_validation_direct_sanity": "plausible",
        "direct_bus_fallback_reason": "implausible_graph_route_to_datamall_bus_stop_within_direct_radius",
        "endpoint_source": "postal_universe_to_transit_poi",
        "new_best_name": "Opp Kaily Packaging",
        "new_best_routing_type": "direct_bus_fallback_unrouted",
        "new_best_shortest_m": 130.0,
        "new_best_type": "bus_stop",
        "new_bus_routing_type": "direct_bus_fallback_unrouted",
        "new_bus_shortest_m": 130.0,
        "new_bus_state": "SCORED_PARTIAL",
        "new_state": "SCORED_PARTIAL",
        "new_total": 51.2,
        "old_abs_pct_delta": 93.348,
        "old_direction": "project_longer_than_onemap",
        "old_onemap_walk_m": 221.0,
        "old_project_shortest_m": 427.3,
        "old_validation_best_node": "Opp Kaily Packaging",
        "postal": "618769",
        "queue": "direct_bus_fallback_review",
        "source_artifact": "qa\\onemap_outlier_replay_bus_longer_profile_active_20260802.json",
        "source_flags": {
          "best_bridge_underpass_m": 0.0,
          "best_bus_stop_access_connector_m": 0.0,
          "best_direct_bus_fallback_m": 130.0,
          "best_inferred_hdb_m": 0.0,
          "best_official_lta_shelter_m": 0.0,
          "best_osm_shelter_m": 0.0,
          "best_top_source_layer_m": {
            "direct_bus_fallback": 130.0
          },
          "bus_bus_stop_access_connector_m": 0.0,
          "bus_direct_bus_fallback_m": 130.0,
          "bus_top_source_layer_m": {
            "direct_bus_fallback": 130.0
          }
        },
        "validation_area": "JURONG_WEST",
        "validation_best_node_type": "bus_stop",
        "validation_direct_distance_m": 130.2,
        "validation_distance_sanity": "plausible",
        "validation_onemap_vs_direct_delta_m": 90.8
      },
      "type": "Feature"
    },
    {
      "geometry": {
        "coordinates": [
          [
            103.836132,
            1.386538
          ],
          [
            103.837116,
            1.387082
          ]
        ],
        "type": "LineString"
      },
      "properties": {
        "current_route_vs_validation_direct_sanity": "plausible",
        "direct_bus_fallback_reason": "implausible_graph_route_to_datamall_bus_stop_within_direct_radius",
        "endpoint_source": "postal_universe_to_transit_poi",
        "new_best_name": "Lentor Stn Exit 3",
        "new_best_routing_type": "direct_bus_fallback_unrouted",
        "new_best_shortest_m": 183.4,
        "new_best_type": "bus_stop",
        "new_bus_routing_type": "direct_bus_fallback_unrouted",
        "new_bus_shortest_m": 183.4,
        "new_bus_state": "SCORED_PARTIAL",
        "new_state": "SCORED_PARTIAL",
        "new_total": 50.4,
        "old_abs_pct_delta": 93.082,
        "old_direction": "project_longer_than_onemap",
        "old_onemap_walk_m": 159.0,
        "old_project_shortest_m": 307.0,
        "old_validation_best_node": "Aft Florissa Pk",
        "postal": "789592",
        "queue": "direct_bus_fallback_review",
        "source_artifact": "qa\\onemap_outlier_replay_bus_longer_profile_active_20260802.json",
        "source_flags": {
          "best_bridge_underpass_m": 0.0,
          "best_bus_stop_access_connector_m": 0.0,
          "best_direct_bus_fallback_m": 183.4,
          "best_inferred_hdb_m": 0.0,
          "best_official_lta_shelter_m": 0.0,
          "best_osm_shelter_m": 0.0,
          "best_top_source_layer_m": {
            "direct_bus_fallback": 183.4
          },
          "bus_bus_stop_access_connector_m": 0.0,
          "bus_direct_bus_fallback_m": 183.4,
          "bus_top_source_layer_m": {
            "direct_bus_fallback": 183.4
          }
        },
        "validation_area": "ANG_MO_KIO",
        "validation_best_node_type": "bus_stop",
        "validation_direct_distance_m": 125.0,
        "validation_distance_sanity": "plausible",
        "validation_onemap_vs_direct_delta_m": 34.0
      },
      "type": "Feature"
    },
    {
      "geometry": {
        "coordinates": [
          [
            103.915673,
            1.321905
          ],
          [
            103.914852,
            1.321201
          ]
        ],
        "type": "LineString"
      },
      "properties": {
        "current_route_vs_validation_direct_sanity": "plausible",
        "direct_bus_fallback_reason": "implausible_graph_route_to_datamall_bus_stop_within_direct_radius",
        "endpoint_source": "postal_universe_to_transit_poi",
        "new_best_name": "The Buddhist Union",
        "new_best_routing_type": "direct_bus_fallback_unrouted",
        "new_best_shortest_m": 119.9,
        "new_best_type": "bus_stop",
        "new_bus_routing_type": "direct_bus_fallback_unrouted",
        "new_bus_shortest_m": 119.9,
        "new_bus_state": "SCORED_PARTIAL",
        "new_state": "SCORED_PARTIAL",
        "new_total": 46.5,
        "old_abs_pct_delta": 92.969,
        "old_direction": "project_longer_than_onemap",
        "old_onemap_walk_m": 192.0,
        "old_project_shortest_m": 370.5,
        "old_validation_best_node": "The Buddhist Union",
        "postal": "418531",
        "queue": "direct_bus_fallback_review",
        "source_artifact": "qa\\onemap_outlier_replay_bus_longer_profile_active_20260802.json",
        "source_flags": {
          "best_bridge_underpass_m": 0.0,
          "best_bus_stop_access_connector_m": 0.0,
          "best_direct_bus_fallback_m": 119.9,
          "best_inferred_hdb_m": 0.0,
          "best_official_lta_shelter_m": 0.0,
          "best_osm_shelter_m": 0.0,
          "best_top_source_layer_m": {
            "direct_bus_fallback": 119.9
          },
          "bus_bus_stop_access_connector_m": 0.0,
          "bus_direct_bus_fallback_m": 119.9,
          "bus_top_source_layer_m": {
            "direct_bus_fallback": 119.9
          }
        },
        "validation_area": "BEDOK",
        "validation_best_node_type": "bus_stop",
        "validation_direct_distance_m": 120.2,
        "validation_distance_sanity": "plausible",
        "validation_onemap_vs_direct_delta_m": 71.8
      },
      "type": "Feature"
    },
    {
      "geometry": {
        "coordinates": [
          [
            103.719144,
            1.34023
          ],
          [
            103.71932,
            1.338364
          ]
        ],
        "type": "LineString"
      },
      "properties": {
        "current_route_vs_validation_direct_sanity": "plausible",
        "direct_bus_fallback_reason": "implausible_graph_route_to_datamall_bus_stop_within_direct_radius",
        "endpoint_source": "postal_universe_to_transit_poi",
        "new_best_name": "Blk 367",
        "new_best_routing_type": "direct_bus_fallback_unrouted",
        "new_best_shortest_m": 207.2,
        "new_best_type": "bus_stop",
        "new_bus_routing_type": "direct_bus_fallback_unrouted",
        "new_bus_shortest_m": 207.2,
        "new_bus_state": "SCORED_PARTIAL",
        "new_state": "SCORED_PARTIAL",
        "new_total": 55.0,
        "old_abs_pct_delta": 92.358,
        "old_direction": "project_longer_than_onemap",
        "old_onemap_walk_m": 352.0,
        "old_project_shortest_m": 677.1,
        "old_validation_best_node": "Blk 367",
        "postal": "618471",
        "queue": "direct_bus_fallback_review",
        "source_artifact": "qa\\onemap_outlier_replay_bus_longer_profile_active_20260802.json",
        "source_flags": {
          "best_bridge_underpass_m": 0.0,
          "best_bus_stop_access_connector_m": 0.0,
          "best_direct_bus_fallback_m": 207.2,
          "best_inferred_hdb_m": 0.0,
          "best_official_lta_shelter_m": 0.0,
          "best_osm_shelter_m": 0.0,
          "best_top_source_layer_m": {
            "direct_bus_fallback": 207.2
          },
          "bus_bus_stop_access_connector_m": 0.0,
          "bus_direct_bus_fallback_m": 207.2,
          "bus_top_source_layer_m": {
            "direct_bus_fallback": 207.2
          }
        },
        "validation_area": "JURONG_WEST",
        "validation_best_node_type": "bus_stop",
        "validation_direct_distance_m": 208.4,
        "validation_distance_sanity": "plausible",
        "validation_onemap_vs_direct_delta_m": 143.6
      },
      "type": "Feature"
    },
    {
      "geometry": {
        "coordinates": [
          [
            103.768141,
            1.360842
          ],
          [
            103.76705,
            1.359101
          ]
        ],
        "type": "LineString"
      },
      "properties": {
        "current_route_vs_validation_direct_sanity": "plausible",
        "direct_bus_fallback_reason": "implausible_graph_route_to_datamall_bus_stop_within_direct_radius",
        "endpoint_source": "postal_universe_to_transit_poi",
        "new_best_name": "Opp The Rail Mall",
        "new_best_routing_type": "direct_bus_fallback_unrouted",
        "new_best_shortest_m": 227.5,
        "new_best_type": "bus_stop",
        "new_bus_routing_type": "direct_bus_fallback_unrouted",
        "new_bus_shortest_m": 227.5,
        "new_bus_state": "SCORED_PARTIAL",
        "new_state": "SCORED_PARTIAL",
        "new_total": 55.0,
        "old_abs_pct_delta": 92.066,
        "old_direction": "project_longer_than_onemap",
        "old_onemap_walk_m": 363.0,
        "old_project_shortest_m": 697.2,
        "old_validation_best_node": "Opp The Rail Mall",
        "postal": "678805",
        "queue": "direct_bus_fallback_review",
        "source_artifact": "qa\\onemap_outlier_replay_bus_longer_profile_active_20260802.json",
        "source_flags": {
          "best_bridge_underpass_m": 0.0,
          "best_bus_stop_access_connector_m": 0.0,
          "best_direct_bus_fallback_m": 227.5,
          "best_inferred_hdb_m": 0.0,
          "best_official_lta_shelter_m": 0.0,
          "best_osm_shelter_m": 0.0,
          "best_top_source_layer_m": {
            "direct_bus_fallback": 227.5
          },
          "bus_bus_stop_access_connector_m": 0.0,
          "bus_direct_bus_fallback_m": 227.5,
          "bus_top_source_layer_m": {
            "direct_bus_fallback": 227.5
          }
        },
        "validation_area": "BUKIT_PANJANG",
        "validation_best_node_type": "bus_stop",
        "validation_direct_distance_m": 228.4,
        "validation_distance_sanity": "plausible",
        "validation_onemap_vs_direct_delta_m": 134.6
      },
      "type": "Feature"
    },
    {
      "geometry": {
        "coordinates": [
          [
            103.700325,
            1.352373
          ],
          [
            103.701079,
            1.350532
          ]
        ],
        "type": "LineString"
      },
      "properties": {
        "current_route_vs_validation_direct_sanity": "current_route_materially_shorter_than_validation_direct",
        "direct_bus_fallback_reason": "implausible_graph_route_to_datamall_bus_stop_within_direct_radius",
        "endpoint_source": "postal_universe_to_transit_poi",
        "new_best_name": "Opp Westwood Sec Sch",
        "new_best_routing_type": "direct_bus_fallback_unrouted",
        "new_best_shortest_m": 91.4,
        "new_best_type": "bus_stop",
        "new_bus_routing_type": "direct_bus_fallback_unrouted",
        "new_bus_shortest_m": 91.4,
        "new_bus_state": "SCORED_PARTIAL",
        "new_state": "SCORED_PARTIAL",
        "new_total": 55.0,
        "old_abs_pct_delta": 87.959,
        "old_direction": "project_longer_than_onemap",
        "old_onemap_walk_m": 338.0,
        "old_project_shortest_m": 635.3,
        "old_validation_best_node": "Aft Westwood Ave",
        "postal": "648814",
        "queue": "direct_bus_fallback_review",
        "source_artifact": "qa\\onemap_outlier_replay_bus_longer_profile_active_20260802.json",
        "source_flags": {
          "best_bridge_underpass_m": 0.0,
          "best_bus_stop_access_connector_m": 0.0,
          "best_direct_bus_fallback_m": 91.4,
          "best_inferred_hdb_m": 0.0,
          "best_official_lta_shelter_m": 0.0,
          "best_osm_shelter_m": 0.0,
          "best_top_source_layer_m": {
            "direct_bus_fallback": 91.4
          },
          "bus_bus_stop_access_connector_m": 0.0,
          "bus_direct_bus_fallback_m": 91.4,
          "bus_top_source_layer_m": {
            "direct_bus_fallback": 91.4
          }
        },
        "validation_area": "JURONG_WEST",
        "validation_best_node_type": "bus_stop",
        "validation_direct_distance_m": 221.2,
        "validation_distance_sanity": "plausible",
        "validation_onemap_vs_direct_delta_m": 116.8
      },
      "type": "Feature"
    },
    {
      "geometry": {
        "coordinates": [
          [
            103.951356,
            1.328473
          ],
          [
            103.951349,
            1.329455
          ]
        ],
        "type": "LineString"
      },
      "properties": {
        "current_route_vs_validation_direct_sanity": "plausible",
        "direct_bus_fallback_reason": "implausible_graph_route_to_datamall_bus_stop_within_direct_radius",
        "endpoint_source": "postal_universe_to_transit_poi",
        "new_best_name": "Aft Bedok Rd",
        "new_best_routing_type": "direct_bus_fallback_unrouted",
        "new_best_shortest_m": 116.4,
        "new_best_type": "bus_stop",
        "new_bus_routing_type": "direct_bus_fallback_unrouted",
        "new_bus_shortest_m": 116.4,
        "new_bus_state": "SCORED_PARTIAL",
        "new_state": "SCORED_PARTIAL",
        "new_total": 55.0,
        "old_abs_pct_delta": 99.572,
        "old_direction": "project_shorter_than_onemap",
        "old_onemap_walk_m": 537.0,
        "old_project_shortest_m": 2.3,
        "old_validation_best_node": "Bef Bedok Rd",
        "postal": "489929",
        "queue": "direct_bus_fallback_review",
        "source_artifact": "qa\\onemap_outlier_replay_shorter_profile_connector_short_guard_20260802.json",
        "source_flags": {
          "best_bridge_underpass_m": 0.0,
          "best_bus_stop_access_connector_m": 0.0,
          "best_direct_bus_fallback_m": 116.4,
          "best_inferred_hdb_m": 0.0,
          "best_official_lta_shelter_m": 0.0,
          "best_osm_shelter_m": 0.0,
          "best_top_source_layer_m": {
            "direct_bus_fallback": 116.4
          },
          "bus_bus_stop_access_connector_m": 0.0,
          "bus_direct_bus_fallback_m": 116.4,
          "bus_top_source_layer_m": {
            "direct_bus_fallback": 116.4
          }
        },
        "validation_area": "BEDOK",
        "validation_best_node_type": "bus_stop",
        "validation_direct_distance_m": 109.2,
        "validation_distance_sanity": "plausible",
        "validation_onemap_vs_direct_delta_m": 427.8
      },
      "type": "Feature"
    },
    {
      "geometry": {
        "coordinates": [
          [
            103.945126,
            1.322931
          ],
          [
            103.944215,
            1.322982
          ]
        ],
        "type": "LineString"
      },
      "properties": {
        "current_route_vs_validation_direct_sanity": "plausible",
        "direct_bus_fallback_reason": "implausible_graph_route_to_datamall_bus_stop_within_direct_radius",
        "endpoint_source": "postal_universe_to_transit_poi",
        "new_best_name": "Bef Bedok View Sec Sch",
        "new_best_routing_type": "direct_bus_fallback_unrouted",
        "new_best_shortest_m": 128.7,
        "new_best_type": "bus_stop",
        "new_bus_routing_type": "direct_bus_fallback_unrouted",
        "new_bus_shortest_m": 128.7,
        "new_bus_state": "SCORED_PARTIAL",
        "new_state": "SCORED_PARTIAL",
        "new_total": 55.0,
        "old_abs_pct_delta": 97.918,
        "old_direction": "project_shorter_than_onemap",
        "old_onemap_walk_m": 658.0,
        "old_project_shortest_m": 13.7,
        "old_validation_best_node": "ECO Condo",
        "postal": "465460",
        "queue": "direct_bus_fallback_review",
        "source_artifact": "qa\\onemap_outlier_replay_shorter_profile_connector_short_guard_20260802.json",
        "source_flags": {
          "best_bridge_underpass_m": 0.0,
          "best_bus_stop_access_connector_m": 0.0,
          "best_direct_bus_fallback_m": 128.7,
          "best_inferred_hdb_m": 0.0,
          "best_official_lta_shelter_m": 0.0,
          "best_osm_shelter_m": 0.0,
          "best_top_source_layer_m": {
            "direct_bus_fallback": 128.7
          },
          "bus_bus_stop_access_connector_m": 0.0,
          "bus_direct_bus_fallback_m": 128.7,
          "bus_top_source_layer_m": {
            "direct_bus_fallback": 128.7
          }
        },
        "validation_area": "BEDOK",
        "validation_best_node_type": "bus_stop",
        "validation_direct_distance_m": 101.4,
        "validation_distance_sanity": "plausible",
        "validation_onemap_vs_direct_delta_m": 556.6
      },
      "type": "Feature"
    },
    {
      "geometry": {
        "coordinates": [
          [
            103.7906,
            1.321419
          ],
          [
            103.790981,
            1.322361
          ]
        ],
        "type": "LineString"
      },
      "properties": {
        "current_route_vs_validation_direct_sanity": "plausible",
        "direct_bus_fallback_reason": "implausible_graph_route_to_datamall_bus_stop_within_direct_radius",
        "endpoint_source": "postal_universe_to_transit_poi",
        "new_best_name": "Regent Villa",
        "new_best_routing_type": "sheltered",
        "new_best_shortest_m": 171.7,
        "new_best_type": "bus_stop",
        "new_bus_routing_type": "sheltered",
        "new_bus_shortest_m": 171.7,
        "new_bus_state": "SCORED",
        "new_state": "SCORED",
        "new_total": 59.6,
        "old_abs_pct_delta": 84.912,
        "old_direction": "project_shorter_than_onemap",
        "old_onemap_walk_m": 1138.0,
        "old_project_shortest_m": 171.7,
        "old_validation_best_node": "Regent Villa",
        "postal": "268432",
        "queue": "direct_bus_fallback_review",
        "source_artifact": "qa\\onemap_outlier_replay_shorter_profile_connector_short_guard_20260802.json",
        "source_flags": {
          "best_bridge_underpass_m": 0.0,
          "best_bus_stop_access_connector_m": 0.0,
          "best_direct_bus_fallback_m": 0.0,
          "best_inferred_hdb_m": 0.0,
          "best_official_lta_shelter_m": 0.0,
          "best_osm_shelter_m": 0.0,
          "best_top_source_layer_m": {
            "unknown": 171.7
          },
          "bus_bus_stop_access_connector_m": 0.0,
          "bus_direct_bus_fallback_m": 0.0,
          "bus_top_source_layer_m": {
            "unknown": 171.7
          }
        },
        "validation_area": "BUKIT_TIMAH",
        "validation_best_node_type": "bus_stop",
        "validation_direct_distance_m": 113.0,
        "validation_distance_sanity": "plausible",
        "validation_onemap_vs_direct_delta_m": 1025.0
      },
      "type": "Feature"
    },
    {
      "geometry": {
        "coordinates": [
          [
            103.83958,
            1.389013
          ],
          [
            103.840319,
            1.389545
          ]
        ],
        "type": "LineString"
      },
      "properties": {
        "current_route_vs_validation_direct_sanity": "plausible",
        "direct_bus_fallback_reason": "implausible_graph_route_to_datamall_bus_stop_within_direct_radius",
        "endpoint_source": "postal_universe_to_transit_poi",
        "new_best_name": "Aft Yio Chu Kang Rd",
        "new_best_routing_type": "sheltered",
        "new_best_shortest_m": 156.3,
        "new_best_type": "bus_stop",
        "new_bus_routing_type": "sheltered",
        "new_bus_shortest_m": 156.3,
        "new_bus_state": "SCORED",
        "new_state": "SCORED",
        "new_total": 60.5,
        "old_abs_pct_delta": 82.881,
        "old_direction": "project_shorter_than_onemap",
        "old_onemap_walk_m": 913.0,
        "old_project_shortest_m": 156.3,
        "old_validation_best_node": "Aft Yio Chu Kang Rd",
        "postal": "789968",
        "queue": "direct_bus_fallback_review",
        "source_artifact": "qa\\onemap_outlier_replay_shorter_profile_connector_short_guard_20260802.json",
        "source_flags": {
          "best_bridge_underpass_m": 0.0,
          "best_bus_stop_access_connector_m": 0.0,
          "best_direct_bus_fallback_m": 0.0,
          "best_inferred_hdb_m": 0.0,
          "best_official_lta_shelter_m": 0.0,
          "best_osm_shelter_m": 0.0,
          "best_top_source_layer_m": {
            "unknown": 156.3
          },
          "bus_bus_stop_access_connector_m": 0.0,
          "bus_direct_bus_fallback_m": 0.0,
          "bus_top_source_layer_m": {
            "unknown": 156.3
          }
        },
        "validation_area": "ANG_MO_KIO",
        "validation_best_node_type": "bus_stop",
        "validation_direct_distance_m": 101.2,
        "validation_distance_sanity": "plausible",
        "validation_onemap_vs_direct_delta_m": 811.8
      },
      "type": "Feature"
    },
    {
      "geometry": {
        "coordinates": [
          [
            103.822426,
            1.267172
          ],
          [
            103.822283,
            1.265924
          ]
        ],
        "type": "LineString"
      },
      "properties": {
        "current_route_vs_validation_direct_sanity": "plausible",
        "direct_bus_fallback_reason": "implausible_graph_route_to_datamall_bus_stop_within_direct_radius",
        "endpoint_source": "postal_universe_to_transit_poi",
        "new_best_name": "HarbourFront Stn/Vivocity",
        "new_best_routing_type": "direct_bus_fallback_unrouted",
        "new_best_shortest_m": 185.5,
        "new_best_type": "bus_stop",
        "new_bus_routing_type": "direct_bus_fallback_unrouted",
        "new_bus_shortest_m": 185.5,
        "new_bus_state": "SCORED_PARTIAL",
        "new_state": "SCORED_PARTIAL",
        "new_total": 55.0,
        "old_abs_pct_delta": 81.162,
        "old_direction": "project_shorter_than_onemap",
        "old_onemap_walk_m": 1824.0,
        "old_project_shortest_m": 343.6,
        "old_validation_best_node": "Opp VivoCity",
        "postal": "099281",
        "queue": "direct_bus_fallback_review",
        "source_artifact": "qa\\onemap_outlier_replay_shorter_profile_connector_short_guard_20260802.json",
        "source_flags": {
          "best_bridge_underpass_m": 0.0,
          "best_bus_stop_access_connector_m": 0.0,
          "best_direct_bus_fallback_m": 185.5,
          "best_inferred_hdb_m": 0.0,
          "best_official_lta_shelter_m": 0.0,
          "best_osm_shelter_m": 0.0,
          "best_top_source_layer_m": {
            "direct_bus_fallback": 185.5
          },
          "bus_bus_stop_access_connector_m": 0.0,
          "bus_direct_bus_fallback_m": 185.5,
          "bus_top_source_layer_m": {
            "direct_bus_fallback": 185.5
          }
        },
        "validation_area": "BUKIT_MERAH",
        "validation_best_node_type": "bus_stop",
        "validation_direct_distance_m": 139.7,
        "validation_distance_sanity": "plausible",
        "validation_onemap_vs_direct_delta_m": 1684.3
      },
      "type": "Feature"
    },
    {
      "geometry": {
        "coordinates": [
          [
            103.839651,
            1.388067
          ],
          [
            103.840319,
            1.389545
          ]
        ],
        "type": "LineString"
      },
      "properties": {
        "current_route_vs_validation_direct_sanity": "plausible",
        "direct_bus_fallback_reason": "implausible_graph_route_to_datamall_bus_stop_within_direct_radius",
        "endpoint_source": "postal_universe_to_transit_poi",
        "new_best_name": "Aft Yio Chu Kang Rd",
        "new_best_routing_type": "sheltered",
        "new_best_shortest_m": 210.2,
        "new_best_type": "bus_stop",
        "new_bus_routing_type": "sheltered",
        "new_bus_shortest_m": 210.2,
        "new_bus_state": "SCORED",
        "new_state": "SCORED",
        "new_total": 60.0,
        "old_abs_pct_delta": 80.483,
        "old_direction": "project_shorter_than_onemap",
        "old_onemap_walk_m": 1077.0,
        "old_project_shortest_m": 210.2,
        "old_validation_best_node": "Aft Yio Chu Kang Rd",
        "postal": "789742",
        "queue": "direct_bus_fallback_review",
        "source_artifact": "qa\\onemap_outlier_replay_shorter_profile_connector_short_guard_20260802.json",
        "source_flags": {
          "best_bridge_underpass_m": 0.0,
          "best_bus_stop_access_connector_m": 0.0,
          "best_direct_bus_fallback_m": 0.0,
          "best_inferred_hdb_m": 0.0,
          "best_official_lta_shelter_m": 0.0,
          "best_osm_shelter_m": 0.0,
          "best_top_source_layer_m": {
            "unknown": 210.2
          },
          "bus_bus_stop_access_connector_m": 0.0,
          "bus_direct_bus_fallback_m": 0.0,
          "bus_top_source_layer_m": {
            "unknown": 210.2
          }
        },
        "validation_area": "ANG_MO_KIO",
        "validation_best_node_type": "bus_stop",
        "validation_direct_distance_m": 180.3,
        "validation_distance_sanity": "plausible",
        "validation_onemap_vs_direct_delta_m": 896.7
      },
      "type": "Feature"
    },
    {
      "geometry": {
        "coordinates": [
          [
            103.866058,
            1.379614
          ],
          [
            103.866863,
            1.37834
          ]
        ],
        "type": "LineString"
      },
      "properties": {
        "current_route_vs_validation_direct_sanity": "plausible",
        "direct_bus_fallback_reason": "implausible_graph_route_to_datamall_bus_stop_within_direct_radius",
        "endpoint_source": "postal_universe_to_transit_poi",
        "new_best_name": "Techplace 2",
        "new_best_routing_type": "sheltered_with_bus_stop_access_connector",
        "new_best_shortest_m": 168.7,
        "new_best_type": "bus_stop",
        "new_bus_routing_type": "sheltered_with_bus_stop_access_connector",
        "new_bus_shortest_m": 168.7,
        "new_bus_state": "SCORED",
        "new_state": "SCORED",
        "new_total": 60.0,
        "old_abs_pct_delta": 78.798,
        "old_direction": "project_shorter_than_onemap",
        "old_onemap_walk_m": 3161.0,
        "old_project_shortest_m": 670.2,
        "old_validation_best_node": "Techplace 2",
        "postal": "804620",
        "queue": "direct_bus_fallback_review",
        "source_artifact": "qa\\onemap_outlier_replay_shorter_profile_connector_short_guard_20260802.json",
        "source_flags": {
          "best_bridge_underpass_m": 0.0,
          "best_bus_stop_access_connector_m": 0.0,
          "best_direct_bus_fallback_m": 0.0,
          "best_inferred_hdb_m": 0.0,
          "best_official_lta_shelter_m": 0.0,
          "best_osm_shelter_m": 0.0,
          "best_top_source_layer_m": {
            "bus_stop_access_connector": 47.4,
            "unknown": 121.3
          },
          "bus_bus_stop_access_connector_m": 0.0,
          "bus_direct_bus_fallback_m": 0.0,
          "bus_top_source_layer_m": {
            "bus_stop_access_connector": 47.4,
            "unknown": 121.3
          }
        },
        "validation_area": "SERANGOON",
        "validation_best_node_type": "bus_stop",
        "validation_direct_distance_m": 167.6,
        "validation_distance_sanity": "plausible",
        "validation_onemap_vs_direct_delta_m": 2993.4
      },
      "type": "Feature"
    },
    {
      "geometry": {
        "coordinates": [
          [
            103.880627,
            1.319835
          ],
          [
            103.880511,
            1.318464
          ]
        ],
        "type": "LineString"
      },
      "properties": {
        "current_route_vs_validation_direct_sanity": "plausible",
        "direct_bus_fallback_reason": "implausible_graph_route_to_datamall_bus_stop_within_direct_radius",
        "endpoint_source": "postal_universe_to_transit_poi",
        "new_best_name": "Bef Blk 53",
        "new_best_routing_type": "sheltered",
        "new_best_shortest_m": 392.4,
        "new_best_type": "bus_stop",
        "new_bus_routing_type": "sheltered",
        "new_bus_shortest_m": 392.4,
        "new_bus_state": "SCORED",
        "new_state": "SCORED",
        "new_total": 64.1,
        "old_abs_pct_delta": 76.347,
        "old_direction": "project_shorter_than_onemap",
        "old_onemap_walk_m": 1659.0,
        "old_project_shortest_m": 392.4,
        "old_validation_best_node": "Bef Blk 53",
        "postal": "387390",
        "queue": "direct_bus_fallback_review",
        "source_artifact": "qa\\onemap_outlier_replay_shorter_profile_connector_short_guard_20260802.json",
        "source_flags": {
          "best_bridge_underpass_m": 0.0,
          "best_bus_stop_access_connector_m": 0.0,
          "best_direct_bus_fallback_m": 0.0,
          "best_inferred_hdb_m": 37.4,
          "best_official_lta_shelter_m": 0.0,
          "best_osm_shelter_m": 0.0,
          "best_top_source_layer_m": {
            "inferred_hdb_precinct_footway": 37.4,
            "unknown": 355.0
          },
          "bus_bus_stop_access_connector_m": 0.0,
          "bus_direct_bus_fallback_m": 0.0,
          "bus_top_source_layer_m": {
            "inferred_hdb_precinct_footway": 37.4,
            "unknown": 355.0
          }
        },
        "validation_area": "GEYLANG",
        "validation_best_node_type": "bus_stop",
        "validation_direct_distance_m": 153.0,
        "validation_distance_sanity": "plausible",
        "validation_onemap_vs_direct_delta_m": 1506.0
      },
      "type": "Feature"
    },
    {
      "geometry": {
        "coordinates": [
          [
            103.839975,
            1.387506
          ],
          [
            103.840319,
            1.389545
          ]
        ],
        "type": "LineString"
      },
      "properties": {
        "current_route_vs_validation_direct_sanity": "current_route_slightly_shorter_than_validation_direct",
        "direct_bus_fallback_reason": "implausible_graph_route_to_datamall_bus_stop_within_direct_radius",
        "endpoint_source": "postal_universe_to_transit_poi",
        "new_best_name": "Seasons Pk",
        "new_best_routing_type": "direct_bus_fallback_unrouted",
        "new_best_shortest_m": 223.7,
        "new_best_type": "bus_stop",
        "new_bus_routing_type": "direct_bus_fallback_unrouted",
        "new_bus_shortest_m": 223.7,
        "new_bus_state": "SCORED_PARTIAL",
        "new_state": "SCORED_PARTIAL",
        "new_total": 55.0,
        "old_abs_pct_delta": 75.934,
        "old_direction": "project_shorter_than_onemap",
        "old_onemap_walk_m": 1151.0,
        "old_project_shortest_m": 277.0,
        "old_validation_best_node": "Aft Yio Chu Kang Rd",
        "postal": "786880",
        "queue": "direct_bus_fallback_review",
        "source_artifact": "qa\\onemap_outlier_replay_shorter_profile_connector_short_guard_20260802.json",
        "source_flags": {
          "best_bridge_underpass_m": 0.0,
          "best_bus_stop_access_connector_m": 0.0,
          "best_direct_bus_fallback_m": 223.7,
          "best_inferred_hdb_m": 0.0,
          "best_official_lta_shelter_m": 0.0,
          "best_osm_shelter_m": 0.0,
          "best_top_source_layer_m": {
            "direct_bus_fallback": 223.7
          },
          "bus_bus_stop_access_connector_m": 0.0,
          "bus_direct_bus_fallback_m": 223.7,
          "bus_top_source_layer_m": {
            "direct_bus_fallback": 223.7
          }
        },
        "validation_area": "ANG_MO_KIO",
        "validation_best_node_type": "bus_stop",
        "validation_direct_distance_m": 229.9,
        "validation_distance_sanity": "plausible",
        "validation_onemap_vs_direct_delta_m": 921.1
      },
      "type": "Feature"
    },
    {
      "geometry": {
        "coordinates": [
          [
            103.941079,
            1.378026
          ],
          [
            103.941279,
            1.378109
          ]
        ],
        "type": "LineString"
      },
      "properties": {
        "current_route_vs_validation_direct_sanity": "current_route_slightly_shorter_than_validation_direct",
        "direct_bus_fallback_reason": "implausible_graph_route_to_datamall_bus_stop_within_direct_radius",
        "endpoint_source": "postal_universe_to_transit_poi",
        "new_best_name": "Blk 633",
        "new_best_routing_type": "sheltered",
        "new_best_shortest_m": 17.8,
        "new_best_type": "bus_stop",
        "new_bus_routing_type": "sheltered",
        "new_bus_shortest_m": 17.8,
        "new_bus_state": "SCORED",
        "new_state": "SCORED",
        "new_total": 100.0,
        "old_abs_pct_delta": 74.203,
        "old_direction": "project_shorter_than_onemap",
        "old_onemap_walk_m": 69.0,
        "old_project_shortest_m": 17.8,
        "old_validation_best_node": "Blk 633",
        "postal": "511633",
        "queue": "direct_bus_fallback_review",
        "source_artifact": "qa\\onemap_outlier_replay_shorter_profile_connector_short_guard_20260802.json",
        "source_flags": {
          "best_bridge_underpass_m": 0.0,
          "best_bus_stop_access_connector_m": 0.0,
          "best_direct_bus_fallback_m": 0.0,
          "best_inferred_hdb_m": 4.6,
          "best_official_lta_shelter_m": 0.0,
          "best_osm_shelter_m": 13.2,
          "best_top_source_layer_m": {
            "inferred_hdb_precinct": 4.6,
            "osm_native_covered": 13.2
          },
          "bus_bus_stop_access_connector_m": 0.0,
          "bus_direct_bus_fallback_m": 0.0,
          "bus_top_source_layer_m": {
            "inferred_hdb_precinct": 4.6,
            "osm_native_covered": 13.2
          }
        },
        "validation_area": "PASIR_RIS",
        "validation_best_node_type": "bus_stop",
        "validation_direct_distance_m": 24.1,
        "validation_distance_sanity": "plausible",
        "validation_onemap_vs_direct_delta_m": 44.9
      },
      "type": "Feature"
    },
    {
      "geometry": {
        "coordinates": [
          [
            103.813827,
            1.445698
          ],
          [
            103.814707,
            1.447028
          ]
        ],
        "type": "LineString"
      },
      "properties": {
        "current_route_vs_validation_direct_sanity": "plausible",
        "direct_bus_fallback_reason": "implausible_graph_route_to_datamall_bus_stop_within_direct_radius",
        "endpoint_source": "postal_universe_to_transit_poi",
        "new_best_name": "Blk 335",
        "new_best_routing_type": "sheltered",
        "new_best_shortest_m": 329.2,
        "new_best_type": "bus_stop",
        "new_bus_routing_type": "sheltered",
        "new_bus_shortest_m": 329.2,
        "new_bus_state": "SCORED",
        "new_state": "SCORED",
        "new_total": 94.1,
        "old_abs_pct_delta": 74.119,
        "old_direction": "project_shorter_than_onemap",
        "old_onemap_walk_m": 1272.0,
        "old_project_shortest_m": 329.2,
        "old_validation_best_node": "Blk 335",
        "postal": "752363",
        "queue": "direct_bus_fallback_review",
        "source_artifact": "qa\\onemap_outlier_replay_shorter_profile_connector_short_guard_20260802.json",
        "source_flags": {
          "best_bridge_underpass_m": 0.0,
          "best_bus_stop_access_connector_m": 0.0,
          "best_direct_bus_fallback_m": 0.0,
          "best_inferred_hdb_m": 198.5,
          "best_official_lta_shelter_m": 0.0,
          "best_osm_shelter_m": 0.0,
          "best_top_source_layer_m": {
            "inferred_hdb_precinct": 119.8,
            "inferred_hdb_void_deck": 78.6,
            "unknown": 130.7
          },
          "bus_bus_stop_access_connector_m": 0.0,
          "bus_direct_bus_fallback_m": 0.0,
          "bus_top_source_layer_m": {
            "inferred_hdb_precinct": 119.8,
            "inferred_hdb_void_deck": 78.6,
            "unknown": 130.7
          }
        },
        "validation_area": "SEMBAWANG",
        "validation_best_node_type": "bus_stop",
        "validation_direct_distance_m": 177.3,
        "validation_distance_sanity": "plausible",
        "validation_onemap_vs_direct_delta_m": 1094.7
      },
      "type": "Feature"
    },
    {
      "geometry": {
        "coordinates": [
          [
            103.826966,
            1.297574
          ],
          [
            103.826507,
            1.299068
          ]
        ],
        "type": "LineString"
      },
      "properties": {
        "current_route_vs_validation_direct_sanity": "plausible",
        "direct_bus_fallback_reason": "implausible_graph_route_to_datamall_bus_stop_within_direct_radius",
        "endpoint_source": "postal_universe_to_transit_poi",
        "new_best_name": "Cliveden At Grange",
        "new_best_routing_type": "direct_bus_fallback_unrouted",
        "new_best_shortest_m": 189.4,
        "new_best_type": "bus_stop",
        "new_bus_routing_type": "direct_bus_fallback_unrouted",
        "new_bus_shortest_m": 189.4,
        "new_bus_state": "SCORED_PARTIAL",
        "new_state": "SCORED_PARTIAL",
        "new_total": 50.8,
        "old_abs_pct_delta": 72.892,
        "old_direction": "project_shorter_than_onemap",
        "old_onemap_walk_m": 1110.0,
        "old_project_shortest_m": 300.9,
        "old_validation_best_node": "Gramercy Pk",
        "postal": "249567",
        "queue": "direct_bus_fallback_review",
        "source_artifact": "qa\\onemap_outlier_replay_shorter_profile_connector_short_guard_20260802.json",
        "source_flags": {
          "best_bridge_underpass_m": 0.0,
          "best_bus_stop_access_connector_m": 0.0,
          "best_direct_bus_fallback_m": 189.4,
          "best_inferred_hdb_m": 0.0,
          "best_official_lta_shelter_m": 0.0,
          "best_osm_shelter_m": 0.0,
          "best_top_source_layer_m": {
            "direct_bus_fallback": 189.4
          },
          "bus_bus_stop_access_connector_m": 0.0,
          "bus_direct_bus_fallback_m": 189.4,
          "bus_top_source_layer_m": {
            "direct_bus_fallback": 189.4
          }
        },
        "validation_area": "TANGLIN",
        "validation_best_node_type": "bus_stop",
        "validation_direct_distance_m": 173.8,
        "validation_distance_sanity": "plausible",
        "validation_onemap_vs_direct_delta_m": 936.2
      },
      "type": "Feature"
    },
    {
      "geometry": {
        "coordinates": [
          [
            103.866722,
            1.379682
          ],
          [
            103.865519,
            1.378543
          ]
        ],
        "type": "LineString"
      },
      "properties": {
        "current_route_vs_validation_direct_sanity": "current_route_slightly_shorter_than_validation_direct",
        "direct_bus_fallback_reason": "implausible_graph_route_to_datamall_bus_stop_within_direct_radius",
        "endpoint_source": "postal_universe_to_transit_poi",
        "new_best_name": "Techplace 2",
        "new_best_routing_type": "sheltered_with_bus_stop_access_connector",
        "new_best_shortest_m": 163.6,
        "new_best_type": "bus_stop",
        "new_bus_routing_type": "sheltered_with_bus_stop_access_connector",
        "new_bus_shortest_m": 163.6,
        "new_bus_state": "SCORED",
        "new_state": "SCORED",
        "new_total": 60.0,
        "old_abs_pct_delta": 71.816,
        "old_direction": "project_shorter_than_onemap",
        "old_onemap_walk_m": 3205.0,
        "old_project_shortest_m": 903.3,
        "old_validation_best_node": "Opp Techplace 2",
        "postal": "806764",
        "queue": "direct_bus_fallback_review",
        "source_artifact": "qa\\onemap_outlier_replay_shorter_profile_connector_short_guard_20260802.json",
        "source_flags": {
          "best_bridge_underpass_m": 0.0,
          "best_bus_stop_access_connector_m": 0.0,
          "best_direct_bus_fallback_m": 0.0,
          "best_inferred_hdb_m": 0.0,
          "best_official_lta_shelter_m": 0.0,
          "best_osm_shelter_m": 0.0,
          "best_top_source_layer_m": {
            "bus_stop_access_connector": 47.4,
            "unknown": 116.2
          },
          "bus_bus_stop_access_connector_m": 0.0,
          "bus_direct_bus_fallback_m": 0.0,
          "bus_top_source_layer_m": {
            "bus_stop_access_connector": 47.4,
            "unknown": 116.2
          }
        },
        "validation_area": "SERANGOON",
        "validation_best_node_type": "bus_stop",
        "validation_direct_distance_m": 184.2,
        "validation_distance_sanity": "plausible",
        "validation_onemap_vs_direct_delta_m": 3020.8
      },
      "type": "Feature"
    },
    {
      "geometry": {
        "coordinates": [
          [
            103.840497,
            1.387448
          ],
          [
            103.840319,
            1.389545
          ]
        ],
        "type": "LineString"
      },
      "properties": {
        "current_route_vs_validation_direct_sanity": "plausible",
        "direct_bus_fallback_reason": "implausible_graph_route_to_datamall_bus_stop_within_direct_radius",
        "endpoint_source": "postal_universe_to_transit_poi",
        "new_best_name": "Bef Yio Chu Kang Rd",
        "new_best_routing_type": "direct_bus_fallback_unrouted",
        "new_best_shortest_m": 232.0,
        "new_best_type": "bus_stop",
        "new_bus_routing_type": "direct_bus_fallback_unrouted",
        "new_bus_shortest_m": 232.0,
        "new_bus_state": "SCORED_PARTIAL",
        "new_state": "SCORED_PARTIAL",
        "new_total": 55.0,
        "old_abs_pct_delta": 71.547,
        "old_direction": "project_shorter_than_onemap",
        "old_onemap_walk_m": 892.0,
        "old_project_shortest_m": 253.8,
        "old_validation_best_node": "Aft Yio Chu Kang Rd",
        "postal": "786885",
        "queue": "direct_bus_fallback_review",
        "source_artifact": "qa\\onemap_outlier_replay_shorter_profile_connector_short_guard_20260802.json",
        "source_flags": {
          "best_bridge_underpass_m": 0.0,
          "best_bus_stop_access_connector_m": 0.0,
          "best_direct_bus_fallback_m": 232.0,
          "best_inferred_hdb_m": 0.0,
          "best_official_lta_shelter_m": 0.0,
          "best_osm_shelter_m": 0.0,
          "best_top_source_layer_m": {
            "direct_bus_fallback": 232.0
          },
          "bus_bus_stop_access_connector_m": 0.0,
          "bus_direct_bus_fallback_m": 232.0,
          "bus_top_source_layer_m": {
            "direct_bus_fallback": 232.0
          }
        },
        "validation_area": "ANG_MO_KIO",
        "validation_best_node_type": "bus_stop",
        "validation_direct_distance_m": 234.0,
        "validation_distance_sanity": "plausible",
        "validation_onemap_vs_direct_delta_m": 658.0
      },
      "type": "Feature"
    },
    {
      "geometry": {
        "coordinates": [
          [
            103.673218,
            1.325484
          ],
          [
            103.674396,
            1.325987
          ]
        ],
        "type": "LineString"
      },
      "properties": {
        "current_route_vs_validation_direct_sanity": "plausible",
        "direct_bus_fallback_reason": "implausible_graph_route_to_datamall_bus_stop_within_direct_radius",
        "endpoint_source": "postal_universe_to_transit_poi",
        "new_best_name": "Panasonic Ind Devices",
        "new_best_routing_type": "sheltered",
        "new_best_shortest_m": 196.0,
        "new_best_type": "bus_stop",
        "new_bus_routing_type": "sheltered",
        "new_bus_shortest_m": 196.0,
        "new_bus_state": "SCORED",
        "new_state": "SCORED",
        "new_total": 56.9,
        "old_abs_pct_delta": 70.348,
        "old_direction": "project_shorter_than_onemap",
        "old_onemap_walk_m": 661.0,
        "old_project_shortest_m": 196.0,
        "old_validation_best_node": "Panasonic Ind Devices",
        "postal": "628978",
        "queue": "direct_bus_fallback_review",
        "source_artifact": "qa\\onemap_outlier_replay_shorter_profile_connector_short_guard_20260802.json",
        "source_flags": {
          "best_bridge_underpass_m": 0.0,
          "best_bus_stop_access_connector_m": 0.0,
          "best_direct_bus_fallback_m": 0.0,
          "best_inferred_hdb_m": 0.0,
          "best_official_lta_shelter_m": 0.0,
          "best_osm_shelter_m": 0.0,
          "best_top_source_layer_m": {
            "unknown": 196.0
          },
          "bus_bus_stop_access_connector_m": 0.0,
          "bus_direct_bus_fallback_m": 0.0,
          "bus_top_source_layer_m": {
            "unknown": 196.0
          }
        },
        "validation_area": "PIONEER",
        "validation_best_node_type": "bus_stop",
        "validation_direct_distance_m": 142.4,
        "validation_distance_sanity": "plausible",
        "validation_onemap_vs_direct_delta_m": 518.6
      },
      "type": "Feature"
    },
    {
      "geometry": {
        "coordinates": [
          [
            103.673554,
            1.32634
          ],
          [
            103.674663,
            1.32754
          ]
        ],
        "type": "LineString"
      },
      "properties": {
        "current_route_vs_validation_direct_sanity": "plausible",
        "direct_bus_fallback_reason": "implausible_graph_route_to_datamall_bus_stop_within_direct_radius",
        "endpoint_source": "postal_universe_to_transit_poi",
        "new_best_name": "Aft Joo Koon Cres",
        "new_best_routing_type": "sheltered",
        "new_best_shortest_m": 228.1,
        "new_best_type": "bus_stop",
        "new_bus_routing_type": "sheltered",
        "new_bus_shortest_m": 228.1,
        "new_bus_state": "SCORED",
        "new_state": "SCORED",
        "new_total": 56.9,
        "old_abs_pct_delta": 68.053,
        "old_direction": "project_shorter_than_onemap",
        "old_onemap_walk_m": 714.0,
        "old_project_shortest_m": 228.1,
        "old_validation_best_node": "Aft Joo Koon Cres",
        "postal": "628975",
        "queue": "direct_bus_fallback_review",
        "source_artifact": "qa\\onemap_outlier_replay_shorter_profile_connector_short_guard_20260802.json",
        "source_flags": {
          "best_bridge_underpass_m": 0.0,
          "best_bus_stop_access_connector_m": 0.0,
          "best_direct_bus_fallback_m": 0.0,
          "best_inferred_hdb_m": 0.0,
          "best_official_lta_shelter_m": 0.0,
          "best_osm_shelter_m": 0.0,
          "best_top_source_layer_m": {
            "unknown": 228.1
          },
          "bus_bus_stop_access_connector_m": 0.0,
          "bus_direct_bus_fallback_m": 0.0,
          "bus_top_source_layer_m": {
            "unknown": 228.1
          }
        },
        "validation_area": "PIONEER",
        "validation_best_node_type": "bus_stop",
        "validation_direct_distance_m": 181.7,
        "validation_distance_sanity": "plausible",
        "validation_onemap_vs_direct_delta_m": 532.3
      },
      "type": "Feature"
    },
    {
      "geometry": {
        "coordinates": [
          [
            103.897281,
            1.402186
          ],
          [
            103.896736,
            1.402389
          ]
        ],
        "type": "LineString"
      },
      "properties": {
        "current_route_vs_validation_direct_sanity": "current_route_materially_shorter_than_validation_direct",
        "direct_bus_fallback_reason": "implausible_graph_route_to_datamall_bus_stop_within_direct_radius",
        "endpoint_source": "postal_universe_to_transit_poi",
        "new_best_name": "Twin Waterfalls",
        "new_best_routing_type": "sheltered",
        "new_best_shortest_m": 34.5,
        "new_best_type": "bus_stop",
        "new_bus_routing_type": "sheltered",
        "new_bus_shortest_m": 34.5,
        "new_bus_state": "SCORED",
        "new_state": "SCORED",
        "new_total": 100.0,
        "old_abs_pct_delta": 67.757,
        "old_direction": "project_shorter_than_onemap",
        "old_onemap_walk_m": 107.0,
        "old_project_shortest_m": 34.5,
        "old_validation_best_node": "Twin Waterfalls",
        "postal": "828765",
        "queue": "direct_bus_fallback_review",
        "source_artifact": "qa\\onemap_outlier_replay_shorter_profile_connector_short_guard_20260802.json",
        "source_flags": {
          "best_bridge_underpass_m": 0.0,
          "best_bus_stop_access_connector_m": 0.0,
          "best_direct_bus_fallback_m": 0.0,
          "best_inferred_hdb_m": 34.5,
          "best_official_lta_shelter_m": 0.0,
          "best_osm_shelter_m": 0.0,
          "best_top_source_layer_m": {
            "inferred_hdb_precinct": 34.5
          },
          "bus_bus_stop_access_connector_m": 0.0,
          "bus_direct_bus_fallback_m": 0.0,
          "bus_top_source_layer_m": {
            "inferred_hdb_precinct": 34.5
          }
        },
        "validation_area": "PUNGGOL",
        "validation_best_node_type": "bus_stop",
        "validation_direct_distance_m": 64.7,
        "validation_distance_sanity": "plausible",
        "validation_onemap_vs_direct_delta_m": 42.3
      },
      "type": "Feature"
    },
    {
      "geometry": {
        "coordinates": [
          [
            103.944779,
            1.323193
          ],
          [
            103.944215,
            1.322982
          ]
        ],
        "type": "LineString"
      },
      "properties": {
        "current_route_vs_validation_direct_sanity": "plausible",
        "direct_bus_fallback_reason": "implausibly_short_graph_route_to_datamall_bus_stop_within_direct_radius",
        "endpoint_source": "postal_universe_to_transit_poi",
        "new_best_name": "ECO Condo",
        "new_best_routing_type": "direct_bus_fallback_unrouted",
        "new_best_shortest_m": 67.0,
        "new_best_type": "bus_stop",
        "new_bus_routing_type": "direct_bus_fallback_unrouted",
        "new_bus_shortest_m": 67.0,
        "new_bus_state": "SCORED_PARTIAL",
        "new_state": "SCORED_PARTIAL",
        "new_total": 55.0,
        "old_abs_pct_delta": 63.947,
        "old_direction": "project_shorter_than_onemap",
        "old_onemap_walk_m": 38.0,
        "old_project_shortest_m": 13.7,
        "old_validation_best_node": "ECO Condo",
        "postal": "465458",
        "queue": "direct_bus_fallback_review",
        "source_artifact": "qa\\onemap_outlier_replay_shorter_profile_connector_short_guard_20260802.json",
        "source_flags": {
          "best_bridge_underpass_m": 0.0,
          "best_bus_stop_access_connector_m": 0.0,
          "best_direct_bus_fallback_m": 67.0,
          "best_inferred_hdb_m": 0.0,
          "best_official_lta_shelter_m": 0.0,
          "best_osm_shelter_m": 0.0,
          "best_top_source_layer_m": {
            "direct_bus_fallback": 67.0
          },
          "bus_bus_stop_access_connector_m": 0.0,
          "bus_direct_bus_fallback_m": 67.0,
          "bus_top_source_layer_m": {
            "direct_bus_fallback": 67.0
          }
        },
        "validation_area": "BEDOK",
        "validation_best_node_type": "bus_stop",
        "validation_direct_distance_m": 66.9,
        "validation_distance_sanity": "onemap_materially_shorter_than_direct",
        "validation_onemap_vs_direct_delta_m": -28.9
      },
      "type": "Feature"
    },
    {
      "geometry": {
        "coordinates": [
          [
            103.834338,
            1.391173
          ],
          [
            103.836246,
            1.389904
          ]
        ],
        "type": "LineString"
      },
      "properties": {
        "current_route_vs_validation_direct_sanity": "plausible",
        "direct_bus_fallback_reason": "implausible_graph_route_to_datamall_bus_stop_within_direct_radius",
        "endpoint_source": "postal_universe_to_transit_poi",
        "new_best_name": "Opp Bullion Pk Condo",
        "new_best_routing_type": "direct_bus_fallback_unrouted",
        "new_best_shortest_m": 273.8,
        "new_best_type": "bus_stop",
        "new_bus_routing_type": "direct_bus_fallback_unrouted",
        "new_bus_shortest_m": 273.8,
        "new_bus_state": "SCORED_PARTIAL",
        "new_state": "SCORED_PARTIAL",
        "new_total": 55.0,
        "old_abs_pct_delta": 62.585,
        "old_direction": "project_shorter_than_onemap",
        "old_onemap_walk_m": 793.0,
        "old_project_shortest_m": 296.7,
        "old_validation_best_node": "Bef Bullion Pk",
        "postal": "786795",
        "queue": "direct_bus_fallback_review",
        "source_artifact": "qa\\onemap_outlier_replay_shorter_profile_connector_short_guard_20260802.json",
        "source_flags": {
          "best_bridge_underpass_m": 0.0,
          "best_bus_stop_access_connector_m": 0.0,
          "best_direct_bus_fallback_m": 273.8,
          "best_inferred_hdb_m": 0.0,
          "best_official_lta_shelter_m": 0.0,
          "best_osm_shelter_m": 0.0,
          "best_top_source_layer_m": {
            "direct_bus_fallback": 273.8
          },
          "bus_bus_stop_access_connector_m": 0.0,
          "bus_direct_bus_fallback_m": 273.8,
          "bus_top_source_layer_m": {
            "direct_bus_fallback": 273.8
          }
        },
        "validation_area": "ANG_MO_KIO",
        "validation_best_node_type": "bus_stop",
        "validation_direct_distance_m": 254.7,
        "validation_distance_sanity": "plausible",
        "validation_onemap_vs_direct_delta_m": 538.3
      },
      "type": "Feature"
    },
    {
      "geometry": {
        "coordinates": [
          [
            103.754204,
            1.312604
          ],
          [
            103.752844,
            1.312595
          ]
        ],
        "type": "LineString"
      },
      "properties": {
        "current_route_vs_validation_direct_sanity": "plausible",
        "direct_bus_fallback_reason": "implausible_graph_route_to_datamall_bus_stop_within_direct_radius",
        "endpoint_source": "postal_universe_to_transit_poi",
        "new_best_name": "Blk T Pandan Light Ind Pk",
        "new_best_routing_type": "sheltered",
        "new_best_shortest_m": 203.3,
        "new_best_type": "bus_stop",
        "new_bus_routing_type": "sheltered",
        "new_bus_shortest_m": 203.3,
        "new_bus_state": "SCORED",
        "new_state": "SCORED",
        "new_total": 58.1,
        "old_abs_pct_delta": 62.142,
        "old_direction": "project_shorter_than_onemap",
        "old_onemap_walk_m": 537.0,
        "old_project_shortest_m": 203.3,
        "old_validation_best_node": "Blk T Pandan Light Ind Pk",
        "postal": "128457",
        "queue": "direct_bus_fallback_review",
        "source_artifact": "qa\\onemap_outlier_replay_shorter_profile_connector_short_guard_20260802.json",
        "source_flags": {
          "best_bridge_underpass_m": 0.0,
          "best_bus_stop_access_connector_m": 0.0,
          "best_direct_bus_fallback_m": 0.0,
          "best_inferred_hdb_m": 0.0,
          "best_official_lta_shelter_m": 0.0,
          "best_osm_shelter_m": 0.0,
          "best_top_source_layer_m": {
            "unknown": 203.3
          },
          "bus_bus_stop_access_connector_m": 0.0,
          "bus_direct_bus_fallback_m": 0.0,
          "bus_top_source_layer_m": {
            "unknown": 203.3
          }
        },
        "validation_area": "CLEMENTI",
        "validation_best_node_type": "bus_stop",
        "validation_direct_distance_m": 151.2,
        "validation_distance_sanity": "plausible",
        "validation_onemap_vs_direct_delta_m": 385.8
      },
      "type": "Feature"
    },
    {
      "geometry": {
        "coordinates": [
          [
            103.810983,
            1.292704
          ],
          [
            103.811465,
            1.292335
          ]
        ],
        "type": "LineString"
      },
      "properties": {
        "current_route_vs_validation_direct_sanity": "plausible",
        "direct_bus_fallback_reason": "implausible_graph_route_to_datamall_bus_stop_within_direct_radius",
        "endpoint_source": "postal_universe_to_transit_poi",
        "new_best_name": "Aft Dawson Pl",
        "new_best_routing_type": "sheltered",
        "new_best_shortest_m": 152.0,
        "new_best_type": "bus_stop",
        "new_bus_routing_type": "sheltered",
        "new_bus_shortest_m": 152.0,
        "new_bus_state": "SCORED",
        "new_state": "SCORED",
        "new_total": 100.0,
        "old_abs_pct_delta": 57.542,
        "old_direction": "project_shorter_than_onemap",
        "old_onemap_walk_m": 358.0,
        "old_project_shortest_m": 152.0,
        "old_validation_best_node": "Aft Dawson Pl",
        "postal": "142057",
        "queue": "direct_bus_fallback_review",
        "source_artifact": "qa\\onemap_outlier_replay_shorter_profile_connector_short_guard_20260802.json",
        "source_flags": {
          "best_bridge_underpass_m": 0.0,
          "best_bus_stop_access_connector_m": 0.0,
          "best_direct_bus_fallback_m": 0.0,
          "best_inferred_hdb_m": 71.5,
          "best_official_lta_shelter_m": 0.0,
          "best_osm_shelter_m": 36.7,
          "best_top_source_layer_m": {
            "inferred_hdb_point_footway": 71.5,
            "osm_native_covered": 36.7,
            "unknown": 43.7
          },
          "bus_bus_stop_access_connector_m": 0.0,
          "bus_direct_bus_fallback_m": 0.0,
          "bus_top_source_layer_m": {
            "inferred_hdb_point_footway": 71.5,
            "osm_native_covered": 36.7,
            "unknown": 43.7
          }
        },
        "validation_area": "QUEENSTOWN",
        "validation_best_node_type": "bus_stop",
        "validation_direct_distance_m": 67.5,
        "validation_distance_sanity": "plausible",
        "validation_onemap_vs_direct_delta_m": 290.5
      },
      "type": "Feature"
    },
    {
      "geometry": {
        "coordinates": [
          [
            103.870132,
            1.365812
          ],
          [
            103.87249,
            1.365146
          ]
        ],
        "type": "LineString"
      },
      "properties": {
        "current_route_vs_validation_direct_sanity": "current_route_slightly_shorter_than_validation_direct",
        "direct_bus_fallback_reason": "implausible_graph_route_to_datamall_bus_stop_within_direct_radius",
        "endpoint_source": "postal_universe_to_transit_poi",
        "new_best_name": "Aft Trinity Meth Ch",
        "new_best_routing_type": "direct_bus_fallback_unrouted",
        "new_best_shortest_m": 259.4,
        "new_best_type": "bus_stop",
        "new_bus_routing_type": "direct_bus_fallback_unrouted",
        "new_bus_shortest_m": 259.4,
        "new_bus_state": "SCORED_PARTIAL",
        "new_state": "SCORED_PARTIAL",
        "new_total": 55.0,
        "old_abs_pct_delta": 57.16,
        "old_direction": "project_shorter_than_onemap",
        "old_onemap_walk_m": 1014.0,
        "old_project_shortest_m": 434.4,
        "old_validation_best_node": "Opp Blk 127",
        "postal": "554346",
        "queue": "direct_bus_fallback_review",
        "source_artifact": "qa\\onemap_outlier_replay_shorter_profile_connector_short_guard_20260802.json",
        "source_flags": {
          "best_bridge_underpass_m": 0.0,
          "best_bus_stop_access_connector_m": 0.0,
          "best_direct_bus_fallback_m": 259.4,
          "best_inferred_hdb_m": 0.0,
          "best_official_lta_shelter_m": 0.0,
          "best_osm_shelter_m": 0.0,
          "best_top_source_layer_m": {
            "direct_bus_fallback": 259.4
          },
          "bus_bus_stop_access_connector_m": 0.0,
          "bus_direct_bus_fallback_m": 259.4,
          "bus_top_source_layer_m": {
            "direct_bus_fallback": 259.4
          }
        },
        "validation_area": "SERANGOON",
        "validation_best_node_type": "bus_stop",
        "validation_direct_distance_m": 272.4,
        "validation_distance_sanity": "plausible",
        "validation_onemap_vs_direct_delta_m": 741.6
      },
      "type": "Feature"
    },
    {
      "geometry": {
        "coordinates": [
          [
            103.830313,
            1.297016
          ],
          [
            103.828808,
            1.29488
          ]
        ],
        "type": "LineString"
      },
      "properties": {
        "current_route_vs_validation_direct_sanity": "plausible",
        "direct_bus_fallback_reason": "implausible_graph_route_to_datamall_bus_stop_within_direct_radius",
        "endpoint_source": "postal_universe_to_transit_poi",
        "new_best_name": "RV Residences",
        "new_best_routing_type": "sheltered",
        "new_best_shortest_m": 351.5,
        "new_best_type": "bus_stop",
        "new_bus_routing_type": "sheltered",
        "new_bus_shortest_m": 351.5,
        "new_bus_state": "SCORED",
        "new_state": "SCORED",
        "new_total": 69.6,
        "old_abs_pct_delta": 56.765,
        "old_direction": "project_shorter_than_onemap",
        "old_onemap_walk_m": 813.0,
        "old_project_shortest_m": 351.5,
        "old_validation_best_node": "RV Residences",
        "postal": "249417",
        "queue": "direct_bus_fallback_review",
        "source_artifact": "qa\\onemap_outlier_replay_shorter_profile_connector_short_guard_20260802.json",
        "source_flags": {
          "best_bridge_underpass_m": 0.0,
          "best_bus_stop_access_connector_m": 0.0,
          "best_direct_bus_fallback_m": 0.0,
          "best_inferred_hdb_m": 0.0,
          "best_official_lta_shelter_m": 0.0,
          "best_osm_shelter_m": 0.0,
          "best_top_source_layer_m": {
            "unknown": 351.5
          },
          "bus_bus_stop_access_connector_m": 0.0,
          "bus_direct_bus_fallback_m": 0.0,
          "bus_top_source_layer_m": {
            "unknown": 351.5
          }
        },
        "validation_area": "RIVER_VALLEY",
        "validation_best_node_type": "bus_stop",
        "validation_direct_distance_m": 290.5,
        "validation_distance_sanity": "plausible",
        "validation_onemap_vs_direct_delta_m": 522.5
      },
      "type": "Feature"
    },
    {
      "geometry": {
        "coordinates": [
          [
            103.783196,
            1.286993
          ],
          [
            103.782606,
            1.286977
          ]
        ],
        "type": "LineString"
      },
      "properties": {
        "current_route_vs_validation_direct_sanity": "plausible",
        "direct_bus_fallback_reason": "implausible_graph_route_to_datamall_bus_stop_within_direct_radius",
        "endpoint_source": "postal_universe_to_transit_poi",
        "new_best_name": "Teletech Pk",
        "new_best_routing_type": "sheltered",
        "new_best_shortest_m": 186.4,
        "new_best_type": "bus_stop",
        "new_bus_routing_type": "sheltered",
        "new_bus_shortest_m": 186.4,
        "new_bus_state": "SCORED",
        "new_state": "SCORED",
        "new_total": 89.5,
        "old_abs_pct_delta": 54.647,
        "old_direction": "project_shorter_than_onemap",
        "old_onemap_walk_m": 411.0,
        "old_project_shortest_m": 186.4,
        "old_validation_best_node": "Teletech Pk",
        "postal": "117586",
        "queue": "direct_bus_fallback_review",
        "source_artifact": "qa\\onemap_outlier_replay_shorter_profile_connector_short_guard_20260802.json",
        "source_flags": {
          "best_bridge_underpass_m": 0.0,
          "best_bus_stop_access_connector_m": 0.0,
          "best_direct_bus_fallback_m": 0.0,
          "best_inferred_hdb_m": 0.0,
          "best_official_lta_shelter_m": 39.2,
          "best_osm_shelter_m": 109.3,
          "best_top_source_layer_m": {
            "covered_linkway": 39.2,
            "osm_explicit_shelter": 23.1,
            "osm_native_covered": 86.2,
            "unknown": 38.0
          },
          "bus_bus_stop_access_connector_m": 0.0,
          "bus_direct_bus_fallback_m": 0.0,
          "bus_top_source_layer_m": {
            "covered_linkway": 39.2,
            "osm_explicit_shelter": 23.1,
            "osm_native_covered": 86.2,
            "unknown": 38.0
          }
        },
        "validation_area": "QUEENSTOWN",
        "validation_best_node_type": "bus_stop",
        "validation_direct_distance_m": 65.6,
        "validation_distance_sanity": "plausible",
        "validation_onemap_vs_direct_delta_m": 345.4
      },
      "type": "Feature"
    },
    {
      "geometry": {
        "coordinates": [
          [
            103.951356,
            1.328473
          ],
          [
            103.951349,
            1.329455
          ]
        ],
        "type": "LineString"
      },
      "properties": {
        "current_route_vs_validation_direct_sanity": "plausible",
        "direct_bus_fallback_reason": "implausible_graph_route_to_datamall_bus_stop_within_direct_radius",
        "endpoint_source": "postal_universe_to_transit_poi",
        "new_best_name": "Aft Bedok Rd",
        "new_best_routing_type": "direct_bus_fallback_unrouted",
        "new_best_shortest_m": 116.4,
        "new_best_type": "bus_stop",
        "new_bus_routing_type": "direct_bus_fallback_unrouted",
        "new_bus_shortest_m": 116.4,
        "new_bus_state": "SCORED_PARTIAL",
        "new_state": "SCORED_PARTIAL",
        "new_total": 55.0,
        "old_abs_pct_delta": 99.572,
        "old_direction": "project_shorter_than_onemap",
        "old_onemap_walk_m": 537.0,
        "old_project_shortest_m": 2.3,
        "old_validation_best_node": "Bef Bedok Rd",
        "postal": "489929",
        "queue": "possible_overpermissive_project_path",
        "source_artifact": "qa\\onemap_outlier_replay_shorter_profile_connector_short_guard_20260802.json",
        "source_flags": {
          "best_bridge_underpass_m": 0.0,
          "best_bus_stop_access_connector_m": 0.0,
          "best_direct_bus_fallback_m": 116.4,
          "best_inferred_hdb_m": 0.0,
          "best_official_lta_shelter_m": 0.0,
          "best_osm_shelter_m": 0.0,
          "best_top_source_layer_m": {
            "direct_bus_fallback": 116.4
          },
          "bus_bus_stop_access_connector_m": 0.0,
          "bus_direct_bus_fallback_m": 116.4,
          "bus_top_source_layer_m": {
            "direct_bus_fallback": 116.4
          }
        },
        "validation_area": "BEDOK",
        "validation_best_node_type": "bus_stop",
        "validation_direct_distance_m": 109.2,
        "validation_distance_sanity": "plausible",
        "validation_onemap_vs_direct_delta_m": 427.8
      },
      "type": "Feature"
    },
    {
      "geometry": {
        "coordinates": [
          [
            103.860953,
            1.364296
          ],
          [
            103.861035,
            1.364121
          ]
        ],
        "type": "LineString"
      },
      "properties": {
        "current_route_vs_validation_direct_sanity": "current_route_materially_shorter_than_validation_direct",
        "direct_bus_fallback_reason": null,
        "endpoint_source": "postal_universe_to_transit_poi",
        "new_best_name": "Opp Bloxhome Dr",
        "new_best_routing_type": "sheltered",
        "new_best_shortest_m": 10.2,
        "new_best_type": "bus_stop",
        "new_bus_routing_type": "sheltered",
        "new_bus_shortest_m": 10.2,
        "new_bus_state": "SCORED",
        "new_state": "SCORED",
        "new_total": 57.3,
        "old_abs_pct_delta": 98.672,
        "old_direction": "project_shorter_than_onemap",
        "old_onemap_walk_m": 768.0,
        "old_project_shortest_m": 10.2,
        "old_validation_best_node": "Opp Bloxhome Dr",
        "postal": "559916",
        "queue": "possible_overpermissive_project_path",
        "source_artifact": "qa\\onemap_outlier_replay_shorter_profile_connector_short_guard_20260802.json",
        "source_flags": {
          "best_bridge_underpass_m": 0.0,
          "best_bus_stop_access_connector_m": 0.0,
          "best_direct_bus_fallback_m": 0.0,
          "best_inferred_hdb_m": 0.0,
          "best_official_lta_shelter_m": 0.0,
          "best_osm_shelter_m": 0.0,
          "best_top_source_layer_m": {
            "unknown": 10.2
          },
          "bus_bus_stop_access_connector_m": 0.0,
          "bus_direct_bus_fallback_m": 0.0,
          "bus_top_source_layer_m": {
            "unknown": 10.2
          }
        },
        "validation_area": "SERANGOON",
        "validation_best_node_type": "bus_stop",
        "validation_direct_distance_m": 21.5,
        "validation_distance_sanity": "plausible",
        "validation_onemap_vs_direct_delta_m": 746.5
      },
      "type": "Feature"
    },
    {
      "geometry": {
        "coordinates": [
          [
            103.878891,
            1.29653
          ],
          [
            103.879173,
            1.297659
          ]
        ],
        "type": "LineString"
      },
      "properties": {
        "current_route_vs_validation_direct_sanity": "current_route_materially_shorter_than_validation_direct",
        "direct_bus_fallback_reason": null,
        "endpoint_source": "postal_universe_to_transit_poi",
        "new_best_name": "Opp S'pore Swim Club",
        "new_best_routing_type": "sheltered_with_bus_stop_access_connector",
        "new_best_shortest_m": 83.3,
        "new_best_type": "bus_stop",
        "new_bus_routing_type": "sheltered_with_bus_stop_access_connector",
        "new_bus_shortest_m": 83.3,
        "new_bus_state": "SCORED",
        "new_state": "SCORED",
        "new_total": 59.5,
        "old_abs_pct_delta": 98.489,
        "old_direction": "project_shorter_than_onemap",
        "old_onemap_walk_m": 417.0,
        "old_project_shortest_m": 6.3,
        "old_validation_best_node": "Opp S'pore Swim Club",
        "postal": "431031",
        "queue": "possible_overpermissive_project_path",
        "source_artifact": "qa\\onemap_outlier_replay_shorter_profile_connector_short_guard_20260802.json",
        "source_flags": {
          "best_bridge_underpass_m": 0.0,
          "best_bus_stop_access_connector_m": 0.0,
          "best_direct_bus_fallback_m": 0.0,
          "best_inferred_hdb_m": 0.0,
          "best_official_lta_shelter_m": 0.0,
          "best_osm_shelter_m": 6.3,
          "best_top_source_layer_m": {
            "bus_stop_access_connector": 38.4,
            "osm_explicit_shelter": 6.3,
            "unknown": 38.6
          },
          "bus_bus_stop_access_connector_m": 0.0,
          "bus_direct_bus_fallback_m": 0.0,
          "bus_top_source_layer_m": {
            "bus_stop_access_connector": 38.4,
            "osm_explicit_shelter": 6.3,
            "unknown": 38.6
          }
        },
        "validation_area": "KALLANG",
        "validation_best_node_type": "bus_stop",
        "validation_direct_distance_m": 129.4,
        "validation_distance_sanity": "plausible",
        "validation_onemap_vs_direct_delta_m": 287.6
      },
      "type": "Feature"
    },
    {
      "geometry": {
        "coordinates": [
          [
            103.945126,
            1.322931
          ],
          [
            103.944215,
            1.322982
          ]
        ],
        "type": "LineString"
      },
      "properties": {
        "current_route_vs_validation_direct_sanity": "plausible",
        "direct_bus_fallback_reason": "implausible_graph_route_to_datamall_bus_stop_within_direct_radius",
        "endpoint_source": "postal_universe_to_transit_poi",
        "new_best_name": "Bef Bedok View Sec Sch",
        "new_best_routing_type": "direct_bus_fallback_unrouted",
        "new_best_shortest_m": 128.7,
        "new_best_type": "bus_stop",
        "new_bus_routing_type": "direct_bus_fallback_unrouted",
        "new_bus_shortest_m": 128.7,
        "new_bus_state": "SCORED_PARTIAL",
        "new_state": "SCORED_PARTIAL",
        "new_total": 55.0,
        "old_abs_pct_delta": 97.918,
        "old_direction": "project_shorter_than_onemap",
        "old_onemap_walk_m": 658.0,
        "old_project_shortest_m": 13.7,
        "old_validation_best_node": "ECO Condo",
        "postal": "465460",
        "queue": "possible_overpermissive_project_path",
        "source_artifact": "qa\\onemap_outlier_replay_shorter_profile_connector_short_guard_20260802.json",
        "source_flags": {
          "best_bridge_underpass_m": 0.0,
          "best_bus_stop_access_connector_m": 0.0,
          "best_direct_bus_fallback_m": 128.7,
          "best_inferred_hdb_m": 0.0,
          "best_official_lta_shelter_m": 0.0,
          "best_osm_shelter_m": 0.0,
          "best_top_source_layer_m": {
            "direct_bus_fallback": 128.7
          },
          "bus_bus_stop_access_connector_m": 0.0,
          "bus_direct_bus_fallback_m": 128.7,
          "bus_top_source_layer_m": {
            "direct_bus_fallback": 128.7
          }
        },
        "validation_area": "BEDOK",
        "validation_best_node_type": "bus_stop",
        "validation_direct_distance_m": 101.4,
        "validation_distance_sanity": "plausible",
        "validation_onemap_vs_direct_delta_m": 556.6
      },
      "type": "Feature"
    },
    {
      "geometry": {
        "coordinates": [
          [
            103.895545,
            1.300902
          ],
          [
            103.895267,
            1.301306
          ]
        ],
        "type": "LineString"
      },
      "properties": {
        "current_route_vs_validation_direct_sanity": "current_route_materially_shorter_than_validation_direct",
        "direct_bus_fallback_reason": null,
        "endpoint_source": "postal_universe_to_transit_poi",
        "new_best_name": "Aft Tg Katong Rd",
        "new_best_routing_type": "sheltered",
        "new_best_shortest_m": 14.1,
        "new_best_type": "bus_stop",
        "new_bus_routing_type": "sheltered",
        "new_bus_shortest_m": 14.1,
        "new_bus_state": "SCORED",
        "new_state": "SCORED",
        "new_total": 66.9,
        "old_abs_pct_delta": 96.05,
        "old_direction": "project_shorter_than_onemap",
        "old_onemap_walk_m": 357.0,
        "old_project_shortest_m": 14.1,
        "old_validation_best_node": "Aft Tg Katong Rd",
        "postal": "438347",
        "queue": "possible_overpermissive_project_path",
        "source_artifact": "qa\\onemap_outlier_replay_shorter_profile_connector_short_guard_20260802.json",
        "source_flags": {
          "best_bridge_underpass_m": 0.0,
          "best_bus_stop_access_connector_m": 0.0,
          "best_direct_bus_fallback_m": 0.0,
          "best_inferred_hdb_m": 0.0,
          "best_official_lta_shelter_m": 0.0,
          "best_osm_shelter_m": 2.4,
          "best_top_source_layer_m": {
            "osm_explicit_shelter": 2.4,
            "unknown": 11.7
          },
          "bus_bus_stop_access_connector_m": 0.0,
          "bus_direct_bus_fallback_m": 0.0,
          "bus_top_source_layer_m": {
            "osm_explicit_shelter": 2.4,
            "unknown": 11.7
          }
        },
        "validation_area": "MARINE_PARADE",
        "validation_best_node_type": "bus_stop",
        "validation_direct_distance_m": 54.5,
        "validation_distance_sanity": "plausible",
        "validation_onemap_vs_direct_delta_m": 302.5
      },
      "type": "Feature"
    },
    {
      "geometry": {
        "coordinates": [
          [
            103.876494,
            1.382712
          ],
          [
            103.876735,
            1.382565
          ]
        ],
        "type": "LineString"
      },
      "properties": {
        "current_route_vs_validation_direct_sanity": "current_route_materially_shorter_than_validation_direct",
        "direct_bus_fallback_reason": null,
        "endpoint_source": "postal_universe_to_transit_poi",
        "new_best_name": "Ch of St. Vincent de Paul",
        "new_best_routing_type": "sheltered",
        "new_best_shortest_m": 3.3,
        "new_best_type": "bus_stop",
        "new_bus_routing_type": "sheltered",
        "new_bus_shortest_m": 3.3,
        "new_bus_state": "SCORED",
        "new_state": "SCORED",
        "new_total": 66.0,
        "old_abs_pct_delta": 95.417,
        "old_direction": "project_shorter_than_onemap",
        "old_onemap_walk_m": 72.0,
        "old_project_shortest_m": 3.3,
        "old_validation_best_node": "Ch of St. Vincent de Paul",
        "postal": "809024",
        "queue": "possible_overpermissive_project_path",
        "source_artifact": "qa\\onemap_outlier_replay_shorter_profile_connector_short_guard_20260802.json",
        "source_flags": {
          "best_bridge_underpass_m": 0.0,
          "best_bus_stop_access_connector_m": 0.0,
          "best_direct_bus_fallback_m": 0.0,
          "best_inferred_hdb_m": 0.0,
          "best_official_lta_shelter_m": 0.0,
          "best_osm_shelter_m": 0.0,
          "best_top_source_layer_m": {
            "unknown": 3.3
          },
          "bus_bus_stop_access_connector_m": 0.0,
          "bus_direct_bus_fallback_m": 0.0,
          "bus_top_source_layer_m": {
            "unknown": 3.3
          }
        },
        "validation_area": "SERANGOON",
        "validation_best_node_type": "bus_stop",
        "validation_direct_distance_m": 31.4,
        "validation_distance_sanity": "plausible",
        "validation_onemap_vs_direct_delta_m": 40.6
      },
      "type": "Feature"
    },
    {
      "geometry": {
        "coordinates": [
          [
            103.862787,
            1.379404
          ],
          [
            103.862663,
            1.377871
          ]
        ],
        "type": "LineString"
      },
      "properties": {
        "current_route_vs_validation_direct_sanity": "plausible",
        "direct_bus_fallback_reason": null,
        "endpoint_source": "postal_universe_to_transit_poi",
        "new_best_name": "Opp AMK Ind Pk 2",
        "new_best_routing_type": "sheltered",
        "new_best_shortest_m": 201.7,
        "new_best_type": "bus_stop",
        "new_bus_routing_type": "sheltered",
        "new_bus_shortest_m": 201.7,
        "new_bus_state": "SCORED",
        "new_state": "SCORED",
        "new_total": 61.7,
        "old_abs_pct_delta": 95.136,
        "old_direction": "project_shorter_than_onemap",
        "old_onemap_walk_m": 4147.0,
        "old_project_shortest_m": 201.7,
        "old_validation_best_node": "Opp AMK Ind Pk 2",
        "postal": "804360",
        "queue": "possible_overpermissive_project_path",
        "source_artifact": "qa\\onemap_outlier_replay_shorter_profile_connector_short_guard_20260802.json",
        "source_flags": {
          "best_bridge_underpass_m": 0.0,
          "best_bus_stop_access_connector_m": 0.0,
          "best_direct_bus_fallback_m": 0.0,
          "best_inferred_hdb_m": 0.0,
          "best_official_lta_shelter_m": 0.0,
          "best_osm_shelter_m": 0.0,
          "best_top_source_layer_m": {
            "unknown": 201.7
          },
          "bus_bus_stop_access_connector_m": 0.0,
          "bus_direct_bus_fallback_m": 0.0,
          "bus_top_source_layer_m": {
            "unknown": 201.7
          }
        },
        "validation_area": "SERANGOON",
        "validation_best_node_type": "bus_stop",
        "validation_direct_distance_m": 171.0,
        "validation_distance_sanity": "plausible",
        "validation_onemap_vs_direct_delta_m": 3976.0
      },
      "type": "Feature"
    },
    {
      "geometry": {
        "coordinates": [
          [
            103.79775,
            1.297761
          ],
          [
            103.797541,
            1.297804
          ]
        ],
        "type": "LineString"
      },
      "properties": {
        "current_route_vs_validation_direct_sanity": "plausible",
        "direct_bus_fallback_reason": null,
        "endpoint_source": "postal_universe_to_transit_poi",
        "new_best_name": "Blk 58",
        "new_best_routing_type": "sheltered",
        "new_best_shortest_m": 21.8,
        "new_best_type": "bus_stop",
        "new_bus_routing_type": "sheltered",
        "new_bus_shortest_m": 21.8,
        "new_bus_state": "SCORED",
        "new_state": "SCORED",
        "new_total": 99.6,
        "old_abs_pct_delta": 94.293,
        "old_direction": "project_shorter_than_onemap",
        "old_onemap_walk_m": 382.0,
        "old_project_shortest_m": 21.8,
        "old_validation_best_node": "Blk 58",
        "postal": "141037",
        "queue": "possible_overpermissive_project_path",
        "source_artifact": "qa\\onemap_outlier_replay_shorter_profile_connector_short_guard_20260802.json",
        "source_flags": {
          "best_bridge_underpass_m": 0.0,
          "best_bus_stop_access_connector_m": 0.0,
          "best_direct_bus_fallback_m": 0.0,
          "best_inferred_hdb_m": 0.0,
          "best_official_lta_shelter_m": 0.0,
          "best_osm_shelter_m": 21.8,
          "best_top_source_layer_m": {
            "osm_native_covered": 21.8
          },
          "bus_bus_stop_access_connector_m": 0.0,
          "bus_direct_bus_fallback_m": 0.0,
          "bus_top_source_layer_m": {
            "osm_native_covered": 21.8
          }
        },
        "validation_area": "QUEENSTOWN",
        "validation_best_node_type": "bus_stop",
        "validation_direct_distance_m": 23.7,
        "validation_distance_sanity": "plausible",
        "validation_onemap_vs_direct_delta_m": 358.3
      },
      "type": "Feature"
    },
    {
      "geometry": {
        "coordinates": [
          [
            103.634829,
            1.331448
          ],
          [
            103.634122,
            1.3328
          ]
        ],
        "type": "LineString"
      },
      "properties": {
        "current_route_vs_validation_direct_sanity": "plausible",
        "direct_bus_fallback_reason": null,
        "endpoint_source": "postal_universe_to_transit_poi",
        "new_best_name": "Opp Tuas West St",
        "new_best_routing_type": "sheltered",
        "new_best_shortest_m": 194.7,
        "new_best_type": "bus_stop",
        "new_bus_routing_type": "sheltered",
        "new_bus_shortest_m": 194.7,
        "new_bus_state": "SCORED",
        "new_state": "SCORED",
        "new_total": 60.0,
        "old_abs_pct_delta": 94.009,
        "old_direction": "project_shorter_than_onemap",
        "old_onemap_walk_m": 3250.0,
        "old_project_shortest_m": 194.7,
        "old_validation_best_node": "Opp Tuas West St",
        "postal": "637442",
        "queue": "possible_overpermissive_project_path",
        "source_artifact": "qa\\onemap_outlier_replay_shorter_profile_connector_short_guard_20260802.json",
        "source_flags": {
          "best_bridge_underpass_m": 0.0,
          "best_bus_stop_access_connector_m": 0.0,
          "best_direct_bus_fallback_m": 0.0,
          "best_inferred_hdb_m": 0.0,
          "best_official_lta_shelter_m": 0.0,
          "best_osm_shelter_m": 0.0,
          "best_top_source_layer_m": {
            "unknown": 194.7
          },
          "bus_bus_stop_access_connector_m": 0.0,
          "bus_direct_bus_fallback_m": 0.0,
          "bus_top_source_layer_m": {
            "unknown": 194.7
          }
        },
        "validation_area": "TUAS",
        "validation_best_node_type": "bus_stop",
        "validation_direct_distance_m": 169.6,
        "validation_distance_sanity": "plausible",
        "validation_onemap_vs_direct_delta_m": 3080.4
      },
      "type": "Feature"
    },
    {
      "geometry": {
        "coordinates": [
          [
            103.764542,
            1.338002
          ],
          [
            103.764302,
            1.337696
          ]
        ],
        "type": "LineString"
      },
      "properties": {
        "current_route_vs_validation_direct_sanity": "current_route_materially_shorter_than_validation_direct",
        "direct_bus_fallback_reason": null,
        "endpoint_source": "postal_universe_to_transit_poi",
        "new_best_name": "Opp Toh Tuck Cres",
        "new_best_routing_type": "sheltered",
        "new_best_shortest_m": 4.0,
        "new_best_type": "bus_stop",
        "new_bus_routing_type": "sheltered",
        "new_bus_shortest_m": 4.0,
        "new_bus_state": "SCORED",
        "new_state": "SCORED",
        "new_total": 60.0,
        "old_abs_pct_delta": 92.157,
        "old_direction": "project_shorter_than_onemap",
        "old_onemap_walk_m": 51.0,
        "old_project_shortest_m": 4.0,
        "old_validation_best_node": "Opp Toh Tuck Cres",
        "postal": "596912",
        "queue": "possible_overpermissive_project_path",
        "source_artifact": "qa\\onemap_outlier_replay_shorter_profile_connector_short_guard_20260802.json",
        "source_flags": {
          "best_bridge_underpass_m": 0.0,
          "best_bus_stop_access_connector_m": 0.0,
          "best_direct_bus_fallback_m": 0.0,
          "best_inferred_hdb_m": 0.0,
          "best_official_lta_shelter_m": 0.0,
          "best_osm_shelter_m": 0.0,
          "best_top_source_layer_m": {
            "unknown": 4.0
          },
          "bus_bus_stop_access_connector_m": 0.0,
          "bus_direct_bus_fallback_m": 0.0,
          "bus_top_source_layer_m": {
            "unknown": 4.0
          }
        },
        "validation_area": "BUKIT_TIMAH",
        "validation_best_node_type": "bus_stop",
        "validation_direct_distance_m": 43.2,
        "validation_distance_sanity": "plausible",
        "validation_onemap_vs_direct_delta_m": 7.8
      },
      "type": "Feature"
    },
    {
      "geometry": {
        "coordinates": [
          [
            103.833743,
            1.324883
          ],
          [
            103.834534,
            1.325882
          ]
        ],
        "type": "LineString"
      },
      "properties": {
        "current_route_vs_validation_direct_sanity": "plausible",
        "direct_bus_fallback_reason": null,
        "endpoint_source": "postal_universe_to_transit_poi",
        "new_best_name": "Catholic JC",
        "new_best_routing_type": "sheltered",
        "new_best_shortest_m": 168.6,
        "new_best_type": "bus_stop",
        "new_bus_routing_type": "sheltered",
        "new_bus_shortest_m": 168.6,
        "new_bus_state": "SCORED",
        "new_state": "SCORED",
        "new_total": 60.0,
        "old_abs_pct_delta": 91.38,
        "old_direction": "project_shorter_than_onemap",
        "old_onemap_walk_m": 1956.0,
        "old_project_shortest_m": 168.6,
        "old_validation_best_node": "Catholic JC",
        "postal": "308255",
        "queue": "possible_overpermissive_project_path",
        "source_artifact": "qa\\onemap_outlier_replay_shorter_profile_connector_short_guard_20260802.json",
        "source_flags": {
          "best_bridge_underpass_m": 0.0,
          "best_bus_stop_access_connector_m": 0.0,
          "best_direct_bus_fallback_m": 0.0,
          "best_inferred_hdb_m": 0.0,
          "best_official_lta_shelter_m": 0.0,
          "best_osm_shelter_m": 0.0,
          "best_top_source_layer_m": {
            "unknown": 168.6
          },
          "bus_bus_stop_access_connector_m": 0.0,
          "bus_direct_bus_fallback_m": 0.0,
          "bus_top_source_layer_m": {
            "unknown": 168.6
          }
        },
        "validation_area": "NOVENA",
        "validation_best_node_type": "bus_stop",
        "validation_direct_distance_m": 141.7,
        "validation_distance_sanity": "plausible",
        "validation_onemap_vs_direct_delta_m": 1814.3
      },
      "type": "Feature"
    },
    {
      "geometry": {
        "coordinates": [
          [
            103.764658,
            1.337672
          ],
          [
            103.764302,
            1.337696
          ]
        ],
        "type": "LineString"
      },
      "properties": {
        "current_route_vs_validation_direct_sanity": "current_route_materially_shorter_than_validation_direct",
        "direct_bus_fallback_reason": null,
        "endpoint_source": "postal_universe_to_transit_poi",
        "new_best_name": "Opp Toh Tuck Cres",
        "new_best_routing_type": "sheltered",
        "new_best_shortest_m": 4.0,
        "new_best_type": "bus_stop",
        "new_bus_routing_type": "sheltered",
        "new_bus_shortest_m": 4.0,
        "new_bus_state": "SCORED",
        "new_state": "SCORED",
        "new_total": 60.0,
        "old_abs_pct_delta": 90.476,
        "old_direction": "project_shorter_than_onemap",
        "old_onemap_walk_m": 42.0,
        "old_project_shortest_m": 4.0,
        "old_validation_best_node": "Opp Toh Tuck Cres",
        "postal": "596915",
        "queue": "possible_overpermissive_project_path",
        "source_artifact": "qa\\onemap_outlier_replay_shorter_profile_connector_short_guard_20260802.json",
        "source_flags": {
          "best_bridge_underpass_m": 0.0,
          "best_bus_stop_access_connector_m": 0.0,
          "best_direct_bus_fallback_m": 0.0,
          "best_inferred_hdb_m": 0.0,
          "best_official_lta_shelter_m": 0.0,
          "best_osm_shelter_m": 0.0,
          "best_top_source_layer_m": {
            "unknown": 4.0
          },
          "bus_bus_stop_access_connector_m": 0.0,
          "bus_direct_bus_fallback_m": 0.0,
          "bus_top_source_layer_m": {
            "unknown": 4.0
          }
        },
        "validation_area": "BUKIT_TIMAH",
        "validation_best_node_type": "bus_stop",
        "validation_direct_distance_m": 39.7,
        "validation_distance_sanity": "plausible",
        "validation_onemap_vs_direct_delta_m": 2.3
      },
      "type": "Feature"
    },
    {
      "geometry": {
        "coordinates": [
          [
            103.792143,
            1.332378
          ],
          [
            103.792371,
            1.332545
          ]
        ],
        "type": "LineString"
      },
      "properties": {
        "current_route_vs_validation_direct_sanity": "current_route_materially_shorter_than_validation_direct",
        "direct_bus_fallback_reason": null,
        "endpoint_source": "postal_universe_to_transit_poi",
        "new_best_name": "Aft Maple Ave",
        "new_best_routing_type": "sheltered",
        "new_best_shortest_m": 12.8,
        "new_best_type": "bus_stop",
        "new_bus_routing_type": "sheltered",
        "new_bus_shortest_m": 12.8,
        "new_bus_state": "SCORED",
        "new_state": "SCORED",
        "new_total": 100.0,
        "old_abs_pct_delta": 89.841,
        "old_direction": "project_shorter_than_onemap",
        "old_onemap_walk_m": 126.0,
        "old_project_shortest_m": 12.8,
        "old_validation_best_node": "Aft Maple Ave",
        "postal": "279863",
        "queue": "possible_overpermissive_project_path",
        "source_artifact": "qa\\onemap_outlier_replay_shorter_profile_connector_short_guard_20260802.json",
        "source_flags": {
          "best_bridge_underpass_m": 0.0,
          "best_bus_stop_access_connector_m": 0.0,
          "best_direct_bus_fallback_m": 0.0,
          "best_inferred_hdb_m": 0.0,
          "best_official_lta_shelter_m": 0.0,
          "best_osm_shelter_m": 12.8,
          "best_top_source_layer_m": {
            "osm_native_covered": 12.8
          },
          "bus_bus_stop_access_connector_m": 0.0,
          "bus_direct_bus_fallback_m": 0.0,
          "bus_top_source_layer_m": {
            "osm_native_covered": 12.8
          }
        },
        "validation_area": "BUKIT_TIMAH",
        "validation_best_node_type": "bus_stop",
        "validation_direct_distance_m": 31.4,
        "validation_distance_sanity": "plausible",
        "validation_onemap_vs_direct_delta_m": 94.6
      },
      "type": "Feature"
    },
    {
      "geometry": {
        "coordinates": [
          [
            103.857767,
            1.299081
          ],
          [
            103.857346,
            1.298865
          ]
        ],
        "type": "LineString"
      },
      "properties": {
        "current_route_vs_validation_direct_sanity": "current_route_materially_shorter_than_validation_direct",
        "direct_bus_fallback_reason": null,
        "endpoint_source": "postal_universe_to_transit_poi",
        "new_best_name": "Bugis Stn Exit D",
        "new_best_routing_type": "sheltered",
        "new_best_shortest_m": 19.4,
        "new_best_type": "bus_stop",
        "new_bus_routing_type": "sheltered",
        "new_bus_shortest_m": 19.4,
        "new_bus_state": "SCORED",
        "new_state": "SCORED",
        "new_total": 60.0,
        "old_abs_pct_delta": 88.025,
        "old_direction": "project_shorter_than_onemap",
        "old_onemap_walk_m": 162.0,
        "old_project_shortest_m": 19.4,
        "old_validation_best_node": "Bugis Stn Exit D",
        "postal": "189352",
        "queue": "possible_overpermissive_project_path",
        "source_artifact": "qa\\onemap_outlier_replay_shorter_profile_connector_short_guard_20260802.json",
        "source_flags": {
          "best_bridge_underpass_m": 0.0,
          "best_bus_stop_access_connector_m": 0.0,
          "best_direct_bus_fallback_m": 0.0,
          "best_inferred_hdb_m": 0.0,
          "best_official_lta_shelter_m": 0.0,
          "best_osm_shelter_m": 0.0,
          "best_top_source_layer_m": {
            "unknown": 19.4
          },
          "bus_bus_stop_access_connector_m": 0.0,
          "bus_direct_bus_fallback_m": 0.0,
          "bus_top_source_layer_m": {
            "unknown": 19.4
          }
        },
        "validation_area": "DOWNTOWN_CORE",
        "validation_best_node_type": "bus_stop",
        "validation_direct_distance_m": 52.6,
        "validation_distance_sanity": "plausible",
        "validation_onemap_vs_direct_delta_m": 109.4
      },
      "type": "Feature"
    },
    {
      "geometry": {
        "coordinates": [
          [
            103.645459,
            1.317093
          ],
          [
            103.646931,
            1.317261
          ]
        ],
        "type": "LineString"
      },
      "properties": {
        "current_route_vs_validation_direct_sanity": "current_route_slightly_shorter_than_validation_direct",
        "direct_bus_fallback_reason": null,
        "endpoint_source": "postal_universe_to_transit_poi",
        "new_best_name": "Bef Tuas Ave 13",
        "new_best_routing_type": "sheltered",
        "new_best_shortest_m": 148.9,
        "new_best_type": "bus_stop",
        "new_bus_routing_type": "sheltered",
        "new_bus_shortest_m": 148.9,
        "new_bus_state": "SCORED",
        "new_state": "SCORED",
        "new_total": 56.2,
        "old_abs_pct_delta": 86.67,
        "old_direction": "project_shorter_than_onemap",
        "old_onemap_walk_m": 1117.0,
        "old_project_shortest_m": 148.9,
        "old_validation_best_node": "Bef Tuas Ave 13",
        "postal": "638975",
        "queue": "possible_overpermissive_project_path",
        "source_artifact": "qa\\onemap_outlier_replay_shorter_profile_connector_short_guard_20260802.json",
        "source_flags": {
          "best_bridge_underpass_m": 0.0,
          "best_bus_stop_access_connector_m": 0.0,
          "best_direct_bus_fallback_m": 0.0,
          "best_inferred_hdb_m": 0.0,
          "best_official_lta_shelter_m": 0.0,
          "best_osm_shelter_m": 0.0,
          "best_top_source_layer_m": {
            "unknown": 148.9
          },
          "bus_bus_stop_access_connector_m": 0.0,
          "bus_direct_bus_fallback_m": 0.0,
          "bus_top_source_layer_m": {
            "unknown": 148.9
          }
        },
        "validation_area": "TUAS",
        "validation_best_node_type": "bus_stop",
        "validation_direct_distance_m": 164.7,
        "validation_distance_sanity": "plausible",
        "validation_onemap_vs_direct_delta_m": 952.3
      },
      "type": "Feature"
    },
    {
      "geometry": {
        "coordinates": [
          [
            103.787408,
            1.280698
          ],
          [
            103.787014,
            1.281425
          ]
        ],
        "type": "LineString"
      },
      "properties": {
        "current_route_vs_validation_direct_sanity": "plausible",
        "direct_bus_fallback_reason": null,
        "endpoint_source": "postal_universe_to_transit_poi",
        "new_best_name": "Opp Lor Sarhad",
        "new_best_routing_type": "sheltered",
        "new_best_shortest_m": 113.1,
        "new_best_type": "bus_stop",
        "new_bus_routing_type": "sheltered",
        "new_bus_shortest_m": 113.1,
        "new_bus_state": "SCORED",
        "new_state": "SCORED",
        "new_total": 55.0,
        "old_abs_pct_delta": 85.933,
        "old_direction": "project_shorter_than_onemap",
        "old_onemap_walk_m": 804.0,
        "old_project_shortest_m": 113.1,
        "old_validation_best_node": "Opp Lor Sarhad",
        "postal": "119118",
        "queue": "possible_overpermissive_project_path",
        "source_artifact": "qa\\onemap_outlier_replay_shorter_profile_connector_short_guard_20260802.json",
        "source_flags": {
          "best_bridge_underpass_m": 0.0,
          "best_bus_stop_access_connector_m": 0.0,
          "best_direct_bus_fallback_m": 0.0,
          "best_inferred_hdb_m": 0.0,
          "best_official_lta_shelter_m": 0.0,
          "best_osm_shelter_m": 0.0,
          "best_top_source_layer_m": {
            "unknown": 113.1
          },
          "bus_bus_stop_access_connector_m": 0.0,
          "bus_direct_bus_fallback_m": 0.0,
          "bus_top_source_layer_m": {
            "unknown": 113.1
          }
        },
        "validation_area": "QUEENSTOWN",
        "validation_best_node_type": "bus_stop",
        "validation_direct_distance_m": 91.9,
        "validation_distance_sanity": "plausible",
        "validation_onemap_vs_direct_delta_m": 712.1
      },
      "type": "Feature"
    },
    {
      "geometry": {
        "coordinates": [
          [
            103.828679,
            1.376767
          ],
          [
            103.828484,
            1.376731
          ]
        ],
        "type": "LineString"
      },
      "properties": {
        "current_route_vs_validation_direct_sanity": "current_route_materially_shorter_than_validation_direct",
        "direct_bus_fallback_reason": null,
        "endpoint_source": "postal_universe_to_transit_poi",
        "new_best_name": "Aft Yio Chu Kang Rd",
        "new_best_routing_type": "sheltered",
        "new_best_shortest_m": 1.2,
        "new_best_type": "bus_stop",
        "new_bus_routing_type": "sheltered",
        "new_bus_shortest_m": 1.2,
        "new_bus_state": "SCORED",
        "new_state": "SCORED",
        "new_total": 100.0,
        "old_abs_pct_delta": 85.0,
        "old_direction": "project_shorter_than_onemap",
        "old_onemap_walk_m": 8.0,
        "old_project_shortest_m": 1.2,
        "old_validation_best_node": "Aft Yio Chu Kang Rd",
        "postal": "576686",
        "queue": "possible_overpermissive_project_path",
        "source_artifact": "qa\\onemap_outlier_replay_shorter_profile_connector_short_guard_20260802.json",
        "source_flags": {
          "best_bridge_underpass_m": 0.0,
          "best_bus_stop_access_connector_m": 0.0,
          "best_direct_bus_fallback_m": 0.0,
          "best_inferred_hdb_m": 0.0,
          "best_official_lta_shelter_m": 0.0,
          "best_osm_shelter_m": 1.2,
          "best_top_source_layer_m": {
            "osm_explicit_shelter": 1.2
          },
          "bus_bus_stop_access_connector_m": 0.0,
          "bus_direct_bus_fallback_m": 0.0,
          "bus_top_source_layer_m": {
            "osm_explicit_shelter": 1.2
          }
        },
        "validation_area": "ANG_MO_KIO",
        "validation_best_node_type": "bus_stop",
        "validation_direct_distance_m": 22.0,
        "validation_distance_sanity": "onemap_materially_shorter_than_direct",
        "validation_onemap_vs_direct_delta_m": -14.0
      },
      "type": "Feature"
    },
    {
      "geometry": {
        "coordinates": [
          [
            103.7906,
            1.321419
          ],
          [
            103.790981,
            1.322361
          ]
        ],
        "type": "LineString"
      },
      "properties": {
        "current_route_vs_validation_direct_sanity": "plausible",
        "direct_bus_fallback_reason": "implausible_graph_route_to_datamall_bus_stop_within_direct_radius",
        "endpoint_source": "postal_universe_to_transit_poi",
        "new_best_name": "Regent Villa",
        "new_best_routing_type": "sheltered",
        "new_best_shortest_m": 171.7,
        "new_best_type": "bus_stop",
        "new_bus_routing_type": "sheltered",
        "new_bus_shortest_m": 171.7,
        "new_bus_state": "SCORED",
        "new_state": "SCORED",
        "new_total": 59.6,
        "old_abs_pct_delta": 84.912,
        "old_direction": "project_shorter_than_onemap",
        "old_onemap_walk_m": 1138.0,
        "old_project_shortest_m": 171.7,
        "old_validation_best_node": "Regent Villa",
        "postal": "268432",
        "queue": "possible_overpermissive_project_path",
        "source_artifact": "qa\\onemap_outlier_replay_shorter_profile_connector_short_guard_20260802.json",
        "source_flags": {
          "best_bridge_underpass_m": 0.0,
          "best_bus_stop_access_connector_m": 0.0,
          "best_direct_bus_fallback_m": 0.0,
          "best_inferred_hdb_m": 0.0,
          "best_official_lta_shelter_m": 0.0,
          "best_osm_shelter_m": 0.0,
          "best_top_source_layer_m": {
            "unknown": 171.7
          },
          "bus_bus_stop_access_connector_m": 0.0,
          "bus_direct_bus_fallback_m": 0.0,
          "bus_top_source_layer_m": {
            "unknown": 171.7
          }
        },
        "validation_area": "BUKIT_TIMAH",
        "validation_best_node_type": "bus_stop",
        "validation_direct_distance_m": 113.0,
        "validation_distance_sanity": "plausible",
        "validation_onemap_vs_direct_delta_m": 1025.0
      },
      "type": "Feature"
    },
    {
      "geometry": {
        "coordinates": [
          [
            103.945739,
            1.344223
          ],
          [
            103.945919,
            1.344826
          ]
        ],
        "type": "LineString"
      },
      "properties": {
        "current_route_vs_validation_direct_sanity": "plausible",
        "direct_bus_fallback_reason": null,
        "endpoint_source": "postal_universe_to_transit_poi",
        "new_best_name": "Blk 136",
        "new_best_routing_type": "sheltered",
        "new_best_shortest_m": 153.8,
        "new_best_type": "bus_stop",
        "new_bus_routing_type": "sheltered",
        "new_bus_shortest_m": 153.8,
        "new_bus_state": "SCORED",
        "new_state": "SCORED",
        "new_total": 57.7,
        "old_abs_pct_delta": 84.258,
        "old_direction": "project_shorter_than_onemap",
        "old_onemap_walk_m": 977.0,
        "old_project_shortest_m": 153.8,
        "old_validation_best_node": "Blk 136",
        "postal": "528467",
        "queue": "possible_overpermissive_project_path",
        "source_artifact": "qa\\onemap_outlier_replay_shorter_profile_connector_short_guard_20260802.json",
        "source_flags": {
          "best_bridge_underpass_m": 0.0,
          "best_bus_stop_access_connector_m": 0.0,
          "best_direct_bus_fallback_m": 0.0,
          "best_inferred_hdb_m": 0.0,
          "best_official_lta_shelter_m": 0.0,
          "best_osm_shelter_m": 0.0,
          "best_top_source_layer_m": {
            "unknown": 153.8
          },
          "bus_bus_stop_access_connector_m": 0.0,
          "bus_direct_bus_fallback_m": 0.0,
          "bus_top_source_layer_m": {
            "unknown": 153.8
          }
        },
        "validation_area": "TAMPINES",
        "validation_best_node_type": "bus_stop",
        "validation_direct_distance_m": 70.0,
        "validation_distance_sanity": "plausible",
        "validation_onemap_vs_direct_delta_m": 907.0
      },
      "type": "Feature"
    },
    {
      "geometry": {
        "coordinates": [
          [
            103.690004,
            1.332022
          ],
          [
            103.69056,
            1.333341
          ]
        ],
        "type": "LineString"
      },
      "properties": {
        "current_route_vs_validation_direct_sanity": "current_route_materially_shorter_than_validation_direct",
        "direct_bus_fallback_reason": null,
        "endpoint_source": "postal_universe_to_transit_poi",
        "new_best_name": "Bef Kian Teck Rd",
        "new_best_routing_type": "sheltered_with_bus_stop_access_connector",
        "new_best_shortest_m": 109.0,
        "new_best_type": "bus_stop",
        "new_bus_routing_type": "sheltered_with_bus_stop_access_connector",
        "new_bus_shortest_m": 109.0,
        "new_bus_state": "SCORED",
        "new_state": "SCORED",
        "new_total": 60.0,
        "old_abs_pct_delta": 84.214,
        "old_direction": "project_shorter_than_onemap",
        "old_onemap_walk_m": 1744.0,
        "old_project_shortest_m": 275.3,
        "old_validation_best_node": "Opp Jurong Camp",
        "postal": "628882",
        "queue": "possible_overpermissive_project_path",
        "source_artifact": "qa\\onemap_outlier_replay_shorter_profile_connector_short_guard_20260802.json",
        "source_flags": {
          "best_bridge_underpass_m": 0.0,
          "best_bus_stop_access_connector_m": 0.0,
          "best_direct_bus_fallback_m": 0.0,
          "best_inferred_hdb_m": 0.0,
          "best_official_lta_shelter_m": 0.0,
          "best_osm_shelter_m": 0.0,
          "best_top_source_layer_m": {
            "bus_stop_access_connector": 48.9,
            "unknown": 60.1
          },
          "bus_bus_stop_access_connector_m": 0.0,
          "bus_direct_bus_fallback_m": 0.0,
          "bus_top_source_layer_m": {
            "bus_stop_access_connector": 48.9,
            "unknown": 60.1
          }
        },
        "validation_area": "JURONG_WEST",
        "validation_best_node_type": "bus_stop",
        "validation_direct_distance_m": 159.2,
        "validation_distance_sanity": "plausible",
        "validation_onemap_vs_direct_delta_m": 1584.8
      },
      "type": "Feature"
    },
    {
      "geometry": {
        "coordinates": [
          [
            103.791318,
            1.277277
          ],
          [
            103.792636,
            1.275812
          ]
        ],
        "type": "LineString"
      },
      "properties": {
        "current_route_vs_validation_direct_sanity": "plausible",
        "direct_bus_fallback_reason": null,
        "endpoint_source": "postal_universe_to_transit_poi",
        "new_best_name": "Pasir Panjang Stn/FC",
        "new_best_routing_type": "sheltered",
        "new_best_shortest_m": 312.3,
        "new_best_type": "bus_stop",
        "new_bus_routing_type": "sheltered",
        "new_bus_shortest_m": 312.3,
        "new_bus_state": "SCORED",
        "new_state": "SCORED",
        "new_total": 67.7,
        "old_abs_pct_delta": 83.658,
        "old_direction": "project_shorter_than_onemap",
        "old_onemap_walk_m": 1911.0,
        "old_project_shortest_m": 312.3,
        "old_validation_best_node": "Pasir Panjang Stn/FC",
        "postal": "119292",
        "queue": "possible_overpermissive_project_path",
        "source_artifact": "qa\\onemap_outlier_replay_shorter_profile_connector_short_guard_20260802.json",
        "source_flags": {
          "best_bridge_underpass_m": 6.1,
          "best_bus_stop_access_connector_m": 0.0,
          "best_direct_bus_fallback_m": 0.0,
          "best_inferred_hdb_m": 0.0,
          "best_official_lta_shelter_m": 0.0,
          "best_osm_shelter_m": 5.4,
          "best_top_source_layer_m": {
            "osm_explicit_shelter": 2.3,
            "osm_native_covered": 3.1,
            "overhead_bridge_underpass": 6.1,
            "unknown": 300.8
          },
          "bus_bus_stop_access_connector_m": 0.0,
          "bus_direct_bus_fallback_m": 0.0,
          "bus_top_source_layer_m": {
            "osm_explicit_shelter": 2.3,
            "osm_native_covered": 3.1,
            "overhead_bridge_underpass": 6.1,
            "unknown": 300.8
          }
        },
        "validation_area": "QUEENSTOWN",
        "validation_best_node_type": "bus_stop",
        "validation_direct_distance_m": 219.1,
        "validation_distance_sanity": "plausible",
        "validation_onemap_vs_direct_delta_m": 1691.9
      },
      "type": "Feature"
    },
    {
      "geometry": {
        "coordinates": [
          [
            103.83958,
            1.389013
          ],
          [
            103.840319,
            1.389545
          ]
        ],
        "type": "LineString"
      },
      "properties": {
        "current_route_vs_validation_direct_sanity": "plausible",
        "direct_bus_fallback_reason": "implausible_graph_route_to_datamall_bus_stop_within_direct_radius",
        "endpoint_source": "postal_universe_to_transit_poi",
        "new_best_name": "Aft Yio Chu Kang Rd",
        "new_best_routing_type": "sheltered",
        "new_best_shortest_m": 156.3,
        "new_best_type": "bus_stop",
        "new_bus_routing_type": "sheltered",
        "new_bus_shortest_m": 156.3,
        "new_bus_state": "SCORED",
        "new_state": "SCORED",
        "new_total": 60.5,
        "old_abs_pct_delta": 82.881,
        "old_direction": "project_shorter_than_onemap",
        "old_onemap_walk_m": 913.0,
        "old_project_shortest_m": 156.3,
        "old_validation_best_node": "Aft Yio Chu Kang Rd",
        "postal": "789968",
        "queue": "possible_overpermissive_project_path",
        "source_artifact": "qa\\onemap_outlier_replay_shorter_profile_connector_short_guard_20260802.json",
        "source_flags": {
          "best_bridge_underpass_m": 0.0,
          "best_bus_stop_access_connector_m": 0.0,
          "best_direct_bus_fallback_m": 0.0,
          "best_inferred_hdb_m": 0.0,
          "best_official_lta_shelter_m": 0.0,
          "best_osm_shelter_m": 0.0,
          "best_top_source_layer_m": {
            "unknown": 156.3
          },
          "bus_bus_stop_access_connector_m": 0.0,
          "bus_direct_bus_fallback_m": 0.0,
          "bus_top_source_layer_m": {
            "unknown": 156.3
          }
        },
        "validation_area": "ANG_MO_KIO",
        "validation_best_node_type": "bus_stop",
        "validation_direct_distance_m": 101.2,
        "validation_distance_sanity": "plausible",
        "validation_onemap_vs_direct_delta_m": 811.8
      },
      "type": "Feature"
    },
    {
      "geometry": {
        "coordinates": [
          [
            103.896283,
            1.303365
          ],
          [
            103.886511,
            1.301003
          ]
        ],
        "type": "LineString"
      },
      "properties": {
        "current_route_vs_validation_direct_sanity": "current_route_materially_shorter_than_validation_direct",
        "direct_bus_fallback_reason": null,
        "endpoint_source": "postal_universe_to_transit_poi",
        "new_best_name": "Aft Katong PO",
        "new_best_routing_type": "sheltered",
        "new_best_shortest_m": 99.1,
        "new_best_type": "bus_stop",
        "new_bus_routing_type": "sheltered",
        "new_bus_shortest_m": 99.1,
        "new_bus_state": "SCORED",
        "new_state": "SCORED",
        "new_total": 59.0,
        "old_abs_pct_delta": 82.805,
        "old_direction": "project_shorter_than_onemap",
        "old_onemap_walk_m": 1287.0,
        "old_project_shortest_m": 221.3,
        "old_validation_best_node": "KiddiWinkie S/H @ Mountbatten",
        "postal": "436659",
        "queue": "possible_overpermissive_project_path",
        "source_artifact": "qa\\onemap_outlier_replay_shorter_profile_connector_short_guard_20260802.json",
        "source_flags": {
          "best_bridge_underpass_m": 0.0,
          "best_bus_stop_access_connector_m": 0.0,
          "best_direct_bus_fallback_m": 0.0,
          "best_inferred_hdb_m": 0.0,
          "best_official_lta_shelter_m": 0.0,
          "best_osm_shelter_m": 0.0,
          "best_top_source_layer_m": {
            "unknown": 99.1
          },
          "bus_bus_stop_access_connector_m": 0.0,
          "bus_direct_bus_fallback_m": 0.0,
          "bus_top_source_layer_m": {
            "unknown": 99.1
          }
        },
        "validation_area": "MARINE_PARADE",
        "validation_best_node_type": "bus_stop",
        "validation_direct_distance_m": 1117.6,
        "validation_distance_sanity": "plausible",
        "validation_onemap_vs_direct_delta_m": 169.4
      },
      "type": "Feature"
    },
    {
      "geometry": {
        "coordinates": [
          [
            103.867293,
            1.360691
          ],
          [
            103.868017,
            1.361491
          ]
        ],
        "type": "LineString"
      },
      "properties": {
        "current_route_vs_validation_direct_sanity": "plausible",
        "direct_bus_fallback_reason": null,
        "endpoint_source": "postal_universe_to_transit_poi",
        "new_best_name": "Aft Chuan Gdn",
        "new_best_routing_type": "sheltered",
        "new_best_shortest_m": 148.3,
        "new_best_type": "bus_stop",
        "new_bus_routing_type": "sheltered",
        "new_bus_shortest_m": 148.3,
        "new_bus_state": "SCORED",
        "new_state": "SCORED",
        "new_total": 60.0,
        "old_abs_pct_delta": 82.387,
        "old_direction": "project_shorter_than_onemap",
        "old_onemap_walk_m": 842.0,
        "old_project_shortest_m": 148.3,
        "old_validation_best_node": "Aft Chuan Gdn",
        "postal": "554777",
        "queue": "possible_overpermissive_project_path",
        "source_artifact": "qa\\onemap_outlier_replay_shorter_profile_connector_short_guard_20260802.json",
        "source_flags": {
          "best_bridge_underpass_m": 0.0,
          "best_bus_stop_access_connector_m": 0.0,
          "best_direct_bus_fallback_m": 0.0,
          "best_inferred_hdb_m": 0.0,
          "best_official_lta_shelter_m": 0.0,
          "best_osm_shelter_m": 0.0,
          "best_top_source_layer_m": {
            "unknown": 148.3
          },
          "bus_bus_stop_access_connector_m": 0.0,
          "bus_direct_bus_fallback_m": 0.0,
          "bus_top_source_layer_m": {
            "unknown": 148.3
          }
        },
        "validation_area": "SERANGOON",
        "validation_best_node_type": "bus_stop",
        "validation_direct_distance_m": 120.0,
        "validation_distance_sanity": "plausible",
        "validation_onemap_vs_direct_delta_m": 722.0
      },
      "type": "Feature"
    },
    {
      "geometry": {
        "coordinates": [
          [
            103.840796,
            1.354745
          ],
          [
            103.841612,
            1.355481
          ]
        ],
        "type": "LineString"
      },
      "properties": {
        "current_route_vs_validation_direct_sanity": "plausible",
        "direct_bus_fallback_reason": null,
        "endpoint_source": "postal_universe_to_transit_poi",
        "new_best_name": "Whitley Sec Sch",
        "new_best_routing_type": "sheltered",
        "new_best_shortest_m": 159.7,
        "new_best_type": "bus_stop",
        "new_bus_routing_type": "sheltered",
        "new_bus_shortest_m": 159.7,
        "new_bus_state": "SCORED",
        "new_state": "SCORED",
        "new_total": 81.2,
        "old_abs_pct_delta": 81.832,
        "old_direction": "project_shorter_than_onemap",
        "old_onemap_walk_m": 879.0,
        "old_project_shortest_m": 159.7,
        "old_validation_best_node": "Whitley Sec Sch",
        "postal": "577819",
        "queue": "possible_overpermissive_project_path",
        "source_artifact": "qa\\onemap_outlier_replay_shorter_profile_connector_short_guard_20260802.json",
        "source_flags": {
          "best_bridge_underpass_m": 63.9,
          "best_bus_stop_access_connector_m": 0.0,
          "best_direct_bus_fallback_m": 0.0,
          "best_inferred_hdb_m": 0.0,
          "best_official_lta_shelter_m": 20.7,
          "best_osm_shelter_m": 0.0,
          "best_top_source_layer_m": {
            "covered_linkway": 20.7,
            "overhead_bridge_underpass": 63.9,
            "unknown": 75.1
          },
          "bus_bus_stop_access_connector_m": 0.0,
          "bus_direct_bus_fallback_m": 0.0,
          "bus_top_source_layer_m": {
            "covered_linkway": 20.7,
            "overhead_bridge_underpass": 63.9,
            "unknown": 75.1
          }
        },
        "validation_area": "BISHAN",
        "validation_best_node_type": "bus_stop",
        "validation_direct_distance_m": 122.2,
        "validation_distance_sanity": "plausible",
        "validation_onemap_vs_direct_delta_m": 756.8
      },
      "type": "Feature"
    },
    {
      "geometry": {
        "coordinates": [
          [
            103.730898,
            1.324503
          ],
          [
            103.728668,
            1.325343
          ]
        ],
        "type": "LineString"
      },
      "properties": {
        "current_route_vs_validation_direct_sanity": "plausible",
        "direct_bus_fallback_reason": null,
        "endpoint_source": "postal_universe_to_transit_poi",
        "new_best_name": "Aft Jurong Lake",
        "new_best_routing_type": "sheltered",
        "new_best_shortest_m": 492.2,
        "new_best_type": "bus_stop",
        "new_bus_routing_type": "sheltered",
        "new_bus_shortest_m": 492.2,
        "new_bus_state": "SCORED",
        "new_state": "SCORED",
        "new_total": 35.2,
        "old_abs_pct_delta": 81.804,
        "old_direction": "project_shorter_than_onemap",
        "old_onemap_walk_m": 2705.0,
        "old_project_shortest_m": 492.2,
        "old_validation_best_node": "Aft Jurong Lake",
        "postal": "619402",
        "queue": "possible_overpermissive_project_path",
        "source_artifact": "qa\\onemap_outlier_replay_shorter_profile_connector_short_guard_20260802.json",
        "source_flags": {
          "best_bridge_underpass_m": 0.0,
          "best_bus_stop_access_connector_m": 0.0,
          "best_direct_bus_fallback_m": 0.0,
          "best_inferred_hdb_m": 0.0,
          "best_official_lta_shelter_m": 0.0,
          "best_osm_shelter_m": 0.0,
          "best_top_source_layer_m": {
            "unknown": 492.2
          },
          "bus_bus_stop_access_connector_m": 0.0,
          "bus_direct_bus_fallback_m": 0.0,
          "bus_top_source_layer_m": {
            "unknown": 492.2
          }
        },
        "validation_area": "JURONG_EAST",
        "validation_best_node_type": "bus_stop",
        "validation_direct_distance_m": 264.9,
        "validation_distance_sanity": "plausible",
        "validation_onemap_vs_direct_delta_m": 2440.1
      },
      "type": "Feature"
    },
    {
      "geometry": {
        "coordinates": [
          [
            103.79191,
            1.332459
          ],
          [
            103.792371,
            1.332545
          ]
        ],
        "type": "LineString"
      },
      "properties": {
        "current_route_vs_validation_direct_sanity": "current_route_materially_shorter_than_validation_direct",
        "direct_bus_fallback_reason": null,
        "endpoint_source": "postal_universe_to_transit_poi",
        "new_best_name": "Aft Maple Ave",
        "new_best_routing_type": "sheltered",
        "new_best_shortest_m": 28.8,
        "new_best_type": "bus_stop",
        "new_bus_routing_type": "sheltered",
        "new_bus_shortest_m": 28.8,
        "new_bus_state": "SCORED",
        "new_state": "SCORED",
        "new_total": 100.0,
        "old_abs_pct_delta": 81.176,
        "old_direction": "project_shorter_than_onemap",
        "old_onemap_walk_m": 153.0,
        "old_project_shortest_m": 28.8,
        "old_validation_best_node": "Aft Maple Ave",
        "postal": "279865",
        "queue": "possible_overpermissive_project_path",
        "source_artifact": "qa\\onemap_outlier_replay_shorter_profile_connector_short_guard_20260802.json",
        "source_flags": {
          "best_bridge_underpass_m": 0.0,
          "best_bus_stop_access_connector_m": 0.0,
          "best_direct_bus_fallback_m": 0.0,
          "best_inferred_hdb_m": 0.0,
          "best_official_lta_shelter_m": 0.0,
          "best_osm_shelter_m": 28.8,
          "best_top_source_layer_m": {
            "osm_native_covered": 28.8
          },
          "bus_bus_stop_access_connector_m": 0.0,
          "bus_direct_bus_fallback_m": 0.0,
          "bus_top_source_layer_m": {
            "osm_native_covered": 28.8
          }
        },
        "validation_area": "BUKIT_TIMAH",
        "validation_best_node_type": "bus_stop",
        "validation_direct_distance_m": 52.1,
        "validation_distance_sanity": "plausible",
        "validation_onemap_vs_direct_delta_m": 100.9
      },
      "type": "Feature"
    },
    {
      "geometry": {
        "coordinates": [
          [
            103.822426,
            1.267172
          ],
          [
            103.822283,
            1.265924
          ]
        ],
        "type": "LineString"
      },
      "properties": {
        "current_route_vs_validation_direct_sanity": "plausible",
        "direct_bus_fallback_reason": "implausible_graph_route_to_datamall_bus_stop_within_direct_radius",
        "endpoint_source": "postal_universe_to_transit_poi",
        "new_best_name": "HarbourFront Stn/Vivocity",
        "new_best_routing_type": "direct_bus_fallback_unrouted",
        "new_best_shortest_m": 185.5,
        "new_best_type": "bus_stop",
        "new_bus_routing_type": "direct_bus_fallback_unrouted",
        "new_bus_shortest_m": 185.5,
        "new_bus_state": "SCORED_PARTIAL",
        "new_state": "SCORED_PARTIAL",
        "new_total": 55.0,
        "old_abs_pct_delta": 81.162,
        "old_direction": "project_shorter_than_onemap",
        "old_onemap_walk_m": 1824.0,
        "old_project_shortest_m": 343.6,
        "old_validation_best_node": "Opp VivoCity",
        "postal": "099281",
        "queue": "possible_overpermissive_project_path",
        "source_artifact": "qa\\onemap_outlier_replay_shorter_profile_connector_short_guard_20260802.json",
        "source_flags": {
          "best_bridge_underpass_m": 0.0,
          "best_bus_stop_access_connector_m": 0.0,
          "best_direct_bus_fallback_m": 185.5,
          "best_inferred_hdb_m": 0.0,
          "best_official_lta_shelter_m": 0.0,
          "best_osm_shelter_m": 0.0,
          "best_top_source_layer_m": {
            "direct_bus_fallback": 185.5
          },
          "bus_bus_stop_access_connector_m": 0.0,
          "bus_direct_bus_fallback_m": 185.5,
          "bus_top_source_layer_m": {
            "direct_bus_fallback": 185.5
          }
        },
        "validation_area": "BUKIT_MERAH",
        "validation_best_node_type": "bus_stop",
        "validation_direct_distance_m": 139.7,
        "validation_distance_sanity": "plausible",
        "validation_onemap_vs_direct_delta_m": 1684.3
      },
      "type": "Feature"
    },
    {
      "geometry": {
        "coordinates": [
          [
            103.839651,
            1.388067
          ],
          [
            103.840319,
            1.389545
          ]
        ],
        "type": "LineString"
      },
      "properties": {
        "current_route_vs_validation_direct_sanity": "plausible",
        "direct_bus_fallback_reason": "implausible_graph_route_to_datamall_bus_stop_within_direct_radius",
        "endpoint_source": "postal_universe_to_transit_poi",
        "new_best_name": "Aft Yio Chu Kang Rd",
        "new_best_routing_type": "sheltered",
        "new_best_shortest_m": 210.2,
        "new_best_type": "bus_stop",
        "new_bus_routing_type": "sheltered",
        "new_bus_shortest_m": 210.2,
        "new_bus_state": "SCORED",
        "new_state": "SCORED",
        "new_total": 60.0,
        "old_abs_pct_delta": 80.483,
        "old_direction": "project_shorter_than_onemap",
        "old_onemap_walk_m": 1077.0,
        "old_project_shortest_m": 210.2,
        "old_validation_best_node": "Aft Yio Chu Kang Rd",
        "postal": "789742",
        "queue": "possible_overpermissive_project_path",
        "source_artifact": "qa\\onemap_outlier_replay_shorter_profile_connector_short_guard_20260802.json",
        "source_flags": {
          "best_bridge_underpass_m": 0.0,
          "best_bus_stop_access_connector_m": 0.0,
          "best_direct_bus_fallback_m": 0.0,
          "best_inferred_hdb_m": 0.0,
          "best_official_lta_shelter_m": 0.0,
          "best_osm_shelter_m": 0.0,
          "best_top_source_layer_m": {
            "unknown": 210.2
          },
          "bus_bus_stop_access_connector_m": 0.0,
          "bus_direct_bus_fallback_m": 0.0,
          "bus_top_source_layer_m": {
            "unknown": 210.2
          }
        },
        "validation_area": "ANG_MO_KIO",
        "validation_best_node_type": "bus_stop",
        "validation_direct_distance_m": 180.3,
        "validation_distance_sanity": "plausible",
        "validation_onemap_vs_direct_delta_m": 896.7
      },
      "type": "Feature"
    },
    {
      "geometry": {
        "coordinates": [
          [
            103.865564,
            1.379959
          ],
          [
            103.865519,
            1.378543
          ]
        ],
        "type": "LineString"
      },
      "properties": {
        "current_route_vs_validation_direct_sanity": "plausible",
        "direct_bus_fallback_reason": null,
        "endpoint_source": "postal_universe_to_transit_poi",
        "new_best_name": "Opp Techplace 2",
        "new_best_routing_type": "sheltered_with_bus_stop_access_connector",
        "new_best_shortest_m": 206.6,
        "new_best_type": "bus_stop",
        "new_bus_routing_type": "sheltered_with_bus_stop_access_connector",
        "new_bus_shortest_m": 206.6,
        "new_bus_state": "SCORED",
        "new_state": "SCORED",
        "new_total": 60.0,
        "old_abs_pct_delta": 80.087,
        "old_direction": "project_shorter_than_onemap",
        "old_onemap_walk_m": 3225.0,
        "old_project_shortest_m": 642.2,
        "old_validation_best_node": "Opp Techplace 2",
        "postal": "804651",
        "queue": "possible_overpermissive_project_path",
        "source_artifact": "qa\\onemap_outlier_replay_shorter_profile_connector_short_guard_20260802.json",
        "source_flags": {
          "best_bridge_underpass_m": 0.0,
          "best_bus_stop_access_connector_m": 0.0,
          "best_direct_bus_fallback_m": 0.0,
          "best_inferred_hdb_m": 0.0,
          "best_official_lta_shelter_m": 0.0,
          "best_osm_shelter_m": 0.0,
          "best_top_source_layer_m": {
            "bus_stop_access_connector": 39.3,
            "unknown": 167.3
          },
          "bus_bus_stop_access_connector_m": 0.0,
          "bus_direct_bus_fallback_m": 0.0,
          "bus_top_source_layer_m": {
            "bus_stop_access_connector": 39.3,
            "unknown": 167.3
          }
        },
        "validation_area": "SERANGOON",
        "validation_best_node_type": "bus_stop",
        "validation_direct_distance_m": 157.5,
        "validation_distance_sanity": "plausible",
        "validation_onemap_vs_direct_delta_m": 3067.5
      },
      "type": "Feature"
    },
    {
      "geometry": {
        "coordinates": [
          [
            103.740567,
            1.352922
          ],
          [
            103.740304,
            1.353303
          ]
        ],
        "type": "LineString"
      },
      "properties": {
        "current_route_vs_validation_direct_sanity": "current_route_slightly_shorter_than_validation_direct",
        "direct_bus_fallback_reason": null,
        "endpoint_source": "postal_universe_to_transit_poi",
        "new_best_name": "Blk 460D",
        "new_best_routing_type": "sheltered",
        "new_best_shortest_m": 43.3,
        "new_best_type": "bus_stop",
        "new_bus_routing_type": "sheltered",
        "new_bus_shortest_m": 43.3,
        "new_bus_state": "SCORED",
        "new_state": "SCORED",
        "new_total": 85.3,
        "old_abs_pct_delta": 79.082,
        "old_direction": "project_shorter_than_onemap",
        "old_onemap_walk_m": 207.0,
        "old_project_shortest_m": 43.3,
        "old_validation_best_node": "Blk 460D",
        "postal": "651448",
        "queue": "possible_overpermissive_project_path",
        "source_artifact": "qa\\onemap_outlier_replay_shorter_profile_connector_short_guard_20260802.json",
        "source_flags": {
          "best_bridge_underpass_m": 0.0,
          "best_bus_stop_access_connector_m": 0.0,
          "best_direct_bus_fallback_m": 0.0,
          "best_inferred_hdb_m": 27.9,
          "best_official_lta_shelter_m": 0.0,
          "best_osm_shelter_m": 0.0,
          "best_top_source_layer_m": {
            "inferred_hdb_precinct": 27.9,
            "unknown": 15.4
          },
          "bus_bus_stop_access_connector_m": 0.0,
          "bus_direct_bus_fallback_m": 0.0,
          "bus_top_source_layer_m": {
            "inferred_hdb_precinct": 27.9,
            "unknown": 15.4
          }
        },
        "validation_area": "BUKIT_BATOK",
        "validation_best_node_type": "bus_stop",
        "validation_direct_distance_m": 51.5,
        "validation_distance_sanity": "plausible",
        "validation_onemap_vs_direct_delta_m": 155.5
      },
      "type": "Feature"
    },
    {
      "geometry": {
        "coordinates": [
          [
            103.866058,
            1.379614
          ],
          [
            103.866863,
            1.37834
          ]
        ],
        "type": "LineString"
      },
      "properties": {
        "current_route_vs_validation_direct_sanity": "plausible",
        "direct_bus_fallback_reason": "implausible_graph_route_to_datamall_bus_stop_within_direct_radius",
        "endpoint_source": "postal_universe_to_transit_poi",
        "new_best_name": "Techplace 2",
        "new_best_routing_type": "sheltered_with_bus_stop_access_connector",
        "new_best_shortest_m": 168.7,
        "new_best_type": "bus_stop",
        "new_bus_routing_type": "sheltered_with_bus_stop_access_connector",
        "new_bus_shortest_m": 168.7,
        "new_bus_state": "SCORED",
        "new_state": "SCORED",
        "new_total": 60.0,
        "old_abs_pct_delta": 78.798,
        "old_direction": "project_shorter_than_onemap",
        "old_onemap_walk_m": 3161.0,
        "old_project_shortest_m": 670.2,
        "old_validation_best_node": "Techplace 2",
        "postal": "804620",
        "queue": "possible_overpermissive_project_path",
        "source_artifact": "qa\\onemap_outlier_replay_shorter_profile_connector_short_guard_20260802.json",
        "source_flags": {
          "best_bridge_underpass_m": 0.0,
          "best_bus_stop_access_connector_m": 0.0,
          "best_direct_bus_fallback_m": 0.0,
          "best_inferred_hdb_m": 0.0,
          "best_official_lta_shelter_m": 0.0,
          "best_osm_shelter_m": 0.0,
          "best_top_source_layer_m": {
            "bus_stop_access_connector": 47.4,
            "unknown": 121.3
          },
          "bus_bus_stop_access_connector_m": 0.0,
          "bus_direct_bus_fallback_m": 0.0,
          "bus_top_source_layer_m": {
            "bus_stop_access_connector": 47.4,
            "unknown": 121.3
          }
        },
        "validation_area": "SERANGOON",
        "validation_best_node_type": "bus_stop",
        "validation_direct_distance_m": 167.6,
        "validation_distance_sanity": "plausible",
        "validation_onemap_vs_direct_delta_m": 2993.4
      },
      "type": "Feature"
    },
    {
      "geometry": {
        "coordinates": [
          [
            103.75676,
            1.336485
          ],
          [
            103.757235,
            1.335669
          ]
        ],
        "type": "LineString"
      },
      "properties": {
        "current_route_vs_validation_direct_sanity": "plausible",
        "direct_bus_fallback_reason": null,
        "endpoint_source": "postal_universe_to_transit_poi",
        "new_best_name": "Opp Uni-Tech Ctr",
        "new_best_routing_type": "sheltered",
        "new_best_shortest_m": 108.2,
        "new_best_type": "bus_stop",
        "new_bus_routing_type": "sheltered",
        "new_bus_shortest_m": 108.2,
        "new_bus_state": "SCORED",
        "new_state": "SCORED",
        "new_total": 60.0,
        "old_abs_pct_delta": 78.659,
        "old_direction": "project_shorter_than_onemap",
        "old_onemap_walk_m": 507.0,
        "old_project_shortest_m": 108.2,
        "old_validation_best_node": "Opp Uni-Tech Ctr",
        "postal": "608602",
        "queue": "possible_overpermissive_project_path",
        "source_artifact": "qa\\onemap_outlier_replay_shorter_profile_connector_short_guard_20260802.json",
        "source_flags": {
          "best_bridge_underpass_m": 0.0,
          "best_bus_stop_access_connector_m": 0.0,
          "best_direct_bus_fallback_m": 0.0,
          "best_inferred_hdb_m": 0.0,
          "best_official_lta_shelter_m": 0.0,
          "best_osm_shelter_m": 0.0,
          "best_top_source_layer_m": {
            "unknown": 108.2
          },
          "bus_bus_stop_access_connector_m": 0.0,
          "bus_direct_bus_fallback_m": 0.0,
          "bus_top_source_layer_m": {
            "unknown": 108.2
          }
        },
        "validation_area": "CLEMENTI",
        "validation_best_node_type": "bus_stop",
        "validation_direct_distance_m": 105.0,
        "validation_distance_sanity": "plausible",
        "validation_onemap_vs_direct_delta_m": 402.0
      },
      "type": "Feature"
    },
    {
      "geometry": {
        "coordinates": [
          [
            103.847088,
            1.381891
          ],
          [
            103.845556,
            1.381132
          ]
        ],
        "type": "LineString"
      },
      "properties": {
        "current_route_vs_validation_direct_sanity": "plausible",
        "direct_bus_fallback_reason": null,
        "endpoint_source": "postal_universe_to_transit_poi",
        "new_best_name": "Yio Chu Kang Int",
        "new_best_routing_type": "sheltered",
        "new_best_shortest_m": 211.7,
        "new_best_type": "bus_stop",
        "new_bus_routing_type": "sheltered",
        "new_bus_shortest_m": 211.7,
        "new_bus_state": "SCORED",
        "new_state": "SCORED",
        "new_total": 60.0,
        "old_abs_pct_delta": 78.638,
        "old_direction": "project_shorter_than_onemap",
        "old_onemap_walk_m": 991.0,
        "old_project_shortest_m": 211.7,
        "old_validation_best_node": "Yio Chu Kang Int",
        "postal": "569771",
        "queue": "possible_overpermissive_project_path",
        "source_artifact": "qa\\onemap_outlier_replay_shorter_profile_connector_short_guard_20260802.json",
        "source_flags": {
          "best_bridge_underpass_m": 0.0,
          "best_bus_stop_access_connector_m": 0.0,
          "best_direct_bus_fallback_m": 0.0,
          "best_inferred_hdb_m": 0.0,
          "best_official_lta_shelter_m": 0.0,
          "best_osm_shelter_m": 0.0,
          "best_top_source_layer_m": {
            "unknown": 211.7
          },
          "bus_bus_stop_access_connector_m": 0.0,
          "bus_direct_bus_fallback_m": 0.0,
          "bus_top_source_layer_m": {
            "unknown": 211.7
          }
        },
        "validation_area": "ANG_MO_KIO",
        "validation_best_node_type": "bus_stop",
        "validation_direct_distance_m": 190.1,
        "validation_distance_sanity": "plausible",
        "validation_onemap_vs_direct_delta_m": 800.9
      },
      "type": "Feature"
    },
    {
      "geometry": {
        "coordinates": [
          [
            103.948765,
            1.373093
          ],
          [
            103.94845,
            1.373696
          ]
        ],
        "type": "LineString"
      },
      "properties": {
        "current_route_vs_validation_direct_sanity": "current_route_materially_shorter_than_validation_direct",
        "direct_bus_fallback_reason": null,
        "endpoint_source": "postal_universe_to_transit_poi",
        "new_best_name": "Pasir Ris Int",
        "new_best_routing_type": "sheltered",
        "new_best_shortest_m": 40.0,
        "new_best_type": "bus_stop",
        "new_bus_routing_type": "sheltered",
        "new_bus_shortest_m": 40.0,
        "new_bus_state": "SCORED",
        "new_state": "SCORED",
        "new_total": 100.0,
        "old_abs_pct_delta": 77.654,
        "old_direction": "project_shorter_than_onemap",
        "old_onemap_walk_m": 179.0,
        "old_project_shortest_m": 40.0,
        "old_validation_best_node": "Pasir Ris Int",
        "postal": "519612",
        "queue": "possible_overpermissive_project_path",
        "source_artifact": "qa\\onemap_outlier_replay_shorter_profile_connector_short_guard_20260802.json",
        "source_flags": {
          "best_bridge_underpass_m": 0.0,
          "best_bus_stop_access_connector_m": 0.0,
          "best_direct_bus_fallback_m": 0.0,
          "best_inferred_hdb_m": 0.0,
          "best_official_lta_shelter_m": 0.0,
          "best_osm_shelter_m": 40.0,
          "best_top_source_layer_m": {
            "osm_native_covered": 40.0
          },
          "bus_bus_stop_access_connector_m": 0.0,
          "bus_direct_bus_fallback_m": 0.0,
          "bus_top_source_layer_m": {
            "osm_native_covered": 40.0
          }
        },
        "validation_area": "PASIR_RIS",
        "validation_best_node_type": "bus_stop",
        "validation_direct_distance_m": 75.6,
        "validation_distance_sanity": "plausible",
        "validation_onemap_vs_direct_delta_m": 103.4
      },
      "type": "Feature"
    },
    {
      "geometry": {
        "coordinates": [
          [
            103.742733,
            1.357056
          ],
          [
            103.743394,
            1.355843
          ]
        ],
        "type": "LineString"
      },
      "properties": {
        "current_route_vs_validation_direct_sanity": "current_route_slightly_shorter_than_validation_direct",
        "direct_bus_fallback_reason": null,
        "endpoint_source": "postal_universe_to_transit_poi",
        "new_best_name": "Opp Blk 467B",
        "new_best_routing_type": "sheltered",
        "new_best_shortest_m": 134.7,
        "new_best_type": "bus_stop",
        "new_bus_routing_type": "sheltered",
        "new_bus_shortest_m": 134.7,
        "new_bus_state": "SCORED",
        "new_state": "SCORED",
        "new_total": 100.0,
        "old_abs_pct_delta": 76.895,
        "old_direction": "project_shorter_than_onemap",
        "old_onemap_walk_m": 583.0,
        "old_project_shortest_m": 134.7,
        "old_validation_best_node": "Opp Blk 467B",
        "postal": "650466",
        "queue": "possible_overpermissive_project_path",
        "source_artifact": "qa\\onemap_outlier_replay_shorter_profile_connector_short_guard_20260802.json",
        "source_flags": {
          "best_bridge_underpass_m": 0.0,
          "best_bus_stop_access_connector_m": 0.0,
          "best_direct_bus_fallback_m": 0.0,
          "best_inferred_hdb_m": 134.7,
          "best_official_lta_shelter_m": 0.0,
          "best_osm_shelter_m": 0.0,
          "best_top_source_layer_m": {
            "inferred_hdb_precinct": 81.9,
            "inferred_hdb_precinct_footway": 20.5,
            "inferred_hdb_void_deck": 32.3
          },
          "bus_bus_stop_access_connector_m": 0.0,
          "bus_direct_bus_fallback_m": 0.0,
          "bus_top_source_layer_m": {
            "inferred_hdb_precinct": 81.9,
            "inferred_hdb_precinct_footway": 20.5,
            "inferred_hdb_void_deck": 32.3
          }
        },
        "validation_area": "BUKIT_BATOK",
        "validation_best_node_type": "bus_stop",
        "validation_direct_distance_m": 153.6,
        "validation_distance_sanity": "plausible",
        "validation_onemap_vs_direct_delta_m": 429.4
      },
      "type": "Feature"
    },
    {
      "geometry": {
        "coordinates": [
          [
            103.880627,
            1.319835
          ],
          [
            103.880511,
            1.318464
          ]
        ],
        "type": "LineString"
      },
      "properties": {
        "current_route_vs_validation_direct_sanity": "plausible",
        "direct_bus_fallback_reason": "implausible_graph_route_to_datamall_bus_stop_within_direct_radius",
        "endpoint_source": "postal_universe_to_transit_poi",
        "new_best_name": "Bef Blk 53",
        "new_best_routing_type": "sheltered",
        "new_best_shortest_m": 392.4,
        "new_best_type": "bus_stop",
        "new_bus_routing_type": "sheltered",
        "new_bus_shortest_m": 392.4,
        "new_bus_state": "SCORED",
        "new_state": "SCORED",
        "new_total": 64.1,
        "old_abs_pct_delta": 76.347,
        "old_direction": "project_shorter_than_onemap",
        "old_onemap_walk_m": 1659.0,
        "old_project_shortest_m": 392.4,
        "old_validation_best_node": "Bef Blk 53",
        "postal": "387390",
        "queue": "possible_overpermissive_project_path",
        "source_artifact": "qa\\onemap_outlier_replay_shorter_profile_connector_short_guard_20260802.json",
        "source_flags": {
          "best_bridge_underpass_m": 0.0,
          "best_bus_stop_access_connector_m": 0.0,
          "best_direct_bus_fallback_m": 0.0,
          "best_inferred_hdb_m": 37.4,
          "best_official_lta_shelter_m": 0.0,
          "best_osm_shelter_m": 0.0,
          "best_top_source_layer_m": {
            "inferred_hdb_precinct_footway": 37.4,
            "unknown": 355.0
          },
          "bus_bus_stop_access_connector_m": 0.0,
          "bus_direct_bus_fallback_m": 0.0,
          "bus_top_source_layer_m": {
            "inferred_hdb_precinct_footway": 37.4,
            "unknown": 355.0
          }
        },
        "validation_area": "GEYLANG",
        "validation_best_node_type": "bus_stop",
        "validation_direct_distance_m": 153.0,
        "validation_distance_sanity": "plausible",
        "validation_onemap_vs_direct_delta_m": 1506.0
      },
      "type": "Feature"
    },
    {
      "geometry": {
        "coordinates": [
          [
            103.839975,
            1.387506
          ],
          [
            103.840319,
            1.389545
          ]
        ],
        "type": "LineString"
      },
      "properties": {
        "current_route_vs_validation_direct_sanity": "current_route_slightly_shorter_than_validation_direct",
        "direct_bus_fallback_reason": "implausible_graph_route_to_datamall_bus_stop_within_direct_radius",
        "endpoint_source": "postal_universe_to_transit_poi",
        "new_best_name": "Seasons Pk",
        "new_best_routing_type": "direct_bus_fallback_unrouted",
        "new_best_shortest_m": 223.7,
        "new_best_type": "bus_stop",
        "new_bus_routing_type": "direct_bus_fallback_unrouted",
        "new_bus_shortest_m": 223.7,
        "new_bus_state": "SCORED_PARTIAL",
        "new_state": "SCORED_PARTIAL",
        "new_total": 55.0,
        "old_abs_pct_delta": 75.934,
        "old_direction": "project_shorter_than_onemap",
        "old_onemap_walk_m": 1151.0,
        "old_project_shortest_m": 277.0,
        "old_validation_best_node": "Aft Yio Chu Kang Rd",
        "postal": "786880",
        "queue": "possible_overpermissive_project_path",
        "source_artifact": "qa\\onemap_outlier_replay_shorter_profile_connector_short_guard_20260802.json",
        "source_flags": {
          "best_bridge_underpass_m": 0.0,
          "best_bus_stop_access_connector_m": 0.0,
          "best_direct_bus_fallback_m": 223.7,
          "best_inferred_hdb_m": 0.0,
          "best_official_lta_shelter_m": 0.0,
          "best_osm_shelter_m": 0.0,
          "best_top_source_layer_m": {
            "direct_bus_fallback": 223.7
          },
          "bus_bus_stop_access_connector_m": 0.0,
          "bus_direct_bus_fallback_m": 223.7,
          "bus_top_source_layer_m": {
            "direct_bus_fallback": 223.7
          }
        },
        "validation_area": "ANG_MO_KIO",
        "validation_best_node_type": "bus_stop",
        "validation_direct_distance_m": 229.9,
        "validation_distance_sanity": "plausible",
        "validation_onemap_vs_direct_delta_m": 921.1
      },
      "type": "Feature"
    },
    {
      "geometry": {
        "coordinates": [
          [
            103.941079,
            1.378026
          ],
          [
            103.941279,
            1.378109
          ]
        ],
        "type": "LineString"
      },
      "properties": {
        "current_route_vs_validation_direct_sanity": "current_route_slightly_shorter_than_validation_direct",
        "direct_bus_fallback_reason": "implausible_graph_route_to_datamall_bus_stop_within_direct_radius",
        "endpoint_source": "postal_universe_to_transit_poi",
        "new_best_name": "Blk 633",
        "new_best_routing_type": "sheltered",
        "new_best_shortest_m": 17.8,
        "new_best_type": "bus_stop",
        "new_bus_routing_type": "sheltered",
        "new_bus_shortest_m": 17.8,
        "new_bus_state": "SCORED",
        "new_state": "SCORED",
        "new_total": 100.0,
        "old_abs_pct_delta": 74.203,
        "old_direction": "project_shorter_than_onemap",
        "old_onemap_walk_m": 69.0,
        "old_project_shortest_m": 17.8,
        "old_validation_best_node": "Blk 633",
        "postal": "511633",
        "queue": "possible_overpermissive_project_path",
        "source_artifact": "qa\\onemap_outlier_replay_shorter_profile_connector_short_guard_20260802.json",
        "source_flags": {
          "best_bridge_underpass_m": 0.0,
          "best_bus_stop_access_connector_m": 0.0,
          "best_direct_bus_fallback_m": 0.0,
          "best_inferred_hdb_m": 4.6,
          "best_official_lta_shelter_m": 0.0,
          "best_osm_shelter_m": 13.2,
          "best_top_source_layer_m": {
            "inferred_hdb_precinct": 4.6,
            "osm_native_covered": 13.2
          },
          "bus_bus_stop_access_connector_m": 0.0,
          "bus_direct_bus_fallback_m": 0.0,
          "bus_top_source_layer_m": {
            "inferred_hdb_precinct": 4.6,
            "osm_native_covered": 13.2
          }
        },
        "validation_area": "PASIR_RIS",
        "validation_best_node_type": "bus_stop",
        "validation_direct_distance_m": 24.1,
        "validation_distance_sanity": "plausible",
        "validation_onemap_vs_direct_delta_m": 44.9
      },
      "type": "Feature"
    },
    {
      "geometry": {
        "coordinates": [
          [
            103.813827,
            1.445698
          ],
          [
            103.814707,
            1.447028
          ]
        ],
        "type": "LineString"
      },
      "properties": {
        "current_route_vs_validation_direct_sanity": "plausible",
        "direct_bus_fallback_reason": "implausible_graph_route_to_datamall_bus_stop_within_direct_radius",
        "endpoint_source": "postal_universe_to_transit_poi",
        "new_best_name": "Blk 335",
        "new_best_routing_type": "sheltered",
        "new_best_shortest_m": 329.2,
        "new_best_type": "bus_stop",
        "new_bus_routing_type": "sheltered",
        "new_bus_shortest_m": 329.2,
        "new_bus_state": "SCORED",
        "new_state": "SCORED",
        "new_total": 94.1,
        "old_abs_pct_delta": 74.119,
        "old_direction": "project_shorter_than_onemap",
        "old_onemap_walk_m": 1272.0,
        "old_project_shortest_m": 329.2,
        "old_validation_best_node": "Blk 335",
        "postal": "752363",
        "queue": "possible_overpermissive_project_path",
        "source_artifact": "qa\\onemap_outlier_replay_shorter_profile_connector_short_guard_20260802.json",
        "source_flags": {
          "best_bridge_underpass_m": 0.0,
          "best_bus_stop_access_connector_m": 0.0,
          "best_direct_bus_fallback_m": 0.0,
          "best_inferred_hdb_m": 198.5,
          "best_official_lta_shelter_m": 0.0,
          "best_osm_shelter_m": 0.0,
          "best_top_source_layer_m": {
            "inferred_hdb_precinct": 119.8,
            "inferred_hdb_void_deck": 78.6,
            "unknown": 130.7
          },
          "bus_bus_stop_access_connector_m": 0.0,
          "bus_direct_bus_fallback_m": 0.0,
          "bus_top_source_layer_m": {
            "inferred_hdb_precinct": 119.8,
            "inferred_hdb_void_deck": 78.6,
            "unknown": 130.7
          }
        },
        "validation_area": "SEMBAWANG",
        "validation_best_node_type": "bus_stop",
        "validation_direct_distance_m": 177.3,
        "validation_distance_sanity": "plausible",
        "validation_onemap_vs_direct_delta_m": 1094.7
      },
      "type": "Feature"
    },
    {
      "geometry": {
        "coordinates": [
          [
            103.641475,
            1.322057
          ],
          [
            103.642523,
            1.32453
          ]
        ],
        "type": "LineString"
      },
      "properties": {
        "current_route_vs_validation_direct_sanity": "plausible",
        "direct_bus_fallback_reason": null,
        "endpoint_source": "postal_universe_to_transit_poi",
        "new_best_name": "Tuas Lot",
        "new_best_routing_type": "sheltered",
        "new_best_shortest_m": 364.1,
        "new_best_type": "bus_stop",
        "new_bus_routing_type": "sheltered",
        "new_bus_shortest_m": 364.1,
        "new_bus_state": "SCORED",
        "new_state": "SCORED",
        "new_total": 40.0,
        "old_abs_pct_delta": 73.956,
        "old_direction": "project_shorter_than_onemap",
        "old_onemap_walk_m": 1398.0,
        "old_project_shortest_m": 364.1,
        "old_validation_best_node": "Tuas Lot",
        "postal": "638897",
        "queue": "possible_overpermissive_project_path",
        "source_artifact": "qa\\onemap_outlier_replay_shorter_profile_connector_short_guard_20260802.json",
        "source_flags": {
          "best_bridge_underpass_m": 0.0,
          "best_bus_stop_access_connector_m": 0.0,
          "best_direct_bus_fallback_m": 0.0,
          "best_inferred_hdb_m": 0.0,
          "best_official_lta_shelter_m": 0.0,
          "best_osm_shelter_m": 0.0,
          "best_top_source_layer_m": {
            "unknown": 364.1
          },
          "bus_bus_stop_access_connector_m": 0.0,
          "bus_direct_bus_fallback_m": 0.0,
          "bus_top_source_layer_m": {
            "unknown": 364.1
          }
        },
        "validation_area": "TUAS",
        "validation_best_node_type": "bus_stop",
        "validation_direct_distance_m": 298.6,
        "validation_distance_sanity": "plausible",
        "validation_onemap_vs_direct_delta_m": 1099.4
      },
      "type": "Feature"
    },
    {
      "geometry": {
        "coordinates": [
          [
            103.723417,
            1.327548
          ],
          [
            103.722898,
            1.328572
          ]
        ],
        "type": "LineString"
      },
      "properties": {
        "current_route_vs_validation_direct_sanity": "plausible",
        "direct_bus_fallback_reason": null,
        "endpoint_source": "postal_universe_to_transit_poi",
        "new_best_name": "Opp Blk 158",
        "new_best_routing_type": "sheltered",
        "new_best_shortest_m": 141.0,
        "new_best_type": "bus_stop",
        "new_bus_routing_type": "sheltered",
        "new_bus_shortest_m": 141.0,
        "new_bus_state": "SCORED",
        "new_state": "SCORED",
        "new_total": 94.0,
        "old_abs_pct_delta": 73.396,
        "old_direction": "project_shorter_than_onemap",
        "old_onemap_walk_m": 530.0,
        "old_project_shortest_m": 141.0,
        "old_validation_best_node": "Opp Blk 158",
        "postal": "610141",
        "queue": "possible_overpermissive_project_path",
        "source_artifact": "qa\\onemap_outlier_replay_shorter_profile_connector_short_guard_20260802.json",
        "source_flags": {
          "best_bridge_underpass_m": 0.0,
          "best_bus_stop_access_connector_m": 0.0,
          "best_direct_bus_fallback_m": 0.0,
          "best_inferred_hdb_m": 88.9,
          "best_official_lta_shelter_m": 0.0,
          "best_osm_shelter_m": 2.1,
          "best_top_source_layer_m": {
            "inferred_hdb_point_footway": 88.9,
            "osm_explicit_shelter": 2.1,
            "unknown": 49.9
          },
          "bus_bus_stop_access_connector_m": 0.0,
          "bus_direct_bus_fallback_m": 0.0,
          "bus_top_source_layer_m": {
            "inferred_hdb_point_footway": 88.9,
            "osm_explicit_shelter": 2.1,
            "unknown": 49.9
          }
        },
        "validation_area": "JURONG_WEST",
        "validation_best_node_type": "bus_stop",
        "validation_direct_distance_m": 127.6,
        "validation_distance_sanity": "plausible",
        "validation_onemap_vs_direct_delta_m": 402.4
      },
      "type": "Feature"
    },
    {
      "geometry": {
        "coordinates": [
          [
            103.826966,
            1.297574
          ],
          [
            103.826507,
            1.299068
          ]
        ],
        "type": "LineString"
      },
      "properties": {
        "current_route_vs_validation_direct_sanity": "plausible",
        "direct_bus_fallback_reason": "implausible_graph_route_to_datamall_bus_stop_within_direct_radius",
        "endpoint_source": "postal_universe_to_transit_poi",
        "new_best_name": "Cliveden At Grange",
        "new_best_routing_type": "direct_bus_fallback_unrouted",
        "new_best_shortest_m": 189.4,
        "new_best_type": "bus_stop",
        "new_bus_routing_type": "direct_bus_fallback_unrouted",
        "new_bus_shortest_m": 189.4,
        "new_bus_state": "SCORED_PARTIAL",
        "new_state": "SCORED_PARTIAL",
        "new_total": 50.8,
        "old_abs_pct_delta": 72.892,
        "old_direction": "project_shorter_than_onemap",
        "old_onemap_walk_m": 1110.0,
        "old_project_shortest_m": 300.9,
        "old_validation_best_node": "Gramercy Pk",
        "postal": "249567",
        "queue": "possible_overpermissive_project_path",
        "source_artifact": "qa\\onemap_outlier_replay_shorter_profile_connector_short_guard_20260802.json",
        "source_flags": {
          "best_bridge_underpass_m": 0.0,
          "best_bus_stop_access_connector_m": 0.0,
          "best_direct_bus_fallback_m": 189.4,
          "best_inferred_hdb_m": 0.0,
          "best_official_lta_shelter_m": 0.0,
          "best_osm_shelter_m": 0.0,
          "best_top_source_layer_m": {
            "direct_bus_fallback": 189.4
          },
          "bus_bus_stop_access_connector_m": 0.0,
          "bus_direct_bus_fallback_m": 189.4,
          "bus_top_source_layer_m": {
            "direct_bus_fallback": 189.4
          }
        },
        "validation_area": "TANGLIN",
        "validation_best_node_type": "bus_stop",
        "validation_direct_distance_m": 173.8,
        "validation_distance_sanity": "plausible",
        "validation_onemap_vs_direct_delta_m": 936.2
      },
      "type": "Feature"
    },
    {
      "geometry": {
        "coordinates": [
          [
            103.941969,
            1.333447
          ],
          [
            103.941658,
            1.334189
          ]
        ],
        "type": "LineString"
      },
      "properties": {
        "current_route_vs_validation_direct_sanity": "current_route_materially_shorter_than_validation_direct",
        "direct_bus_fallback_reason": null,
        "endpoint_source": "postal_universe_to_transit_poi",
        "new_best_name": "St. Anthony's Cano Sch",
        "new_best_routing_type": "sheltered",
        "new_best_shortest_m": 45.3,
        "new_best_type": "bus_stop",
        "new_bus_routing_type": "sheltered",
        "new_bus_shortest_m": 45.3,
        "new_bus_state": "SCORED",
        "new_state": "SCORED",
        "new_total": 100.0,
        "old_abs_pct_delta": 72.874,
        "old_direction": "project_shorter_than_onemap",
        "old_onemap_walk_m": 167.0,
        "old_project_shortest_m": 45.3,
        "old_validation_best_node": "St. Anthony's Cano Sch",
        "postal": "460094",
        "queue": "possible_overpermissive_project_path",
        "source_artifact": "qa\\onemap_outlier_replay_shorter_profile_connector_short_guard_20260802.json",
        "source_flags": {
          "best_bridge_underpass_m": 0.0,
          "best_bus_stop_access_connector_m": 0.0,
          "best_direct_bus_fallback_m": 0.0,
          "best_inferred_hdb_m": 45.3,
          "best_official_lta_shelter_m": 0.0,
          "best_osm_shelter_m": 0.0,
          "best_top_source_layer_m": {
            "inferred_hdb_precinct": 17.5,
            "inferred_hdb_precinct_footway": 4.0,
            "inferred_hdb_void_deck": 23.8
          },
          "bus_bus_stop_access_connector_m": 0.0,
          "bus_direct_bus_fallback_m": 0.0,
          "bus_top_source_layer_m": {
            "inferred_hdb_precinct": 17.5,
            "inferred_hdb_precinct_footway": 4.0,
            "inferred_hdb_void_deck": 23.8
          }
        },
        "validation_area": "BEDOK",
        "validation_best_node_type": "bus_stop",
        "validation_direct_distance_m": 89.5,
        "validation_distance_sanity": "plausible",
        "validation_onemap_vs_direct_delta_m": 77.5
      },
      "type": "Feature"
    },
    {
      "geometry": {
        "coordinates": [
          [
            103.906767,
            1.314517
          ],
          [
            103.90687,
            1.314281
          ]
        ],
        "type": "LineString"
      },
      "properties": {
        "current_route_vs_validation_direct_sanity": "plausible",
        "direct_bus_fallback_reason": null,
        "endpoint_source": "postal_universe_to_transit_poi",
        "new_best_name": "Bef Still Rd",
        "new_best_routing_type": "sheltered",
        "new_best_shortest_m": 29.3,
        "new_best_type": "bus_stop",
        "new_bus_routing_type": "sheltered",
        "new_bus_shortest_m": 29.3,
        "new_bus_state": "SCORED",
        "new_state": "SCORED",
        "new_total": 76.4,
        "old_abs_pct_delta": 72.095,
        "old_direction": "project_shorter_than_onemap",
        "old_onemap_walk_m": 105.0,
        "old_project_shortest_m": 29.3,
        "old_validation_best_node": "Bef Still Rd",
        "postal": "427950",
        "queue": "possible_overpermissive_project_path",
        "source_artifact": "qa\\onemap_outlier_replay_shorter_profile_connector_short_guard_20260802.json",
        "source_flags": {
          "best_bridge_underpass_m": 0.0,
          "best_bus_stop_access_connector_m": 0.0,
          "best_direct_bus_fallback_m": 0.0,
          "best_inferred_hdb_m": 0.0,
          "best_official_lta_shelter_m": 0.0,
          "best_osm_shelter_m": 12.0,
          "best_top_source_layer_m": {
            "osm_explicit_shelter": 12.0,
            "unknown": 17.3
          },
          "bus_bus_stop_access_connector_m": 0.0,
          "bus_direct_bus_fallback_m": 0.0,
          "bus_top_source_layer_m": {
            "osm_explicit_shelter": 12.0,
            "unknown": 17.3
          }
        },
        "validation_area": "BEDOK",
        "validation_best_node_type": "bus_stop",
        "validation_direct_distance_m": 28.6,
        "validation_distance_sanity": "plausible",
        "validation_onemap_vs_direct_delta_m": 76.4
      },
      "type": "Feature"
    },
    {
      "geometry": {
        "coordinates": [
          [
            103.76043,
            1.320624
          ],
          [
            103.76207,
            1.320852
          ]
        ],
        "type": "LineString"
      },
      "properties": {
        "current_route_vs_validation_direct_sanity": "plausible",
        "direct_bus_fallback_reason": null,
        "endpoint_source": "postal_universe_to_transit_poi",
        "new_best_name": "Aft Clementi Fire Stn",
        "new_best_routing_type": "sheltered",
        "new_best_shortest_m": 238.9,
        "new_best_type": "bus_stop",
        "new_bus_routing_type": "sheltered",
        "new_bus_shortest_m": 238.9,
        "new_bus_state": "SCORED",
        "new_state": "SCORED",
        "new_total": 76.9,
        "old_abs_pct_delta": 71.993,
        "old_direction": "project_shorter_than_onemap",
        "old_onemap_walk_m": 853.0,
        "old_project_shortest_m": 238.9,
        "old_validation_best_node": "Aft Clementi Fire Stn",
        "postal": "129118",
        "queue": "possible_overpermissive_project_path",
        "source_artifact": "qa\\onemap_outlier_replay_shorter_profile_connector_short_guard_20260802.json",
        "source_flags": {
          "best_bridge_underpass_m": 0.0,
          "best_bus_stop_access_connector_m": 0.0,
          "best_direct_bus_fallback_m": 0.0,
          "best_inferred_hdb_m": 35.5,
          "best_official_lta_shelter_m": 0.0,
          "best_osm_shelter_m": 0.0,
          "best_top_source_layer_m": {
            "inferred_hdb_precinct": 7.1,
            "inferred_hdb_precinct_footway": 28.4,
            "unknown": 203.4
          },
          "bus_bus_stop_access_connector_m": 0.0,
          "bus_direct_bus_fallback_m": 0.0,
          "bus_top_source_layer_m": {
            "inferred_hdb_precinct": 7.1,
            "inferred_hdb_precinct_footway": 28.4,
            "unknown": 203.4
          }
        },
        "validation_area": "CLEMENTI",
        "validation_best_node_type": "bus_stop",
        "validation_direct_distance_m": 184.1,
        "validation_distance_sanity": "plausible",
        "validation_onemap_vs_direct_delta_m": 668.9
      },
      "type": "Feature"
    },
    {
      "geometry": {
        "coordinates": [
          [
            103.866722,
            1.379682
          ],
          [
            103.865519,
            1.378543
          ]
        ],
        "type": "LineString"
      },
      "properties": {
        "current_route_vs_validation_direct_sanity": "current_route_slightly_shorter_than_validation_direct",
        "direct_bus_fallback_reason": "implausible_graph_route_to_datamall_bus_stop_within_direct_radius",
        "endpoint_source": "postal_universe_to_transit_poi",
        "new_best_name": "Techplace 2",
        "new_best_routing_type": "sheltered_with_bus_stop_access_connector",
        "new_best_shortest_m": 163.6,
        "new_best_type": "bus_stop",
        "new_bus_routing_type": "sheltered_with_bus_stop_access_connector",
        "new_bus_shortest_m": 163.6,
        "new_bus_state": "SCORED",
        "new_state": "SCORED",
        "new_total": 60.0,
        "old_abs_pct_delta": 71.816,
        "old_direction": "project_shorter_than_onemap",
        "old_onemap_walk_m": 3205.0,
        "old_project_shortest_m": 903.3,
        "old_validation_best_node": "Opp Techplace 2",
        "postal": "806764",
        "queue": "possible_overpermissive_project_path",
        "source_artifact": "qa\\onemap_outlier_replay_shorter_profile_connector_short_guard_20260802.json",
        "source_flags": {
          "best_bridge_underpass_m": 0.0,
          "best_bus_stop_access_connector_m": 0.0,
          "best_direct_bus_fallback_m": 0.0,
          "best_inferred_hdb_m": 0.0,
          "best_official_lta_shelter_m": 0.0,
          "best_osm_shelter_m": 0.0,
          "best_top_source_layer_m": {
            "bus_stop_access_connector": 47.4,
            "unknown": 116.2
          },
          "bus_bus_stop_access_connector_m": 0.0,
          "bus_direct_bus_fallback_m": 0.0,
          "bus_top_source_layer_m": {
            "bus_stop_access_connector": 47.4,
            "unknown": 116.2
          }
        },
        "validation_area": "SERANGOON",
        "validation_best_node_type": "bus_stop",
        "validation_direct_distance_m": 184.2,
        "validation_distance_sanity": "plausible",
        "validation_onemap_vs_direct_delta_m": 3020.8
      },
      "type": "Feature"
    },
    {
      "geometry": {
        "coordinates": [
          [
            103.764798,
            1.30838
          ],
          [
            103.765911,
            1.308041
          ]
        ],
        "type": "LineString"
      },
      "properties": {
        "current_route_vs_validation_direct_sanity": "plausible",
        "direct_bus_fallback_reason": null,
        "endpoint_source": "postal_universe_to_transit_poi",
        "new_best_name": "Clementi Flyover",
        "new_best_routing_type": "sheltered",
        "new_best_shortest_m": 211.0,
        "new_best_type": "bus_stop",
        "new_bus_routing_type": "sheltered",
        "new_bus_shortest_m": 211.0,
        "new_bus_state": "SCORED",
        "new_state": "SCORED",
        "new_total": 60.0,
        "old_abs_pct_delta": 71.678,
        "old_direction": "project_shorter_than_onemap",
        "old_onemap_walk_m": 745.0,
        "old_project_shortest_m": 211.0,
        "old_validation_best_node": "Clementi Flyover",
        "postal": "128762",
        "queue": "possible_overpermissive_project_path",
        "source_artifact": "qa\\onemap_outlier_replay_shorter_profile_connector_short_guard_20260802.json",
        "source_flags": {
          "best_bridge_underpass_m": 0.0,
          "best_bus_stop_access_connector_m": 0.0,
          "best_direct_bus_fallback_m": 0.0,
          "best_inferred_hdb_m": 0.0,
          "best_official_lta_shelter_m": 0.0,
          "best_osm_shelter_m": 0.0,
          "best_top_source_layer_m": {
            "unknown": 211.0
          },
          "bus_bus_stop_access_connector_m": 0.0,
          "bus_direct_bus_fallback_m": 0.0,
          "bus_top_source_layer_m": {
            "unknown": 211.0
          }
        },
        "validation_area": "CLEMENTI",
        "validation_best_node_type": "bus_stop",
        "validation_direct_distance_m": 129.3,
        "validation_distance_sanity": "plausible",
        "validation_onemap_vs_direct_delta_m": 615.7
      },
      "type": "Feature"
    },
    {
      "geometry": {
        "coordinates": [
          [
            103.840497,
            1.387448
          ],
          [
            103.840319,
            1.389545
          ]
        ],
        "type": "LineString"
      },
      "properties": {
        "current_route_vs_validation_direct_sanity": "plausible",
        "direct_bus_fallback_reason": "implausible_graph_route_to_datamall_bus_stop_within_direct_radius",
        "endpoint_source": "postal_universe_to_transit_poi",
        "new_best_name": "Bef Yio Chu Kang Rd",
        "new_best_routing_type": "direct_bus_fallback_unrouted",
        "new_best_shortest_m": 232.0,
        "new_best_type": "bus_stop",
        "new_bus_routing_type": "direct_bus_fallback_unrouted",
        "new_bus_shortest_m": 232.0,
        "new_bus_state": "SCORED_PARTIAL",
        "new_state": "SCORED_PARTIAL",
        "new_total": 55.0,
        "old_abs_pct_delta": 71.547,
        "old_direction": "project_shorter_than_onemap",
        "old_onemap_walk_m": 892.0,
        "old_project_shortest_m": 253.8,
        "old_validation_best_node": "Aft Yio Chu Kang Rd",
        "postal": "786885",
        "queue": "possible_overpermissive_project_path",
        "source_artifact": "qa\\onemap_outlier_replay_shorter_profile_connector_short_guard_20260802.json",
        "source_flags": {
          "best_bridge_underpass_m": 0.0,
          "best_bus_stop_access_connector_m": 0.0,
          "best_direct_bus_fallback_m": 232.0,
          "best_inferred_hdb_m": 0.0,
          "best_official_lta_shelter_m": 0.0,
          "best_osm_shelter_m": 0.0,
          "best_top_source_layer_m": {
            "direct_bus_fallback": 232.0
          },
          "bus_bus_stop_access_connector_m": 0.0,
          "bus_direct_bus_fallback_m": 232.0,
          "bus_top_source_layer_m": {
            "direct_bus_fallback": 232.0
          }
        },
        "validation_area": "ANG_MO_KIO",
        "validation_best_node_type": "bus_stop",
        "validation_direct_distance_m": 234.0,
        "validation_distance_sanity": "plausible",
        "validation_onemap_vs_direct_delta_m": 658.0
      },
      "type": "Feature"
    },
    {
      "geometry": {
        "coordinates": [
          [
            103.835006,
            1.390285
          ],
          [
            103.836246,
            1.389904
          ]
        ],
        "type": "LineString"
      },
      "properties": {
        "current_route_vs_validation_direct_sanity": "plausible",
        "direct_bus_fallback_reason": null,
        "endpoint_source": "postal_universe_to_transit_poi",
        "new_best_name": "Bef Bullion Pk",
        "new_best_routing_type": "sheltered",
        "new_best_shortest_m": 185.5,
        "new_best_type": "bus_stop",
        "new_bus_routing_type": "sheltered",
        "new_bus_shortest_m": 185.5,
        "new_bus_state": "SCORED",
        "new_state": "SCORED",
        "new_total": 55.4,
        "old_abs_pct_delta": 71.373,
        "old_direction": "project_shorter_than_onemap",
        "old_onemap_walk_m": 648.0,
        "old_project_shortest_m": 185.5,
        "old_validation_best_node": "Bef Bullion Pk",
        "postal": "786736",
        "queue": "possible_overpermissive_project_path",
        "source_artifact": "qa\\onemap_outlier_replay_shorter_profile_connector_short_guard_20260802.json",
        "source_flags": {
          "best_bridge_underpass_m": 0.0,
          "best_bus_stop_access_connector_m": 0.0,
          "best_direct_bus_fallback_m": 0.0,
          "best_inferred_hdb_m": 0.0,
          "best_official_lta_shelter_m": 0.0,
          "best_osm_shelter_m": 0.0,
          "best_top_source_layer_m": {
            "unknown": 185.5
          },
          "bus_bus_stop_access_connector_m": 0.0,
          "bus_direct_bus_fallback_m": 0.0,
          "bus_top_source_layer_m": {
            "unknown": 185.5
          }
        },
        "validation_area": "ANG_MO_KIO",
        "validation_best_node_type": "bus_stop",
        "validation_direct_distance_m": 144.2,
        "validation_distance_sanity": "plausible",
        "validation_onemap_vs_direct_delta_m": 503.8
      },
      "type": "Feature"
    },
    {
      "geometry": {
        "coordinates": [
          [
            103.76978,
            1.339342
          ],
          [
            103.770161,
            1.34027
          ]
        ],
        "type": "LineString"
      },
      "properties": {
        "current_route_vs_validation_direct_sanity": "plausible",
        "direct_bus_fallback_reason": null,
        "endpoint_source": "postal_universe_to_transit_poi",
        "new_best_name": "Forett @ Bt Timah",
        "new_best_routing_type": "sheltered",
        "new_best_shortest_m": 215.8,
        "new_best_type": "bus_stop",
        "new_bus_routing_type": "sheltered",
        "new_bus_shortest_m": 215.8,
        "new_bus_state": "SCORED",
        "new_state": "SCORED",
        "new_total": 60.4,
        "old_abs_pct_delta": 71.088,
        "old_direction": "project_shorter_than_onemap",
        "old_onemap_walk_m": 625.0,
        "old_project_shortest_m": 180.7,
        "old_validation_best_node": "Aft Jln Jurong Kechil",
        "postal": "596155",
        "queue": "possible_overpermissive_project_path",
        "source_artifact": "qa\\onemap_outlier_replay_shorter_profile_connector_short_guard_20260802.json",
        "source_flags": {
          "best_bridge_underpass_m": 0.0,
          "best_bus_stop_access_connector_m": 0.0,
          "best_direct_bus_fallback_m": 0.0,
          "best_inferred_hdb_m": 0.0,
          "best_official_lta_shelter_m": 0.0,
          "best_osm_shelter_m": 2.3,
          "best_top_source_layer_m": {
            "osm_explicit_shelter": 2.3,
            "unknown": 213.6
          },
          "bus_bus_stop_access_connector_m": 0.0,
          "bus_direct_bus_fallback_m": 0.0,
          "bus_top_source_layer_m": {
            "osm_explicit_shelter": 2.3,
            "unknown": 213.6
          }
        },
        "validation_area": "BUKIT_TIMAH",
        "validation_best_node_type": "bus_stop",
        "validation_direct_distance_m": 111.5,
        "validation_distance_sanity": "plausible",
        "validation_onemap_vs_direct_delta_m": 513.5
      },
      "type": "Feature"
    },
    {
      "geometry": {
        "coordinates": [
          [
            103.673218,
            1.325484
          ],
          [
            103.674396,
            1.325987
          ]
        ],
        "type": "LineString"
      },
      "properties": {
        "current_route_vs_validation_direct_sanity": "plausible",
        "direct_bus_fallback_reason": "implausible_graph_route_to_datamall_bus_stop_within_direct_radius",
        "endpoint_source": "postal_universe_to_transit_poi",
        "new_best_name": "Panasonic Ind Devices",
        "new_best_routing_type": "sheltered",
        "new_best_shortest_m": 196.0,
        "new_best_type": "bus_stop",
        "new_bus_routing_type": "sheltered",
        "new_bus_shortest_m": 196.0,
        "new_bus_state": "SCORED",
        "new_state": "SCORED",
        "new_total": 56.9,
        "old_abs_pct_delta": 70.348,
        "old_direction": "project_shorter_than_onemap",
        "old_onemap_walk_m": 661.0,
        "old_project_shortest_m": 196.0,
        "old_validation_best_node": "Panasonic Ind Devices",
        "postal": "628978",
        "queue": "possible_overpermissive_project_path",
        "source_artifact": "qa\\onemap_outlier_replay_shorter_profile_connector_short_guard_20260802.json",
        "source_flags": {
          "best_bridge_underpass_m": 0.0,
          "best_bus_stop_access_connector_m": 0.0,
          "best_direct_bus_fallback_m": 0.0,
          "best_inferred_hdb_m": 0.0,
          "best_official_lta_shelter_m": 0.0,
          "best_osm_shelter_m": 0.0,
          "best_top_source_layer_m": {
            "unknown": 196.0
          },
          "bus_bus_stop_access_connector_m": 0.0,
          "bus_direct_bus_fallback_m": 0.0,
          "bus_top_source_layer_m": {
            "unknown": 196.0
          }
        },
        "validation_area": "PIONEER",
        "validation_best_node_type": "bus_stop",
        "validation_direct_distance_m": 142.4,
        "validation_distance_sanity": "plausible",
        "validation_onemap_vs_direct_delta_m": 518.6
      },
      "type": "Feature"
    },
    {
      "geometry": {
        "coordinates": [
          [
            103.659015,
            1.321322
          ],
          [
            103.660891,
            1.319447
          ]
        ],
        "type": "LineString"
      },
      "properties": {
        "current_route_vs_validation_direct_sanity": "plausible",
        "direct_bus_fallback_reason": null,
        "endpoint_source": "postal_universe_to_transit_poi",
        "new_best_name": "Gul Circle Stn Exit A",
        "new_best_routing_type": "sheltered",
        "new_best_shortest_m": 569.5,
        "new_best_type": "bus_stop",
        "new_bus_routing_type": "sheltered",
        "new_bus_shortest_m": 569.5,
        "new_bus_state": "SCORED",
        "new_state": "SCORED",
        "new_total": 62.6,
        "old_abs_pct_delta": 68.326,
        "old_direction": "project_shorter_than_onemap",
        "old_onemap_walk_m": 1798.0,
        "old_project_shortest_m": 569.5,
        "old_validation_best_node": "Gul Circle Stn Exit A",
        "postal": "639492",
        "queue": "possible_overpermissive_project_path",
        "source_artifact": "qa\\onemap_outlier_replay_shorter_profile_connector_short_guard_20260802.json",
        "source_flags": {
          "best_bridge_underpass_m": 0.0,
          "best_bus_stop_access_connector_m": 0.0,
          "best_direct_bus_fallback_m": 0.0,
          "best_inferred_hdb_m": 0.0,
          "best_official_lta_shelter_m": 0.0,
          "best_osm_shelter_m": 223.6,
          "best_top_source_layer_m": {
            "osm_native_covered": 223.6,
            "unknown": 345.9
          },
          "bus_bus_stop_access_connector_m": 0.0,
          "bus_direct_bus_fallback_m": 0.0,
          "bus_top_source_layer_m": {
            "osm_native_covered": 223.6,
            "unknown": 345.9
          }
        },
        "validation_area": "TUAS",
        "validation_best_node_type": "bus_stop",
        "validation_direct_distance_m": 294.9,
        "validation_distance_sanity": "plausible",
        "validation_onemap_vs_direct_delta_m": 1503.1
      },
      "type": "Feature"
    },
    {
      "geometry": {
        "coordinates": [
          [
            103.673554,
            1.32634
          ],
          [
            103.674663,
            1.32754
          ]
        ],
        "type": "LineString"
      },
      "properties": {
        "current_route_vs_validation_direct_sanity": "plausible",
        "direct_bus_fallback_reason": "implausible_graph_route_to_datamall_bus_stop_within_direct_radius",
        "endpoint_source": "postal_universe_to_transit_poi",
        "new_best_name": "Aft Joo Koon Cres",
        "new_best_routing_type": "sheltered",
        "new_best_shortest_m": 228.1,
        "new_best_type": "bus_stop",
        "new_bus_routing_type": "sheltered",
        "new_bus_shortest_m": 228.1,
        "new_bus_state": "SCORED",
        "new_state": "SCORED",
        "new_total": 56.9,
        "old_abs_pct_delta": 68.053,
        "old_direction": "project_shorter_than_onemap",
        "old_onemap_walk_m": 714.0,
        "old_project_shortest_m": 228.1,
        "old_validation_best_node": "Aft Joo Koon Cres",
        "postal": "628975",
        "queue": "possible_overpermissive_project_path",
        "source_artifact": "qa\\onemap_outlier_replay_shorter_profile_connector_short_guard_20260802.json",
        "source_flags": {
          "best_bridge_underpass_m": 0.0,
          "best_bus_stop_access_connector_m": 0.0,
          "best_direct_bus_fallback_m": 0.0,
          "best_inferred_hdb_m": 0.0,
          "best_official_lta_shelter_m": 0.0,
          "best_osm_shelter_m": 0.0,
          "best_top_source_layer_m": {
            "unknown": 228.1
          },
          "bus_bus_stop_access_connector_m": 0.0,
          "bus_direct_bus_fallback_m": 0.0,
          "bus_top_source_layer_m": {
            "unknown": 228.1
          }
        },
        "validation_area": "PIONEER",
        "validation_best_node_type": "bus_stop",
        "validation_direct_distance_m": 181.7,
        "validation_distance_sanity": "plausible",
        "validation_onemap_vs_direct_delta_m": 532.3
      },
      "type": "Feature"
    },
    {
      "geometry": {
        "coordinates": [
          [
            103.897281,
            1.402186
          ],
          [
            103.896736,
            1.402389
          ]
        ],
        "type": "LineString"
      },
      "properties": {
        "current_route_vs_validation_direct_sanity": "current_route_materially_shorter_than_validation_direct",
        "direct_bus_fallback_reason": "implausible_graph_route_to_datamall_bus_stop_within_direct_radius",
        "endpoint_source": "postal_universe_to_transit_poi",
        "new_best_name": "Twin Waterfalls",
        "new_best_routing_type": "sheltered",
        "new_best_shortest_m": 34.5,
        "new_best_type": "bus_stop",
        "new_bus_routing_type": "sheltered",
        "new_bus_shortest_m": 34.5,
        "new_bus_state": "SCORED",
        "new_state": "SCORED",
        "new_total": 100.0,
        "old_abs_pct_delta": 67.757,
        "old_direction": "project_shorter_than_onemap",
        "old_onemap_walk_m": 107.0,
        "old_project_shortest_m": 34.5,
        "old_validation_best_node": "Twin Waterfalls",
        "postal": "828765",
        "queue": "possible_overpermissive_project_path",
        "source_artifact": "qa\\onemap_outlier_replay_shorter_profile_connector_short_guard_20260802.json",
        "source_flags": {
          "best_bridge_underpass_m": 0.0,
          "best_bus_stop_access_connector_m": 0.0,
          "best_direct_bus_fallback_m": 0.0,
          "best_inferred_hdb_m": 34.5,
          "best_official_lta_shelter_m": 0.0,
          "best_osm_shelter_m": 0.0,
          "best_top_source_layer_m": {
            "inferred_hdb_precinct": 34.5
          },
          "bus_bus_stop_access_connector_m": 0.0,
          "bus_direct_bus_fallback_m": 0.0,
          "bus_top_source_layer_m": {
            "inferred_hdb_precinct": 34.5
          }
        },
        "validation_area": "PUNGGOL",
        "validation_best_node_type": "bus_stop",
        "validation_direct_distance_m": 64.7,
        "validation_distance_sanity": "plausible",
        "validation_onemap_vs_direct_delta_m": 42.3
      },
      "type": "Feature"
    },
    {
      "geometry": {
        "coordinates": [
          [
            103.764986,
            1.308493
          ],
          [
            103.765911,
            1.308041
          ]
        ],
        "type": "LineString"
      },
      "properties": {
        "current_route_vs_validation_direct_sanity": "plausible",
        "direct_bus_fallback_reason": null,
        "endpoint_source": "postal_universe_to_transit_poi",
        "new_best_name": "Clementi Flyover",
        "new_best_routing_type": "sheltered",
        "new_best_shortest_m": 261.8,
        "new_best_type": "bus_stop",
        "new_bus_routing_type": "sheltered",
        "new_bus_shortest_m": 261.8,
        "new_bus_state": "SCORED",
        "new_state": "SCORED",
        "new_total": 40.5,
        "old_abs_pct_delta": 66.0,
        "old_direction": "project_shorter_than_onemap",
        "old_onemap_walk_m": 770.0,
        "old_project_shortest_m": 261.8,
        "old_validation_best_node": "Clementi Flyover",
        "postal": "128767",
        "queue": "possible_overpermissive_project_path",
        "source_artifact": "qa\\onemap_outlier_replay_shorter_profile_connector_short_guard_20260802.json",
        "source_flags": {
          "best_bridge_underpass_m": 0.0,
          "best_bus_stop_access_connector_m": 0.0,
          "best_direct_bus_fallback_m": 0.0,
          "best_inferred_hdb_m": 0.0,
          "best_official_lta_shelter_m": 0.0,
          "best_osm_shelter_m": 0.0,
          "best_top_source_layer_m": {
            "unknown": 261.8
          },
          "bus_bus_stop_access_connector_m": 0.0,
          "bus_direct_bus_fallback_m": 0.0,
          "bus_top_source_layer_m": {
            "unknown": 261.8
          }
        },
        "validation_area": "CLEMENTI",
        "validation_best_node_type": "bus_stop",
        "validation_direct_distance_m": 114.5,
        "validation_distance_sanity": "plausible",
        "validation_onemap_vs_direct_delta_m": 655.5
      },
      "type": "Feature"
    },
    {
      "geometry": {
        "coordinates": [
          [
            103.832865,
            1.375941
          ],
          [
            103.834419,
            1.376375
          ]
        ],
        "type": "LineString"
      },
      "properties": {
        "current_route_vs_validation_direct_sanity": "plausible",
        "direct_bus_fallback_reason": null,
        "endpoint_source": "postal_universe_to_transit_poi",
        "new_best_name": "Opp Horizon Gdns",
        "new_best_routing_type": "sheltered",
        "new_best_shortest_m": 230.0,
        "new_best_type": "bus_stop",
        "new_bus_routing_type": "sheltered",
        "new_bus_shortest_m": 230.0,
        "new_bus_state": "SCORED",
        "new_state": "SCORED",
        "new_total": 58.5,
        "old_abs_pct_delta": 65.976,
        "old_direction": "project_shorter_than_onemap",
        "old_onemap_walk_m": 676.0,
        "old_project_shortest_m": 230.0,
        "old_validation_best_node": "Opp Horizon Gdns",
        "postal": "574042",
        "queue": "possible_overpermissive_project_path",
        "source_artifact": "qa\\onemap_outlier_replay_shorter_profile_connector_short_guard_20260802.json",
        "source_flags": {
          "best_bridge_underpass_m": 0.0,
          "best_bus_stop_access_connector_m": 0.0,
          "best_direct_bus_fallback_m": 0.0,
          "best_inferred_hdb_m": 0.0,
          "best_official_lta_shelter_m": 0.0,
          "best_osm_shelter_m": 0.0,
          "best_top_source_layer_m": {
            "unknown": 230.0
          },
          "bus_bus_stop_access_connector_m": 0.0,
          "bus_direct_bus_fallback_m": 0.0,
          "bus_top_source_layer_m": {
            "unknown": 230.0
          }
        },
        "validation_area": "ANG_MO_KIO",
        "validation_best_node_type": "bus_stop",
        "validation_direct_distance_m": 179.4,
        "validation_distance_sanity": "plausible",
        "validation_onemap_vs_direct_delta_m": 496.6
      },
      "type": "Feature"
    },
    {
      "geometry": {
        "coordinates": [
          [
            103.751031,
            1.304277
          ],
          [
            103.750105,
            1.305051
          ]
        ],
        "type": "LineString"
      },
      "properties": {
        "current_route_vs_validation_direct_sanity": "plausible",
        "direct_bus_fallback_reason": null,
        "endpoint_source": "postal_universe_to_transit_poi",
        "new_best_name": "Bef Pandan Rd",
        "new_best_routing_type": "sheltered",
        "new_best_shortest_m": 372.5,
        "new_best_type": "bus_stop",
        "new_bus_routing_type": "sheltered",
        "new_bus_shortest_m": 372.5,
        "new_bus_state": "SCORED",
        "new_state": "SCORED",
        "new_total": 65.5,
        "old_abs_pct_delta": 65.763,
        "old_direction": "project_shorter_than_onemap",
        "old_onemap_walk_m": 1088.0,
        "old_project_shortest_m": 372.5,
        "old_validation_best_node": "Bef Pandan Rd",
        "postal": "609254",
        "queue": "possible_overpermissive_project_path",
        "source_artifact": "qa\\onemap_outlier_replay_shorter_profile_connector_short_guard_20260802.json",
        "source_flags": {
          "best_bridge_underpass_m": 86.7,
          "best_bus_stop_access_connector_m": 0.0,
          "best_direct_bus_fallback_m": 0.0,
          "best_inferred_hdb_m": 0.0,
          "best_official_lta_shelter_m": 0.0,
          "best_osm_shelter_m": 0.0,
          "best_top_source_layer_m": {
            "overhead_bridge_underpass": 86.7,
            "unknown": 285.8
          },
          "bus_bus_stop_access_connector_m": 0.0,
          "bus_direct_bus_fallback_m": 0.0,
          "bus_top_source_layer_m": {
            "overhead_bridge_underpass": 86.7,
            "unknown": 285.8
          }
        },
        "validation_area": "JURONG_EAST",
        "validation_best_node_type": "bus_stop",
        "validation_direct_distance_m": 134.2,
        "validation_distance_sanity": "plausible",
        "validation_onemap_vs_direct_delta_m": 953.8
      },
      "type": "Feature"
    },
    {
      "geometry": {
        "coordinates": [
          [
            103.637972,
            1.333429
          ],
          [
            103.637169,
            1.332488
          ]
        ],
        "type": "LineString"
      },
      "properties": {
        "current_route_vs_validation_direct_sanity": "plausible",
        "direct_bus_fallback_reason": null,
        "endpoint_source": "postal_universe_to_transit_poi",
        "new_best_name": "Bef Tuas West Ave",
        "new_best_routing_type": "sheltered",
        "new_best_shortest_m": 306.1,
        "new_best_type": "bus_stop",
        "new_bus_routing_type": "sheltered",
        "new_bus_shortest_m": 306.1,
        "new_bus_state": "SCORED",
        "new_state": "SCORED",
        "new_total": 40.0,
        "old_abs_pct_delta": 65.761,
        "old_direction": "project_shorter_than_onemap",
        "old_onemap_walk_m": 894.0,
        "old_project_shortest_m": 306.1,
        "old_validation_best_node": "Bef Tuas West Ave",
        "postal": "638584",
        "queue": "possible_overpermissive_project_path",
        "source_artifact": "qa\\onemap_outlier_replay_shorter_profile_connector_short_guard_20260802.json",
        "source_flags": {
          "best_bridge_underpass_m": 0.0,
          "best_bus_stop_access_connector_m": 0.0,
          "best_direct_bus_fallback_m": 0.0,
          "best_inferred_hdb_m": 0.0,
          "best_official_lta_shelter_m": 0.0,
          "best_osm_shelter_m": 0.0,
          "best_top_source_layer_m": {
            "unknown": 306.1
          },
          "bus_bus_stop_access_connector_m": 0.0,
          "bus_direct_bus_fallback_m": 0.0,
          "bus_top_source_layer_m": {
            "unknown": 306.1
          }
        },
        "validation_area": "TUAS",
        "validation_best_node_type": "bus_stop",
        "validation_direct_distance_m": 137.5,
        "validation_distance_sanity": "plausible",
        "validation_onemap_vs_direct_delta_m": 756.5
      },
      "type": "Feature"
    },
    {
      "geometry": {
        "coordinates": [
          [
            103.764946,
            1.308457
          ],
          [
            103.765911,
            1.308041
          ]
        ],
        "type": "LineString"
      },
      "properties": {
        "current_route_vs_validation_direct_sanity": "plausible",
        "direct_bus_fallback_reason": null,
        "endpoint_source": "postal_universe_to_transit_poi",
        "new_best_name": "Clementi Flyover",
        "new_best_routing_type": "sheltered",
        "new_best_shortest_m": 261.8,
        "new_best_type": "bus_stop",
        "new_bus_routing_type": "sheltered",
        "new_bus_shortest_m": 261.8,
        "new_bus_state": "SCORED",
        "new_state": "SCORED",
        "new_total": 40.5,
        "old_abs_pct_delta": 65.733,
        "old_direction": "project_shorter_than_onemap",
        "old_onemap_walk_m": 764.0,
        "old_project_shortest_m": 261.8,
        "old_validation_best_node": "Clementi Flyover",
        "postal": "128766",
        "queue": "possible_overpermissive_project_path",
        "source_artifact": "qa\\onemap_outlier_replay_shorter_profile_connector_short_guard_20260802.json",
        "source_flags": {
          "best_bridge_underpass_m": 0.0,
          "best_bus_stop_access_connector_m": 0.0,
          "best_direct_bus_fallback_m": 0.0,
          "best_inferred_hdb_m": 0.0,
          "best_official_lta_shelter_m": 0.0,
          "best_osm_shelter_m": 0.0,
          "best_top_source_layer_m": {
            "unknown": 261.8
          },
          "bus_bus_stop_access_connector_m": 0.0,
          "bus_direct_bus_fallback_m": 0.0,
          "bus_top_source_layer_m": {
            "unknown": 261.8
          }
        },
        "validation_area": "CLEMENTI",
        "validation_best_node_type": "bus_stop",
        "validation_direct_distance_m": 116.8,
        "validation_distance_sanity": "plausible",
        "validation_onemap_vs_direct_delta_m": 647.2
      },
      "type": "Feature"
    },
    {
      "geometry": {
        "coordinates": [
          [
            103.827252,
            1.301871
          ],
          [
            103.829875,
            1.302127
          ]
        ],
        "type": "LineString"
      },
      "properties": {
        "current_route_vs_validation_direct_sanity": "plausible",
        "direct_bus_fallback_reason": null,
        "endpoint_source": "postal_universe_to_transit_poi",
        "new_best_name": "Aft Orchard Stn Exit 12",
        "new_best_routing_type": "sheltered",
        "new_best_shortest_m": 364.8,
        "new_best_type": "bus_stop",
        "new_bus_routing_type": "sheltered",
        "new_bus_shortest_m": 364.8,
        "new_bus_state": "SCORED",
        "new_state": "SCORED",
        "new_total": 40.0,
        "old_abs_pct_delta": 65.124,
        "old_direction": "project_shorter_than_onemap",
        "old_onemap_walk_m": 1046.0,
        "old_project_shortest_m": 364.8,
        "old_validation_best_node": "Aft Orchard Stn Exit 12",
        "postal": "248697",
        "queue": "possible_overpermissive_project_path",
        "source_artifact": "qa\\onemap_outlier_replay_shorter_profile_connector_short_guard_20260802.json",
        "source_flags": {
          "best_bridge_underpass_m": 0.0,
          "best_bus_stop_access_connector_m": 0.0,
          "best_direct_bus_fallback_m": 0.0,
          "best_inferred_hdb_m": 0.0,
          "best_official_lta_shelter_m": 0.0,
          "best_osm_shelter_m": 0.0,
          "best_top_source_layer_m": {
            "unknown": 364.8
          },
          "bus_bus_stop_access_connector_m": 0.0,
          "bus_direct_bus_fallback_m": 0.0,
          "bus_top_source_layer_m": {
            "unknown": 364.8
          }
        },
        "validation_area": "RIVER_VALLEY",
        "validation_best_node_type": "bus_stop",
        "validation_direct_distance_m": 293.0,
        "validation_distance_sanity": "plausible",
        "validation_onemap_vs_direct_delta_m": 753.0
      },
      "type": "Feature"
    },
    {
      "geometry": {
        "coordinates": [
          [
            103.795006,
            1.295975
          ],
          [
            103.793229,
            1.294981
          ]
        ],
        "type": "LineString"
      },
      "properties": {
        "current_route_vs_validation_direct_sanity": "plausible",
        "direct_bus_fallback_reason": null,
        "endpoint_source": "postal_universe_to_transit_poi",
        "new_best_name": "Mediacorp Campus",
        "new_best_routing_type": "sheltered",
        "new_best_shortest_m": 297.5,
        "new_best_type": "bus_stop",
        "new_bus_routing_type": "sheltered",
        "new_bus_shortest_m": 297.5,
        "new_bus_state": "SCORED",
        "new_state": "SCORED",
        "new_total": 51.6,
        "old_abs_pct_delta": 65.0,
        "old_direction": "project_shorter_than_onemap",
        "old_onemap_walk_m": 850.0,
        "old_project_shortest_m": 297.5,
        "old_validation_best_node": "Mediacorp Campus",
        "postal": "138947",
        "queue": "possible_overpermissive_project_path",
        "source_artifact": "qa\\onemap_outlier_replay_shorter_profile_connector_short_guard_20260802.json",
        "source_flags": {
          "best_bridge_underpass_m": 0.0,
          "best_bus_stop_access_connector_m": 0.0,
          "best_direct_bus_fallback_m": 0.0,
          "best_inferred_hdb_m": 0.0,
          "best_official_lta_shelter_m": 0.0,
          "best_osm_shelter_m": 0.0,
          "best_top_source_layer_m": {
            "unknown": 297.5
          },
          "bus_bus_stop_access_connector_m": 0.0,
          "bus_direct_bus_fallback_m": 0.0,
          "bus_top_source_layer_m": {
            "unknown": 297.5
          }
        },
        "validation_area": "QUEENSTOWN",
        "validation_best_node_type": "bus_stop",
        "validation_direct_distance_m": 226.4,
        "validation_distance_sanity": "plausible",
        "validation_onemap_vs_direct_delta_m": 623.6
      },
      "type": "Feature"
    },
    {
      "geometry": {
        "coordinates": [
          [
            103.791712,
            1.325999
          ],
          [
            103.792828,
            1.325515
          ]
        ],
        "type": "LineString"
      },
      "properties": {
        "current_route_vs_validation_direct_sanity": "plausible",
        "direct_bus_fallback_reason": null,
        "endpoint_source": "postal_universe_to_transit_poi",
        "new_best_name": "Garlick Ville",
        "new_best_routing_type": "sheltered",
        "new_best_shortest_m": 197.5,
        "new_best_type": "bus_stop",
        "new_bus_routing_type": "sheltered",
        "new_bus_shortest_m": 197.5,
        "new_bus_state": "SCORED",
        "new_state": "SCORED",
        "new_total": 58.2,
        "old_abs_pct_delta": 64.221,
        "old_direction": "project_shorter_than_onemap",
        "old_onemap_walk_m": 552.0,
        "old_project_shortest_m": 197.5,
        "old_validation_best_node": "Garlick Ville",
        "postal": "275941",
        "queue": "possible_overpermissive_project_path",
        "source_artifact": "qa\\onemap_outlier_replay_shorter_profile_connector_short_guard_20260802.json",
        "source_flags": {
          "best_bridge_underpass_m": 0.0,
          "best_bus_stop_access_connector_m": 0.0,
          "best_direct_bus_fallback_m": 0.0,
          "best_inferred_hdb_m": 0.0,
          "best_official_lta_shelter_m": 0.0,
          "best_osm_shelter_m": 0.0,
          "best_top_source_layer_m": {
            "unknown": 197.5
          },
          "bus_bus_stop_access_connector_m": 0.0,
          "bus_direct_bus_fallback_m": 0.0,
          "bus_top_source_layer_m": {
            "unknown": 197.5
          }
        },
        "validation_area": "BUKIT_TIMAH",
        "validation_best_node_type": "bus_stop",
        "validation_direct_distance_m": 135.2,
        "validation_distance_sanity": "plausible",
        "validation_onemap_vs_direct_delta_m": 416.8
      },
      "type": "Feature"
    },
    {
      "geometry": {
        "coordinates": [
          [
            103.944779,
            1.323193
          ],
          [
            103.944215,
            1.322982
          ]
        ],
        "type": "LineString"
      },
      "properties": {
        "current_route_vs_validation_direct_sanity": "plausible",
        "direct_bus_fallback_reason": "implausibly_short_graph_route_to_datamall_bus_stop_within_direct_radius",
        "endpoint_source": "postal_universe_to_transit_poi",
        "new_best_name": "ECO Condo",
        "new_best_routing_type": "direct_bus_fallback_unrouted",
        "new_best_shortest_m": 67.0,
        "new_best_type": "bus_stop",
        "new_bus_routing_type": "direct_bus_fallback_unrouted",
        "new_bus_shortest_m": 67.0,
        "new_bus_state": "SCORED_PARTIAL",
        "new_state": "SCORED_PARTIAL",
        "new_total": 55.0,
        "old_abs_pct_delta": 63.947,
        "old_direction": "project_shorter_than_onemap",
        "old_onemap_walk_m": 38.0,
        "old_project_shortest_m": 13.7,
        "old_validation_best_node": "ECO Condo",
        "postal": "465458",
        "queue": "possible_overpermissive_project_path",
        "source_artifact": "qa\\onemap_outlier_replay_shorter_profile_connector_short_guard_20260802.json",
        "source_flags": {
          "best_bridge_underpass_m": 0.0,
          "best_bus_stop_access_connector_m": 0.0,
          "best_direct_bus_fallback_m": 67.0,
          "best_inferred_hdb_m": 0.0,
          "best_official_lta_shelter_m": 0.0,
          "best_osm_shelter_m": 0.0,
          "best_top_source_layer_m": {
            "direct_bus_fallback": 67.0
          },
          "bus_bus_stop_access_connector_m": 0.0,
          "bus_direct_bus_fallback_m": 67.0,
          "bus_top_source_layer_m": {
            "direct_bus_fallback": 67.0
          }
        },
        "validation_area": "BEDOK",
        "validation_best_node_type": "bus_stop",
        "validation_direct_distance_m": 66.9,
        "validation_distance_sanity": "onemap_materially_shorter_than_direct",
        "validation_onemap_vs_direct_delta_m": -28.9
      },
      "type": "Feature"
    },
    {
      "geometry": {
        "coordinates": [
          [
            103.83805,
            1.383686
          ],
          [
            103.839171,
            1.385652
          ]
        ],
        "type": "LineString"
      },
      "properties": {
        "current_route_vs_validation_direct_sanity": "plausible",
        "direct_bus_fallback_reason": null,
        "endpoint_source": "postal_universe_to_transit_poi",
        "new_best_name": "Seasons Pk",
        "new_best_routing_type": "sheltered",
        "new_best_shortest_m": 319.2,
        "new_best_type": "bus_stop",
        "new_bus_routing_type": "sheltered",
        "new_bus_shortest_m": 319.2,
        "new_bus_state": "SCORED",
        "new_state": "SCORED",
        "new_total": 79.1,
        "old_abs_pct_delta": 63.787,
        "old_direction": "project_shorter_than_onemap",
        "old_onemap_walk_m": 734.0,
        "old_project_shortest_m": 265.8,
        "old_validation_best_node": "Seasons Pk",
        "postal": "569760",
        "queue": "possible_overpermissive_project_path",
        "source_artifact": "qa\\onemap_outlier_replay_shorter_profile_connector_short_guard_20260802.json",
        "source_flags": {
          "best_bridge_underpass_m": 0.0,
          "best_bus_stop_access_connector_m": 0.0,
          "best_direct_bus_fallback_m": 0.0,
          "best_inferred_hdb_m": 0.0,
          "best_official_lta_shelter_m": 192.4,
          "best_osm_shelter_m": 0.0,
          "best_top_source_layer_m": {
            "covered_linkway": 192.4,
            "unknown": 126.8
          },
          "bus_bus_stop_access_connector_m": 0.0,
          "bus_direct_bus_fallback_m": 0.0,
          "bus_top_source_layer_m": {
            "covered_linkway": 192.4,
            "unknown": 126.8
          }
        },
        "validation_area": "ANG_MO_KIO",
        "validation_best_node_type": "bus_stop",
        "validation_direct_distance_m": 251.6,
        "validation_distance_sanity": "plausible",
        "validation_onemap_vs_direct_delta_m": 482.4
      },
      "type": "Feature"
    },
    {
      "geometry": {
        "coordinates": [
          [
            103.791536,
            1.326018
          ],
          [
            103.792828,
            1.325515
          ]
        ],
        "type": "LineString"
      },
      "properties": {
        "current_route_vs_validation_direct_sanity": "plausible",
        "direct_bus_fallback_reason": null,
        "endpoint_source": "postal_universe_to_transit_poi",
        "new_best_name": "Garlick Ville",
        "new_best_routing_type": "sheltered",
        "new_best_shortest_m": 197.5,
        "new_best_type": "bus_stop",
        "new_bus_routing_type": "sheltered",
        "new_bus_shortest_m": 197.5,
        "new_bus_state": "SCORED",
        "new_state": "SCORED",
        "new_total": 58.2,
        "old_abs_pct_delta": 63.084,
        "old_direction": "project_shorter_than_onemap",
        "old_onemap_walk_m": 535.0,
        "old_project_shortest_m": 197.5,
        "old_validation_best_node": "Garlick Ville",
        "postal": "275946",
        "queue": "possible_overpermissive_project_path",
        "source_artifact": "qa\\onemap_outlier_replay_shorter_profile_connector_short_guard_20260802.json",
        "source_flags": {
          "best_bridge_underpass_m": 0.0,
          "best_bus_stop_access_connector_m": 0.0,
          "best_direct_bus_fallback_m": 0.0,
          "best_inferred_hdb_m": 0.0,
          "best_official_lta_shelter_m": 0.0,
          "best_osm_shelter_m": 0.0,
          "best_top_source_layer_m": {
            "unknown": 197.5
          },
          "bus_bus_stop_access_connector_m": 0.0,
          "bus_direct_bus_fallback_m": 0.0,
          "bus_top_source_layer_m": {
            "unknown": 197.5
          }
        },
        "validation_area": "BUKIT_TIMAH",
        "validation_best_node_type": "bus_stop",
        "validation_direct_distance_m": 154.1,
        "validation_distance_sanity": "plausible",
        "validation_onemap_vs_direct_delta_m": 380.9
      },
      "type": "Feature"
    },
    {
      "geometry": {
        "coordinates": [
          [
            103.840264,
            1.354676
          ],
          [
            103.841612,
            1.355481
          ]
        ],
        "type": "LineString"
      },
      "properties": {
        "current_route_vs_validation_direct_sanity": "plausible",
        "direct_bus_fallback_reason": null,
        "endpoint_source": "postal_universe_to_transit_poi",
        "new_best_name": "Whitley Sec Sch",
        "new_best_routing_type": "sheltered",
        "new_best_shortest_m": 295.0,
        "new_best_type": "bus_stop",
        "new_bus_routing_type": "sheltered",
        "new_bus_shortest_m": 295.0,
        "new_bus_state": "SCORED",
        "new_state": "SCORED",
        "new_total": 71.5,
        "old_abs_pct_delta": 62.753,
        "old_direction": "project_shorter_than_onemap",
        "old_onemap_walk_m": 792.0,
        "old_project_shortest_m": 295.0,
        "old_validation_best_node": "Whitley Sec Sch",
        "postal": "577138",
        "queue": "possible_overpermissive_project_path",
        "source_artifact": "qa\\onemap_outlier_replay_shorter_profile_connector_short_guard_20260802.json",
        "source_flags": {
          "best_bridge_underpass_m": 63.9,
          "best_bus_stop_access_connector_m": 0.0,
          "best_direct_bus_fallback_m": 0.0,
          "best_inferred_hdb_m": 0.0,
          "best_official_lta_shelter_m": 20.7,
          "best_osm_shelter_m": 0.0,
          "best_top_source_layer_m": {
            "covered_linkway": 20.7,
            "overhead_bridge_underpass": 63.9,
            "unknown": 210.3
          },
          "bus_bus_stop_access_connector_m": 0.0,
          "bus_direct_bus_fallback_m": 0.0,
          "bus_top_source_layer_m": {
            "covered_linkway": 20.7,
            "overhead_bridge_underpass": 63.9,
            "unknown": 210.3
          }
        },
        "validation_area": "BISHAN",
        "validation_best_node_type": "bus_stop",
        "validation_direct_distance_m": 174.5,
        "validation_distance_sanity": "plausible",
        "validation_onemap_vs_direct_delta_m": 617.5
      },
      "type": "Feature"
    },
    {
      "geometry": {
        "coordinates": [
          [
            103.834338,
            1.391173
          ],
          [
            103.836246,
            1.389904
          ]
        ],
        "type": "LineString"
      },
      "properties": {
        "current_route_vs_validation_direct_sanity": "plausible",
        "direct_bus_fallback_reason": "implausible_graph_route_to_datamall_bus_stop_within_direct_radius",
        "endpoint_source": "postal_universe_to_transit_poi",
        "new_best_name": "Opp Bullion Pk Condo",
        "new_best_routing_type": "direct_bus_fallback_unrouted",
        "new_best_shortest_m": 273.8,
        "new_best_type": "bus_stop",
        "new_bus_routing_type": "direct_bus_fallback_unrouted",
        "new_bus_shortest_m": 273.8,
        "new_bus_state": "SCORED_PARTIAL",
        "new_state": "SCORED_PARTIAL",
        "new_total": 55.0,
        "old_abs_pct_delta": 62.585,
        "old_direction": "project_shorter_than_onemap",
        "old_onemap_walk_m": 793.0,
        "old_project_shortest_m": 296.7,
        "old_validation_best_node": "Bef Bullion Pk",
        "postal": "786795",
        "queue": "possible_overpermissive_project_path",
        "source_artifact": "qa\\onemap_outlier_replay_shorter_profile_connector_short_guard_20260802.json",
        "source_flags": {
          "best_bridge_underpass_m": 0.0,
          "best_bus_stop_access_connector_m": 0.0,
          "best_direct_bus_fallback_m": 273.8,
          "best_inferred_hdb_m": 0.0,
          "best_official_lta_shelter_m": 0.0,
          "best_osm_shelter_m": 0.0,
          "best_top_source_layer_m": {
            "direct_bus_fallback": 273.8
          },
          "bus_bus_stop_access_connector_m": 0.0,
          "bus_direct_bus_fallback_m": 273.8,
          "bus_top_source_layer_m": {
            "direct_bus_fallback": 273.8
          }
        },
        "validation_area": "ANG_MO_KIO",
        "validation_best_node_type": "bus_stop",
        "validation_direct_distance_m": 254.7,
        "validation_distance_sanity": "plausible",
        "validation_onemap_vs_direct_delta_m": 538.3
      },
      "type": "Feature"
    },
    {
      "geometry": {
        "coordinates": [
          [
            103.754204,
            1.312604
          ],
          [
            103.752844,
            1.312595
          ]
        ],
        "type": "LineString"
      },
      "properties": {
        "current_route_vs_validation_direct_sanity": "plausible",
        "direct_bus_fallback_reason": "implausible_graph_route_to_datamall_bus_stop_within_direct_radius",
        "endpoint_source": "postal_universe_to_transit_poi",
        "new_best_name": "Blk T Pandan Light Ind Pk",
        "new_best_routing_type": "sheltered",
        "new_best_shortest_m": 203.3,
        "new_best_type": "bus_stop",
        "new_bus_routing_type": "sheltered",
        "new_bus_shortest_m": 203.3,
        "new_bus_state": "SCORED",
        "new_state": "SCORED",
        "new_total": 58.1,
        "old_abs_pct_delta": 62.142,
        "old_direction": "project_shorter_than_onemap",
        "old_onemap_walk_m": 537.0,
        "old_project_shortest_m": 203.3,
        "old_validation_best_node": "Blk T Pandan Light Ind Pk",
        "postal": "128457",
        "queue": "possible_overpermissive_project_path",
        "source_artifact": "qa\\onemap_outlier_replay_shorter_profile_connector_short_guard_20260802.json",
        "source_flags": {
          "best_bridge_underpass_m": 0.0,
          "best_bus_stop_access_connector_m": 0.0,
          "best_direct_bus_fallback_m": 0.0,
          "best_inferred_hdb_m": 0.0,
          "best_official_lta_shelter_m": 0.0,
          "best_osm_shelter_m": 0.0,
          "best_top_source_layer_m": {
            "unknown": 203.3
          },
          "bus_bus_stop_access_connector_m": 0.0,
          "bus_direct_bus_fallback_m": 0.0,
          "bus_top_source_layer_m": {
            "unknown": 203.3
          }
        },
        "validation_area": "CLEMENTI",
        "validation_best_node_type": "bus_stop",
        "validation_direct_distance_m": 151.2,
        "validation_distance_sanity": "plausible",
        "validation_onemap_vs_direct_delta_m": 385.8
      },
      "type": "Feature"
    },
    {
      "geometry": {
        "coordinates": [
          [
            103.880723,
            1.345991
          ],
          [
            103.880912,
            1.346768
          ]
        ],
        "type": "LineString"
      },
      "properties": {
        "current_route_vs_validation_direct_sanity": "plausible",
        "direct_bus_fallback_reason": null,
        "endpoint_source": "postal_universe_to_transit_poi",
        "new_best_name": "Raya Gdn",
        "new_best_routing_type": "sheltered",
        "new_best_shortest_m": 132.6,
        "new_best_type": "bus_stop",
        "new_bus_routing_type": "sheltered",
        "new_bus_shortest_m": 132.6,
        "new_bus_state": "SCORED",
        "new_state": "SCORED",
        "new_total": 59.0,
        "old_abs_pct_delta": 62.006,
        "old_direction": "project_shorter_than_onemap",
        "old_onemap_walk_m": 349.0,
        "old_project_shortest_m": 132.6,
        "old_validation_best_node": "Raya Gdn",
        "postal": "534954",
        "queue": "possible_overpermissive_project_path",
        "source_artifact": "qa\\onemap_outlier_replay_shorter_profile_connector_short_guard_20260802.json",
        "source_flags": {
          "best_bridge_underpass_m": 0.0,
          "best_bus_stop_access_connector_m": 0.0,
          "best_direct_bus_fallback_m": 0.0,
          "best_inferred_hdb_m": 0.0,
          "best_official_lta_shelter_m": 0.0,
          "best_osm_shelter_m": 0.0,
          "best_top_source_layer_m": {
            "unknown": 132.6
          },
          "bus_bus_stop_access_connector_m": 0.0,
          "bus_direct_bus_fallback_m": 0.0,
          "bus_top_source_layer_m": {
            "unknown": 132.6
          }
        },
        "validation_area": "SERANGOON",
        "validation_best_node_type": "bus_stop",
        "validation_direct_distance_m": 88.9,
        "validation_distance_sanity": "plausible",
        "validation_onemap_vs_direct_delta_m": 260.1
      },
      "type": "Feature"
    },
    {
      "geometry": {
        "coordinates": [
          [
            103.938966,
            1.340226
          ],
          [
            103.937911,
            1.340033
          ]
        ],
        "type": "LineString"
      },
      "properties": {
        "current_route_vs_validation_direct_sanity": "plausible",
        "direct_bus_fallback_reason": null,
        "endpoint_source": "postal_universe_to_transit_poi",
        "new_best_name": "Blk 969C",
        "new_best_routing_type": "sheltered",
        "new_best_shortest_m": 155.0,
        "new_best_type": "bus_stop",
        "new_bus_routing_type": "sheltered",
        "new_bus_shortest_m": 155.0,
        "new_bus_state": "SCORED",
        "new_state": "SCORED",
        "new_total": 98.6,
        "old_abs_pct_delta": 61.916,
        "old_direction": "project_shorter_than_onemap",
        "old_onemap_walk_m": 407.0,
        "old_project_shortest_m": 155.0,
        "old_validation_best_node": "Blk 969C",
        "postal": "522967",
        "queue": "possible_overpermissive_project_path",
        "source_artifact": "qa\\onemap_outlier_replay_shorter_profile_connector_short_guard_20260802.json",
        "source_flags": {
          "best_bridge_underpass_m": 0.0,
          "best_bus_stop_access_connector_m": 0.0,
          "best_direct_bus_fallback_m": 0.0,
          "best_inferred_hdb_m": 135.1,
          "best_official_lta_shelter_m": 0.0,
          "best_osm_shelter_m": 2.7,
          "best_top_source_layer_m": {
            "inferred_hdb_precinct": 63.6,
            "inferred_hdb_precinct_footway": 32.0,
            "inferred_hdb_void_deck": 39.5,
            "osm_native_covered": 2.7,
            "unknown": 17.2
          },
          "bus_bus_stop_access_connector_m": 0.0,
          "bus_direct_bus_fallback_m": 0.0,
          "bus_top_source_layer_m": {
            "inferred_hdb_precinct": 63.6,
            "inferred_hdb_precinct_footway": 32.0,
            "inferred_hdb_void_deck": 39.5,
            "osm_native_covered": 2.7,
            "unknown": 17.2
          }
        },
        "validation_area": "TAMPINES",
        "validation_best_node_type": "bus_stop",
        "validation_direct_distance_m": 119.2,
        "validation_distance_sanity": "plausible",
        "validation_onemap_vs_direct_delta_m": 287.8
      },
      "type": "Feature"
    },
    {
      "geometry": {
        "coordinates": [
          [
            103.773402,
            1.437566
          ],
          [
            103.773796,
            1.436441
          ]
        ],
        "type": "LineString"
      },
      "properties": {
        "current_route_vs_validation_direct_sanity": "plausible",
        "direct_bus_fallback_reason": null,
        "endpoint_source": "postal_universe_to_transit_poi",
        "new_best_name": "Blk 189B",
        "new_best_routing_type": "sheltered",
        "new_best_shortest_m": 195.7,
        "new_best_type": "bus_stop",
        "new_bus_routing_type": "sheltered",
        "new_bus_shortest_m": 195.7,
        "new_bus_state": "SCORED",
        "new_state": "SCORED",
        "new_total": 99.5,
        "old_abs_pct_delta": 61.703,
        "old_direction": "project_shorter_than_onemap",
        "old_onemap_walk_m": 511.0,
        "old_project_shortest_m": 195.7,
        "old_validation_best_node": "Blk 189B",
        "postal": "730192",
        "queue": "possible_overpermissive_project_path",
        "source_artifact": "qa\\onemap_outlier_replay_shorter_profile_connector_short_guard_20260802.json",
        "source_flags": {
          "best_bridge_underpass_m": 0.0,
          "best_bus_stop_access_connector_m": 0.0,
          "best_direct_bus_fallback_m": 0.0,
          "best_inferred_hdb_m": 176.2,
          "best_official_lta_shelter_m": 0.0,
          "best_osm_shelter_m": 16.4,
          "best_top_source_layer_m": {
            "inferred_hdb_precinct": 133.0,
            "inferred_hdb_precinct_footway": 4.0,
            "inferred_hdb_void_deck": 39.2,
            "osm_explicit_shelter": 7.4,
            "osm_native_covered": 9.0
          },
          "bus_bus_stop_access_connector_m": 0.0,
          "bus_direct_bus_fallback_m": 0.0,
          "bus_top_source_layer_m": {
            "inferred_hdb_precinct": 133.0,
            "inferred_hdb_precinct_footway": 4.0,
            "inferred_hdb_void_deck": 39.2,
            "osm_explicit_shelter": 7.4,
            "osm_native_covered": 9.0
          }
        },
        "validation_area": "WOODLANDS",
        "validation_best_node_type": "bus_stop",
        "validation_direct_distance_m": 132.5,
        "validation_distance_sanity": "plausible",
        "validation_onemap_vs_direct_delta_m": 378.5
      },
      "type": "Feature"
    },
    {
      "geometry": {
        "coordinates": [
          [
            103.837434,
            1.380239
          ],
          [
            103.835704,
            1.382262
          ]
        ],
        "type": "LineString"
      },
      "properties": {
        "current_route_vs_validation_direct_sanity": "plausible",
        "direct_bus_fallback_reason": null,
        "endpoint_source": "postal_universe_to_transit_poi",
        "new_best_name": "Bef Lentor Stn Exit 5",
        "new_best_routing_type": "sheltered",
        "new_best_shortest_m": 342.5,
        "new_best_type": "bus_stop",
        "new_bus_routing_type": "sheltered",
        "new_bus_shortest_m": 342.5,
        "new_bus_state": "SCORED",
        "new_state": "SCORED",
        "new_total": 40.5,
        "old_abs_pct_delta": 61.517,
        "old_direction": "project_shorter_than_onemap",
        "old_onemap_walk_m": 890.0,
        "old_project_shortest_m": 342.5,
        "old_validation_best_node": "Bef Lentor Stn Exit 5",
        "postal": "568160",
        "queue": "possible_overpermissive_project_path",
        "source_artifact": "qa\\onemap_outlier_replay_shorter_profile_connector_short_guard_20260802.json",
        "source_flags": {
          "best_bridge_underpass_m": 0.0,
          "best_bus_stop_access_connector_m": 0.0,
          "best_direct_bus_fallback_m": 0.0,
          "best_inferred_hdb_m": 0.0,
          "best_official_lta_shelter_m": 0.0,
          "best_osm_shelter_m": 0.0,
          "best_top_source_layer_m": {
            "unknown": 342.5
          },
          "bus_bus_stop_access_connector_m": 0.0,
          "bus_direct_bus_fallback_m": 0.0,
          "bus_top_source_layer_m": {
            "unknown": 342.5
          }
        },
        "validation_area": "ANG_MO_KIO",
        "validation_best_node_type": "bus_stop",
        "validation_direct_distance_m": 295.9,
        "validation_distance_sanity": "plausible",
        "validation_onemap_vs_direct_delta_m": 594.1
      },
      "type": "Feature"
    },
    {
      "geometry": {
        "coordinates": [
          [
            103.876899,
            1.36637
          ],
          [
            103.875784,
            1.36816
          ]
        ],
        "type": "LineString"
      },
      "properties": {
        "current_route_vs_validation_direct_sanity": "plausible",
        "direct_bus_fallback_reason": null,
        "endpoint_source": "postal_universe_to_transit_poi",
        "new_best_name": "Blk 138",
        "new_best_routing_type": "sheltered",
        "new_best_shortest_m": 424.7,
        "new_best_type": "bus_stop",
        "new_bus_routing_type": "sheltered",
        "new_bus_shortest_m": 424.7,
        "new_bus_state": "SCORED",
        "new_state": "SCORED",
        "new_total": 62.3,
        "old_abs_pct_delta": 60.712,
        "old_direction": "project_shorter_than_onemap",
        "old_onemap_walk_m": 1081.0,
        "old_project_shortest_m": 424.7,
        "old_validation_best_node": "Blk 138",
        "postal": "545172",
        "queue": "possible_overpermissive_project_path",
        "source_artifact": "qa\\onemap_outlier_replay_shorter_profile_connector_short_guard_20260802.json",
        "source_flags": {
          "best_bridge_underpass_m": 0.0,
          "best_bus_stop_access_connector_m": 0.0,
          "best_direct_bus_fallback_m": 0.0,
          "best_inferred_hdb_m": 0.0,
          "best_official_lta_shelter_m": 0.0,
          "best_osm_shelter_m": 0.0,
          "best_top_source_layer_m": {
            "unknown": 424.7
          },
          "bus_bus_stop_access_connector_m": 0.0,
          "bus_direct_bus_fallback_m": 0.0,
          "bus_top_source_layer_m": {
            "unknown": 424.7
          }
        },
        "validation_area": "HOUGANG",
        "validation_best_node_type": "bus_stop",
        "validation_direct_distance_m": 234.5,
        "validation_distance_sanity": "plausible",
        "validation_onemap_vs_direct_delta_m": 846.5
      },
      "type": "Feature"
    },
    {
      "geometry": {
        "coordinates": [
          [
            103.854255,
            1.297543
          ],
          [
            103.853022,
            1.29699
          ]
        ],
        "type": "LineString"
      },
      "properties": {
        "current_route_vs_validation_direct_sanity": "current_route_slightly_shorter_than_validation_direct",
        "direct_bus_fallback_reason": null,
        "endpoint_source": "postal_universe_to_transit_poi",
        "new_best_name": "Bras Basah Cplx",
        "new_best_routing_type": "sheltered",
        "new_best_shortest_m": 135.3,
        "new_best_type": "bus_stop",
        "new_bus_routing_type": "sheltered",
        "new_bus_shortest_m": 135.3,
        "new_bus_state": "SCORED",
        "new_state": "SCORED",
        "new_total": 88.9,
        "old_abs_pct_delta": 59.247,
        "old_direction": "project_shorter_than_onemap",
        "old_onemap_walk_m": 332.0,
        "old_project_shortest_m": 135.3,
        "old_validation_best_node": "Bras Basah Cplx",
        "postal": "188066",
        "queue": "possible_overpermissive_project_path",
        "source_artifact": "qa\\onemap_outlier_replay_shorter_profile_connector_short_guard_20260802.json",
        "source_flags": {
          "best_bridge_underpass_m": 0.0,
          "best_bus_stop_access_connector_m": 0.0,
          "best_direct_bus_fallback_m": 0.0,
          "best_inferred_hdb_m": 62.2,
          "best_official_lta_shelter_m": 0.0,
          "best_osm_shelter_m": 35.4,
          "best_top_source_layer_m": {
            "inferred_hdb_point_footway": 62.2,
            "osm_explicit_shelter": 11.6,
            "osm_native_covered": 23.8,
            "unknown": 37.7
          },
          "bus_bus_stop_access_connector_m": 0.0,
          "bus_direct_bus_fallback_m": 0.0,
          "bus_top_source_layer_m": {
            "inferred_hdb_point_footway": 62.2,
            "osm_explicit_shelter": 11.6,
            "osm_native_covered": 23.8,
            "unknown": 37.7
          }
        },
        "validation_area": "DOWNTOWN_CORE",
        "validation_best_node_type": "bus_stop",
        "validation_direct_distance_m": 150.2,
        "validation_distance_sanity": "plausible",
        "validation_onemap_vs_direct_delta_m": 181.8
      },
      "type": "Feature"
    },
    {
      "geometry": {
        "coordinates": [
          [
            103.841932,
            1.29708
          ],
          [
            103.84361,
            1.29707
          ]
        ],
        "type": "LineString"
      },
      "properties": {
        "current_route_vs_validation_direct_sanity": "plausible",
        "direct_bus_fallback_reason": null,
        "endpoint_source": "postal_universe_to_transit_poi",
        "new_best_name": "Opp Haw Par Glass Twr",
        "new_best_routing_type": "sheltered",
        "new_best_shortest_m": 345.5,
        "new_best_type": "bus_stop",
        "new_bus_routing_type": "sheltered",
        "new_bus_shortest_m": 345.5,
        "new_bus_state": "SCORED",
        "new_state": "SCORED",
        "new_total": 39.0,
        "old_abs_pct_delta": 58.82,
        "old_direction": "project_shorter_than_onemap",
        "old_onemap_walk_m": 839.0,
        "old_project_shortest_m": 345.5,
        "old_validation_best_node": "Opp Haw Par Glass Twr",
        "postal": "238774",
        "queue": "possible_overpermissive_project_path",
        "source_artifact": "qa\\onemap_outlier_replay_shorter_profile_connector_short_guard_20260802.json",
        "source_flags": {
          "best_bridge_underpass_m": 0.0,
          "best_bus_stop_access_connector_m": 0.0,
          "best_direct_bus_fallback_m": 0.0,
          "best_inferred_hdb_m": 0.0,
          "best_official_lta_shelter_m": 0.0,
          "best_osm_shelter_m": 0.0,
          "best_top_source_layer_m": {
            "unknown": 345.5
          },
          "bus_bus_stop_access_connector_m": 0.0,
          "bus_direct_bus_fallback_m": 0.0,
          "bus_top_source_layer_m": {
            "unknown": 345.5
          }
        },
        "validation_area": "RIVER_VALLEY",
        "validation_best_node_type": "bus_stop",
        "validation_direct_distance_m": 186.5,
        "validation_distance_sanity": "plausible",
        "validation_onemap_vs_direct_delta_m": 652.5
      },
      "type": "Feature"
    },
    {
      "geometry": {
        "coordinates": [
          [
            103.875167,
            1.364612
          ],
          [
            103.875221,
            1.366058
          ]
        ],
        "type": "LineString"
      },
      "properties": {
        "current_route_vs_validation_direct_sanity": "plausible",
        "direct_bus_fallback_reason": null,
        "endpoint_source": "postal_universe_to_transit_poi",
        "new_best_name": "Parkwood Residences",
        "new_best_routing_type": "sheltered",
        "new_best_shortest_m": 179.9,
        "new_best_type": "bus_stop",
        "new_bus_routing_type": "sheltered",
        "new_bus_shortest_m": 179.9,
        "new_bus_state": "SCORED",
        "new_state": "SCORED",
        "new_total": 60.0,
        "old_abs_pct_delta": 58.739,
        "old_direction": "project_shorter_than_onemap",
        "old_onemap_walk_m": 436.0,
        "old_project_shortest_m": 179.9,
        "old_validation_best_node": "Parkwood Residences",
        "postal": "548703",
        "queue": "possible_overpermissive_project_path",
        "source_artifact": "qa\\onemap_outlier_replay_shorter_profile_connector_short_guard_20260802.json",
        "source_flags": {
          "best_bridge_underpass_m": 0.0,
          "best_bus_stop_access_connector_m": 0.0,
          "best_direct_bus_fallback_m": 0.0,
          "best_inferred_hdb_m": 0.0,
          "best_official_lta_shelter_m": 0.0,
          "best_osm_shelter_m": 0.0,
          "best_top_source_layer_m": {
            "unknown": 179.9
          },
          "bus_bus_stop_access_connector_m": 0.0,
          "bus_direct_bus_fallback_m": 0.0,
          "bus_top_source_layer_m": {
            "unknown": 179.9
          }
        },
        "validation_area": "HOUGANG",
        "validation_best_node_type": "bus_stop",
        "validation_direct_distance_m": 160.9,
        "validation_distance_sanity": "plausible",
        "validation_onemap_vs_direct_delta_m": 275.1
      },
      "type": "Feature"
    },
    {
      "geometry": {
        "coordinates": [
          [
            103.685143,
            1.34664
          ],
          [
            103.686499,
            1.347723
          ]
        ],
        "type": "LineString"
      },
      "properties": {
        "current_route_vs_validation_direct_sanity": "plausible",
        "direct_bus_fallback_reason": null,
        "endpoint_source": "postal_universe_to_transit_poi",
        "new_best_name": "Opp Hall 6",
        "new_best_routing_type": "sheltered",
        "new_best_shortest_m": 267.9,
        "new_best_type": "bus_stop",
        "new_bus_routing_type": "sheltered",
        "new_bus_shortest_m": 267.9,
        "new_bus_state": "SCORED",
        "new_state": "SCORED",
        "new_total": 65.9,
        "old_abs_pct_delta": 58.465,
        "old_direction": "project_shorter_than_onemap",
        "old_onemap_walk_m": 645.0,
        "old_project_shortest_m": 267.9,
        "old_validation_best_node": "Opp Hall 6",
        "postal": "639706",
        "queue": "possible_overpermissive_project_path",
        "source_artifact": "qa\\onemap_outlier_replay_shorter_profile_connector_short_guard_20260802.json",
        "source_flags": {
          "best_bridge_underpass_m": 0.0,
          "best_bus_stop_access_connector_m": 0.0,
          "best_direct_bus_fallback_m": 0.0,
          "best_inferred_hdb_m": 0.0,
          "best_official_lta_shelter_m": 0.0,
          "best_osm_shelter_m": 139.8,
          "best_top_source_layer_m": {
            "osm_native_covered": 139.8,
            "unknown": 128.1
          },
          "bus_bus_stop_access_connector_m": 0.0,
          "bus_direct_bus_fallback_m": 0.0,
          "bus_top_source_layer_m": {
            "osm_native_covered": 139.8,
            "unknown": 128.1
          }
        },
        "validation_area": "WESTERN_WATER_CATCHMENT",
        "validation_best_node_type": "bus_stop",
        "validation_direct_distance_m": 192.9,
        "validation_distance_sanity": "plausible",
        "validation_onemap_vs_direct_delta_m": 452.1
      },
      "type": "Feature"
    },
    {
      "geometry": {
        "coordinates": [
          [
            103.959349,
            1.378976
          ],
          [
            103.959552,
            1.378241
          ]
        ],
        "type": "LineString"
      },
      "properties": {
        "current_route_vs_validation_direct_sanity": "plausible",
        "direct_bus_fallback_reason": null,
        "endpoint_source": "postal_universe_to_transit_poi",
        "new_best_name": "Lighthouse",
        "new_best_routing_type": "sheltered",
        "new_best_shortest_m": 106.2,
        "new_best_type": "bus_stop",
        "new_bus_routing_type": "sheltered",
        "new_bus_shortest_m": 106.2,
        "new_bus_state": "SCORED",
        "new_state": "SCORED",
        "new_total": 57.3,
        "old_abs_pct_delta": 58.024,
        "old_direction": "project_shorter_than_onemap",
        "old_onemap_walk_m": 253.0,
        "old_project_shortest_m": 106.2,
        "old_validation_best_node": "Lighthouse",
        "postal": "507095",
        "queue": "possible_overpermissive_project_path",
        "source_artifact": "qa\\onemap_outlier_replay_shorter_profile_connector_short_guard_20260802.json",
        "source_flags": {
          "best_bridge_underpass_m": 0.0,
          "best_bus_stop_access_connector_m": 0.0,
          "best_direct_bus_fallback_m": 0.0,
          "best_inferred_hdb_m": 0.0,
          "best_official_lta_shelter_m": 0.0,
          "best_osm_shelter_m": 0.0,
          "best_top_source_layer_m": {
            "unknown": 106.2
          },
          "bus_bus_stop_access_connector_m": 0.0,
          "bus_direct_bus_fallback_m": 0.0,
          "bus_top_source_layer_m": {
            "unknown": 106.2
          }
        },
        "validation_area": "PASIR_RIS",
        "validation_best_node_type": "bus_stop",
        "validation_direct_distance_m": 84.8,
        "validation_distance_sanity": "plausible",
        "validation_onemap_vs_direct_delta_m": 168.2
      },
      "type": "Feature"
    },
    {
      "geometry": {
        "coordinates": [
          [
            103.810983,
            1.292704
          ],
          [
            103.811465,
            1.292335
          ]
        ],
        "type": "LineString"
      },
      "properties": {
        "current_route_vs_validation_direct_sanity": "plausible",
        "direct_bus_fallback_reason": "implausible_graph_route_to_datamall_bus_stop_within_direct_radius",
        "endpoint_source": "postal_universe_to_transit_poi",
        "new_best_name": "Aft Dawson Pl",
        "new_best_routing_type": "sheltered",
        "new_best_shortest_m": 152.0,
        "new_best_type": "bus_stop",
        "new_bus_routing_type": "sheltered",
        "new_bus_shortest_m": 152.0,
        "new_bus_state": "SCORED",
        "new_state": "SCORED",
        "new_total": 100.0,
        "old_abs_pct_delta": 57.542,
        "old_direction": "project_shorter_than_onemap",
        "old_onemap_walk_m": 358.0,
        "old_project_shortest_m": 152.0,
        "old_validation_best_node": "Aft Dawson Pl",
        "postal": "142057",
        "queue": "possible_overpermissive_project_path",
        "source_artifact": "qa\\onemap_outlier_replay_shorter_profile_connector_short_guard_20260802.json",
        "source_flags": {
          "best_bridge_underpass_m": 0.0,
          "best_bus_stop_access_connector_m": 0.0,
          "best_direct_bus_fallback_m": 0.0,
          "best_inferred_hdb_m": 71.5,
          "best_official_lta_shelter_m": 0.0,
          "best_osm_shelter_m": 36.7,
          "best_top_source_layer_m": {
            "inferred_hdb_point_footway": 71.5,
            "osm_native_covered": 36.7,
            "unknown": 43.7
          },
          "bus_bus_stop_access_connector_m": 0.0,
          "bus_direct_bus_fallback_m": 0.0,
          "bus_top_source_layer_m": {
            "inferred_hdb_point_footway": 71.5,
            "osm_native_covered": 36.7,
            "unknown": 43.7
          }
        },
        "validation_area": "QUEENSTOWN",
        "validation_best_node_type": "bus_stop",
        "validation_direct_distance_m": 67.5,
        "validation_distance_sanity": "plausible",
        "validation_onemap_vs_direct_delta_m": 290.5
      },
      "type": "Feature"
    },
    {
      "geometry": {
        "coordinates": [
          [
            103.803862,
            1.308516
          ],
          [
            103.80258,
            1.30852
          ]
        ],
        "type": "LineString"
      },
      "properties": {
        "current_route_vs_validation_direct_sanity": "plausible",
        "direct_bus_fallback_reason": null,
        "endpoint_source": "postal_universe_to_transit_poi",
        "new_best_name": "Viz Holland",
        "new_best_routing_type": "sheltered",
        "new_best_shortest_m": 211.0,
        "new_best_type": "bus_stop",
        "new_bus_routing_type": "sheltered",
        "new_bus_shortest_m": 211.0,
        "new_bus_state": "SCORED",
        "new_state": "SCORED",
        "new_total": 74.6,
        "old_abs_pct_delta": 57.374,
        "old_direction": "project_shorter_than_onemap",
        "old_onemap_walk_m": 495.0,
        "old_project_shortest_m": 211.0,
        "old_validation_best_node": "Viz Holland",
        "postal": "249509",
        "queue": "possible_overpermissive_project_path",
        "source_artifact": "qa\\onemap_outlier_replay_shorter_profile_connector_short_guard_20260802.json",
        "source_flags": {
          "best_bridge_underpass_m": 77.0,
          "best_bus_stop_access_connector_m": 0.0,
          "best_direct_bus_fallback_m": 0.0,
          "best_inferred_hdb_m": 0.0,
          "best_official_lta_shelter_m": 0.0,
          "best_osm_shelter_m": 0.0,
          "best_top_source_layer_m": {
            "overhead_bridge_underpass": 77.0,
            "unknown": 134.0
          },
          "bus_bus_stop_access_connector_m": 0.0,
          "bus_direct_bus_fallback_m": 0.0,
          "bus_top_source_layer_m": {
            "overhead_bridge_underpass": 77.0,
            "unknown": 134.0
          }
        },
        "validation_area": "TANGLIN",
        "validation_best_node_type": "bus_stop",
        "validation_direct_distance_m": 142.5,
        "validation_distance_sanity": "plausible",
        "validation_onemap_vs_direct_delta_m": 352.5
      },
      "type": "Feature"
    },
    {
      "geometry": {
        "coordinates": [
          [
            103.870132,
            1.365812
          ],
          [
            103.87249,
            1.365146
          ]
        ],
        "type": "LineString"
      },
      "properties": {
        "current_route_vs_validation_direct_sanity": "current_route_slightly_shorter_than_validation_direct",
        "direct_bus_fallback_reason": "implausible_graph_route_to_datamall_bus_stop_within_direct_radius",
        "endpoint_source": "postal_universe_to_transit_poi",
        "new_best_name": "Aft Trinity Meth Ch",
        "new_best_routing_type": "direct_bus_fallback_unrouted",
        "new_best_shortest_m": 259.4,
        "new_best_type": "bus_stop",
        "new_bus_routing_type": "direct_bus_fallback_unrouted",
        "new_bus_shortest_m": 259.4,
        "new_bus_state": "SCORED_PARTIAL",
        "new_state": "SCORED_PARTIAL",
        "new_total": 55.0,
        "old_abs_pct_delta": 57.16,
        "old_direction": "project_shorter_than_onemap",
        "old_onemap_walk_m": 1014.0,
        "old_project_shortest_m": 434.4,
        "old_validation_best_node": "Opp Blk 127",
        "postal": "554346",
        "queue": "possible_overpermissive_project_path",
        "source_artifact": "qa\\onemap_outlier_replay_shorter_profile_connector_short_guard_20260802.json",
        "source_flags": {
          "best_bridge_underpass_m": 0.0,
          "best_bus_stop_access_connector_m": 0.0,
          "best_direct_bus_fallback_m": 259.4,
          "best_inferred_hdb_m": 0.0,
          "best_official_lta_shelter_m": 0.0,
          "best_osm_shelter_m": 0.0,
          "best_top_source_layer_m": {
            "direct_bus_fallback": 259.4
          },
          "bus_bus_stop_access_connector_m": 0.0,
          "bus_direct_bus_fallback_m": 259.4,
          "bus_top_source_layer_m": {
            "direct_bus_fallback": 259.4
          }
        },
        "validation_area": "SERANGOON",
        "validation_best_node_type": "bus_stop",
        "validation_direct_distance_m": 272.4,
        "validation_distance_sanity": "plausible",
        "validation_onemap_vs_direct_delta_m": 741.6
      },
      "type": "Feature"
    },
    {
      "geometry": {
        "coordinates": [
          [
            103.764413,
            1.317698
          ],
          [
            103.764064,
            1.317905
          ]
        ],
        "type": "LineString"
      },
      "properties": {
        "current_route_vs_validation_direct_sanity": "plausible",
        "direct_bus_fallback_reason": null,
        "endpoint_source": "postal_universe_to_transit_poi",
        "new_best_name": "Blk 317",
        "new_best_routing_type": "sheltered",
        "new_best_shortest_m": 67.3,
        "new_best_type": "bus_stop",
        "new_bus_routing_type": "sheltered",
        "new_bus_shortest_m": 67.3,
        "new_bus_state": "SCORED",
        "new_state": "SCORED",
        "new_total": 100.0,
        "old_abs_pct_delta": 56.859,
        "old_direction": "project_shorter_than_onemap",
        "old_onemap_walk_m": 156.0,
        "old_project_shortest_m": 67.3,
        "old_validation_best_node": "Blk 317",
        "postal": "121317",
        "queue": "possible_overpermissive_project_path",
        "source_artifact": "qa\\onemap_outlier_replay_shorter_profile_connector_short_guard_20260802.json",
        "source_flags": {
          "best_bridge_underpass_m": 0.0,
          "best_bus_stop_access_connector_m": 0.0,
          "best_direct_bus_fallback_m": 0.0,
          "best_inferred_hdb_m": 43.2,
          "best_official_lta_shelter_m": 0.0,
          "best_osm_shelter_m": 24.1,
          "best_top_source_layer_m": {
            "inferred_hdb_point_footway": 15.5,
            "inferred_hdb_precinct": 7.2,
            "inferred_hdb_precinct_footway": 20.6,
            "osm_native_covered": 24.1
          },
          "bus_bus_stop_access_connector_m": 0.0,
          "bus_direct_bus_fallback_m": 0.0,
          "bus_top_source_layer_m": {
            "inferred_hdb_point_footway": 15.5,
            "inferred_hdb_precinct": 7.2,
            "inferred_hdb_precinct_footway": 20.6,
            "osm_native_covered": 24.1
          }
        },
        "validation_area": "CLEMENTI",
        "validation_best_node_type": "bus_stop",
        "validation_direct_distance_m": 45.1,
        "validation_distance_sanity": "plausible",
        "validation_onemap_vs_direct_delta_m": 110.9
      },
      "type": "Feature"
    },
    {
      "geometry": {
        "coordinates": [
          [
            103.830313,
            1.297016
          ],
          [
            103.828808,
            1.29488
          ]
        ],
        "type": "LineString"
      },
      "properties": {
        "current_route_vs_validation_direct_sanity": "plausible",
        "direct_bus_fallback_reason": "implausible_graph_route_to_datamall_bus_stop_within_direct_radius",
        "endpoint_source": "postal_universe_to_transit_poi",
        "new_best_name": "RV Residences",
        "new_best_routing_type": "sheltered",
        "new_best_shortest_m": 351.5,
        "new_best_type": "bus_stop",
        "new_bus_routing_type": "sheltered",
        "new_bus_shortest_m": 351.5,
        "new_bus_state": "SCORED",
        "new_state": "SCORED",
        "new_total": 69.6,
        "old_abs_pct_delta": 56.765,
        "old_direction": "project_shorter_than_onemap",
        "old_onemap_walk_m": 813.0,
        "old_project_shortest_m": 351.5,
        "old_validation_best_node": "RV Residences",
        "postal": "249417",
        "queue": "possible_overpermissive_project_path",
        "source_artifact": "qa\\onemap_outlier_replay_shorter_profile_connector_short_guard_20260802.json",
        "source_flags": {
          "best_bridge_underpass_m": 0.0,
          "best_bus_stop_access_connector_m": 0.0,
          "best_direct_bus_fallback_m": 0.0,
          "best_inferred_hdb_m": 0.0,
          "best_official_lta_shelter_m": 0.0,
          "best_osm_shelter_m": 0.0,
          "best_top_source_layer_m": {
            "unknown": 351.5
          },
          "bus_bus_stop_access_connector_m": 0.0,
          "bus_direct_bus_fallback_m": 0.0,
          "bus_top_source_layer_m": {
            "unknown": 351.5
          }
        },
        "validation_area": "RIVER_VALLEY",
        "validation_best_node_type": "bus_stop",
        "validation_direct_distance_m": 290.5,
        "validation_distance_sanity": "plausible",
        "validation_onemap_vs_direct_delta_m": 522.5
      },
      "type": "Feature"
    },
    {
      "geometry": {
        "coordinates": [
          [
            103.62375,
            1.286602
          ],
          [
            103.624893,
            1.289014
          ]
        ],
        "type": "LineString"
      },
      "properties": {
        "current_route_vs_validation_direct_sanity": "plausible",
        "direct_bus_fallback_reason": null,
        "endpoint_source": "postal_universe_to_transit_poi",
        "new_best_name": "The Index",
        "new_best_routing_type": "sheltered",
        "new_best_shortest_m": 294.2,
        "new_best_type": "bus_stop",
        "new_bus_routing_type": "sheltered",
        "new_bus_shortest_m": 294.2,
        "new_bus_state": "SCORED",
        "new_state": "SCORED",
        "new_total": 39.0,
        "old_abs_pct_delta": 55.626,
        "old_direction": "project_shorter_than_onemap",
        "old_onemap_walk_m": 663.0,
        "old_project_shortest_m": 294.2,
        "old_validation_best_node": "The Index",
        "postal": "637440",
        "queue": "possible_overpermissive_project_path",
        "source_artifact": "qa\\onemap_outlier_replay_shorter_profile_connector_short_guard_20260802.json",
        "source_flags": {
          "best_bridge_underpass_m": 0.0,
          "best_bus_stop_access_connector_m": 0.0,
          "best_direct_bus_fallback_m": 0.0,
          "best_inferred_hdb_m": 0.0,
          "best_official_lta_shelter_m": 0.0,
          "best_osm_shelter_m": 0.0,
          "best_top_source_layer_m": {
            "unknown": 294.2
          },
          "bus_bus_stop_access_connector_m": 0.0,
          "bus_direct_bus_fallback_m": 0.0,
          "bus_top_source_layer_m": {
            "unknown": 294.2
          }
        },
        "validation_area": "TUAS",
        "validation_best_node_type": "bus_stop",
        "validation_direct_distance_m": 296.8,
        "validation_distance_sanity": "plausible",
        "validation_onemap_vs_direct_delta_m": 366.2
      },
      "type": "Feature"
    },
    {
      "geometry": {
        "coordinates": [
          [
            103.870067,
            1.404583
          ],
          [
            103.871388,
            1.402222
          ]
        ],
        "type": "LineString"
      },
      "properties": {
        "current_route_vs_validation_direct_sanity": "plausible",
        "direct_bus_fallback_reason": null,
        "endpoint_source": "postal_universe_to_transit_poi",
        "new_best_name": "Bef Piccadilly Circus/TPE",
        "new_best_routing_type": "sheltered",
        "new_best_shortest_m": 352.7,
        "new_best_type": "bus_stop",
        "new_bus_routing_type": "sheltered",
        "new_bus_shortest_m": 352.7,
        "new_bus_state": "SCORED",
        "new_state": "SCORED",
        "new_total": 40.0,
        "old_abs_pct_delta": 55.467,
        "old_direction": "project_shorter_than_onemap",
        "old_onemap_walk_m": 792.0,
        "old_project_shortest_m": 352.7,
        "old_validation_best_node": "Bef Piccadilly Circus/TPE",
        "postal": "799884",
        "queue": "possible_overpermissive_project_path",
        "source_artifact": "qa\\onemap_outlier_replay_shorter_profile_connector_short_guard_20260802.json",
        "source_flags": {
          "best_bridge_underpass_m": 0.0,
          "best_bus_stop_access_connector_m": 0.0,
          "best_direct_bus_fallback_m": 0.0,
          "best_inferred_hdb_m": 0.0,
          "best_official_lta_shelter_m": 0.0,
          "best_osm_shelter_m": 0.0,
          "best_top_source_layer_m": {
            "unknown": 352.7
          },
          "bus_bus_stop_access_connector_m": 0.0,
          "bus_direct_bus_fallback_m": 0.0,
          "bus_top_source_layer_m": {
            "unknown": 352.7
          }
        },
        "validation_area": "SELETAR",
        "validation_best_node_type": "bus_stop",
        "validation_direct_distance_m": 300.8,
        "validation_distance_sanity": "plausible",
        "validation_onemap_vs_direct_delta_m": 491.2
      },
      "type": "Feature"
    },
    {
      "geometry": {
        "coordinates": [
          [
            103.828964,
            1.356024
          ],
          [
            103.828944,
            1.357772
          ]
        ],
        "type": "LineString"
      },
      "properties": {
        "current_route_vs_validation_direct_sanity": "plausible",
        "direct_bus_fallback_reason": null,
        "endpoint_source": "postal_universe_to_transit_poi",
        "new_best_name": "Aft Windsor Pk Rd",
        "new_best_routing_type": "sheltered",
        "new_best_shortest_m": 341.7,
        "new_best_type": "bus_stop",
        "new_bus_routing_type": "sheltered",
        "new_bus_shortest_m": 341.7,
        "new_bus_state": "SCORED",
        "new_state": "SCORED",
        "new_total": 73.0,
        "old_abs_pct_delta": 55.416,
        "old_direction": "project_shorter_than_onemap",
        "old_onemap_walk_m": 637.0,
        "old_project_shortest_m": 284.0,
        "old_validation_best_node": "Aft Windsor Pk Rd",
        "postal": "578824",
        "queue": "possible_overpermissive_project_path",
        "source_artifact": "qa\\onemap_outlier_replay_shorter_profile_connector_short_guard_20260802.json",
        "source_flags": {
          "best_bridge_underpass_m": 110.9,
          "best_bus_stop_access_connector_m": 0.0,
          "best_direct_bus_fallback_m": 0.0,
          "best_inferred_hdb_m": 0.0,
          "best_official_lta_shelter_m": 0.4,
          "best_osm_shelter_m": 0.0,
          "best_top_source_layer_m": {
            "covered_linkway": 0.4,
            "overhead_bridge_underpass": 110.9,
            "unknown": 230.4
          },
          "bus_bus_stop_access_connector_m": 0.0,
          "bus_direct_bus_fallback_m": 0.0,
          "bus_top_source_layer_m": {
            "covered_linkway": 0.4,
            "overhead_bridge_underpass": 110.9,
            "unknown": 230.4
          }
        },
        "validation_area": "BISHAN",
        "validation_best_node_type": "bus_stop",
        "validation_direct_distance_m": 194.4,
        "validation_distance_sanity": "plausible",
        "validation_onemap_vs_direct_delta_m": 442.6
      },
      "type": "Feature"
    },
    {
      "geometry": {
        "coordinates": [
          [
            103.734765,
            1.358635
          ],
          [
            103.734244,
            1.35984
          ]
        ],
        "type": "LineString"
      },
      "properties": {
        "current_route_vs_validation_direct_sanity": "plausible",
        "direct_bus_fallback_reason": null,
        "endpoint_source": "postal_universe_to_transit_poi",
        "new_best_name": "Blk 123B",
        "new_best_routing_type": "sheltered",
        "new_best_shortest_m": 202.4,
        "new_best_type": "bus_stop",
        "new_bus_routing_type": "sheltered",
        "new_bus_shortest_m": 202.4,
        "new_bus_state": "SCORED",
        "new_state": "SCORED",
        "new_total": 100.0,
        "old_abs_pct_delta": 54.72,
        "old_direction": "project_shorter_than_onemap",
        "old_onemap_walk_m": 447.0,
        "old_project_shortest_m": 202.4,
        "old_validation_best_node": "Blk 123B",
        "postal": "693126",
        "queue": "possible_overpermissive_project_path",
        "source_artifact": "qa\\onemap_outlier_replay_shorter_profile_connector_short_guard_20260802.json",
        "source_flags": {
          "best_bridge_underpass_m": 0.0,
          "best_bus_stop_access_connector_m": 0.0,
          "best_direct_bus_fallback_m": 0.0,
          "best_inferred_hdb_m": 137.9,
          "best_official_lta_shelter_m": 0.0,
          "best_osm_shelter_m": 64.4,
          "best_top_source_layer_m": {
            "inferred_hdb_precinct": 100.9,
            "inferred_hdb_void_deck": 37.0,
            "osm_native_covered": 64.4
          },
          "bus_bus_stop_access_connector_m": 0.0,
          "bus_direct_bus_fallback_m": 0.0,
          "bus_top_source_layer_m": {
            "inferred_hdb_precinct": 100.9,
            "inferred_hdb_void_deck": 37.0,
            "osm_native_covered": 64.4
          }
        },
        "validation_area": "TENGAH",
        "validation_best_node_type": "bus_stop",
        "validation_direct_distance_m": 146.0,
        "validation_distance_sanity": "plausible",
        "validation_onemap_vs_direct_delta_m": 301.0
      },
      "type": "Feature"
    },
    {
      "geometry": {
        "coordinates": [
          [
            103.783196,
            1.286993
          ],
          [
            103.782606,
            1.286977
          ]
        ],
        "type": "LineString"
      },
      "properties": {
        "current_route_vs_validation_direct_sanity": "plausible",
        "direct_bus_fallback_reason": "implausible_graph_route_to_datamall_bus_stop_within_direct_radius",
        "endpoint_source": "postal_universe_to_transit_poi",
        "new_best_name": "Teletech Pk",
        "new_best_routing_type": "sheltered",
        "new_best_shortest_m": 186.4,
        "new_best_type": "bus_stop",
        "new_bus_routing_type": "sheltered",
        "new_bus_shortest_m": 186.4,
        "new_bus_state": "SCORED",
        "new_state": "SCORED",
        "new_total": 89.5,
        "old_abs_pct_delta": 54.647,
        "old_direction": "project_shorter_than_onemap",
        "old_onemap_walk_m": 411.0,
        "old_project_shortest_m": 186.4,
        "old_validation_best_node": "Teletech Pk",
        "postal": "117586",
        "queue": "possible_overpermissive_project_path",
        "source_artifact": "qa\\onemap_outlier_replay_shorter_profile_connector_short_guard_20260802.json",
        "source_flags": {
          "best_bridge_underpass_m": 0.0,
          "best_bus_stop_access_connector_m": 0.0,
          "best_direct_bus_fallback_m": 0.0,
          "best_inferred_hdb_m": 0.0,
          "best_official_lta_shelter_m": 39.2,
          "best_osm_shelter_m": 109.3,
          "best_top_source_layer_m": {
            "covered_linkway": 39.2,
            "osm_explicit_shelter": 23.1,
            "osm_native_covered": 86.2,
            "unknown": 38.0
          },
          "bus_bus_stop_access_connector_m": 0.0,
          "bus_direct_bus_fallback_m": 0.0,
          "bus_top_source_layer_m": {
            "covered_linkway": 39.2,
            "osm_explicit_shelter": 23.1,
            "osm_native_covered": 86.2,
            "unknown": 38.0
          }
        },
        "validation_area": "QUEENSTOWN",
        "validation_best_node_type": "bus_stop",
        "validation_direct_distance_m": 65.6,
        "validation_distance_sanity": "plausible",
        "validation_onemap_vs_direct_delta_m": 345.4
      },
      "type": "Feature"
    },
    {
      "geometry": {
        "coordinates": [
          [
            103.788203,
            1.28017
          ],
          [
            103.787014,
            1.281425
          ]
        ],
        "type": "LineString"
      },
      "properties": {
        "current_route_vs_validation_direct_sanity": "plausible",
        "direct_bus_fallback_reason": null,
        "endpoint_source": "postal_universe_to_transit_poi",
        "new_best_name": "Opp Lor Sarhad",
        "new_best_routing_type": "sheltered",
        "new_best_shortest_m": 468.2,
        "new_best_type": "bus_stop",
        "new_bus_routing_type": "sheltered",
        "new_bus_shortest_m": 468.2,
        "new_bus_state": "SCORED",
        "new_state": "SCORED",
        "new_total": 36.5,
        "old_abs_pct_delta": 54.632,
        "old_direction": "project_shorter_than_onemap",
        "old_onemap_walk_m": 1032.0,
        "old_project_shortest_m": 468.2,
        "old_validation_best_node": "Opp Lor Sarhad",
        "postal": "119171",
        "queue": "possible_overpermissive_project_path",
        "source_artifact": "qa\\onemap_outlier_replay_shorter_profile_connector_short_guard_20260802.json",
        "source_flags": {
          "best_bridge_underpass_m": 0.0,
          "best_bus_stop_access_connector_m": 0.0,
          "best_direct_bus_fallback_m": 0.0,
          "best_inferred_hdb_m": 0.0,
          "best_official_lta_shelter_m": 0.0,
          "best_osm_shelter_m": 0.0,
          "best_top_source_layer_m": {
            "unknown": 468.2
          },
          "bus_bus_stop_access_connector_m": 0.0,
          "bus_direct_bus_fallback_m": 0.0,
          "bus_top_source_layer_m": {
            "unknown": 468.2
          }
        },
        "validation_area": "QUEENSTOWN",
        "validation_best_node_type": "bus_stop",
        "validation_direct_distance_m": 192.2,
        "validation_distance_sanity": "plausible",
        "validation_onemap_vs_direct_delta_m": 839.8
      },
      "type": "Feature"
    },
    {
      "geometry": {
        "coordinates": [
          [
            103.918845,
            1.312319
          ],
          [
            103.919896,
            1.312618
          ]
        ],
        "type": "LineString"
      },
      "properties": {
        "current_route_vs_validation_direct_sanity": "current_route_materially_shorter_than_validation_direct",
        "direct_bus_fallback_reason": null,
        "endpoint_source": "postal_universe_to_transit_poi",
        "new_best_name": "Aft Coldstream Ave",
        "new_best_routing_type": "sheltered",
        "new_best_shortest_m": 86.9,
        "new_best_type": "bus_stop",
        "new_bus_routing_type": "sheltered",
        "new_bus_shortest_m": 86.9,
        "new_bus_state": "SCORED",
        "new_state": "SCORED",
        "new_total": 60.0,
        "old_abs_pct_delta": 54.263,
        "old_direction": "project_shorter_than_onemap",
        "old_onemap_walk_m": 190.0,
        "old_project_shortest_m": 86.9,
        "old_validation_best_node": "Aft Coldstream Ave",
        "postal": "459403",
        "queue": "possible_overpermissive_project_path",
        "source_artifact": "qa\\onemap_outlier_replay_shorter_profile_connector_short_guard_20260802.json",
        "source_flags": {
          "best_bridge_underpass_m": 0.0,
          "best_bus_stop_access_connector_m": 0.0,
          "best_direct_bus_fallback_m": 0.0,
          "best_inferred_hdb_m": 0.0,
          "best_official_lta_shelter_m": 0.0,
          "best_osm_shelter_m": 0.0,
          "best_top_source_layer_m": {
            "unknown": 86.9
          },
          "bus_bus_stop_access_connector_m": 0.0,
          "bus_direct_bus_fallback_m": 0.0,
          "bus_top_source_layer_m": {
            "unknown": 86.9
          }
        },
        "validation_area": "BEDOK",
        "validation_best_node_type": "bus_stop",
        "validation_direct_distance_m": 121.5,
        "validation_distance_sanity": "plausible",
        "validation_onemap_vs_direct_delta_m": 68.5
      },
      "type": "Feature"
    },
    {
      "geometry": {
        "coordinates": [
          [
            103.873295,
            1.379956
          ],
          [
            103.874303,
            1.378638
          ]
        ],
        "type": "LineString"
      },
      "properties": {
        "current_route_vs_validation_direct_sanity": "plausible",
        "direct_bus_fallback_reason": null,
        "endpoint_source": "postal_universe_to_transit_poi",
        "new_best_name": "Aft Yio Chu Kang Rd",
        "new_best_routing_type": "sheltered",
        "new_best_shortest_m": 307.3,
        "new_best_type": "bus_stop",
        "new_bus_routing_type": "sheltered",
        "new_bus_shortest_m": 307.3,
        "new_bus_state": "SCORED",
        "new_state": "SCORED",
        "new_total": 72.2,
        "old_abs_pct_delta": 53.997,
        "old_direction": "project_shorter_than_onemap",
        "old_onemap_walk_m": 668.0,
        "old_project_shortest_m": 307.3,
        "old_validation_best_node": "Aft Yio Chu Kang Rd",
        "postal": "805159",
        "queue": "possible_overpermissive_project_path",
        "source_artifact": "qa\\onemap_outlier_replay_shorter_profile_connector_short_guard_20260802.json",
        "source_flags": {
          "best_bridge_underpass_m": 81.2,
          "best_bus_stop_access_connector_m": 0.0,
          "best_direct_bus_fallback_m": 0.0,
          "best_inferred_hdb_m": 0.0,
          "best_official_lta_shelter_m": 0.0,
          "best_osm_shelter_m": 0.0,
          "best_top_source_layer_m": {
            "overhead_bridge_underpass": 81.2,
            "unknown": 226.2
          },
          "bus_bus_stop_access_connector_m": 0.0,
          "bus_direct_bus_fallback_m": 0.0,
          "bus_top_source_layer_m": {
            "overhead_bridge_underpass": 81.2,
            "unknown": 226.2
          }
        },
        "validation_area": "SERANGOON",
        "validation_best_node_type": "bus_stop",
        "validation_direct_distance_m": 184.5,
        "validation_distance_sanity": "plausible",
        "validation_onemap_vs_direct_delta_m": 483.5
      },
      "type": "Feature"
    },
    {
      "geometry": {
        "coordinates": [
          [
            103.882478,
            1.311535
          ],
          [
            103.883181,
            1.310546
          ]
        ],
        "type": "LineString"
      },
      "properties": {
        "current_route_vs_validation_direct_sanity": "plausible",
        "direct_bus_fallback_reason": null,
        "endpoint_source": "postal_universe_to_transit_poi",
        "new_best_name": "MOUNTBATTEN MRT STATION Exit A",
        "new_best_routing_type": "sheltered",
        "new_best_shortest_m": 794.1,
        "new_best_type": "mrt_lrt_exit",
        "new_bus_routing_type": "sheltered",
        "new_bus_shortest_m": 180.6,
        "new_bus_state": "SCORED",
        "new_state": "SCORED",
        "new_total": 61.5,
        "old_abs_pct_delta": 110.293,
        "old_direction": "project_longer_than_onemap",
        "old_onemap_walk_m": 205.0,
        "old_project_shortest_m": 431.1,
        "old_validation_best_node": "Blk 56",
        "postal": "398690",
        "queue": "mrt_lrt_outlier",
        "source_artifact": "qa\\onemap_outlier_replay_bus_longer_profile_active_20260802.json",
        "source_flags": {
          "best_bridge_underpass_m": 0.0,
          "best_bus_stop_access_connector_m": 0.0,
          "best_direct_bus_fallback_m": 0.0,
          "best_inferred_hdb_m": 41.5,
          "best_official_lta_shelter_m": 0.0,
          "best_osm_shelter_m": 160.0,
          "best_top_source_layer_m": {
            "inferred_hdb_precinct": 41.5,
            "osm_explicit_shelter": 4.2,
            "osm_native_covered": 155.8,
            "unknown": 592.6
          },
          "bus_bus_stop_access_connector_m": 0.0,
          "bus_direct_bus_fallback_m": 0.0,
          "bus_top_source_layer_m": {
            "unknown": 180.6
          }
        },
        "validation_area": "GEYLANG",
        "validation_best_node_type": "bus_stop",
        "validation_direct_distance_m": 134.9,
        "validation_distance_sanity": "plausible",
        "validation_onemap_vs_direct_delta_m": 70.1
      },
      "type": "Feature"
    },
    {
      "geometry": {
        "coordinates": [
          [
            103.736326,
            1.361246
          ],
          [
            103.735908,
            1.361662
          ]
        ],
        "type": "LineString"
      },
      "properties": {
        "current_route_vs_validation_direct_sanity": "plausible",
        "direct_bus_fallback_reason": "implausible_graph_route_to_datamall_bus_stop_within_direct_radius",
        "endpoint_source": "postal_universe_to_transit_poi",
        "new_best_name": "Blk 306B",
        "new_best_routing_type": "sheltered",
        "new_best_shortest_m": 91.5,
        "new_best_type": "bus_stop",
        "new_bus_routing_type": "sheltered",
        "new_bus_shortest_m": 91.5,
        "new_bus_state": "SCORED",
        "new_state": "SCORED",
        "new_total": 100.0,
        "old_abs_pct_delta": 4475.0,
        "old_direction": "project_longer_than_onemap",
        "old_onemap_walk_m": 2.0,
        "old_project_shortest_m": 91.5,
        "old_validation_best_node": "Blk 306B",
        "postal": "692306",
        "queue": "hdb_bridge_connector_review",
        "source_artifact": "qa\\onemap_outlier_replay_bus_longer_profile_active_20260802.json",
        "source_flags": {
          "best_bridge_underpass_m": 0.0,
          "best_bus_stop_access_connector_m": 0.0,
          "best_direct_bus_fallback_m": 0.0,
          "best_inferred_hdb_m": 59.2,
          "best_official_lta_shelter_m": 0.0,
          "best_osm_shelter_m": 32.3,
          "best_top_source_layer_m": {
            "inferred_hdb_precinct": 21.3,
            "inferred_hdb_void_deck": 37.9,
            "osm_native_covered": 32.3
          },
          "bus_bus_stop_access_connector_m": 0.0,
          "bus_direct_bus_fallback_m": 0.0,
          "bus_top_source_layer_m": {
            "inferred_hdb_precinct": 21.3,
            "inferred_hdb_void_deck": 37.9,
            "osm_native_covered": 32.3
          }
        },
        "validation_area": "TENGAH",
        "validation_best_node_type": "bus_stop",
        "validation_direct_distance_m": 65.6,
        "validation_distance_sanity": "onemap_materially_shorter_than_direct",
        "validation_onemap_vs_direct_delta_m": -63.6
      },
      "type": "Feature"
    },
    {
      "geometry": {
        "coordinates": [
          [
            103.87283,
            1.342883
          ],
          [
            103.874179,
            1.341638
          ]
        ],
        "type": "LineString"
      },
      "properties": {
        "current_route_vs_validation_direct_sanity": "plausible",
        "direct_bus_fallback_reason": "implausible_graph_route_to_datamall_bus_stop_within_direct_radius",
        "endpoint_source": "postal_universe_to_transit_poi",
        "new_best_name": "Blk 212",
        "new_best_routing_type": "sheltered",
        "new_best_shortest_m": 496.9,
        "new_best_type": "bus_stop",
        "new_bus_routing_type": "sheltered",
        "new_bus_shortest_m": 496.9,
        "new_bus_state": "SCORED",
        "new_state": "SCORED",
        "new_total": 69.4,
        "old_abs_pct_delta": 324.701,
        "old_direction": "project_longer_than_onemap",
        "old_onemap_walk_m": 117.0,
        "old_project_shortest_m": 496.9,
        "old_validation_best_node": "Blk 212",
        "postal": "360213",
        "queue": "hdb_bridge_connector_review",
        "source_artifact": "qa\\onemap_outlier_replay_bus_longer_profile_active_20260802.json",
        "source_flags": {
          "best_bridge_underpass_m": 0.0,
          "best_bus_stop_access_connector_m": 0.0,
          "best_direct_bus_fallback_m": 0.0,
          "best_inferred_hdb_m": 233.9,
          "best_official_lta_shelter_m": 0.0,
          "best_osm_shelter_m": 126.2,
          "best_top_source_layer_m": {
            "inferred_hdb_point_footway": 233.9,
            "osm_native_covered": 126.2,
            "unknown": 136.8
          },
          "bus_bus_stop_access_connector_m": 0.0,
          "bus_direct_bus_fallback_m": 0.0,
          "bus_top_source_layer_m": {
            "inferred_hdb_point_footway": 233.9,
            "osm_native_covered": 126.2,
            "unknown": 136.8
          }
        },
        "validation_area": "TOA_PAYOH",
        "validation_best_node_type": "bus_stop",
        "validation_direct_distance_m": 204.1,
        "validation_distance_sanity": "onemap_materially_shorter_than_direct",
        "validation_onemap_vs_direct_delta_m": -87.1
      },
      "type": "Feature"
    },
    {
      "geometry": {
        "coordinates": [
          [
            103.88359,
            1.302364
          ],
          [
            103.884367,
            1.303159
          ]
        ],
        "type": "LineString"
      },
      "properties": {
        "current_route_vs_validation_direct_sanity": "plausible",
        "direct_bus_fallback_reason": "implausible_graph_route_to_datamall_bus_stop_within_direct_radius",
        "endpoint_source": "postal_universe_to_transit_poi",
        "new_best_name": "Bef Kg Kayu Rd",
        "new_best_routing_type": "sheltered_with_bus_stop_access_connector",
        "new_best_shortest_m": 155.2,
        "new_best_type": "bus_stop",
        "new_bus_routing_type": "sheltered_with_bus_stop_access_connector",
        "new_bus_shortest_m": 155.2,
        "new_bus_state": "SCORED",
        "new_state": "SCORED",
        "new_total": 74.0,
        "old_abs_pct_delta": 314.703,
        "old_direction": "project_longer_than_onemap",
        "old_onemap_walk_m": 202.0,
        "old_project_shortest_m": 837.7,
        "old_validation_best_node": "Bef Kg Kayu Rd",
        "postal": "431007",
        "queue": "hdb_bridge_connector_review",
        "source_artifact": "qa\\onemap_outlier_replay_bus_longer_profile_active_20260802.json",
        "source_flags": {
          "best_bridge_underpass_m": 0.0,
          "best_bus_stop_access_connector_m": 0.0,
          "best_direct_bus_fallback_m": 0.0,
          "best_inferred_hdb_m": 54.2,
          "best_official_lta_shelter_m": 0.0,
          "best_osm_shelter_m": 0.0,
          "best_top_source_layer_m": {
            "bus_stop_access_connector": 42.7,
            "inferred_hdb_point_footway": 54.2,
            "unknown": 58.3
          },
          "bus_bus_stop_access_connector_m": 0.0,
          "bus_direct_bus_fallback_m": 0.0,
          "bus_top_source_layer_m": {
            "bus_stop_access_connector": 42.7,
            "inferred_hdb_point_footway": 54.2,
            "unknown": 58.3
          }
        },
        "validation_area": "KALLANG",
        "validation_best_node_type": "bus_stop",
        "validation_direct_distance_m": 123.6,
        "validation_distance_sanity": "plausible",
        "validation_onemap_vs_direct_delta_m": 78.4
      },
      "type": "Feature"
    },
    {
      "geometry": {
        "coordinates": [
          [
            103.719734,
            1.353324
          ],
          [
            103.71994,
            1.353092
          ]
        ],
        "type": "LineString"
      },
      "properties": {
        "current_route_vs_validation_direct_sanity": "plausible",
        "direct_bus_fallback_reason": null,
        "endpoint_source": "postal_universe_to_transit_poi",
        "new_best_name": "Blk 560A",
        "new_best_routing_type": "sheltered",
        "new_best_shortest_m": 72.9,
        "new_best_type": "bus_stop",
        "new_bus_routing_type": "sheltered",
        "new_bus_shortest_m": 72.9,
        "new_bus_state": "SCORED",
        "new_state": "SCORED",
        "new_total": 99.7,
        "old_abs_pct_delta": 247.143,
        "old_direction": "project_longer_than_onemap",
        "old_onemap_walk_m": 21.0,
        "old_project_shortest_m": 72.9,
        "old_validation_best_node": "Blk 560A",
        "postal": "641560",
        "queue": "hdb_bridge_connector_review",
        "source_artifact": "qa\\onemap_outlier_replay_bus_longer_profile_active_20260802.json",
        "source_flags": {
          "best_bridge_underpass_m": 0.0,
          "best_bus_stop_access_connector_m": 0.0,
          "best_direct_bus_fallback_m": 0.0,
          "best_inferred_hdb_m": 41.9,
          "best_official_lta_shelter_m": 0.0,
          "best_osm_shelter_m": 31.0,
          "best_top_source_layer_m": {
            "inferred_hdb_precinct": 13.2,
            "inferred_hdb_void_deck": 28.7,
            "osm_native_covered": 31.0
          },
          "bus_bus_stop_access_connector_m": 0.0,
          "bus_direct_bus_fallback_m": 0.0,
          "bus_top_source_layer_m": {
            "inferred_hdb_precinct": 13.2,
            "inferred_hdb_void_deck": 28.7,
            "osm_native_covered": 31.0
          }
        },
        "validation_area": "JURONG_WEST",
        "validation_best_node_type": "bus_stop",
        "validation_direct_distance_m": 34.5,
        "validation_distance_sanity": "onemap_materially_shorter_than_direct",
        "validation_onemap_vs_direct_delta_m": -13.5
      },
      "type": "Feature"
    },
    {
      "geometry": {
        "coordinates": [
          [
            103.93493,
            1.356848
          ],
          [
            103.933779,
            1.35625
          ]
        ],
        "type": "LineString"
      },
      "properties": {
        "current_route_vs_validation_direct_sanity": "plausible",
        "direct_bus_fallback_reason": "implausible_graph_route_to_datamall_bus_stop_within_direct_radius",
        "endpoint_source": "postal_universe_to_transit_poi",
        "new_best_name": "Blk 863",
        "new_best_routing_type": "sheltered",
        "new_best_shortest_m": 396.0,
        "new_best_type": "bus_stop",
        "new_bus_routing_type": "sheltered",
        "new_bus_shortest_m": 396.0,
        "new_bus_state": "SCORED",
        "new_state": "SCORED",
        "new_total": 57.8,
        "old_abs_pct_delta": 194.235,
        "old_direction": "project_longer_than_onemap",
        "old_onemap_walk_m": 196.0,
        "old_project_shortest_m": 576.7,
        "old_validation_best_node": "Blk 730",
        "postal": "520724",
        "queue": "hdb_bridge_connector_review",
        "source_artifact": "qa\\onemap_outlier_replay_bus_longer_profile_active_20260802.json",
        "source_flags": {
          "best_bridge_underpass_m": 0.0,
          "best_bus_stop_access_connector_m": 0.0,
          "best_direct_bus_fallback_m": 0.0,
          "best_inferred_hdb_m": 94.1,
          "best_official_lta_shelter_m": 0.0,
          "best_osm_shelter_m": 11.2,
          "best_top_source_layer_m": {
            "inferred_hdb_precinct": 94.1,
            "osm_native_covered": 11.2,
            "unknown": 290.7
          },
          "bus_bus_stop_access_connector_m": 0.0,
          "bus_direct_bus_fallback_m": 0.0,
          "bus_top_source_layer_m": {
            "inferred_hdb_precinct": 94.1,
            "osm_native_covered": 11.2,
            "unknown": 290.7
          }
        },
        "validation_area": "TAMPINES",
        "validation_best_node_type": "bus_stop",
        "validation_direct_distance_m": 144.2,
        "validation_distance_sanity": "plausible",
        "validation_onemap_vs_direct_delta_m": 51.8
      },
      "type": "Feature"
    },
    {
      "geometry": {
        "coordinates": [
          [
            103.873287,
            1.395628
          ],
          [
            103.871524,
            1.395245
          ]
        ],
        "type": "LineString"
      },
      "properties": {
        "current_route_vs_validation_direct_sanity": "plausible",
        "direct_bus_fallback_reason": null,
        "endpoint_source": "postal_universe_to_transit_poi",
        "new_best_name": "Opp Blk 461B",
        "new_best_routing_type": "sheltered",
        "new_best_shortest_m": 386.8,
        "new_best_type": "bus_stop",
        "new_bus_routing_type": "sheltered",
        "new_bus_shortest_m": 386.8,
        "new_bus_state": "SCORED",
        "new_state": "SCORED",
        "new_total": 75.9,
        "old_abs_pct_delta": 134.424,
        "old_direction": "project_longer_than_onemap",
        "old_onemap_walk_m": 165.0,
        "old_project_shortest_m": 386.8,
        "old_validation_best_node": "Opp Blk 461B",
        "postal": "799443",
        "queue": "hdb_bridge_connector_review",
        "source_artifact": "qa\\onemap_outlier_replay_bus_longer_profile_active_20260802.json",
        "source_flags": {
          "best_bridge_underpass_m": 23.1,
          "best_bus_stop_access_connector_m": 0.0,
          "best_direct_bus_fallback_m": 0.0,
          "best_inferred_hdb_m": 62.6,
          "best_official_lta_shelter_m": 0.0,
          "best_osm_shelter_m": 94.3,
          "best_top_source_layer_m": {
            "inferred_hdb_point_footway": 39.5,
            "inferred_hdb_precinct_footway": 23.0,
            "osm_native_covered": 94.3,
            "overhead_bridge_underpass": 23.1,
            "unknown": 206.8
          },
          "bus_bus_stop_access_connector_m": 0.0,
          "bus_direct_bus_fallback_m": 0.0,
          "bus_top_source_layer_m": {
            "inferred_hdb_point_footway": 39.5,
            "inferred_hdb_precinct_footway": 23.0,
            "osm_native_covered": 94.3,
            "overhead_bridge_underpass": 23.1,
            "unknown": 206.8
          }
        },
        "validation_area": "SENGKANG",
        "validation_best_node_type": "bus_stop",
        "validation_direct_distance_m": 200.6,
        "validation_distance_sanity": "onemap_slightly_shorter_than_direct",
        "validation_onemap_vs_direct_delta_m": -35.6
      },
      "type": "Feature"
    },
    {
      "geometry": {
        "coordinates": [
          [
            103.852562,
            1.427509
          ],
          [
            103.852056,
            1.427487
          ]
        ],
        "type": "LineString"
      },
      "properties": {
        "current_route_vs_validation_direct_sanity": "plausible",
        "direct_bus_fallback_reason": null,
        "endpoint_source": "postal_universe_to_transit_poi",
        "new_best_name": "Blk 477B",
        "new_best_routing_type": "sheltered",
        "new_best_shortest_m": 84.6,
        "new_best_type": "bus_stop",
        "new_bus_routing_type": "sheltered",
        "new_bus_shortest_m": 84.6,
        "new_bus_state": "SCORED",
        "new_state": "SCORED",
        "new_total": 100.0,
        "old_abs_pct_delta": 122.632,
        "old_direction": "project_longer_than_onemap",
        "old_onemap_walk_m": 38.0,
        "old_project_shortest_m": 84.6,
        "old_validation_best_node": "Blk 477B",
        "postal": "762477",
        "queue": "hdb_bridge_connector_review",
        "source_artifact": "qa\\onemap_outlier_replay_bus_longer_profile_active_20260802.json",
        "source_flags": {
          "best_bridge_underpass_m": 0.0,
          "best_bus_stop_access_connector_m": 0.0,
          "best_direct_bus_fallback_m": 0.0,
          "best_inferred_hdb_m": 69.8,
          "best_official_lta_shelter_m": 0.0,
          "best_osm_shelter_m": 14.9,
          "best_top_source_layer_m": {
            "inferred_hdb_precinct": 29.6,
            "inferred_hdb_void_deck": 40.2,
            "osm_native_covered": 14.9
          },
          "bus_bus_stop_access_connector_m": 0.0,
          "bus_direct_bus_fallback_m": 0.0,
          "bus_top_source_layer_m": {
            "inferred_hdb_precinct": 29.6,
            "inferred_hdb_void_deck": 40.2,
            "osm_native_covered": 14.9
          }
        },
        "validation_area": "YISHUN",
        "validation_best_node_type": "bus_stop",
        "validation_direct_distance_m": 56.3,
        "validation_distance_sanity": "onemap_materially_shorter_than_direct",
        "validation_onemap_vs_direct_delta_m": -18.3
      },
      "type": "Feature"
    },
    {
      "geometry": {
        "coordinates": [
          [
            103.724463,
            1.333599
          ],
          [
            103.724936,
            1.333636
          ]
        ],
        "type": "LineString"
      },
      "properties": {
        "current_route_vs_validation_direct_sanity": "plausible",
        "direct_bus_fallback_reason": null,
        "endpoint_source": "postal_universe_to_transit_poi",
        "new_best_name": "Blk 115",
        "new_best_routing_type": "sheltered",
        "new_best_shortest_m": 157.9,
        "new_best_type": "bus_stop",
        "new_bus_routing_type": "sheltered",
        "new_bus_shortest_m": 157.9,
        "new_bus_state": "SCORED",
        "new_state": "SCORED",
        "new_total": 100.0,
        "old_abs_pct_delta": 122.394,
        "old_direction": "project_longer_than_onemap",
        "old_onemap_walk_m": 71.0,
        "old_project_shortest_m": 157.9,
        "old_validation_best_node": "Blk 115",
        "postal": "610115",
        "queue": "hdb_bridge_connector_review",
        "source_artifact": "qa\\onemap_outlier_replay_bus_longer_profile_active_20260802.json",
        "source_flags": {
          "best_bridge_underpass_m": 0.0,
          "best_bus_stop_access_connector_m": 0.0,
          "best_direct_bus_fallback_m": 0.0,
          "best_inferred_hdb_m": 105.2,
          "best_official_lta_shelter_m": 0.0,
          "best_osm_shelter_m": 0.0,
          "best_top_source_layer_m": {
            "inferred_hdb_precinct": 105.2,
            "unknown": 52.7
          },
          "bus_bus_stop_access_connector_m": 0.0,
          "bus_direct_bus_fallback_m": 0.0,
          "bus_top_source_layer_m": {
            "inferred_hdb_precinct": 105.2,
            "unknown": 52.7
          }
        },
        "validation_area": "JURONG_WEST",
        "validation_best_node_type": "bus_stop",
        "validation_direct_distance_m": 52.7,
        "validation_distance_sanity": "plausible",
        "validation_onemap_vs_direct_delta_m": 18.3
      },
      "type": "Feature"
    },
    {
      "geometry": {
        "coordinates": [
          [
            103.879605,
            1.314385
          ],
          [
            103.879328,
            1.316075
          ]
        ],
        "type": "LineString"
      },
      "properties": {
        "current_route_vs_validation_direct_sanity": "plausible",
        "direct_bus_fallback_reason": null,
        "endpoint_source": "postal_universe_to_transit_poi",
        "new_best_name": "Sims Pl Ter",
        "new_best_routing_type": "sheltered",
        "new_best_shortest_m": 488.1,
        "new_best_type": "bus_stop",
        "new_bus_routing_type": "sheltered",
        "new_bus_shortest_m": 488.1,
        "new_bus_state": "SCORED",
        "new_state": "SCORED",
        "new_total": 63.8,
        "old_abs_pct_delta": 112.217,
        "old_direction": "project_longer_than_onemap",
        "old_onemap_walk_m": 230.0,
        "old_project_shortest_m": 488.1,
        "old_validation_best_node": "Sims Pl Ter",
        "postal": "387485",
        "queue": "hdb_bridge_connector_review",
        "source_artifact": "qa\\onemap_outlier_replay_bus_longer_profile_active_20260802.json",
        "source_flags": {
          "best_bridge_underpass_m": 0.0,
          "best_bus_stop_access_connector_m": 0.0,
          "best_direct_bus_fallback_m": 0.0,
          "best_inferred_hdb_m": 8.4,
          "best_official_lta_shelter_m": 0.0,
          "best_osm_shelter_m": 0.0,
          "best_top_source_layer_m": {
            "inferred_hdb_point_footway": 8.4,
            "unknown": 479.6
          },
          "bus_bus_stop_access_connector_m": 0.0,
          "bus_direct_bus_fallback_m": 0.0,
          "bus_top_source_layer_m": {
            "inferred_hdb_point_footway": 8.4,
            "unknown": 479.6
          }
        },
        "validation_area": "GEYLANG",
        "validation_best_node_type": "bus_stop",
        "validation_direct_distance_m": 190.4,
        "validation_distance_sanity": "plausible",
        "validation_onemap_vs_direct_delta_m": 39.6
      },
      "type": "Feature"
    },
    {
      "geometry": {
        "coordinates": [
          [
            103.731288,
            1.361911
          ],
          [
            103.73349,
            1.36187
          ]
        ],
        "type": "LineString"
      },
      "properties": {
        "current_route_vs_validation_direct_sanity": "plausible",
        "direct_bus_fallback_reason": null,
        "endpoint_source": "postal_universe_to_transit_poi",
        "new_best_name": "Blk 238",
        "new_best_routing_type": "sheltered",
        "new_best_shortest_m": 567.0,
        "new_best_type": "bus_stop",
        "new_bus_routing_type": "sheltered",
        "new_bus_shortest_m": 567.0,
        "new_bus_state": "SCORED",
        "new_state": "SCORED",
        "new_total": 72.2,
        "old_abs_pct_delta": 111.567,
        "old_direction": "project_longer_than_onemap",
        "old_onemap_walk_m": 268.0,
        "old_project_shortest_m": 567.0,
        "old_validation_best_node": "Blk 238",
        "postal": "699887",
        "queue": "hdb_bridge_connector_review",
        "source_artifact": "qa\\onemap_outlier_replay_bus_longer_profile_active_20260802.json",
        "source_flags": {
          "best_bridge_underpass_m": 0.0,
          "best_bus_stop_access_connector_m": 0.0,
          "best_direct_bus_fallback_m": 0.0,
          "best_inferred_hdb_m": 41.0,
          "best_official_lta_shelter_m": 0.0,
          "best_osm_shelter_m": 168.9,
          "best_top_source_layer_m": {
            "inferred_hdb_precinct": 41.0,
            "osm_explicit_shelter": 3.2,
            "osm_native_covered": 165.7,
            "unknown": 357.1
          },
          "bus_bus_stop_access_connector_m": 0.0,
          "bus_direct_bus_fallback_m": 0.0,
          "bus_top_source_layer_m": {
            "inferred_hdb_precinct": 41.0,
            "osm_explicit_shelter": 3.2,
            "osm_native_covered": 165.7,
            "unknown": 357.1
          }
        },
        "validation_area": "TENGAH",
        "validation_best_node_type": "bus_stop",
        "validation_direct_distance_m": 244.8,
        "validation_distance_sanity": "plausible",
        "validation_onemap_vs_direct_delta_m": 23.2
      },
      "type": "Feature"
    },
    {
      "geometry": {
        "coordinates": [
          [
            103.882478,
            1.311535
          ],
          [
            103.883181,
            1.310546
          ]
        ],
        "type": "LineString"
      },
      "properties": {
        "current_route_vs_validation_direct_sanity": "plausible",
        "direct_bus_fallback_reason": null,
        "endpoint_source": "postal_universe_to_transit_poi",
        "new_best_name": "MOUNTBATTEN MRT STATION Exit A",
        "new_best_routing_type": "sheltered",
        "new_best_shortest_m": 794.1,
        "new_best_type": "mrt_lrt_exit",
        "new_bus_routing_type": "sheltered",
        "new_bus_shortest_m": 180.6,
        "new_bus_state": "SCORED",
        "new_state": "SCORED",
        "new_total": 61.5,
        "old_abs_pct_delta": 110.293,
        "old_direction": "project_longer_than_onemap",
        "old_onemap_walk_m": 205.0,
        "old_project_shortest_m": 431.1,
        "old_validation_best_node": "Blk 56",
        "postal": "398690",
        "queue": "hdb_bridge_connector_review",
        "source_artifact": "qa\\onemap_outlier_replay_bus_longer_profile_active_20260802.json",
        "source_flags": {
          "best_bridge_underpass_m": 0.0,
          "best_bus_stop_access_connector_m": 0.0,
          "best_direct_bus_fallback_m": 0.0,
          "best_inferred_hdb_m": 41.5,
          "best_official_lta_shelter_m": 0.0,
          "best_osm_shelter_m": 160.0,
          "best_top_source_layer_m": {
            "inferred_hdb_precinct": 41.5,
            "osm_explicit_shelter": 4.2,
            "osm_native_covered": 155.8,
            "unknown": 592.6
          },
          "bus_bus_stop_access_connector_m": 0.0,
          "bus_direct_bus_fallback_m": 0.0,
          "bus_top_source_layer_m": {
            "unknown": 180.6
          }
        },
        "validation_area": "GEYLANG",
        "validation_best_node_type": "bus_stop",
        "validation_direct_distance_m": 134.9,
        "validation_distance_sanity": "plausible",
        "validation_onemap_vs_direct_delta_m": 70.1
      },
      "type": "Feature"
    },
    {
      "geometry": {
        "coordinates": [
          [
            103.794684,
            1.445837
          ],
          [
            103.794919,
            1.446689
          ]
        ],
        "type": "LineString"
      },
      "properties": {
        "current_route_vs_validation_direct_sanity": "plausible",
        "direct_bus_fallback_reason": "implausible_graph_route_to_datamall_bus_stop_within_direct_radius",
        "endpoint_source": "postal_universe_to_transit_poi",
        "new_best_name": "Blk 880",
        "new_best_routing_type": "sheltered",
        "new_best_shortest_m": 346.2,
        "new_best_type": "bus_stop",
        "new_bus_routing_type": "sheltered",
        "new_bus_shortest_m": 346.2,
        "new_bus_state": "SCORED",
        "new_state": "SCORED",
        "new_total": 69.5,
        "old_abs_pct_delta": 109.221,
        "old_direction": "project_longer_than_onemap",
        "old_onemap_walk_m": 154.0,
        "old_project_shortest_m": 322.2,
        "old_validation_best_node": "Blk 759",
        "postal": "730753",
        "queue": "hdb_bridge_connector_review",
        "source_artifact": "qa\\onemap_outlier_replay_bus_longer_profile_active_20260802.json",
        "source_flags": {
          "best_bridge_underpass_m": 0.0,
          "best_bus_stop_access_connector_m": 0.0,
          "best_direct_bus_fallback_m": 0.0,
          "best_inferred_hdb_m": 238.0,
          "best_official_lta_shelter_m": 0.0,
          "best_osm_shelter_m": 0.0,
          "best_top_source_layer_m": {
            "inferred_hdb_point_footway": 154.3,
            "inferred_hdb_precinct": 48.0,
            "inferred_hdb_void_deck": 35.7,
            "unknown": 108.3
          },
          "bus_bus_stop_access_connector_m": 0.0,
          "bus_direct_bus_fallback_m": 0.0,
          "bus_top_source_layer_m": {
            "inferred_hdb_point_footway": 154.3,
            "inferred_hdb_precinct": 48.0,
            "inferred_hdb_void_deck": 35.7,
            "unknown": 108.3
          }
        },
        "validation_area": "WOODLANDS",
        "validation_best_node_type": "bus_stop",
        "validation_direct_distance_m": 98.3,
        "validation_distance_sanity": "plausible",
        "validation_onemap_vs_direct_delta_m": 55.7
      },
      "type": "Feature"
    },
    {
      "geometry": {
        "coordinates": [
          [
            103.881609,
            1.385952
          ],
          [
            103.880704,
            1.38403
          ]
        ],
        "type": "LineString"
      },
      "properties": {
        "current_route_vs_validation_direct_sanity": "plausible",
        "direct_bus_fallback_reason": "implausible_graph_route_to_datamall_bus_stop_within_direct_radius",
        "endpoint_source": "postal_universe_to_transit_poi",
        "new_best_name": "Blk 998B",
        "new_best_routing_type": "sheltered",
        "new_best_shortest_m": 390.7,
        "new_best_type": "bus_stop",
        "new_bus_routing_type": "sheltered",
        "new_bus_shortest_m": 390.7,
        "new_bus_state": "SCORED",
        "new_state": "SCORED",
        "new_total": 75.8,
        "old_abs_pct_delta": 107.819,
        "old_direction": "project_longer_than_onemap",
        "old_onemap_walk_m": 188.0,
        "old_project_shortest_m": 390.7,
        "old_validation_best_node": "Blk 998B",
        "postal": "532997",
        "queue": "hdb_bridge_connector_review",
        "source_artifact": "qa\\onemap_outlier_replay_bus_longer_profile_active_20260802.json",
        "source_flags": {
          "best_bridge_underpass_m": 0.0,
          "best_bus_stop_access_connector_m": 0.0,
          "best_direct_bus_fallback_m": 0.0,
          "best_inferred_hdb_m": 307.9,
          "best_official_lta_shelter_m": 0.0,
          "best_osm_shelter_m": 0.0,
          "best_top_source_layer_m": {
            "inferred_hdb_point_footway": 77.3,
            "inferred_hdb_precinct": 193.2,
            "inferred_hdb_void_deck": 37.4,
            "unknown": 82.8
          },
          "bus_bus_stop_access_connector_m": 0.0,
          "bus_direct_bus_fallback_m": 0.0,
          "bus_top_source_layer_m": {
            "inferred_hdb_point_footway": 77.3,
            "inferred_hdb_precinct": 193.2,
            "inferred_hdb_void_deck": 37.4,
            "unknown": 82.8
          }
        },
        "validation_area": "HOUGANG",
        "validation_best_node_type": "bus_stop",
        "validation_direct_distance_m": 236.2,
        "validation_distance_sanity": "onemap_slightly_shorter_than_direct",
        "validation_onemap_vs_direct_delta_m": -48.2
      },
      "type": "Feature"
    },
    {
      "geometry": {
        "coordinates": [
          [
            103.92698,
            1.350803
          ],
          [
            103.92732,
            1.352209
          ]
        ],
        "type": "LineString"
      },
      "properties": {
        "current_route_vs_validation_direct_sanity": "plausible",
        "direct_bus_fallback_reason": null,
        "endpoint_source": "postal_universe_to_transit_poi",
        "new_best_name": "The Santorini",
        "new_best_routing_type": "sheltered",
        "new_best_shortest_m": 324.0,
        "new_best_type": "bus_stop",
        "new_bus_routing_type": "sheltered",
        "new_bus_shortest_m": 324.0,
        "new_bus_state": "SCORED",
        "new_state": "SCORED",
        "new_total": 72.7,
        "old_abs_pct_delta": 106.369,
        "old_direction": "project_longer_than_onemap",
        "old_onemap_walk_m": 157.0,
        "old_project_shortest_m": 324.0,
        "old_validation_best_node": "The Santorini",
        "postal": "528585",
        "queue": "hdb_bridge_connector_review",
        "source_artifact": "qa\\onemap_outlier_replay_bus_longer_profile_active_20260802.json",
        "source_flags": {
          "best_bridge_underpass_m": 82.0,
          "best_bus_stop_access_connector_m": 0.0,
          "best_direct_bus_fallback_m": 0.0,
          "best_inferred_hdb_m": 0.0,
          "best_official_lta_shelter_m": 18.3,
          "best_osm_shelter_m": 0.0,
          "best_top_source_layer_m": {
            "covered_linkway": 18.3,
            "overhead_bridge_underpass": 82.0,
            "unknown": 223.6
          },
          "bus_bus_stop_access_connector_m": 0.0,
          "bus_direct_bus_fallback_m": 0.0,
          "bus_top_source_layer_m": {
            "covered_linkway": 18.3,
            "overhead_bridge_underpass": 82.0,
            "unknown": 223.6
          }
        },
        "validation_area": "TAMPINES",
        "validation_best_node_type": "bus_stop",
        "validation_direct_distance_m": 160.8,
        "validation_distance_sanity": "plausible",
        "validation_onemap_vs_direct_delta_m": -3.8
      },
      "type": "Feature"
    },
    {
      "geometry": {
        "coordinates": [
          [
            103.853784,
            1.36158
          ],
          [
            103.853055,
            1.36206
          ]
        ],
        "type": "LineString"
      },
      "properties": {
        "current_route_vs_validation_direct_sanity": "plausible",
        "direct_bus_fallback_reason": null,
        "endpoint_source": "postal_universe_to_transit_poi",
        "new_best_name": "Opp Christ The King Ch",
        "new_best_routing_type": "sheltered",
        "new_best_shortest_m": 261.6,
        "new_best_type": "bus_stop",
        "new_bus_routing_type": "sheltered",
        "new_bus_shortest_m": 261.6,
        "new_bus_state": "SCORED",
        "new_state": "SCORED",
        "new_total": 51.8,
        "old_abs_pct_delta": 104.375,
        "old_direction": "project_longer_than_onemap",
        "old_onemap_walk_m": 128.0,
        "old_project_shortest_m": 261.6,
        "old_validation_best_node": "Opp Christ The King Ch",
        "postal": "560405",
        "queue": "hdb_bridge_connector_review",
        "source_artifact": "qa\\onemap_outlier_replay_bus_longer_profile_active_20260802.json",
        "source_flags": {
          "best_bridge_underpass_m": 0.0,
          "best_bus_stop_access_connector_m": 0.0,
          "best_direct_bus_fallback_m": 0.0,
          "best_inferred_hdb_m": 66.8,
          "best_official_lta_shelter_m": 0.0,
          "best_osm_shelter_m": 0.0,
          "best_top_source_layer_m": {
            "inferred_hdb_precinct": 28.6,
            "inferred_hdb_void_deck": 38.1,
            "unknown": 194.8
          },
          "bus_bus_stop_access_connector_m": 0.0,
          "bus_direct_bus_fallback_m": 0.0,
          "bus_top_source_layer_m": {
            "inferred_hdb_precinct": 28.6,
            "inferred_hdb_void_deck": 38.1,
            "unknown": 194.8
          }
        },
        "validation_area": "ANG_MO_KIO",
        "validation_best_node_type": "bus_stop",
        "validation_direct_distance_m": 97.0,
        "validation_distance_sanity": "plausible",
        "validation_onemap_vs_direct_delta_m": 31.0
      },
      "type": "Feature"
    },
    {
      "geometry": {
        "coordinates": [
          [
            103.747523,
            1.379459
          ],
          [
            103.747543,
            1.379243
          ]
        ],
        "type": "LineString"
      },
      "properties": {
        "current_route_vs_validation_direct_sanity": "plausible",
        "direct_bus_fallback_reason": null,
        "endpoint_source": "postal_universe_to_transit_poi",
        "new_best_name": "Blk 239",
        "new_best_routing_type": "sheltered",
        "new_best_shortest_m": 56.7,
        "new_best_type": "bus_stop",
        "new_bus_routing_type": "sheltered",
        "new_bus_shortest_m": 56.7,
        "new_bus_state": "SCORED",
        "new_state": "SCORED",
        "new_total": 100.0,
        "old_abs_pct_delta": 102.5,
        "old_direction": "project_longer_than_onemap",
        "old_onemap_walk_m": 28.0,
        "old_project_shortest_m": 56.7,
        "old_validation_best_node": "Blk 239",
        "postal": "680239",
        "queue": "hdb_bridge_connector_review",
        "source_artifact": "qa\\onemap_outlier_replay_bus_longer_profile_active_20260802.json",
        "source_flags": {
          "best_bridge_underpass_m": 0.0,
          "best_bus_stop_access_connector_m": 0.0,
          "best_direct_bus_fallback_m": 0.0,
          "best_inferred_hdb_m": 27.0,
          "best_official_lta_shelter_m": 0.0,
          "best_osm_shelter_m": 29.7,
          "best_top_source_layer_m": {
            "inferred_hdb_void_deck": 27.0,
            "osm_explicit_shelter": 2.2,
            "osm_native_covered": 27.5
          },
          "bus_bus_stop_access_connector_m": 0.0,
          "bus_direct_bus_fallback_m": 0.0,
          "bus_top_source_layer_m": {
            "inferred_hdb_void_deck": 27.0,
            "osm_explicit_shelter": 2.2,
            "osm_native_covered": 27.5
          }
        },
        "validation_area": "CHOA_CHU_KANG",
        "validation_best_node_type": "bus_stop",
        "validation_direct_distance_m": 24.1,
        "validation_distance_sanity": "plausible",
        "validation_onemap_vs_direct_delta_m": 3.9
      },
      "type": "Feature"
    },
    {
      "geometry": {
        "coordinates": [
          [
            103.771865,
            1.440706
          ],
          [
            103.771087,
            1.441809
          ]
        ],
        "type": "LineString"
      },
      "properties": {
        "current_route_vs_validation_direct_sanity": "plausible",
        "direct_bus_fallback_reason": "implausible_graph_route_to_datamall_bus_stop_within_direct_radius",
        "endpoint_source": "postal_universe_to_transit_poi",
        "new_best_name": "Blk 25",
        "new_best_routing_type": "sheltered",
        "new_best_shortest_m": 425.4,
        "new_best_type": "bus_stop",
        "new_bus_routing_type": "sheltered",
        "new_bus_shortest_m": 425.4,
        "new_bus_state": "SCORED",
        "new_state": "SCORED",
        "new_total": 83.8,
        "old_abs_pct_delta": 101.611,
        "old_direction": "project_longer_than_onemap",
        "old_onemap_walk_m": 211.0,
        "old_project_shortest_m": 425.4,
        "old_validation_best_node": "Blk 25",
        "postal": "739983",
        "queue": "hdb_bridge_connector_review",
        "source_artifact": "qa\\onemap_outlier_replay_bus_longer_profile_active_20260802.json",
        "source_flags": {
          "best_bridge_underpass_m": 0.0,
          "best_bus_stop_access_connector_m": 0.0,
          "best_direct_bus_fallback_m": 0.0,
          "best_inferred_hdb_m": 68.4,
          "best_official_lta_shelter_m": 58.0,
          "best_osm_shelter_m": 137.9,
          "best_top_source_layer_m": {
            "covered_linkway": 58.0,
            "inferred_hdb_precinct": 68.4,
            "osm_explicit_shelter": 3.6,
            "osm_native_covered": 134.3,
            "unknown": 161.1
          },
          "bus_bus_stop_access_connector_m": 0.0,
          "bus_direct_bus_fallback_m": 0.0,
          "bus_top_source_layer_m": {
            "covered_linkway": 58.0,
            "inferred_hdb_precinct": 68.4,
            "osm_explicit_shelter": 3.6,
            "osm_native_covered": 134.3,
            "unknown": 161.1
          }
        },
        "validation_area": "WOODLANDS",
        "validation_best_node_type": "bus_stop",
        "validation_direct_distance_m": 150.1,
        "validation_distance_sanity": "plausible",
        "validation_onemap_vs_direct_delta_m": 60.9
      },
      "type": "Feature"
    },
    {
      "geometry": {
        "coordinates": [
          [
            103.901537,
            1.325965
          ],
          [
            103.900219,
            1.326801
          ]
        ],
        "type": "LineString"
      },
      "properties": {
        "current_route_vs_validation_direct_sanity": "plausible",
        "direct_bus_fallback_reason": "implausible_graph_route_to_datamall_bus_stop_within_direct_radius",
        "endpoint_source": "postal_universe_to_transit_poi",
        "new_best_name": "Opp Blk 343",
        "new_best_routing_type": "sheltered",
        "new_best_shortest_m": 487.2,
        "new_best_type": "bus_stop",
        "new_bus_routing_type": "sheltered",
        "new_bus_shortest_m": 487.2,
        "new_bus_state": "SCORED",
        "new_state": "SCORED",
        "new_total": 63.6,
        "old_abs_pct_delta": 96.452,
        "old_direction": "project_longer_than_onemap",
        "old_onemap_walk_m": 248.0,
        "old_project_shortest_m": 487.2,
        "old_validation_best_node": "Opp Blk 343",
        "postal": "400337",
        "queue": "hdb_bridge_connector_review",
        "source_artifact": "qa\\onemap_outlier_replay_bus_longer_profile_active_20260802.json",
        "source_flags": {
          "best_bridge_underpass_m": 0.0,
          "best_bus_stop_access_connector_m": 0.0,
          "best_direct_bus_fallback_m": 0.0,
          "best_inferred_hdb_m": 131.8,
          "best_official_lta_shelter_m": 0.0,
          "best_osm_shelter_m": 169.6,
          "best_top_source_layer_m": {
            "inferred_hdb_precinct": 131.8,
            "osm_native_covered": 169.6,
            "unknown": 185.8
          },
          "bus_bus_stop_access_connector_m": 0.0,
          "bus_direct_bus_fallback_m": 0.0,
          "bus_top_source_layer_m": {
            "inferred_hdb_precinct": 131.8,
            "osm_native_covered": 169.6,
            "unknown": 185.8
          }
        },
        "validation_area": "GEYLANG",
        "validation_best_node_type": "bus_stop",
        "validation_direct_distance_m": 173.5,
        "validation_distance_sanity": "plausible",
        "validation_onemap_vs_direct_delta_m": 74.5
      },
      "type": "Feature"
    },
    {
      "geometry": {
        "coordinates": [
          [
            103.935104,
            1.330361
          ],
          [
            103.935314,
            1.3316
          ]
        ],
        "type": "LineString"
      },
      "properties": {
        "current_route_vs_validation_direct_sanity": "plausible",
        "direct_bus_fallback_reason": null,
        "endpoint_source": "postal_universe_to_transit_poi",
        "new_best_name": "Blk 111",
        "new_best_routing_type": "sheltered",
        "new_best_shortest_m": 333.7,
        "new_best_type": "bus_stop",
        "new_bus_routing_type": "sheltered",
        "new_bus_shortest_m": 333.7,
        "new_bus_state": "SCORED",
        "new_state": "SCORED",
        "new_total": 84.0,
        "old_abs_pct_delta": 96.294,
        "old_direction": "project_longer_than_onemap",
        "old_onemap_walk_m": 170.0,
        "old_project_shortest_m": 333.7,
        "old_validation_best_node": "Blk 111",
        "postal": "460113",
        "queue": "hdb_bridge_connector_review",
        "source_artifact": "qa\\onemap_outlier_replay_bus_longer_profile_active_20260802.json",
        "source_flags": {
          "best_bridge_underpass_m": 0.0,
          "best_bus_stop_access_connector_m": 0.0,
          "best_direct_bus_fallback_m": 0.0,
          "best_inferred_hdb_m": 146.8,
          "best_official_lta_shelter_m": 0.0,
          "best_osm_shelter_m": 0.0,
          "best_top_source_layer_m": {
            "inferred_hdb_point_footway": 51.9,
            "inferred_hdb_precinct": 94.9,
            "unknown": 186.8
          },
          "bus_bus_stop_access_connector_m": 0.0,
          "bus_direct_bus_fallback_m": 0.0,
          "bus_top_source_layer_m": {
            "inferred_hdb_point_footway": 51.9,
            "inferred_hdb_precinct": 94.9,
            "unknown": 186.8
          }
        },
        "validation_area": "BEDOK",
        "validation_best_node_type": "bus_stop",
        "validation_direct_distance_m": 139.7,
        "validation_distance_sanity": "plausible",
        "validation_onemap_vs_direct_delta_m": 30.3
      },
      "type": "Feature"
    },
    {
      "geometry": {
        "coordinates": [
          [
            103.808602,
            1.443973
          ],
          [
            103.807138,
            1.444307
          ]
        ],
        "type": "LineString"
      },
      "properties": {
        "current_route_vs_validation_direct_sanity": "plausible",
        "direct_bus_fallback_reason": null,
        "endpoint_source": "postal_universe_to_transit_poi",
        "new_best_name": "Blk 688 CP",
        "new_best_routing_type": "sheltered",
        "new_best_shortest_m": 455.3,
        "new_best_type": "bus_stop",
        "new_bus_routing_type": "sheltered",
        "new_bus_shortest_m": 455.3,
        "new_bus_state": "SCORED",
        "new_state": "SCORED",
        "new_total": 38.5,
        "old_abs_pct_delta": 91.303,
        "old_direction": "project_longer_than_onemap",
        "old_onemap_walk_m": 238.0,
        "old_project_shortest_m": 455.3,
        "old_validation_best_node": "Blk 688 CP",
        "postal": "735689",
        "queue": "hdb_bridge_connector_review",
        "source_artifact": "qa\\onemap_outlier_replay_bus_longer_profile_active_20260802.json",
        "source_flags": {
          "best_bridge_underpass_m": 0.0,
          "best_bus_stop_access_connector_m": 0.0,
          "best_direct_bus_fallback_m": 0.0,
          "best_inferred_hdb_m": 12.6,
          "best_official_lta_shelter_m": 0.0,
          "best_osm_shelter_m": 0.0,
          "best_top_source_layer_m": {
            "inferred_hdb_point_footway": 12.6,
            "unknown": 442.8
          },
          "bus_bus_stop_access_connector_m": 0.0,
          "bus_direct_bus_fallback_m": 0.0,
          "bus_top_source_layer_m": {
            "inferred_hdb_point_footway": 12.6,
            "unknown": 442.8
          }
        },
        "validation_area": "WOODLANDS",
        "validation_best_node_type": "bus_stop",
        "validation_direct_distance_m": 166.9,
        "validation_distance_sanity": "plausible",
        "validation_onemap_vs_direct_delta_m": 71.1
      },
      "type": "Feature"
    },
    {
      "geometry": {
        "coordinates": [
          [
            103.791318,
            1.277277
          ],
          [
            103.792636,
            1.275812
          ]
        ],
        "type": "LineString"
      },
      "properties": {
        "current_route_vs_validation_direct_sanity": "plausible",
        "direct_bus_fallback_reason": null,
        "endpoint_source": "postal_universe_to_transit_poi",
        "new_best_name": "Pasir Panjang Stn/FC",
        "new_best_routing_type": "sheltered",
        "new_best_shortest_m": 312.3,
        "new_best_type": "bus_stop",
        "new_bus_routing_type": "sheltered",
        "new_bus_shortest_m": 312.3,
        "new_bus_state": "SCORED",
        "new_state": "SCORED",
        "new_total": 67.7,
        "old_abs_pct_delta": 83.658,
        "old_direction": "project_shorter_than_onemap",
        "old_onemap_walk_m": 1911.0,
        "old_project_shortest_m": 312.3,
        "old_validation_best_node": "Pasir Panjang Stn/FC",
        "postal": "119292",
        "queue": "hdb_bridge_connector_review",
        "source_artifact": "qa\\onemap_outlier_replay_shorter_profile_connector_short_guard_20260802.json",
        "source_flags": {
          "best_bridge_underpass_m": 6.1,
          "best_bus_stop_access_connector_m": 0.0,
          "best_direct_bus_fallback_m": 0.0,
          "best_inferred_hdb_m": 0.0,
          "best_official_lta_shelter_m": 0.0,
          "best_osm_shelter_m": 5.4,
          "best_top_source_layer_m": {
            "osm_explicit_shelter": 2.3,
            "osm_native_covered": 3.1,
            "overhead_bridge_underpass": 6.1,
            "unknown": 300.8
          },
          "bus_bus_stop_access_connector_m": 0.0,
          "bus_direct_bus_fallback_m": 0.0,
          "bus_top_source_layer_m": {
            "osm_explicit_shelter": 2.3,
            "osm_native_covered": 3.1,
            "overhead_bridge_underpass": 6.1,
            "unknown": 300.8
          }
        },
        "validation_area": "QUEENSTOWN",
        "validation_best_node_type": "bus_stop",
        "validation_direct_distance_m": 219.1,
        "validation_distance_sanity": "plausible",
        "validation_onemap_vs_direct_delta_m": 1691.9
      },
      "type": "Feature"
    },
    {
      "geometry": {
        "coordinates": [
          [
            103.840796,
            1.354745
          ],
          [
            103.841612,
            1.355481
          ]
        ],
        "type": "LineString"
      },
      "properties": {
        "current_route_vs_validation_direct_sanity": "plausible",
        "direct_bus_fallback_reason": null,
        "endpoint_source": "postal_universe_to_transit_poi",
        "new_best_name": "Whitley Sec Sch",
        "new_best_routing_type": "sheltered",
        "new_best_shortest_m": 159.7,
        "new_best_type": "bus_stop",
        "new_bus_routing_type": "sheltered",
        "new_bus_shortest_m": 159.7,
        "new_bus_state": "SCORED",
        "new_state": "SCORED",
        "new_total": 81.2,
        "old_abs_pct_delta": 81.832,
        "old_direction": "project_shorter_than_onemap",
        "old_onemap_walk_m": 879.0,
        "old_project_shortest_m": 159.7,
        "old_validation_best_node": "Whitley Sec Sch",
        "postal": "577819",
        "queue": "hdb_bridge_connector_review",
        "source_artifact": "qa\\onemap_outlier_replay_shorter_profile_connector_short_guard_20260802.json",
        "source_flags": {
          "best_bridge_underpass_m": 63.9,
          "best_bus_stop_access_connector_m": 0.0,
          "best_direct_bus_fallback_m": 0.0,
          "best_inferred_hdb_m": 0.0,
          "best_official_lta_shelter_m": 20.7,
          "best_osm_shelter_m": 0.0,
          "best_top_source_layer_m": {
            "covered_linkway": 20.7,
            "overhead_bridge_underpass": 63.9,
            "unknown": 75.1
          },
          "bus_bus_stop_access_connector_m": 0.0,
          "bus_direct_bus_fallback_m": 0.0,
          "bus_top_source_layer_m": {
            "covered_linkway": 20.7,
            "overhead_bridge_underpass": 63.9,
            "unknown": 75.1
          }
        },
        "validation_area": "BISHAN",
        "validation_best_node_type": "bus_stop",
        "validation_direct_distance_m": 122.2,
        "validation_distance_sanity": "plausible",
        "validation_onemap_vs_direct_delta_m": 756.8
      },
      "type": "Feature"
    },
    {
      "geometry": {
        "coordinates": [
          [
            103.740567,
            1.352922
          ],
          [
            103.740304,
            1.353303
          ]
        ],
        "type": "LineString"
      },
      "properties": {
        "current_route_vs_validation_direct_sanity": "current_route_slightly_shorter_than_validation_direct",
        "direct_bus_fallback_reason": null,
        "endpoint_source": "postal_universe_to_transit_poi",
        "new_best_name": "Blk 460D",
        "new_best_routing_type": "sheltered",
        "new_best_shortest_m": 43.3,
        "new_best_type": "bus_stop",
        "new_bus_routing_type": "sheltered",
        "new_bus_shortest_m": 43.3,
        "new_bus_state": "SCORED",
        "new_state": "SCORED",
        "new_total": 85.3,
        "old_abs_pct_delta": 79.082,
        "old_direction": "project_shorter_than_onemap",
        "old_onemap_walk_m": 207.0,
        "old_project_shortest_m": 43.3,
        "old_validation_best_node": "Blk 460D",
        "postal": "651448",
        "queue": "hdb_bridge_connector_review",
        "source_artifact": "qa\\onemap_outlier_replay_shorter_profile_connector_short_guard_20260802.json",
        "source_flags": {
          "best_bridge_underpass_m": 0.0,
          "best_bus_stop_access_connector_m": 0.0,
          "best_direct_bus_fallback_m": 0.0,
          "best_inferred_hdb_m": 27.9,
          "best_official_lta_shelter_m": 0.0,
          "best_osm_shelter_m": 0.0,
          "best_top_source_layer_m": {
            "inferred_hdb_precinct": 27.9,
            "unknown": 15.4
          },
          "bus_bus_stop_access_connector_m": 0.0,
          "bus_direct_bus_fallback_m": 0.0,
          "bus_top_source_layer_m": {
            "inferred_hdb_precinct": 27.9,
            "unknown": 15.4
          }
        },
        "validation_area": "BUKIT_BATOK",
        "validation_best_node_type": "bus_stop",
        "validation_direct_distance_m": 51.5,
        "validation_distance_sanity": "plausible",
        "validation_onemap_vs_direct_delta_m": 155.5
      },
      "type": "Feature"
    },
    {
      "geometry": {
        "coordinates": [
          [
            103.742733,
            1.357056
          ],
          [
            103.743394,
            1.355843
          ]
        ],
        "type": "LineString"
      },
      "properties": {
        "current_route_vs_validation_direct_sanity": "current_route_slightly_shorter_than_validation_direct",
        "direct_bus_fallback_reason": null,
        "endpoint_source": "postal_universe_to_transit_poi",
        "new_best_name": "Opp Blk 467B",
        "new_best_routing_type": "sheltered",
        "new_best_shortest_m": 134.7,
        "new_best_type": "bus_stop",
        "new_bus_routing_type": "sheltered",
        "new_bus_shortest_m": 134.7,
        "new_bus_state": "SCORED",
        "new_state": "SCORED",
        "new_total": 100.0,
        "old_abs_pct_delta": 76.895,
        "old_direction": "project_shorter_than_onemap",
        "old_onemap_walk_m": 583.0,
        "old_project_shortest_m": 134.7,
        "old_validation_best_node": "Opp Blk 467B",
        "postal": "650466",
        "queue": "hdb_bridge_connector_review",
        "source_artifact": "qa\\onemap_outlier_replay_shorter_profile_connector_short_guard_20260802.json",
        "source_flags": {
          "best_bridge_underpass_m": 0.0,
          "best_bus_stop_access_connector_m": 0.0,
          "best_direct_bus_fallback_m": 0.0,
          "best_inferred_hdb_m": 134.7,
          "best_official_lta_shelter_m": 0.0,
          "best_osm_shelter_m": 0.0,
          "best_top_source_layer_m": {
            "inferred_hdb_precinct": 81.9,
            "inferred_hdb_precinct_footway": 20.5,
            "inferred_hdb_void_deck": 32.3
          },
          "bus_bus_stop_access_connector_m": 0.0,
          "bus_direct_bus_fallback_m": 0.0,
          "bus_top_source_layer_m": {
            "inferred_hdb_precinct": 81.9,
            "inferred_hdb_precinct_footway": 20.5,
            "inferred_hdb_void_deck": 32.3
          }
        },
        "validation_area": "BUKIT_BATOK",
        "validation_best_node_type": "bus_stop",
        "validation_direct_distance_m": 153.6,
        "validation_distance_sanity": "plausible",
        "validation_onemap_vs_direct_delta_m": 429.4
      },
      "type": "Feature"
    },
    {
      "geometry": {
        "coordinates": [
          [
            103.880627,
            1.319835
          ],
          [
            103.880511,
            1.318464
          ]
        ],
        "type": "LineString"
      },
      "properties": {
        "current_route_vs_validation_direct_sanity": "plausible",
        "direct_bus_fallback_reason": "implausible_graph_route_to_datamall_bus_stop_within_direct_radius",
        "endpoint_source": "postal_universe_to_transit_poi",
        "new_best_name": "Bef Blk 53",
        "new_best_routing_type": "sheltered",
        "new_best_shortest_m": 392.4,
        "new_best_type": "bus_stop",
        "new_bus_routing_type": "sheltered",
        "new_bus_shortest_m": 392.4,
        "new_bus_state": "SCORED",
        "new_state": "SCORED",
        "new_total": 64.1,
        "old_abs_pct_delta": 76.347,
        "old_direction": "project_shorter_than_onemap",
        "old_onemap_walk_m": 1659.0,
        "old_project_shortest_m": 392.4,
        "old_validation_best_node": "Bef Blk 53",
        "postal": "387390",
        "queue": "hdb_bridge_connector_review",
        "source_artifact": "qa\\onemap_outlier_replay_shorter_profile_connector_short_guard_20260802.json",
        "source_flags": {
          "best_bridge_underpass_m": 0.0,
          "best_bus_stop_access_connector_m": 0.0,
          "best_direct_bus_fallback_m": 0.0,
          "best_inferred_hdb_m": 37.4,
          "best_official_lta_shelter_m": 0.0,
          "best_osm_shelter_m": 0.0,
          "best_top_source_layer_m": {
            "inferred_hdb_precinct_footway": 37.4,
            "unknown": 355.0
          },
          "bus_bus_stop_access_connector_m": 0.0,
          "bus_direct_bus_fallback_m": 0.0,
          "bus_top_source_layer_m": {
            "inferred_hdb_precinct_footway": 37.4,
            "unknown": 355.0
          }
        },
        "validation_area": "GEYLANG",
        "validation_best_node_type": "bus_stop",
        "validation_direct_distance_m": 153.0,
        "validation_distance_sanity": "plausible",
        "validation_onemap_vs_direct_delta_m": 1506.0
      },
      "type": "Feature"
    },
    {
      "geometry": {
        "coordinates": [
          [
            103.941079,
            1.378026
          ],
          [
            103.941279,
            1.378109
          ]
        ],
        "type": "LineString"
      },
      "properties": {
        "current_route_vs_validation_direct_sanity": "current_route_slightly_shorter_than_validation_direct",
        "direct_bus_fallback_reason": "implausible_graph_route_to_datamall_bus_stop_within_direct_radius",
        "endpoint_source": "postal_universe_to_transit_poi",
        "new_best_name": "Blk 633",
        "new_best_routing_type": "sheltered",
        "new_best_shortest_m": 17.8,
        "new_best_type": "bus_stop",
        "new_bus_routing_type": "sheltered",
        "new_bus_shortest_m": 17.8,
        "new_bus_state": "SCORED",
        "new_state": "SCORED",
        "new_total": 100.0,
        "old_abs_pct_delta": 74.203,
        "old_direction": "project_shorter_than_onemap",
        "old_onemap_walk_m": 69.0,
        "old_project_shortest_m": 17.8,
        "old_validation_best_node": "Blk 633",
        "postal": "511633",
        "queue": "hdb_bridge_connector_review",
        "source_artifact": "qa\\onemap_outlier_replay_shorter_profile_connector_short_guard_20260802.json",
        "source_flags": {
          "best_bridge_underpass_m": 0.0,
          "best_bus_stop_access_connector_m": 0.0,
          "best_direct_bus_fallback_m": 0.0,
          "best_inferred_hdb_m": 4.6,
          "best_official_lta_shelter_m": 0.0,
          "best_osm_shelter_m": 13.2,
          "best_top_source_layer_m": {
            "inferred_hdb_precinct": 4.6,
            "osm_native_covered": 13.2
          },
          "bus_bus_stop_access_connector_m": 0.0,
          "bus_direct_bus_fallback_m": 0.0,
          "bus_top_source_layer_m": {
            "inferred_hdb_precinct": 4.6,
            "osm_native_covered": 13.2
          }
        },
        "validation_area": "PASIR_RIS",
        "validation_best_node_type": "bus_stop",
        "validation_direct_distance_m": 24.1,
        "validation_distance_sanity": "plausible",
        "validation_onemap_vs_direct_delta_m": 44.9
      },
      "type": "Feature"
    },
    {
      "geometry": {
        "coordinates": [
          [
            103.813827,
            1.445698
          ],
          [
            103.814707,
            1.447028
          ]
        ],
        "type": "LineString"
      },
      "properties": {
        "current_route_vs_validation_direct_sanity": "plausible",
        "direct_bus_fallback_reason": "implausible_graph_route_to_datamall_bus_stop_within_direct_radius",
        "endpoint_source": "postal_universe_to_transit_poi",
        "new_best_name": "Blk 335",
        "new_best_routing_type": "sheltered",
        "new_best_shortest_m": 329.2,
        "new_best_type": "bus_stop",
        "new_bus_routing_type": "sheltered",
        "new_bus_shortest_m": 329.2,
        "new_bus_state": "SCORED",
        "new_state": "SCORED",
        "new_total": 94.1,
        "old_abs_pct_delta": 74.119,
        "old_direction": "project_shorter_than_onemap",
        "old_onemap_walk_m": 1272.0,
        "old_project_shortest_m": 329.2,
        "old_validation_best_node": "Blk 335",
        "postal": "752363",
        "queue": "hdb_bridge_connector_review",
        "source_artifact": "qa\\onemap_outlier_replay_shorter_profile_connector_short_guard_20260802.json",
        "source_flags": {
          "best_bridge_underpass_m": 0.0,
          "best_bus_stop_access_connector_m": 0.0,
          "best_direct_bus_fallback_m": 0.0,
          "best_inferred_hdb_m": 198.5,
          "best_official_lta_shelter_m": 0.0,
          "best_osm_shelter_m": 0.0,
          "best_top_source_layer_m": {
            "inferred_hdb_precinct": 119.8,
            "inferred_hdb_void_deck": 78.6,
            "unknown": 130.7
          },
          "bus_bus_stop_access_connector_m": 0.0,
          "bus_direct_bus_fallback_m": 0.0,
          "bus_top_source_layer_m": {
            "inferred_hdb_precinct": 119.8,
            "inferred_hdb_void_deck": 78.6,
            "unknown": 130.7
          }
        },
        "validation_area": "SEMBAWANG",
        "validation_best_node_type": "bus_stop",
        "validation_direct_distance_m": 177.3,
        "validation_distance_sanity": "plausible",
        "validation_onemap_vs_direct_delta_m": 1094.7
      },
      "type": "Feature"
    },
    {
      "geometry": {
        "coordinates": [
          [
            103.723417,
            1.327548
          ],
          [
            103.722898,
            1.328572
          ]
        ],
        "type": "LineString"
      },
      "properties": {
        "current_route_vs_validation_direct_sanity": "plausible",
        "direct_bus_fallback_reason": null,
        "endpoint_source": "postal_universe_to_transit_poi",
        "new_best_name": "Opp Blk 158",
        "new_best_routing_type": "sheltered",
        "new_best_shortest_m": 141.0,
        "new_best_type": "bus_stop",
        "new_bus_routing_type": "sheltered",
        "new_bus_shortest_m": 141.0,
        "new_bus_state": "SCORED",
        "new_state": "SCORED",
        "new_total": 94.0,
        "old_abs_pct_delta": 73.396,
        "old_direction": "project_shorter_than_onemap",
        "old_onemap_walk_m": 530.0,
        "old_project_shortest_m": 141.0,
        "old_validation_best_node": "Opp Blk 158",
        "postal": "610141",
        "queue": "hdb_bridge_connector_review",
        "source_artifact": "qa\\onemap_outlier_replay_shorter_profile_connector_short_guard_20260802.json",
        "source_flags": {
          "best_bridge_underpass_m": 0.0,
          "best_bus_stop_access_connector_m": 0.0,
          "best_direct_bus_fallback_m": 0.0,
          "best_inferred_hdb_m": 88.9,
          "best_official_lta_shelter_m": 0.0,
          "best_osm_shelter_m": 2.1,
          "best_top_source_layer_m": {
            "inferred_hdb_point_footway": 88.9,
            "osm_explicit_shelter": 2.1,
            "unknown": 49.9
          },
          "bus_bus_stop_access_connector_m": 0.0,
          "bus_direct_bus_fallback_m": 0.0,
          "bus_top_source_layer_m": {
            "inferred_hdb_point_footway": 88.9,
            "osm_explicit_shelter": 2.1,
            "unknown": 49.9
          }
        },
        "validation_area": "JURONG_WEST",
        "validation_best_node_type": "bus_stop",
        "validation_direct_distance_m": 127.6,
        "validation_distance_sanity": "plausible",
        "validation_onemap_vs_direct_delta_m": 402.4
      },
      "type": "Feature"
    },
    {
      "geometry": {
        "coordinates": [
          [
            103.941969,
            1.333447
          ],
          [
            103.941658,
            1.334189
          ]
        ],
        "type": "LineString"
      },
      "properties": {
        "current_route_vs_validation_direct_sanity": "current_route_materially_shorter_than_validation_direct",
        "direct_bus_fallback_reason": null,
        "endpoint_source": "postal_universe_to_transit_poi",
        "new_best_name": "St. Anthony's Cano Sch",
        "new_best_routing_type": "sheltered",
        "new_best_shortest_m": 45.3,
        "new_best_type": "bus_stop",
        "new_bus_routing_type": "sheltered",
        "new_bus_shortest_m": 45.3,
        "new_bus_state": "SCORED",
        "new_state": "SCORED",
        "new_total": 100.0,
        "old_abs_pct_delta": 72.874,
        "old_direction": "project_shorter_than_onemap",
        "old_onemap_walk_m": 167.0,
        "old_project_shortest_m": 45.3,
        "old_validation_best_node": "St. Anthony's Cano Sch",
        "postal": "460094",
        "queue": "hdb_bridge_connector_review",
        "source_artifact": "qa\\onemap_outlier_replay_shorter_profile_connector_short_guard_20260802.json",
        "source_flags": {
          "best_bridge_underpass_m": 0.0,
          "best_bus_stop_access_connector_m": 0.0,
          "best_direct_bus_fallback_m": 0.0,
          "best_inferred_hdb_m": 45.3,
          "best_official_lta_shelter_m": 0.0,
          "best_osm_shelter_m": 0.0,
          "best_top_source_layer_m": {
            "inferred_hdb_precinct": 17.5,
            "inferred_hdb_precinct_footway": 4.0,
            "inferred_hdb_void_deck": 23.8
          },
          "bus_bus_stop_access_connector_m": 0.0,
          "bus_direct_bus_fallback_m": 0.0,
          "bus_top_source_layer_m": {
            "inferred_hdb_precinct": 17.5,
            "inferred_hdb_precinct_footway": 4.0,
            "inferred_hdb_void_deck": 23.8
          }
        },
        "validation_area": "BEDOK",
        "validation_best_node_type": "bus_stop",
        "validation_direct_distance_m": 89.5,
        "validation_distance_sanity": "plausible",
        "validation_onemap_vs_direct_delta_m": 77.5
      },
      "type": "Feature"
    },
    {
      "geometry": {
        "coordinates": [
          [
            103.76043,
            1.320624
          ],
          [
            103.76207,
            1.320852
          ]
        ],
        "type": "LineString"
      },
      "properties": {
        "current_route_vs_validation_direct_sanity": "plausible",
        "direct_bus_fallback_reason": null,
        "endpoint_source": "postal_universe_to_transit_poi",
        "new_best_name": "Aft Clementi Fire Stn",
        "new_best_routing_type": "sheltered",
        "new_best_shortest_m": 238.9,
        "new_best_type": "bus_stop",
        "new_bus_routing_type": "sheltered",
        "new_bus_shortest_m": 238.9,
        "new_bus_state": "SCORED",
        "new_state": "SCORED",
        "new_total": 76.9,
        "old_abs_pct_delta": 71.993,
        "old_direction": "project_shorter_than_onemap",
        "old_onemap_walk_m": 853.0,
        "old_project_shortest_m": 238.9,
        "old_validation_best_node": "Aft Clementi Fire Stn",
        "postal": "129118",
        "queue": "hdb_bridge_connector_review",
        "source_artifact": "qa\\onemap_outlier_replay_shorter_profile_connector_short_guard_20260802.json",
        "source_flags": {
          "best_bridge_underpass_m": 0.0,
          "best_bus_stop_access_connector_m": 0.0,
          "best_direct_bus_fallback_m": 0.0,
          "best_inferred_hdb_m": 35.5,
          "best_official_lta_shelter_m": 0.0,
          "best_osm_shelter_m": 0.0,
          "best_top_source_layer_m": {
            "inferred_hdb_precinct": 7.1,
            "inferred_hdb_precinct_footway": 28.4,
            "unknown": 203.4
          },
          "bus_bus_stop_access_connector_m": 0.0,
          "bus_direct_bus_fallback_m": 0.0,
          "bus_top_source_layer_m": {
            "inferred_hdb_precinct": 7.1,
            "inferred_hdb_precinct_footway": 28.4,
            "unknown": 203.4
          }
        },
        "validation_area": "CLEMENTI",
        "validation_best_node_type": "bus_stop",
        "validation_direct_distance_m": 184.1,
        "validation_distance_sanity": "plausible",
        "validation_onemap_vs_direct_delta_m": 668.9
      },
      "type": "Feature"
    },
    {
      "geometry": {
        "coordinates": [
          [
            103.897281,
            1.402186
          ],
          [
            103.896736,
            1.402389
          ]
        ],
        "type": "LineString"
      },
      "properties": {
        "current_route_vs_validation_direct_sanity": "current_route_materially_shorter_than_validation_direct",
        "direct_bus_fallback_reason": "implausible_graph_route_to_datamall_bus_stop_within_direct_radius",
        "endpoint_source": "postal_universe_to_transit_poi",
        "new_best_name": "Twin Waterfalls",
        "new_best_routing_type": "sheltered",
        "new_best_shortest_m": 34.5,
        "new_best_type": "bus_stop",
        "new_bus_routing_type": "sheltered",
        "new_bus_shortest_m": 34.5,
        "new_bus_state": "SCORED",
        "new_state": "SCORED",
        "new_total": 100.0,
        "old_abs_pct_delta": 67.757,
        "old_direction": "project_shorter_than_onemap",
        "old_onemap_walk_m": 107.0,
        "old_project_shortest_m": 34.5,
        "old_validation_best_node": "Twin Waterfalls",
        "postal": "828765",
        "queue": "hdb_bridge_connector_review",
        "source_artifact": "qa\\onemap_outlier_replay_shorter_profile_connector_short_guard_20260802.json",
        "source_flags": {
          "best_bridge_underpass_m": 0.0,
          "best_bus_stop_access_connector_m": 0.0,
          "best_direct_bus_fallback_m": 0.0,
          "best_inferred_hdb_m": 34.5,
          "best_official_lta_shelter_m": 0.0,
          "best_osm_shelter_m": 0.0,
          "best_top_source_layer_m": {
            "inferred_hdb_precinct": 34.5
          },
          "bus_bus_stop_access_connector_m": 0.0,
          "bus_direct_bus_fallback_m": 0.0,
          "bus_top_source_layer_m": {
            "inferred_hdb_precinct": 34.5
          }
        },
        "validation_area": "PUNGGOL",
        "validation_best_node_type": "bus_stop",
        "validation_direct_distance_m": 64.7,
        "validation_distance_sanity": "plausible",
        "validation_onemap_vs_direct_delta_m": 42.3
      },
      "type": "Feature"
    },
    {
      "geometry": {
        "coordinates": [
          [
            103.751031,
            1.304277
          ],
          [
            103.750105,
            1.305051
          ]
        ],
        "type": "LineString"
      },
      "properties": {
        "current_route_vs_validation_direct_sanity": "plausible",
        "direct_bus_fallback_reason": null,
        "endpoint_source": "postal_universe_to_transit_poi",
        "new_best_name": "Bef Pandan Rd",
        "new_best_routing_type": "sheltered",
        "new_best_shortest_m": 372.5,
        "new_best_type": "bus_stop",
        "new_bus_routing_type": "sheltered",
        "new_bus_shortest_m": 372.5,
        "new_bus_state": "SCORED",
        "new_state": "SCORED",
        "new_total": 65.5,
        "old_abs_pct_delta": 65.763,
        "old_direction": "project_shorter_than_onemap",
        "old_onemap_walk_m": 1088.0,
        "old_project_shortest_m": 372.5,
        "old_validation_best_node": "Bef Pandan Rd",
        "postal": "609254",
        "queue": "hdb_bridge_connector_review",
        "source_artifact": "qa\\onemap_outlier_replay_shorter_profile_connector_short_guard_20260802.json",
        "source_flags": {
          "best_bridge_underpass_m": 86.7,
          "best_bus_stop_access_connector_m": 0.0,
          "best_direct_bus_fallback_m": 0.0,
          "best_inferred_hdb_m": 0.0,
          "best_official_lta_shelter_m": 0.0,
          "best_osm_shelter_m": 0.0,
          "best_top_source_layer_m": {
            "overhead_bridge_underpass": 86.7,
            "unknown": 285.8
          },
          "bus_bus_stop_access_connector_m": 0.0,
          "bus_direct_bus_fallback_m": 0.0,
          "bus_top_source_layer_m": {
            "overhead_bridge_underpass": 86.7,
            "unknown": 285.8
          }
        },
        "validation_area": "JURONG_EAST",
        "validation_best_node_type": "bus_stop",
        "validation_direct_distance_m": 134.2,
        "validation_distance_sanity": "plausible",
        "validation_onemap_vs_direct_delta_m": 953.8
      },
      "type": "Feature"
    },
    {
      "geometry": {
        "coordinates": [
          [
            103.840264,
            1.354676
          ],
          [
            103.841612,
            1.355481
          ]
        ],
        "type": "LineString"
      },
      "properties": {
        "current_route_vs_validation_direct_sanity": "plausible",
        "direct_bus_fallback_reason": null,
        "endpoint_source": "postal_universe_to_transit_poi",
        "new_best_name": "Whitley Sec Sch",
        "new_best_routing_type": "sheltered",
        "new_best_shortest_m": 295.0,
        "new_best_type": "bus_stop",
        "new_bus_routing_type": "sheltered",
        "new_bus_shortest_m": 295.0,
        "new_bus_state": "SCORED",
        "new_state": "SCORED",
        "new_total": 71.5,
        "old_abs_pct_delta": 62.753,
        "old_direction": "project_shorter_than_onemap",
        "old_onemap_walk_m": 792.0,
        "old_project_shortest_m": 295.0,
        "old_validation_best_node": "Whitley Sec Sch",
        "postal": "577138",
        "queue": "hdb_bridge_connector_review",
        "source_artifact": "qa\\onemap_outlier_replay_shorter_profile_connector_short_guard_20260802.json",
        "source_flags": {
          "best_bridge_underpass_m": 63.9,
          "best_bus_stop_access_connector_m": 0.0,
          "best_direct_bus_fallback_m": 0.0,
          "best_inferred_hdb_m": 0.0,
          "best_official_lta_shelter_m": 20.7,
          "best_osm_shelter_m": 0.0,
          "best_top_source_layer_m": {
            "covered_linkway": 20.7,
            "overhead_bridge_underpass": 63.9,
            "unknown": 210.3
          },
          "bus_bus_stop_access_connector_m": 0.0,
          "bus_direct_bus_fallback_m": 0.0,
          "bus_top_source_layer_m": {
            "covered_linkway": 20.7,
            "overhead_bridge_underpass": 63.9,
            "unknown": 210.3
          }
        },
        "validation_area": "BISHAN",
        "validation_best_node_type": "bus_stop",
        "validation_direct_distance_m": 174.5,
        "validation_distance_sanity": "plausible",
        "validation_onemap_vs_direct_delta_m": 617.5
      },
      "type": "Feature"
    },
    {
      "geometry": {
        "coordinates": [
          [
            103.938966,
            1.340226
          ],
          [
            103.937911,
            1.340033
          ]
        ],
        "type": "LineString"
      },
      "properties": {
        "current_route_vs_validation_direct_sanity": "plausible",
        "direct_bus_fallback_reason": null,
        "endpoint_source": "postal_universe_to_transit_poi",
        "new_best_name": "Blk 969C",
        "new_best_routing_type": "sheltered",
        "new_best_shortest_m": 155.0,
        "new_best_type": "bus_stop",
        "new_bus_routing_type": "sheltered",
        "new_bus_shortest_m": 155.0,
        "new_bus_state": "SCORED",
        "new_state": "SCORED",
        "new_total": 98.6,
        "old_abs_pct_delta": 61.916,
        "old_direction": "project_shorter_than_onemap",
        "old_onemap_walk_m": 407.0,
        "old_project_shortest_m": 155.0,
        "old_validation_best_node": "Blk 969C",
        "postal": "522967",
        "queue": "hdb_bridge_connector_review",
        "source_artifact": "qa\\onemap_outlier_replay_shorter_profile_connector_short_guard_20260802.json",
        "source_flags": {
          "best_bridge_underpass_m": 0.0,
          "best_bus_stop_access_connector_m": 0.0,
          "best_direct_bus_fallback_m": 0.0,
          "best_inferred_hdb_m": 135.1,
          "best_official_lta_shelter_m": 0.0,
          "best_osm_shelter_m": 2.7,
          "best_top_source_layer_m": {
            "inferred_hdb_precinct": 63.6,
            "inferred_hdb_precinct_footway": 32.0,
            "inferred_hdb_void_deck": 39.5,
            "osm_native_covered": 2.7,
            "unknown": 17.2
          },
          "bus_bus_stop_access_connector_m": 0.0,
          "bus_direct_bus_fallback_m": 0.0,
          "bus_top_source_layer_m": {
            "inferred_hdb_precinct": 63.6,
            "inferred_hdb_precinct_footway": 32.0,
            "inferred_hdb_void_deck": 39.5,
            "osm_native_covered": 2.7,
            "unknown": 17.2
          }
        },
        "validation_area": "TAMPINES",
        "validation_best_node_type": "bus_stop",
        "validation_direct_distance_m": 119.2,
        "validation_distance_sanity": "plausible",
        "validation_onemap_vs_direct_delta_m": 287.8
      },
      "type": "Feature"
    },
    {
      "geometry": {
        "coordinates": [
          [
            103.773402,
            1.437566
          ],
          [
            103.773796,
            1.436441
          ]
        ],
        "type": "LineString"
      },
      "properties": {
        "current_route_vs_validation_direct_sanity": "plausible",
        "direct_bus_fallback_reason": null,
        "endpoint_source": "postal_universe_to_transit_poi",
        "new_best_name": "Blk 189B",
        "new_best_routing_type": "sheltered",
        "new_best_shortest_m": 195.7,
        "new_best_type": "bus_stop",
        "new_bus_routing_type": "sheltered",
        "new_bus_shortest_m": 195.7,
        "new_bus_state": "SCORED",
        "new_state": "SCORED",
        "new_total": 99.5,
        "old_abs_pct_delta": 61.703,
        "old_direction": "project_shorter_than_onemap",
        "old_onemap_walk_m": 511.0,
        "old_project_shortest_m": 195.7,
        "old_validation_best_node": "Blk 189B",
        "postal": "730192",
        "queue": "hdb_bridge_connector_review",
        "source_artifact": "qa\\onemap_outlier_replay_shorter_profile_connector_short_guard_20260802.json",
        "source_flags": {
          "best_bridge_underpass_m": 0.0,
          "best_bus_stop_access_connector_m": 0.0,
          "best_direct_bus_fallback_m": 0.0,
          "best_inferred_hdb_m": 176.2,
          "best_official_lta_shelter_m": 0.0,
          "best_osm_shelter_m": 16.4,
          "best_top_source_layer_m": {
            "inferred_hdb_precinct": 133.0,
            "inferred_hdb_precinct_footway": 4.0,
            "inferred_hdb_void_deck": 39.2,
            "osm_explicit_shelter": 7.4,
            "osm_native_covered": 9.0
          },
          "bus_bus_stop_access_connector_m": 0.0,
          "bus_direct_bus_fallback_m": 0.0,
          "bus_top_source_layer_m": {
            "inferred_hdb_precinct": 133.0,
            "inferred_hdb_precinct_footway": 4.0,
            "inferred_hdb_void_deck": 39.2,
            "osm_explicit_shelter": 7.4,
            "osm_native_covered": 9.0
          }
        },
        "validation_area": "WOODLANDS",
        "validation_best_node_type": "bus_stop",
        "validation_direct_distance_m": 132.5,
        "validation_distance_sanity": "plausible",
        "validation_onemap_vs_direct_delta_m": 378.5
      },
      "type": "Feature"
    },
    {
      "geometry": {
        "coordinates": [
          [
            103.854255,
            1.297543
          ],
          [
            103.853022,
            1.29699
          ]
        ],
        "type": "LineString"
      },
      "properties": {
        "current_route_vs_validation_direct_sanity": "current_route_slightly_shorter_than_validation_direct",
        "direct_bus_fallback_reason": null,
        "endpoint_source": "postal_universe_to_transit_poi",
        "new_best_name": "Bras Basah Cplx",
        "new_best_routing_type": "sheltered",
        "new_best_shortest_m": 135.3,
        "new_best_type": "bus_stop",
        "new_bus_routing_type": "sheltered",
        "new_bus_shortest_m": 135.3,
        "new_bus_state": "SCORED",
        "new_state": "SCORED",
        "new_total": 88.9,
        "old_abs_pct_delta": 59.247,
        "old_direction": "project_shorter_than_onemap",
        "old_onemap_walk_m": 332.0,
        "old_project_shortest_m": 135.3,
        "old_validation_best_node": "Bras Basah Cplx",
        "postal": "188066",
        "queue": "hdb_bridge_connector_review",
        "source_artifact": "qa\\onemap_outlier_replay_shorter_profile_connector_short_guard_20260802.json",
        "source_flags": {
          "best_bridge_underpass_m": 0.0,
          "best_bus_stop_access_connector_m": 0.0,
          "best_direct_bus_fallback_m": 0.0,
          "best_inferred_hdb_m": 62.2,
          "best_official_lta_shelter_m": 0.0,
          "best_osm_shelter_m": 35.4,
          "best_top_source_layer_m": {
            "inferred_hdb_point_footway": 62.2,
            "osm_explicit_shelter": 11.6,
            "osm_native_covered": 23.8,
            "unknown": 37.7
          },
          "bus_bus_stop_access_connector_m": 0.0,
          "bus_direct_bus_fallback_m": 0.0,
          "bus_top_source_layer_m": {
            "inferred_hdb_point_footway": 62.2,
            "osm_explicit_shelter": 11.6,
            "osm_native_covered": 23.8,
            "unknown": 37.7
          }
        },
        "validation_area": "DOWNTOWN_CORE",
        "validation_best_node_type": "bus_stop",
        "validation_direct_distance_m": 150.2,
        "validation_distance_sanity": "plausible",
        "validation_onemap_vs_direct_delta_m": 181.8
      },
      "type": "Feature"
    },
    {
      "geometry": {
        "coordinates": [
          [
            103.810983,
            1.292704
          ],
          [
            103.811465,
            1.292335
          ]
        ],
        "type": "LineString"
      },
      "properties": {
        "current_route_vs_validation_direct_sanity": "plausible",
        "direct_bus_fallback_reason": "implausible_graph_route_to_datamall_bus_stop_within_direct_radius",
        "endpoint_source": "postal_universe_to_transit_poi",
        "new_best_name": "Aft Dawson Pl",
        "new_best_routing_type": "sheltered",
        "new_best_shortest_m": 152.0,
        "new_best_type": "bus_stop",
        "new_bus_routing_type": "sheltered",
        "new_bus_shortest_m": 152.0,
        "new_bus_state": "SCORED",
        "new_state": "SCORED",
        "new_total": 100.0,
        "old_abs_pct_delta": 57.542,
        "old_direction": "project_shorter_than_onemap",
        "old_onemap_walk_m": 358.0,
        "old_project_shortest_m": 152.0,
        "old_validation_best_node": "Aft Dawson Pl",
        "postal": "142057",
        "queue": "hdb_bridge_connector_review",
        "source_artifact": "qa\\onemap_outlier_replay_shorter_profile_connector_short_guard_20260802.json",
        "source_flags": {
          "best_bridge_underpass_m": 0.0,
          "best_bus_stop_access_connector_m": 0.0,
          "best_direct_bus_fallback_m": 0.0,
          "best_inferred_hdb_m": 71.5,
          "best_official_lta_shelter_m": 0.0,
          "best_osm_shelter_m": 36.7,
          "best_top_source_layer_m": {
            "inferred_hdb_point_footway": 71.5,
            "osm_native_covered": 36.7,
            "unknown": 43.7
          },
          "bus_bus_stop_access_connector_m": 0.0,
          "bus_direct_bus_fallback_m": 0.0,
          "bus_top_source_layer_m": {
            "inferred_hdb_point_footway": 71.5,
            "osm_native_covered": 36.7,
            "unknown": 43.7
          }
        },
        "validation_area": "QUEENSTOWN",
        "validation_best_node_type": "bus_stop",
        "validation_direct_distance_m": 67.5,
        "validation_distance_sanity": "plausible",
        "validation_onemap_vs_direct_delta_m": 290.5
      },
      "type": "Feature"
    },
    {
      "geometry": {
        "coordinates": [
          [
            103.803862,
            1.308516
          ],
          [
            103.80258,
            1.30852
          ]
        ],
        "type": "LineString"
      },
      "properties": {
        "current_route_vs_validation_direct_sanity": "plausible",
        "direct_bus_fallback_reason": null,
        "endpoint_source": "postal_universe_to_transit_poi",
        "new_best_name": "Viz Holland",
        "new_best_routing_type": "sheltered",
        "new_best_shortest_m": 211.0,
        "new_best_type": "bus_stop",
        "new_bus_routing_type": "sheltered",
        "new_bus_shortest_m": 211.0,
        "new_bus_state": "SCORED",
        "new_state": "SCORED",
        "new_total": 74.6,
        "old_abs_pct_delta": 57.374,
        "old_direction": "project_shorter_than_onemap",
        "old_onemap_walk_m": 495.0,
        "old_project_shortest_m": 211.0,
        "old_validation_best_node": "Viz Holland",
        "postal": "249509",
        "queue": "hdb_bridge_connector_review",
        "source_artifact": "qa\\onemap_outlier_replay_shorter_profile_connector_short_guard_20260802.json",
        "source_flags": {
          "best_bridge_underpass_m": 77.0,
          "best_bus_stop_access_connector_m": 0.0,
          "best_direct_bus_fallback_m": 0.0,
          "best_inferred_hdb_m": 0.0,
          "best_official_lta_shelter_m": 0.0,
          "best_osm_shelter_m": 0.0,
          "best_top_source_layer_m": {
            "overhead_bridge_underpass": 77.0,
            "unknown": 134.0
          },
          "bus_bus_stop_access_connector_m": 0.0,
          "bus_direct_bus_fallback_m": 0.0,
          "bus_top_source_layer_m": {
            "overhead_bridge_underpass": 77.0,
            "unknown": 134.0
          }
        },
        "validation_area": "TANGLIN",
        "validation_best_node_type": "bus_stop",
        "validation_direct_distance_m": 142.5,
        "validation_distance_sanity": "plausible",
        "validation_onemap_vs_direct_delta_m": 352.5
      },
      "type": "Feature"
    },
    {
      "geometry": {
        "coordinates": [
          [
            103.764413,
            1.317698
          ],
          [
            103.764064,
            1.317905
          ]
        ],
        "type": "LineString"
      },
      "properties": {
        "current_route_vs_validation_direct_sanity": "plausible",
        "direct_bus_fallback_reason": null,
        "endpoint_source": "postal_universe_to_transit_poi",
        "new_best_name": "Blk 317",
        "new_best_routing_type": "sheltered",
        "new_best_shortest_m": 67.3,
        "new_best_type": "bus_stop",
        "new_bus_routing_type": "sheltered",
        "new_bus_shortest_m": 67.3,
        "new_bus_state": "SCORED",
        "new_state": "SCORED",
        "new_total": 100.0,
        "old_abs_pct_delta": 56.859,
        "old_direction": "project_shorter_than_onemap",
        "old_onemap_walk_m": 156.0,
        "old_project_shortest_m": 67.3,
        "old_validation_best_node": "Blk 317",
        "postal": "121317",
        "queue": "hdb_bridge_connector_review",
        "source_artifact": "qa\\onemap_outlier_replay_shorter_profile_connector_short_guard_20260802.json",
        "source_flags": {
          "best_bridge_underpass_m": 0.0,
          "best_bus_stop_access_connector_m": 0.0,
          "best_direct_bus_fallback_m": 0.0,
          "best_inferred_hdb_m": 43.2,
          "best_official_lta_shelter_m": 0.0,
          "best_osm_shelter_m": 24.1,
          "best_top_source_layer_m": {
            "inferred_hdb_point_footway": 15.5,
            "inferred_hdb_precinct": 7.2,
            "inferred_hdb_precinct_footway": 20.6,
            "osm_native_covered": 24.1
          },
          "bus_bus_stop_access_connector_m": 0.0,
          "bus_direct_bus_fallback_m": 0.0,
          "bus_top_source_layer_m": {
            "inferred_hdb_point_footway": 15.5,
            "inferred_hdb_precinct": 7.2,
            "inferred_hdb_precinct_footway": 20.6,
            "osm_native_covered": 24.1
          }
        },
        "validation_area": "CLEMENTI",
        "validation_best_node_type": "bus_stop",
        "validation_direct_distance_m": 45.1,
        "validation_distance_sanity": "plausible",
        "validation_onemap_vs_direct_delta_m": 110.9
      },
      "type": "Feature"
    },
    {
      "geometry": {
        "coordinates": [
          [
            103.828964,
            1.356024
          ],
          [
            103.828944,
            1.357772
          ]
        ],
        "type": "LineString"
      },
      "properties": {
        "current_route_vs_validation_direct_sanity": "plausible",
        "direct_bus_fallback_reason": null,
        "endpoint_source": "postal_universe_to_transit_poi",
        "new_best_name": "Aft Windsor Pk Rd",
        "new_best_routing_type": "sheltered",
        "new_best_shortest_m": 341.7,
        "new_best_type": "bus_stop",
        "new_bus_routing_type": "sheltered",
        "new_bus_shortest_m": 341.7,
        "new_bus_state": "SCORED",
        "new_state": "SCORED",
        "new_total": 73.0,
        "old_abs_pct_delta": 55.416,
        "old_direction": "project_shorter_than_onemap",
        "old_onemap_walk_m": 637.0,
        "old_project_shortest_m": 284.0,
        "old_validation_best_node": "Aft Windsor Pk Rd",
        "postal": "578824",
        "queue": "hdb_bridge_connector_review",
        "source_artifact": "qa\\onemap_outlier_replay_shorter_profile_connector_short_guard_20260802.json",
        "source_flags": {
          "best_bridge_underpass_m": 110.9,
          "best_bus_stop_access_connector_m": 0.0,
          "best_direct_bus_fallback_m": 0.0,
          "best_inferred_hdb_m": 0.0,
          "best_official_lta_shelter_m": 0.4,
          "best_osm_shelter_m": 0.0,
          "best_top_source_layer_m": {
            "covered_linkway": 0.4,
            "overhead_bridge_underpass": 110.9,
            "unknown": 230.4
          },
          "bus_bus_stop_access_connector_m": 0.0,
          "bus_direct_bus_fallback_m": 0.0,
          "bus_top_source_layer_m": {
            "covered_linkway": 0.4,
            "overhead_bridge_underpass": 110.9,
            "unknown": 230.4
          }
        },
        "validation_area": "BISHAN",
        "validation_best_node_type": "bus_stop",
        "validation_direct_distance_m": 194.4,
        "validation_distance_sanity": "plausible",
        "validation_onemap_vs_direct_delta_m": 442.6
      },
      "type": "Feature"
    },
    {
      "geometry": {
        "coordinates": [
          [
            103.734765,
            1.358635
          ],
          [
            103.734244,
            1.35984
          ]
        ],
        "type": "LineString"
      },
      "properties": {
        "current_route_vs_validation_direct_sanity": "plausible",
        "direct_bus_fallback_reason": null,
        "endpoint_source": "postal_universe_to_transit_poi",
        "new_best_name": "Blk 123B",
        "new_best_routing_type": "sheltered",
        "new_best_shortest_m": 202.4,
        "new_best_type": "bus_stop",
        "new_bus_routing_type": "sheltered",
        "new_bus_shortest_m": 202.4,
        "new_bus_state": "SCORED",
        "new_state": "SCORED",
        "new_total": 100.0,
        "old_abs_pct_delta": 54.72,
        "old_direction": "project_shorter_than_onemap",
        "old_onemap_walk_m": 447.0,
        "old_project_shortest_m": 202.4,
        "old_validation_best_node": "Blk 123B",
        "postal": "693126",
        "queue": "hdb_bridge_connector_review",
        "source_artifact": "qa\\onemap_outlier_replay_shorter_profile_connector_short_guard_20260802.json",
        "source_flags": {
          "best_bridge_underpass_m": 0.0,
          "best_bus_stop_access_connector_m": 0.0,
          "best_direct_bus_fallback_m": 0.0,
          "best_inferred_hdb_m": 137.9,
          "best_official_lta_shelter_m": 0.0,
          "best_osm_shelter_m": 64.4,
          "best_top_source_layer_m": {
            "inferred_hdb_precinct": 100.9,
            "inferred_hdb_void_deck": 37.0,
            "osm_native_covered": 64.4
          },
          "bus_bus_stop_access_connector_m": 0.0,
          "bus_direct_bus_fallback_m": 0.0,
          "bus_top_source_layer_m": {
            "inferred_hdb_precinct": 100.9,
            "inferred_hdb_void_deck": 37.0,
            "osm_native_covered": 64.4
          }
        },
        "validation_area": "TENGAH",
        "validation_best_node_type": "bus_stop",
        "validation_direct_distance_m": 146.0,
        "validation_distance_sanity": "plausible",
        "validation_onemap_vs_direct_delta_m": 301.0
      },
      "type": "Feature"
    },
    {
      "geometry": {
        "coordinates": [
          [
            103.873295,
            1.379956
          ],
          [
            103.874303,
            1.378638
          ]
        ],
        "type": "LineString"
      },
      "properties": {
        "current_route_vs_validation_direct_sanity": "plausible",
        "direct_bus_fallback_reason": null,
        "endpoint_source": "postal_universe_to_transit_poi",
        "new_best_name": "Aft Yio Chu Kang Rd",
        "new_best_routing_type": "sheltered",
        "new_best_shortest_m": 307.3,
        "new_best_type": "bus_stop",
        "new_bus_routing_type": "sheltered",
        "new_bus_shortest_m": 307.3,
        "new_bus_state": "SCORED",
        "new_state": "SCORED",
        "new_total": 72.2,
        "old_abs_pct_delta": 53.997,
        "old_direction": "project_shorter_than_onemap",
        "old_onemap_walk_m": 668.0,
        "old_project_shortest_m": 307.3,
        "old_validation_best_node": "Aft Yio Chu Kang Rd",
        "postal": "805159",
        "queue": "hdb_bridge_connector_review",
        "source_artifact": "qa\\onemap_outlier_replay_shorter_profile_connector_short_guard_20260802.json",
        "source_flags": {
          "best_bridge_underpass_m": 81.2,
          "best_bus_stop_access_connector_m": 0.0,
          "best_direct_bus_fallback_m": 0.0,
          "best_inferred_hdb_m": 0.0,
          "best_official_lta_shelter_m": 0.0,
          "best_osm_shelter_m": 0.0,
          "best_top_source_layer_m": {
            "overhead_bridge_underpass": 81.2,
            "unknown": 226.2
          },
          "bus_bus_stop_access_connector_m": 0.0,
          "bus_direct_bus_fallback_m": 0.0,
          "bus_top_source_layer_m": {
            "overhead_bridge_underpass": 81.2,
            "unknown": 226.2
          }
        },
        "validation_area": "SERANGOON",
        "validation_best_node_type": "bus_stop",
        "validation_direct_distance_m": 184.5,
        "validation_distance_sanity": "plausible",
        "validation_onemap_vs_direct_delta_m": 483.5
      },
      "type": "Feature"
    }
  ],
  "type": "FeatureCollection"
}
