{
"type": "FeatureCollection",
"name": "osm_covered_only",
"crs": { "type": "name", "properties": { "name": "urn:ogc:def:crs:OGC:1.3:CRS84" } },
"features": [
{ "type": "Feature", "properties": { "access": null, "area": null, "bicycle": null, "bridge": null, "busway": null, "cycleway": null, "est_width": null, "foot": null, "footway": null, "highway": "primary", "junction": null, "lanes": "3", "lit": null, "maxspeed": "70", "motorcar": null, "motor_vehicle": null, "name": "Holland Road", "oneway": "yes", "oneway:bicycle": null, "psv": null, "ref": null, "service": null, "segregated": null, "sidewalk": null, "smoothness": null, "surface": "asphalt", "tracktype": null, "tunnel": null, "turn": null, "width": null, "id": 22516215.0, "timestamp": 1778183373.0, "version": 18.0, "tags": { "visible": false, "maxheight": "4.5", "name:en": "Holland Road", "name:zh": "荷兰路", "source": "Yahoo aerial images" }, "osm_type": "way", "u": 241619560, "v": 4855263256, "length": 11.361, "is_covered": 1, "is_synthesized": null, "length_m": 11.37086332536704 }, "geometry": { "type": "LineString", "coordinates": [ [ 103.7839652, 1.3182362 ], [ 103.7838649, 1.3182558 ] ] } },
{ "type": "Feature", "properties": { "access": null, "area": null, "bicycle": null, "bridge": null, "busway": null, "cycleway": null, "est_width": null, "foot": null, "footway": null, "highway": "trunk_link", "junction": null, "lanes": "2", "lit": null, "maxspeed": "70", "motorcar": null, "motor_vehicle": null, "name": "Dunearn Road", "oneway": "yes", "oneway:bicycle": null, "psv": null, "ref": null, "service": null, "segregated": null, "sidewalk": null, "smoothness": null, "surface": null, "tracktype": null, "tunnel": null, "turn": null, "width": null, "id": 22562944.0, "timestamp": 1730098563.0, "version": 16.0, "tags": { "visible": false, "destination": "Farrer Road,Adam Road", "destination:ref": "PIE", "name:en": "Dunearn Road", "name:ta": "டன்னர்ன் ரோடு", "sidewalk:left": "separate", "sidewalk:right": "no", "source": "Yahoo aerial images" }, "osm_type": "way", "u": 4831132021, "v": 4715290943, "length": 9.546, "is_covered": 1, "is_synthesized": null, "length_m": 9.5421851825438289 }, "geometry": { "type": "LineString", "coordinates": [ [ 103.8102354, 1.3246543 ], [ 103.8103109, 1.3246134 ] ] } },
{ "type": "Feature", "properties": { "access": null, "area": null, "bicycle": null, "bridge": null, "busway": null, "cycleway": null, "est_width": null, "foot": null, "footway": null, "highway": "trunk", "junction": null, "lanes": "2", "lit": null, "maxspeed": "60", "motorcar": null, "motor_vehicle": null, "name": "Jalan Anak Bukit", "oneway": "yes", "oneway:bicycle": null, "psv": null, "ref": null, "service": null, "segregated": null, "sidewalk": null, "smoothness": null, "surface": "asphalt", "tracktype": null, "tunnel": null, "turn": null, "width": null, "id": 22945657.0, "timestamp": 1727839681.0, "version": 26.0, "tags": { "visible": false, "maxheight": "4.5", "name:zh": "惹兰安娜武吉" }, "osm_type": "way", "u": 247211084, "v": 1491225827, "length": 17.233, "is_covered": 1, "is_synthesized": null, "length_m": 17.17995414231337 }, "geometry": { "type": "LineString", "coordinates": [ [ 103.7790787, 1.3399012 ], [ 103.778984, 1.3400239 ] ] } },
{ "type": "Feature", "properties": { "access": null, "area": null, "bicycle": null, "bridge": null, "busway": null, "cycleway": null, "est_width": null, "foot": null, "footway": null, "highway": "trunk", "junction": null, "lanes": "2", "lit": null, "maxspeed": "60", "motorcar": null, "motor_vehicle": null, "name": "Jalan Anak Bukit", "oneway": "yes", "oneway:bicycle": null, "psv": null, "ref": null, "service": null, "segregated": null, "sidewalk": null, "smoothness": null, "surface": "asphalt", "tracktype": null, "tunnel": null, "turn": null, "width": null, "id": 22945657.0, "timestamp": 1727839681.0, "version": 26.0, "tags": { "visible": false, "maxheight": "4.5", "name:zh": "惹兰安娜武吉" }, "osm_type": "way", "u": 1491225827, "v": 247211088, "length": 18.775, "is_covered": 1, "is_synthesized": null, "length_m": 18.746222363862657 }, "geometry": { "type": "LineString", "coordinates": [ [ 103.778984, 1.3400239 ], [ 103.7788531, 1.3401306 ] ] } },
{ "type": "Feature", "properties": { "access": null, "area": null, "bicycle": null, "bridge": null, "busway": null, "cycleway": null, "est_width": null, "foot": null, "footway": null, "highway": "trunk", "junction": null, "lanes": "2", "lit": null, "maxspeed": "60", "motorcar": null, "motor_vehicle": null, "name": "Jalan Anak Bukit", "oneway": "yes", "oneway:bicycle": null, "psv": null, "ref": null, "service": null, "segregated": null, "sidewalk": null, "smoothness": null, "surface": "asphalt", "tracktype": null, "tunnel": null, "turn": null, "width": null, "id": 22945657.0, "timestamp": 1727839681.0, "version": 26.0, "tags": { "visible": false, "maxheight": "4.5", "name:zh": "惹兰安娜武吉" }, "osm_type": "way", "u": 247211088, "v": 247211092, "length": 20.479, "is_covered": 1, "is_synthesized": null, "length_m": 20.453074698373971 }, "geometry": { "type": "LineString", "coordinates": [ [ 103.7788531, 1.3401306 ], [ 103.7787052, 1.3402404 ] ] } },
{ "type": "Feature", "properties": { "access": null, "area": null, "bicycle": null, "bridge": null, "busway": null, "cycleway": null, "est_width": null, "foot": null, "footway": null, "highway": "motorway", "junction": null, "lanes": "3", "lit": "yes", "maxspeed": "70", "motorcar": null, "motor_vehicle": null, "name": "Kallang-Paya Lebar Expressway", "oneway": "yes", "oneway:bicycle": null, "psv": null, "ref": "KPE", "service": null, "segregated": null, "sidewalk": null, "smoothness": null, "surface": "asphalt", "tracktype": null, "tunnel": "yes", "turn": null, "width": null, "id": 32605145.0, "timestamp": 1771091716.0, "version": 102.0, "tags": { "visible": false, "layer": "-2", "name:ms": "Lebuhraya Kallang-Paya Lebar", "name:ta": "கலாங்-பாயலேபார் விரைவுச்சாலை", "name:zh": "加冷－巴耶利峇高速公路", "ref:ta": "கேபிஇ", "short_name:ta": "கேபிஇ", "source": "Older Bing images where construction visible", "wikidata": "Q1722056", "wikipedia": "en:Kallang–Paya Lebar Expressway" }, "osm_type": "way", "u": 366653071, "v": 369541001, "length": 198.148, "is_covered": 1, "is_synthesized": null, "length_m": 197.050788592082 }, "geometry": { "type": "LineString", "coordinates": [ [ 103.884680900000021, 1.3266999 ], [ 103.8848168, 1.3284767 ] ] } },
{ "type": "Feature", "properties": { "access": null, "area": null, "bicycle": null, "bridge": null, "busway": null, "cycleway": null, "est_width": null, "foot": null, "footway": null, "highway": "motorway", "junction": null, "lanes": "3", "lit": "yes", "maxspeed": "70", "motorcar": null, "motor_vehicle": null, "name": "Kallang-Paya Lebar Expressway", "oneway": "yes", "oneway:bicycle": null, "psv": null, "ref": "KPE", "service": null, "segregated": null, "sidewalk": null, "smoothness": null, "surface": "asphalt", "tracktype": null, "tunnel": "yes", "turn": null, "width": null, "id": 32605145.0, "timestamp": 1771091716.0, "version": 102.0, "tags": { "visible": false, "layer": "-2", "name:ms": "Lebuhraya Kallang-Paya Lebar", "name:ta": "கலாங்-பாயலேபார் விரைவுச்சாலை", "name:zh": "加冷－巴耶利峇高速公路", "ref:ta": "கேபிஇ", "short_name:ta": "கேபிஇ", "source": "Older Bing images where construction visible", "wikidata": "Q1722056", "wikipedia": "en:Kallang–Paya Lebar Expressway" }, "osm_type": "way", "u": 369541001, "v": 366653073, "length": 81.978, "is_covered": 1, "is_synthesized": null, "length_m": 81.52157895396752 }, "geometry": { "type": "LineString", "coordinates": [ [ 103.8848168, 1.3284767 ], [ 103.8848476, 1.3292133 ] ] } },
{ "type": "Feature", "properties": { "access": null, "area": null, "bicycle": null, "bridge": null, "busway": null, "cycleway": null, "est_width": null, "foot": null, "footway": null, "highway": "motorway", "junction": null, "lanes": "3", "lit": "yes", "maxspeed": "70", "motorcar": null, "motor_vehicle": null, "name": "Kallang-Paya Lebar Expressway", "oneway": "yes", "oneway:bicycle": null, "psv": null, "ref": "KPE", "service": null, "segregated": null, "sidewalk": null, "smoothness": null, "surface": "asphalt", "tracktype": null, "tunnel": "yes", "turn": null, "width": null, "id": 32605145.0, "timestamp": 1771091716.0, "version": 102.0, "tags": { "visible": false, "layer": "-2", "name:ms": "Lebuhraya Kallang-Paya Lebar", "name:ta": "கலாங்-பாயலேபார் விரைவுச்சாலை", "name:zh": "加冷－巴耶利峇高速公路", "ref:ta": "கேபிஇ", "short_name:ta": "கேபிஇ", "source": "Older Bing images where construction visible", "wikidata": "Q1722056", "wikipedia": "en:Kallang–Paya Lebar Expressway" }, "osm_type": "way", "u": 366653073, "v": 7221651015, "length": 19.704, "is_covered": 1, "is_synthesized": null, "length_m": 19.595207104716668 }, "geometry": { "type": "LineString", "coordinates": [ [ 103.8848476, 1.3292133 ], [ 103.8848596, 1.3293901 ] ] } },
{ "type": "Feature", "properties": { "access": null, "area": null, "bicycle": null, "bridge": null, "busway": null, "cycleway": null, "est_width": null, "foot": null, "footway": null, "highway": "motorway", "junction": null, "lanes": "3", "lit": "yes", "maxspeed": "70", "motorcar": null, "motor_vehicle": null, "name": "Kallang-Paya Lebar Expressway", "oneway": "yes", "oneway:bicycle": null, "psv": null, "ref": "KPE", "service": null, "segregated": null, "sidewalk": null, "smoothness": null, "surface": "asphalt", "tracktype": null, "tunnel": "yes", "turn": null, "width": null, "id": 32605145.0, "timestamp": 1771091716.0, "version": 102.0, "tags": { "visible": false, "layer": "-2", "name:ms": "Lebuhraya Kallang-Paya Lebar", "name:ta": "கலாங்-பாயலேபார் விரைவுச்சாலை", "name:zh": "加冷－巴耶利峇高速公路", "ref:ta": "கேபிஇ", "short_name:ta": "கேபிஇ", "source": "Older Bing images where construction visible", "wikidata": "Q1722056", "wikipedia": "en:Kallang–Paya Lebar Expressway" }, "osm_type": "way", "u": 7221651015, "v": 369541206, "length": 22.812, "is_covered": 1, "is_synthesized": null, "length_m": 22.685955062001472 }, "geometry": { "type": "LineString", "coordinates": [ [ 103.8848596, 1.3293901 ], [ 103.8848747, 1.3295947 ] ] } },
{ "type": "Feature", "properties": { "access": null, "area": null, "bicycle": null, "bridge": null, "busway": null, "cycleway": null, "est_width": null, "foot": null, "footway": null, "highway": "motorway", "junction": null, "lanes": "3", "lit": "yes", "maxspeed": "70", "motorcar": null, "motor_vehicle": null, "name": "Kallang-Paya Lebar Expressway", "oneway": "yes", "oneway:bicycle": null, "psv": null, "ref": "KPE", "service": null, "segregated": null, "sidewalk": null, "smoothness": null, "surface": "asphalt", "tracktype": null, "tunnel": "yes", "turn": null, "width": null, "id": 32605145.0, "timestamp": 1771091716.0, "version": 102.0, "tags": { "visible": false, "layer": "-2", "name:ms": "Lebuhraya Kallang-Paya Lebar", "name:ta": "கலாங்-பாயலேபார் விரைவுச்சாலை", "name:zh": "加冷－巴耶利峇高速公路", "ref:ta": "கேபிஇ", "short_name:ta": "கேபிஇ", "source": "Older Bing images where construction visible", "wikidata": "Q1722056", "wikipedia": "en:Kallang–Paya Lebar Expressway" }, "osm_type": "way", "u": 369541206, "v": 7221651016, "length": 37.86, "is_covered": 1, "is_synthesized": null, "length_m": 37.655987045323293 }, "geometry": { "type": "LineString", "coordinates": [ [ 103.8848747, 1.3295947 ], [ 103.884931, 1.3299305 ] ] } },
{ "type": "Feature", "properties": { "access": null, "area": null, "bicycle": null, "bridge": null, "busway": null, "cycleway": null, "est_width": null, "foot": null, "footway": null, "highway": "motorway", "junction": null, "lanes": "3", "lit": "yes", "maxspeed": "70", "motorcar": null, "motor_vehicle": null, "name": "Kallang-Paya Lebar Expressway", "oneway": "yes", "oneway:bicycle": null, "psv": null, "ref": "KPE", "service": null, "segregated": null, "sidewalk": null, "smoothness": null, "surface": "asphalt", "tracktype": null, "tunnel": "yes", "turn": null, "width": null, "id": 32605145.0, "timestamp": 1771091716.0, "version": 102.0, "tags": { "visible": false, "layer": "-2", "name:ms": "Lebuhraya Kallang-Paya Lebar", "name:ta": "கலாங்-பாயலேபார் விரைவுச்சாலை", "name:zh": "加冷－巴耶利峇高速公路", "ref:ta": "கேபிஇ", "short_name:ta": "கேபிஇ", "source": "Older Bing images where construction visible", "wikidata": "Q1722056", "wikipedia": "en:Kallang–Paya Lebar Expressway" }, "osm_type": "way", "u": 7221651016, "v": 7246507946, "length": 45.597, "is_covered": 1, "is_synthesized": null, "length_m": 45.36404101568904 }, "geometry": { "type": "LineString", "coordinates": [ [ 103.884931, 1.3299305 ], [ 103.8850397, 1.3303259 ] ] } },
{ "type": "Feature", "properties": { "access": null, "area": null, "bicycle": null, "bridge": null, "busway": null, "cycleway": null, "est_width": null, "foot": null, "footway": null, "highway": "motorway", "junction": null, "lanes": "3", "lit": "yes", "maxspeed": "70", "motorcar": null, "motor_vehicle": null, "name": "Kallang-Paya Lebar Expressway", "oneway": "yes", "oneway:bicycle": null, "psv": null, "ref": "KPE", "service": null, "segregated": null, "sidewalk": null, "smoothness": null, "surface": "asphalt", "tracktype": null, "tunnel": "yes", "turn": null, "width": null, "id": 32605145.0, "timestamp": 1771091716.0, "version": 102.0, "tags": { "visible": false, "layer": "-2", "name:ms": "Lebuhraya Kallang-Paya Lebar", "name:ta": "கலாங்-பாயலேபார் விரைவுச்சாலை", "name:zh": "加冷－巴耶利峇高速公路", "ref:ta": "கேபிஇ", "short_name:ta": "கேபிஇ", "source": "Older Bing images where construction visible", "wikidata": "Q1722056", "wikipedia": "en:Kallang–Paya Lebar Expressway" }, "osm_type": "way", "u": 7246507946, "v": 366653074, "length": 61.662, "is_covered": 1, "is_synthesized": null, "length_m": 61.41870287008296 }, "geometry": { "type": "LineString", "coordinates": [ [ 103.8850397, 1.3303259 ], [ 103.8853131, 1.3308084 ] ] } },
{ "type": "Feature", "properties": { "access": null, "area": null, "bicycle": null, "bridge": null, "busway": null, "cycleway": null, "est_width": null, "foot": null, "footway": null, "highway": "motorway", "junction": null, "lanes": "3", "lit": "yes", "maxspeed": "70", "motorcar": null, "motor_vehicle": null, "name": "Kallang-Paya Lebar Expressway", "oneway": "yes", "oneway:bicycle": null, "psv": null, "ref": "KPE", "service": null, "segregated": null, "sidewalk": null, "smoothness": null, "surface": "asphalt", "tracktype": null, "tunnel": "yes", "turn": null, "width": null, "id": 32605145.0, "timestamp": 1771091716.0, "version": 102.0, "tags": { "visible": false, "layer": "-2", "name:ms": "Lebuhraya Kallang-Paya Lebar", "name:ta": "கலாங்-பாயலேபார் விரைவுச்சாலை", "name:zh": "加冷－巴耶利峇高速公路", "ref:ta": "கேபிஇ", "short_name:ta": "கேபிஇ", "source": "Older Bing images where construction visible", "wikidata": "Q1722056", "wikipedia": "en:Kallang–Paya Lebar Expressway" }, "osm_type": "way", "u": 366653074, "v": 7221651017, "length": 52.309, "is_covered": 1, "is_synthesized": null, "length_m": 52.181372731818151 }, "geometry": { "type": "LineString", "coordinates": [ [ 103.8853131, 1.3308084 ], [ 103.8856345, 1.331152 ] ] } },
{ "type": "Feature", "properties": { "access": null, "area": null, "bicycle": null, "bridge": null, "busway": null, "cycleway": null, "est_width": null, "foot": null, "footway": null, "highway": "motorway", "junction": null, "lanes": "3", "lit": "yes", "maxspeed": "70", "motorcar": null, "motor_vehicle": null, "name": "Kallang-Paya Lebar Expressway", "oneway": "yes", "oneway:bicycle": null, "psv": null, "ref": "KPE", "service": null, "segregated": null, "sidewalk": null, "smoothness": null, "surface": "asphalt", "tracktype": null, "tunnel": "yes", "turn": null, "width": null, "id": 32605145.0, "timestamp": 1771091716.0, "version": 102.0, "tags": { "visible": false, "layer": "-2", "name:ms": "Lebuhraya Kallang-Paya Lebar", "name:ta": "கலாங்-பாயலேபார் விரைவுச்சாலை", "name:zh": "加冷－巴耶利峇高速公路", "ref:ta": "கேபிஇ", "short_name:ta": "கேபிஇ", "source": "Older Bing images where construction visible", "wikidata": "Q1722056", "wikipedia": "en:Kallang–Paya Lebar Expressway" }, "osm_type": "way", "u": 7221651017, "v": 369542031, "length": 30.66, "is_covered": 1, "is_synthesized": null, "length_m": 30.634025316491979 }, "geometry": { "type": "LineString", "coordinates": [ [ 103.8856345, 1.331152 ], [ 103.8858665, 1.3313011 ] ] } },
{ "type": "Feature", "properties": { "access": null, "area": null, "bicycle": null, "bridge": null, "busway": null, "cycleway": null, "est_width": null, "foot": null, "footway": null, "highway": "motorway", "junction": null, "lanes": "3", "lit": "yes", "maxspeed": "70", "motorcar": null, "motor_vehicle": null, "name": "Kallang-Paya Lebar Expressway", "oneway": "yes", "oneway:bicycle": null, "psv": null, "ref": "KPE", "service": null, "segregated": null, "sidewalk": null, "smoothness": null, "surface": "asphalt", "tracktype": null, "tunnel": "yes", "turn": null, "width": null, "id": 32605145.0, "timestamp": 1771091716.0, "version": 102.0, "tags": { "visible": false, "layer": "-2", "name:ms": "Lebuhraya Kallang-Paya Lebar", "name:ta": "கலாங்-பாயலேபார் விரைவுச்சாலை", "name:zh": "加冷－巴耶利峇高速公路", "ref:ta": "கேபிஇ", "short_name:ta": "கேபிஇ", "source": "Older Bing images where construction visible", "wikidata": "Q1722056", "wikipedia": "en:Kallang–Paya Lebar Expressway" }, "osm_type": "way", "u": 369542031, "v": 369540643, "length": 64.368, "is_covered": 1, "is_synthesized": null, "length_m": 64.329097619293947 }, "geometry": { "type": "LineString", "coordinates": [ [ 103.8858665, 1.3313011 ], [ 103.886365, 1.3315956 ] ] } },
{ "type": "Feature", "properties": { "access": null, "area": null, "bicycle": null, "bridge": null, "busway": null, "cycleway": null, "est_width": null, "foot": null, "footway": null, "highway": "motorway", "junction": null, "lanes": "3", "lit": "yes", "maxspeed": "70", "motorcar": null, "motor_vehicle": null, "name": "Kallang-Paya Lebar Expressway", "oneway": "yes", "oneway:bicycle": null, "psv": null, "ref": "KPE", "service": null, "segregated": null, "sidewalk": null, "smoothness": null, "surface": "asphalt", "tracktype": null, "tunnel": "yes", "turn": null, "width": null, "id": 32605145.0, "timestamp": 1771091716.0, "version": 102.0, "tags": { "visible": false, "layer": "-2", "name:ms": "Lebuhraya Kallang-Paya Lebar", "name:ta": "கலாங்-பாயலேபார் விரைவுச்சாலை", "name:zh": "加冷－巴耶利峇高速公路", "ref:ta": "கேபிஇ", "short_name:ta": "கேபிஇ", "source": "Older Bing images where construction visible", "wikidata": "Q1722056", "wikipedia": "en:Kallang–Paya Lebar Expressway" }, "osm_type": "way", "u": 369540643, "v": 4715487764, "length": 30.539, "is_covered": 1, "is_synthesized": null, "length_m": 30.524657714998018 }, "geometry": { "type": "LineString", "coordinates": [ [ 103.886365, 1.3315956 ], [ 103.8866048, 1.3317296 ] ] } },
{ "type": "Feature", "properties": { "access": null, "area": null, "bicycle": null, "bridge": null, "busway": null, "cycleway": null, "est_width": null, "foot": null, "footway": null, "highway": "motorway", "junction": null, "lanes": "3", "lit": "yes", "maxspeed": "70", "motorcar": null, "motor_vehicle": null, "name": "Kallang-Paya Lebar Expressway", "oneway": "yes", "oneway:bicycle": null, "psv": null, "ref": "KPE", "service": null, "segregated": null, "sidewalk": null, "smoothness": null, "surface": "asphalt", "tracktype": null, "tunnel": "yes", "turn": null, "width": null, "id": 32605145.0, "timestamp": 1771091716.0, "version": 102.0, "tags": { "visible": false, "layer": "-2", "name:ms": "Lebuhraya Kallang-Paya Lebar", "name:ta": "கலாங்-பாயலேபார் விரைவுச்சாலை", "name:zh": "加冷－巴耶利峇高速公路", "ref:ta": "கேபிஇ", "short_name:ta": "கேபிஇ", "source": "Older Bing images where construction visible", "wikidata": "Q1722056", "wikipedia": "en:Kallang–Paya Lebar Expressway" }, "osm_type": "way", "u": 4715487764, "v": 370784564, "length": 146.48, "is_covered": 1, "is_synthesized": null, "length_m": 146.33819499683889 }, "geometry": { "type": "LineString", "coordinates": [ [ 103.8866048, 1.3317296 ], [ 103.8876971, 1.3324664 ] ] } },
{ "type": "Feature", "properties": { "access": null, "area": null, "bicycle": null, "bridge": null, "busway": null, "cycleway": null, "est_width": null, "foot": null, "footway": null, "highway": "motorway", "junction": null, "lanes": "3", "lit": "yes", "maxspeed": "70", "motorcar": null, "motor_vehicle": null, "name": "Kallang-Paya Lebar Expressway", "oneway": "yes", "oneway:bicycle": null, "psv": null, "ref": "KPE", "service": null, "segregated": null, "sidewalk": null, "smoothness": null, "surface": "asphalt", "tracktype": null, "tunnel": "yes", "turn": null, "width": null, "id": 32605145.0, "timestamp": 1771091716.0, "version": 102.0, "tags": { "visible": false, "layer": "-2", "name:ms": "Lebuhraya Kallang-Paya Lebar", "name:ta": "கலாங்-பாயலேபார் விரைவுச்சாலை", "name:zh": "加冷－巴耶利峇高速公路", "ref:ta": "கேபிஇ", "short_name:ta": "கேபிஇ", "source": "Older Bing images where construction visible", "wikidata": "Q1722056", "wikipedia": "en:Kallang–Paya Lebar Expressway" }, "osm_type": "way", "u": 370784564, "v": 366653075, "length": 144.296, "is_covered": 1, "is_synthesized": null, "length_m": 144.23172168118737 }, "geometry": { "type": "LineString", "coordinates": [ [ 103.8876971, 1.3324664 ], [ 103.8888329, 1.3330946 ] ] } },
{ "type": "Feature", "properties": { "access": null, "area": null, "bicycle": null, "bridge": null, "busway": null, "cycleway": null, "est_width": null, "foot": null, "footway": null, "highway": "motorway", "junction": null, "lanes": "3", "lit": "yes", "maxspeed": "70", "motorcar": null, "motor_vehicle": null, "name": "Kallang-Paya Lebar Expressway", "oneway": "yes", "oneway:bicycle": null, "psv": null, "ref": "KPE", "service": null, "segregated": null, "sidewalk": null, "smoothness": null, "surface": "asphalt", "tracktype": null, "tunnel": "yes", "turn": null, "width": null, "id": 32605145.0, "timestamp": 1771091716.0, "version": 102.0, "tags": { "visible": false, "layer": "-2", "name:ms": "Lebuhraya Kallang-Paya Lebar", "name:ta": "கலாங்-பாயலேபார் விரைவுச்சாலை", "name:zh": "加冷－巴耶利峇高速公路", "ref:ta": "கேபிஇ", "short_name:ta": "கேபிஇ", "source": "Older Bing images where construction visible", "wikidata": "Q1722056", "wikipedia": "en:Kallang–Paya Lebar Expressway" }, "osm_type": "way", "u": 366653075, "v": 370784207, "length": 241.53, "is_covered": 1, "is_synthesized": null, "length_m": 241.50259199072585 }, "geometry": { "type": "LineString", "coordinates": [ [ 103.8888329, 1.3330946 ], [ 103.8907945, 1.3340286 ] ] } },
{ "type": "Feature", "properties": { "access": null, "area": null, "bicycle": null, "bridge": null, "busway": null, "cycleway": null, "est_width": null, "foot": null, "footway": null, "highway": "motorway", "junction": null, "lanes": "3", "lit": "yes", "maxspeed": "70", "motorcar": null, "motor_vehicle": null, "name": "Kallang-Paya Lebar Expressway", "oneway": "yes", "oneway:bicycle": null, "psv": null, "ref": "KPE", "service": null, "segregated": null, "sidewalk": null, "smoothness": null, "surface": "asphalt", "tracktype": null, "tunnel": "yes", "turn": null, "width": null, "id": 32605145.0, "timestamp": 1771091716.0, "version": 102.0, "tags": { "visible": false, "layer": "-2", "name:ms": "Lebuhraya Kallang-Paya Lebar", "name:ta": "கலாங்-பாயலேபார் விரைவுச்சாலை", "name:zh": "加冷－巴耶利峇高速公路", "ref:ta": "கேபிஇ", "short_name:ta": "கேபிஇ", "source": "Older Bing images where construction visible", "wikidata": "Q1722056", "wikipedia": "en:Kallang–Paya Lebar Expressway" }, "osm_type": "way", "u": 370784207, "v": 366653076, "length": 341.609, "is_covered": 1, "is_synthesized": null, "length_m": 341.4333644005165 }, "geometry": { "type": "LineString", "coordinates": [ [ 103.8907945, 1.3340286 ], [ 103.8934649, 1.3355488 ] ] } },
{ "type": "Feature", "properties": { "access": null, "area": null, "bicycle": null, "bridge": null, "busway": null, "cycleway": null, "est_width": null, "foot": null, "footway": null, "highway": "motorway_link", "junction": null, "lanes": "1", "lit": "yes", "maxspeed": "50", "motorcar": null, "motor_vehicle": null, "name": null, "oneway": "yes", "oneway:bicycle": null, "psv": null, "ref": null, "service": null, "segregated": null, "sidewalk": null, "smoothness": null, "surface": null, "tracktype": null, "tunnel": "yes", "turn": null, "width": null, "id": 32924858.0, "timestamp": 1571977291.0, "version": 15.0, "tags": { "visible": false, "layer": "-1" }, "osm_type": "way", "u": 370783956, "v": 370783394, "length": 102.741, "is_covered": 1, "is_synthesized": null, "length_m": 102.73881278932483 }, "geometry": { "type": "LineString", "coordinates": [ [ 103.8908666, 1.3338323 ], [ 103.8900252, 1.33345 ] ] } },
{ "type": "Feature", "properties": { "access": null, "area": null, "bicycle": null, "bridge": null, "busway": null, "cycleway": null, "est_width": null, "foot": null, "footway": null, "highway": "motorway_link", "junction": null, "lanes": null, "lit": "yes", "maxspeed": "50", "motorcar": null, "motor_vehicle": null, "name": null, "oneway": "yes", "oneway:bicycle": null, "psv": null, "ref": null, "service": null, "segregated": null, "sidewalk": null, "smoothness": null, "surface": "asphalt", "tracktype": null, "tunnel": "yes", "turn": null, "width": null, "id": 32925173.0, "timestamp": 1574128149.0, "version": 21.0, "tags": { "visible": false, "destination": "Upper Paya Lebar Road", "layer": "-1" }, "osm_type": "way", "u": 370784564, "v": 370784558, "length": 88.917, "is_covered": 1, "is_synthesized": null, "length_m": 88.800422030003801 }, "geometry": { "type": "LineString", "coordinates": [ [ 103.8876971, 1.3324664 ], [ 103.8883351, 1.3329487 ] ] } },
{ "type": "Feature", "properties": { "access": null, "area": null, "bicycle": null, "bridge": null, "busway": null, "cycleway": null, "est_width": null, "foot": null, "footway": null, "highway": "motorway_link", "junction": null, "lanes": null, "lit": "yes", "maxspeed": "50", "motorcar": null, "motor_vehicle": null, "name": null, "oneway": "yes", "oneway:bicycle": null, "psv": null, "ref": null, "service": null, "segregated": null, "sidewalk": null, "smoothness": null, "surface": "asphalt", "tracktype": null, "tunnel": "yes", "turn": null, "width": null, "id": 32925173.0, "timestamp": 1574128149.0, "version": 21.0, "tags": { "visible": false, "destination": "Upper Paya Lebar Road", "layer": "-1" }, "osm_type": "way", "u": 370784558, "v": 370785060, "length": 32.055, "is_covered": 1, "is_synthesized": null, "length_m": 32.014767456618664 }, "geometry": { "type": "LineString", "coordinates": [ [ 103.8883351, 1.3329487 ], [ 103.8885668, 1.3331203 ] ] } },
{ "type": "Feature", "properties": { "access": null, "area": null, "bicycle": null, "bridge": null, "busway": null, "cycleway": null, "est_width": null, "foot": null, "footway": null, "highway": "motorway_link", "junction": null, "lanes": null, "lit": "yes", "maxspeed": "50", "motorcar": null, "motor_vehicle": null, "name": null, "oneway": "yes", "oneway:bicycle": null, "psv": null, "ref": null, "service": null, "segregated": null, "sidewalk": null, "smoothness": null, "surface": "asphalt", "tracktype": null, "tunnel": "yes", "turn": null, "width": null, "id": 32925173.0, "timestamp": 1574128149.0, "version": 21.0, "tags": { "visible": false, "destination": "Upper Paya Lebar Road", "layer": "-1" }, "osm_type": "way", "u": 370785060, "v": 370784559, "length": 18.808, "is_covered": 1, "is_synthesized": null, "length_m": 18.7560386438665 }, "geometry": { "type": "LineString", "coordinates": [ [ 103.8885668, 1.3331203 ], [ 103.888676, 1.3332495 ] ] } },
{ "type": "Feature", "properties": { "access": null, "area": null, "bicycle": null, "bridge": null, "busway": null, "cycleway": null, "est_width": null, "foot": null, "footway": null, "highway": "motorway_link", "junction": null, "lanes": null, "lit": "yes", "maxspeed": "50", "motorcar": null, "motor_vehicle": null, "name": null, "oneway": "yes", "oneway:bicycle": null, "psv": null, "ref": null, "service": null, "segregated": null, "sidewalk": null, "smoothness": null, "surface": "asphalt", "tracktype": null, "tunnel": "yes", "turn": null, "width": null, "id": 32925173.0, "timestamp": 1574128149.0, "version": 21.0, "tags": { "visible": false, "destination": "Upper Paya Lebar Road", "layer": "-1" }, "osm_type": "way", "u": 370784559, "v": 370785062, "length": 26.161, "is_covered": 1, "is_synthesized": null, "length_m": 26.027753471846072 }, "geometry": { "type": "LineString", "coordinates": [ [ 103.888676, 1.3332495 ], [ 103.8887393, 1.3334761 ] ] } },
{ "type": "Feature", "properties": { "access": null, "area": null, "bicycle": null, "bridge": null, "busway": null, "cycleway": null, "est_width": null, "foot": null, "footway": null, "highway": "motorway_link", "junction": null, "lanes": null, "lit": "yes", "maxspeed": "50", "motorcar": null, "motor_vehicle": null, "name": null, "oneway": "yes", "oneway:bicycle": null, "psv": null, "ref": null, "service": null, "segregated": null, "sidewalk": null, "smoothness": null, "surface": "asphalt", "tracktype": null, "tunnel": "yes", "turn": null, "width": null, "id": 32925173.0, "timestamp": 1574128149.0, "version": 21.0, "tags": { "visible": false, "destination": "Upper Paya Lebar Road", "layer": "-1" }, "osm_type": "way", "u": 370785062, "v": 370784560, "length": 25.459, "is_covered": 1, "is_synthesized": null, "length_m": 25.317473090230823 }, "geometry": { "type": "LineString", "coordinates": [ [ 103.8887393, 1.3334761 ], [ 103.888734, 1.333705 ] ] } },
{ "type": "Feature", "properties": { "access": null, "area": null, "bicycle": null, "bridge": null, "busway": null, "cycleway": null, "est_width": null, "foot": null, "footway": null, "highway": "motorway_link", "junction": null, "lanes": null, "lit": "yes", "maxspeed": "50", "motorcar": null, "motor_vehicle": null, "name": null, "oneway": "yes", "oneway:bicycle": null, "psv": null, "ref": null, "service": null, "segregated": null, "sidewalk": null, "smoothness": null, "surface": "asphalt", "tracktype": null, "tunnel": "yes", "turn": null, "width": null, "id": 32925173.0, "timestamp": 1574128149.0, "version": 21.0, "tags": { "visible": false, "destination": "Upper Paya Lebar Road", "layer": "-1" }, "osm_type": "way", "u": 370784560, "v": 370785095, "length": 23.452, "is_covered": 1, "is_synthesized": null, "length_m": 23.328151387423382 }, "geometry": { "type": "LineString", "coordinates": [ [ 103.888734, 1.333705 ], [ 103.888690600000018, 1.3339114 ] ] } },
{ "type": "Feature", "properties": { "access": null, "area": null, "bicycle": null, "bridge": null, "busway": null, "cycleway": null, "est_width": null, "foot": null, "footway": null, "highway": "motorway_link", "junction": null, "lanes": null, "lit": "yes", "maxspeed": "50", "motorcar": null, "motor_vehicle": null, "name": null, "oneway": "yes", "oneway:bicycle": null, "psv": null, "ref": null, "service": null, "segregated": null, "sidewalk": null, "smoothness": null, "surface": "asphalt", "tracktype": null, "tunnel": "yes", "turn": null, "width": null, "id": 32925173.0, "timestamp": 1574128149.0, "version": 21.0, "tags": { "visible": false, "destination": "Upper Paya Lebar Road", "layer": "-1" }, "osm_type": "way", "u": 370785095, "v": 370784561, "length": 29.569, "is_covered": 1, "is_synthesized": null, "length_m": 29.41982226209711 }, "geometry": { "type": "LineString", "coordinates": [ [ 103.888690600000018, 1.3339114 ], [ 103.8886155, 1.3341665 ] ] } },
{ "type": "Feature", "properties": { "access": null, "area": null, "bicycle": null, "bridge": null, "busway": null, "cycleway": null, "est_width": null, "foot": null, "footway": null, "highway": "primary_link", "junction": null, "lanes": "1", "lit": "yes", "maxspeed": "50", "motorcar": null, "motor_vehicle": null, "name": null, "oneway": "yes", "oneway:bicycle": null, "psv": null, "ref": null, "service": null, "segregated": null, "sidewalk": null, "smoothness": null, "surface": "asphalt", "tracktype": null, "tunnel": null, "turn": null, "width": null, "id": 32925231.0, "timestamp": 1771144703.0, "version": 15.0, "tags": { "visible": false, "sidewalk:both": "separate" }, "osm_type": "way", "u": 13565998688, "v": 370785177, "length": 10.651, "is_covered": 1, "is_synthesized": null, "length_m": 10.619353116067117 }, "geometry": { "type": "LineString", "coordinates": [ [ 103.8885093, 1.3335794 ], [ 103.8885689, 1.3336544 ] ] } },
{ "type": "Feature", "properties": { "access": null, "area": null, "bicycle": null, "bridge": null, "busway": null, "cycleway": null, "est_width": null, "foot": null, "footway": null, "highway": "primary_link", "junction": null, "lanes": "1", "lit": "yes", "maxspeed": "50", "motorcar": null, "motor_vehicle": null, "name": null, "oneway": "yes", "oneway:bicycle": null, "psv": null, "ref": null, "service": null, "segregated": null, "sidewalk": null, "smoothness": null, "surface": "asphalt", "tracktype": null, "tunnel": null, "turn": null, "width": null, "id": 32925231.0, "timestamp": 1771144703.0, "version": 15.0, "tags": { "visible": false, "sidewalk:both": "separate" }, "osm_type": "way", "u": 370785177, "v": 1785006628, "length": 8.313, "is_covered": 1, "is_synthesized": null, "length_m": 8.2808532021152566 }, "geometry": { "type": "LineString", "coordinates": [ [ 103.8885689, 1.3336544 ], [ 103.888606200000012, 1.3337192 ] ] } },
{ "type": "Feature", "properties": { "access": null, "area": null, "bicycle": null, "bridge": null, "busway": null, "cycleway": null, "est_width": null, "foot": null, "footway": null, "highway": "primary_link", "junction": null, "lanes": "1", "lit": "yes", "maxspeed": "50", "motorcar": null, "motor_vehicle": null, "name": null, "oneway": "yes", "oneway:bicycle": null, "psv": null, "ref": null, "service": null, "segregated": null, "sidewalk": null, "smoothness": null, "surface": "asphalt", "tracktype": null, "tunnel": null, "turn": null, "width": null, "id": 32925231.0, "timestamp": 1771144703.0, "version": 15.0, "tags": { "visible": false, "sidewalk:both": "separate" }, "osm_type": "way", "u": 1785006628, "v": 13565998681, "length": 9.46, "is_covered": 1, "is_synthesized": null, "length_m": 9.4074041325156159 }, "geometry": { "type": "LineString", "coordinates": [ [ 103.888606200000012, 1.3337192 ], [ 103.888609800000012, 1.3338042 ] ] } },
{ "type": "Feature", "properties": { "access": null, "area": null, "bicycle": null, "bridge": null, "busway": null, "cycleway": null, "est_width": null, "foot": null, "footway": null, "highway": "primary_link", "junction": null, "lanes": "1", "lit": "yes", "maxspeed": "50", "motorcar": null, "motor_vehicle": null, "name": null, "oneway": "yes", "oneway:bicycle": null, "psv": null, "ref": null, "service": null, "segregated": null, "sidewalk": null, "smoothness": null, "surface": "asphalt", "tracktype": null, "tunnel": null, "turn": null, "width": null, "id": 32925231.0, "timestamp": 1771144703.0, "version": 15.0, "tags": { "visible": false, "sidewalk:both": "separate" }, "osm_type": "way", "u": 13565998681, "v": 370785017, "length": 12.089, "is_covered": 1, "is_synthesized": null, "length_m": 12.022819807303899 }, "geometry": { "type": "LineString", "coordinates": [ [ 103.888609800000012, 1.3338042 ], [ 103.8885957, 1.333912 ] ] } },
{ "type": "Feature", "properties": { "access": null, "area": null, "bicycle": null, "bridge": null, "busway": null, "cycleway": null, "est_width": null, "foot": null, "footway": null, "highway": "primary_link", "junction": null, "lanes": "1", "lit": "yes", "maxspeed": "50", "motorcar": null, "motor_vehicle": null, "name": null, "oneway": "yes", "oneway:bicycle": null, "psv": null, "ref": null, "service": null, "segregated": null, "sidewalk": null, "smoothness": null, "surface": "asphalt", "tracktype": null, "tunnel": null, "turn": null, "width": null, "id": 32925231.0, "timestamp": 1771144703.0, "version": 15.0, "tags": { "visible": false, "sidewalk:both": "separate" }, "osm_type": "way", "u": 370785017, "v": 370785010, "length": 20.965, "is_covered": 1, "is_synthesized": null, "length_m": 20.856569086866894 }, "geometry": { "type": "LineString", "coordinates": [ [ 103.8885957, 1.333912 ], [ 103.8885499, 1.3340949 ] ] } },
{ "type": "Feature", "properties": { "access": null, "area": null, "bicycle": null, "bridge": null, "busway": null, "cycleway": null, "est_width": null, "foot": null, "footway": null, "highway": "trunk", "junction": null, "lanes": "3", "lit": null, "maxspeed": "70", "motorcar": null, "motor_vehicle": null, "name": "Woodleigh Underpass", "oneway": "yes", "oneway:bicycle": null, "psv": null, "ref": null, "service": null, "segregated": null, "sidewalk": null, "smoothness": null, "surface": "asphalt", "tracktype": null, "tunnel": "yes", "turn": null, "width": null, "id": 33261442.0, "timestamp": 1748693704.0, "version": 15.0, "tags": { "visible": false, "expressway": "yes", "layer": "-1", "maxheight": "4.5", "name:en": "Woodleigh Underpass", "name:ms": "Laluan Bawah Woodleigh", "name:zh": "兀里地下车道", "tunnel:name": "Woodleigh Underpass" }, "osm_type": "way", "u": 239913384, "v": 10970035626, "length": 23.738, "is_covered": 1, "is_synthesized": null, "length_m": 23.729294271142912 }, "geometry": { "type": "LineString", "coordinates": [ [ 103.8703866, 1.3429778 ], [ 103.8705751, 1.3430781 ] ] } },
{ "type": "Feature", "properties": { "access": null, "area": null, "bicycle": null, "bridge": null, "busway": null, "cycleway": null, "est_width": null, "foot": null, "footway": null, "highway": "trunk", "junction": null, "lanes": "3", "lit": null, "maxspeed": "70", "motorcar": null, "motor_vehicle": null, "name": "Woodleigh Underpass", "oneway": "yes", "oneway:bicycle": null, "psv": null, "ref": null, "service": null, "segregated": null, "sidewalk": null, "smoothness": null, "surface": "asphalt", "tracktype": null, "tunnel": "yes", "turn": null, "width": null, "id": 33261442.0, "timestamp": 1748693704.0, "version": 15.0, "tags": { "visible": false, "expressway": "yes", "layer": "-1", "maxheight": "4.5", "name:en": "Woodleigh Underpass", "name:ms": "Laluan Bawah Woodleigh", "name:zh": "兀里地下车道", "tunnel:name": "Woodleigh Underpass" }, "osm_type": "way", "u": 10970035626, "v": 10970035627, "length": 18.347, "is_covered": 1, "is_synthesized": null, "length_m": 18.340062505496793 }, "geometry": { "type": "LineString", "coordinates": [ [ 103.8705751, 1.3430781 ], [ 103.8707208, 1.3431556 ] ] } },
{ "type": "Feature", "properties": { "access": null, "area": null, "bicycle": null, "bridge": null, "busway": null, "cycleway": null, "est_width": null, "foot": null, "footway": null, "highway": "trunk", "junction": null, "lanes": "3", "lit": null, "maxspeed": "70", "motorcar": null, "motor_vehicle": null, "name": "Woodleigh Underpass", "oneway": "yes", "oneway:bicycle": null, "psv": null, "ref": null, "service": null, "segregated": null, "sidewalk": null, "smoothness": null, "surface": "asphalt", "tracktype": null, "tunnel": "yes", "turn": null, "width": null, "id": 33261442.0, "timestamp": 1748693704.0, "version": 15.0, "tags": { "visible": false, "expressway": "yes", "layer": "-1", "maxheight": "4.5", "name:en": "Woodleigh Underpass", "name:ms": "Laluan Bawah Woodleigh", "name:zh": "兀里地下车道", "tunnel:name": "Woodleigh Underpass" }, "osm_type": "way", "u": 10970035627, "v": 239913860, "length": 28.87, "is_covered": 1, "is_synthesized": null, "length_m": 28.85973770050099 }, "geometry": { "type": "LineString", "coordinates": [ [ 103.8707208, 1.3431556 ], [ 103.8709501, 1.3432775 ] ] } },
{ "type": "Feature", "properties": { "access": null, "area": null, "bicycle": null, "bridge": null, "busway": null, "cycleway": null, "est_width": null, "foot": null, "footway": null, "highway": "primary", "junction": null, "lanes": "2", "lit": null, "maxspeed": "60", "motorcar": null, "motor_vehicle": null, "name": "Upper Paya Lebar Underpass", "oneway": "yes", "oneway:bicycle": null, "psv": null, "ref": null, "service": null, "segregated": null, "sidewalk": "no", "smoothness": null, "surface": "asphalt", "tracktype": null, "tunnel": "yes", "turn": null, "width": null, "id": 33264598.0, "timestamp": 1728701227.0, "version": 14.0, "tags": { "visible": false, "layer": "-1", "name:ms": "Laluan Bawah Upper Paya Lebar", "name:zh": "巴耶利峇上段地下车道" }, "osm_type": "way", "u": 239825286, "v": 239825435, "length": 107.543, "is_covered": 1, "is_synthesized": null, "length_m": 107.27314938496332 }, "geometry": { "type": "LineString", "coordinates": [ [ 103.8853242, 1.3404804 ], [ 103.8846699, 1.3411928 ] ] } },
{ "type": "Feature", "properties": { "access": null, "area": null, "bicycle": null, "bridge": null, "busway": null, "cycleway": null, "est_width": null, "foot": null, "footway": null, "highway": "primary_link", "junction": null, "lanes": "2", "lit": null, "maxspeed": "50", "motorcar": null, "motor_vehicle": null, "name": null, "oneway": "yes", "oneway:bicycle": null, "psv": null, "ref": null, "service": null, "segregated": null, "sidewalk": "separate", "smoothness": "good", "surface": "asphalt", "tracktype": null, "tunnel": null, "turn": null, "width": null, "id": 34124278.0, "timestamp": 1657526676.0, "version": 24.0, "tags": { "visible": false, "destination": "Upp Serangoon Road" }, "osm_type": "way", "u": 1717932551, "v": 5215255342, "length": 8.122, "is_covered": 1, "is_synthesized": null, "length_m": 8.1293865592955594 }, "geometry": { "type": "LineString", "coordinates": [ [ 103.8681315, 1.3287104 ], [ 103.868203600000015, 1.3287222 ] ] } },
{ "type": "Feature", "properties": { "access": null, "area": null, "bicycle": null, "bridge": null, "busway": null, "cycleway": null, "est_width": null, "foot": null, "footway": null, "highway": "primary_link", "junction": null, "lanes": "2", "lit": null, "maxspeed": "50", "motorcar": null, "motor_vehicle": null, "name": null, "oneway": "yes", "oneway:bicycle": null, "psv": null, "ref": null, "service": null, "segregated": null, "sidewalk": "separate", "smoothness": "good", "surface": "asphalt", "tracktype": null, "tunnel": null, "turn": null, "width": null, "id": 34124278.0, "timestamp": 1657526676.0, "version": 24.0, "tags": { "visible": false, "destination": "Upp Serangoon Road" }, "osm_type": "way", "u": 5215255342, "v": 5278606509, "length": 11.733, "is_covered": 1, "is_synthesized": null, "length_m": 11.722436693072318 }, "geometry": { "type": "LineString", "coordinates": [ [ 103.868203600000015, 1.3287222 ], [ 103.8682919, 1.32878 ] ] } },
{ "type": "Feature", "properties": { "access": null, "area": null, "bicycle": null, "bridge": null, "busway": null, "cycleway": null, "est_width": null, "foot": "no", "footway": null, "highway": "primary_link", "junction": null, "lanes": "2", "lit": null, "maxspeed": "50", "motorcar": null, "motor_vehicle": null, "name": null, "oneway": "yes", "oneway:bicycle": null, "psv": null, "ref": null, "service": null, "segregated": null, "sidewalk": null, "smoothness": null, "surface": "asphalt", "tracktype": null, "tunnel": null, "turn": null, "width": null, "id": 37552600.0, "timestamp": 1719632463.0, "version": 11.0, "tags": { "visible": false, "maxheight": "4.5" }, "osm_type": "way", "u": 439978128, "v": 3251145297, "length": 36.681, "is_covered": 1, "is_synthesized": null, "length_m": 36.570442349839084 }, "geometry": { "type": "LineString", "coordinates": [ [ 103.8367352, 1.3420554 ], [ 103.8365316, 1.3417958 ] ] } },
{ "type": "Feature", "properties": { "access": null, "area": null, "bicycle": null, "bridge": null, "busway": null, "cycleway": null, "est_width": null, "foot": "no", "footway": null, "highway": "trunk", "junction": null, "lanes": "2", "lit": null, "maxspeed": "70", "motorcar": null, "motor_vehicle": null, "name": "Braddell Underpass", "oneway": "yes", "oneway:bicycle": null, "psv": null, "ref": null, "service": null, "segregated": null, "sidewalk": null, "smoothness": null, "surface": "asphalt", "tracktype": null, "tunnel": "yes", "turn": null, "width": null, "id": 37553774.0, "timestamp": 1748693704.0, "version": 11.0, "tags": { "visible": false, "expressway": "yes", "layer": "-1", "maxheight": "4.5", "name:en": "Braddell Underpass", "name:ms": "Laluan Bawah Braddell", "name:zh": "布莱德地下车道" }, "osm_type": "way", "u": 377562694, "v": 439991721, "length": 105.914, "is_covered": 1, "is_synthesized": null, "length_m": 106.02802443020356 }, "geometry": { "type": "LineString", "coordinates": [ [ 103.8599103, 1.343385 ], [ 103.8608602, 1.3434588 ] ] } },
{ "type": "Feature", "properties": { "access": null, "area": null, "bicycle": null, "bridge": "yes", "busway": null, "cycleway": null, "est_width": null, "foot": null, "footway": null, "highway": "motorway_link", "junction": null, "lanes": "1", "lit": null, "maxspeed": "50", "motorcar": null, "motor_vehicle": null, "name": "Whampoa Flyover", "oneway": "yes", "oneway:bicycle": null, "psv": null, "ref": null, "service": null, "segregated": null, "sidewalk": null, "smoothness": null, "surface": "asphalt", "tracktype": null, "tunnel": null, "turn": null, "width": null, "id": 37635204.0, "timestamp": 1763549130.0, "version": 12.0, "tags": { "visible": false, "destination:ref": "CTE", "destination:ref:to": "SLE;TPE", "layer": "1", "name:ms": "Jejambat Whampoa", "name:zh": "黄埔立交桥" }, "osm_type": "way", "u": 6511089946, "v": 391222640, "length": 9.514, "is_covered": 1, "is_synthesized": null, "length_m": 9.4742079135141122 }, "geometry": { "type": "LineString", "coordinates": [ [ 103.8603115, 1.3305617 ], [ 103.860272, 1.3306376 ] ] } },
{ "type": "Feature", "properties": { "access": null, "area": null, "bicycle": null, "bridge": null, "busway": null, "cycleway": null, "est_width": null, "foot": null, "footway": null, "highway": "primary", "junction": null, "lanes": "2", "lit": null, "maxspeed": "60", "motorcar": null, "motor_vehicle": null, "name": "Jalan Anak Bukit", "oneway": "yes", "oneway:bicycle": null, "psv": null, "ref": null, "service": null, "segregated": null, "sidewalk": null, "smoothness": null, "surface": "asphalt", "tracktype": null, "tunnel": "yes", "turn": null, "width": null, "id": 44839297.0, "timestamp": 1686490971.0, "version": 7.0, "tags": { "visible": false, "layer": "-1", "name:zh": "惹兰安娜武吉", "tunnel:name": "Anak Bukit Underpass" }, "osm_type": "way", "u": 568465441, "v": 247211680, "length": 93.918, "is_covered": 1, "is_synthesized": null, "length_m": 93.688679007698155 }, "geometry": { "type": "LineString", "coordinates": [ [ 103.7775617, 1.3422057 ], [ 103.7781393, 1.3415893 ] ] } },
{ "type": "Feature", "properties": { "access": null, "area": null, "bicycle": null, "bridge": null, "busway": null, "cycleway": null, "est_width": null, "foot": null, "footway": null, "highway": "primary", "junction": null, "lanes": "2", "lit": null, "maxspeed": "60", "motorcar": null, "motor_vehicle": null, "name": "Jalan Anak Bukit", "oneway": "yes", "oneway:bicycle": null, "psv": null, "ref": null, "service": null, "segregated": null, "sidewalk": null, "smoothness": null, "surface": "asphalt", "tracktype": null, "tunnel": "yes", "turn": null, "width": null, "id": 44839298.0, "timestamp": 1686490971.0, "version": 8.0, "tags": { "visible": false, "layer": "-1", "name:zh": "惹兰安娜武吉", "tunnel:name": "Anak Bukit Underpass" }, "osm_type": "way", "u": 568465445, "v": 247211173, "length": 92.546, "is_covered": 1, "is_synthesized": null, "length_m": 92.283919204646182 }, "geometry": { "type": "LineString", "coordinates": [ [ 103.7780306, 1.3415128 ], [ 103.7774985, 1.3421529 ] ] } },
{ "type": "Feature", "properties": { "access": null, "area": null, "bicycle": "designated", "bridge": null, "busway": null, "cycleway": null, "est_width": null, "foot": "designated", "footway": null, "highway": "cycleway", "junction": null, "lanes": null, "lit": "yes", "maxspeed": null, "motorcar": null, "motor_vehicle": null, "name": "The Esplanade", "oneway": "no", "oneway:bicycle": null, "psv": null, "ref": null, "service": null, "segregated": "no", "sidewalk": null, "smoothness": null, "surface": "paving_stones", "tracktype": null, "tunnel": "yes", "turn": null, "width": null, "id": 46595396.0, "timestamp": 1783160466.0, "version": 21.0, "tags": { "visible": false, "layer": "-1", "name:zh": "海滨" }, "osm_type": "way", "u": 544953494, "v": 1764794853, "length": 52.422, "is_covered": 1, "is_synthesized": null, "length_m": 52.480735283930592 }, "geometry": { "type": "LineString", "coordinates": [ [ 103.8540445, 1.2890135 ], [ 103.8545159, 1.2890011 ] ] } },
{ "type": "Feature", "properties": { "access": null, "area": null, "bicycle": null, "bridge": null, "busway": null, "cycleway": null, "est_width": null, "foot": null, "footway": null, "highway": "motorway", "junction": null, "lanes": "3", "lit": "yes", "maxspeed": "70", "motorcar": null, "motor_vehicle": null, "name": "Kallang-Paya Lebar Expressway", "oneway": "yes", "oneway:bicycle": null, "psv": null, "ref": "KPE", "service": null, "segregated": null, "sidewalk": null, "smoothness": null, "surface": "asphalt", "tracktype": null, "tunnel": "yes", "turn": null, "width": null, "id": 49331891.0, "timestamp": 1771091716.0, "version": 33.0, "tags": { "visible": false, "layer": "-2", "maxheight": "4.5", "name:ms": "Lebuhraya Kallang-Paya Lebar", "name:ta": "கலாங்-பாயலேபார் விரைவுச்சாலை", "name:zh": "加冷－巴耶利峇高速公路", "ref:ta": "கேபிஇ", "short_name:ta": "கேபிஇ", "source": "Older Bing images where construction visible", "wikidata": "Q1722056", "wikipedia": "en:Kallang–Paya Lebar Expressway" }, "osm_type": "way", "u": 366863732, "v": 370783394, "length": 446.892, "is_covered": 1, "is_synthesized": null, "length_m": 446.66260956487145 }, "geometry": { "type": "LineString", "coordinates": [ [ 103.8935193, 1.3354375 ], [ 103.8900252, 1.33345 ] ] } },
{ "type": "Feature", "properties": { "access": null, "area": null, "bicycle": null, "bridge": null, "busway": null, "cycleway": null, "est_width": null, "foot": null, "footway": null, "highway": "motorway", "junction": null, "lanes": "3", "lit": "yes", "maxspeed": "70", "motorcar": null, "motor_vehicle": null, "name": "Kallang-Paya Lebar Expressway", "oneway": "yes", "oneway:bicycle": null, "psv": null, "ref": "KPE", "service": null, "segregated": null, "sidewalk": null, "smoothness": null, "surface": "asphalt", "tracktype": null, "tunnel": "yes", "turn": null, "width": null, "id": 49331891.0, "timestamp": 1771091716.0, "version": 33.0, "tags": { "visible": false, "layer": "-2", "maxheight": "4.5", "name:ms": "Lebuhraya Kallang-Paya Lebar", "name:ta": "கலாங்-பாயலேபார் விரைவுச்சாலை", "name:zh": "加冷－巴耶利峇高速公路", "ref:ta": "கேபிஇ", "short_name:ta": "கேபிஇ", "source": "Older Bing images where construction visible", "wikidata": "Q1722056", "wikipedia": "en:Kallang–Paya Lebar Expressway" }, "osm_type": "way", "u": 370783394, "v": 7244280597, "length": 23.781, "is_covered": 1, "is_synthesized": null, "length_m": 23.768550329225157 }, "geometry": { "type": "LineString", "coordinates": [ [ 103.8900252, 1.33345 ], [ 103.8898394, 1.333344 ] ] } },
{ "type": "Feature", "properties": { "access": null, "area": null, "bicycle": null, "bridge": null, "busway": null, "cycleway": null, "est_width": null, "foot": null, "footway": null, "highway": "motorway", "junction": null, "lanes": "3", "lit": "yes", "maxspeed": "70", "motorcar": null, "motor_vehicle": null, "name": "Kallang-Paya Lebar Expressway", "oneway": "yes", "oneway:bicycle": null, "psv": null, "ref": "KPE", "service": null, "segregated": null, "sidewalk": null, "smoothness": null, "surface": "asphalt", "tracktype": null, "tunnel": "yes", "turn": null, "width": null, "id": 49331891.0, "timestamp": 1771091716.0, "version": 33.0, "tags": { "visible": false, "layer": "-2", "maxheight": "4.5", "name:ms": "Lebuhraya Kallang-Paya Lebar", "name:ta": "கலாங்-பாயலேபார் விரைவுச்சாலை", "name:zh": "加冷－巴耶利峇高速公路", "ref:ta": "கேபிஇ", "short_name:ta": "கேபிஇ", "source": "Older Bing images where construction visible", "wikidata": "Q1722056", "wikipedia": "en:Kallang–Paya Lebar Expressway" }, "osm_type": "way", "u": 7244280597, "v": 7244280596, "length": 28.952, "is_covered": 1, "is_synthesized": null, "length_m": 28.932506451826601 }, "geometry": { "type": "LineString", "coordinates": [ [ 103.8898394, 1.333344 ], [ 103.889617, 1.3332085 ] ] } },
{ "type": "Feature", "properties": { "access": null, "area": null, "bicycle": null, "bridge": null, "busway": null, "cycleway": null, "est_width": null, "foot": null, "footway": null, "highway": "motorway", "junction": null, "lanes": "3", "lit": "yes", "maxspeed": "70", "motorcar": null, "motor_vehicle": null, "name": "Kallang-Paya Lebar Expressway", "oneway": "yes", "oneway:bicycle": null, "psv": null, "ref": "KPE", "service": null, "segregated": null, "sidewalk": null, "smoothness": null, "surface": "asphalt", "tracktype": null, "tunnel": "yes", "turn": null, "width": null, "id": 49331891.0, "timestamp": 1771091716.0, "version": 33.0, "tags": { "visible": false, "layer": "-2", "maxheight": "4.5", "name:ms": "Lebuhraya Kallang-Paya Lebar", "name:ta": "கலாங்-பாயலேபார் விரைவுச்சாலை", "name:zh": "加冷－巴耶利峇高速公路", "ref:ta": "கேபிஇ", "short_name:ta": "கேபிஇ", "source": "Older Bing images where construction visible", "wikidata": "Q1722056", "wikipedia": "en:Kallang–Paya Lebar Expressway" }, "osm_type": "way", "u": 7244280596, "v": 7244280598, "length": 28.412, "is_covered": 1, "is_synthesized": null, "length_m": 28.400582568019164 }, "geometry": { "type": "LineString", "coordinates": [ [ 103.889617, 1.3332085 ], [ 103.8893927, 1.333086 ] ] } },
{ "type": "Feature", "properties": { "access": null, "area": null, "bicycle": null, "bridge": null, "busway": null, "cycleway": null, "est_width": null, "foot": null, "footway": null, "highway": "motorway", "junction": null, "lanes": "3", "lit": "yes", "maxspeed": "70", "motorcar": null, "motor_vehicle": null, "name": "Kallang-Paya Lebar Expressway", "oneway": "yes", "oneway:bicycle": null, "psv": null, "ref": "KPE", "service": null, "segregated": null, "sidewalk": null, "smoothness": null, "surface": "asphalt", "tracktype": null, "tunnel": "yes", "turn": null, "width": null, "id": 49331891.0, "timestamp": 1771091716.0, "version": 33.0, "tags": { "visible": false, "layer": "-2", "maxheight": "4.5", "name:ms": "Lebuhraya Kallang-Paya Lebar", "name:ta": "கலாங்-பாயலேபார் விரைவுச்சாலை", "name:zh": "加冷－巴耶利峇高速公路", "ref:ta": "கேபிஇ", "short_name:ta": "கேபிஇ", "source": "Older Bing images where construction visible", "wikidata": "Q1722056", "wikipedia": "en:Kallang–Paya Lebar Expressway" }, "osm_type": "way", "u": 7244280598, "v": 366863747, "length": 67.655, "is_covered": 1, "is_synthesized": null, "length_m": 67.627320223718613 }, "geometry": { "type": "LineString", "coordinates": [ [ 103.8893927, 1.333086 ], [ 103.88885860000002, 1.3327943 ] ] } },
{ "type": "Feature", "properties": { "access": null, "area": null, "bicycle": null, "bridge": null, "busway": null, "cycleway": null, "est_width": null, "foot": null, "footway": null, "highway": "motorway", "junction": null, "lanes": "3", "lit": "yes", "maxspeed": "70", "motorcar": null, "motor_vehicle": null, "name": "Kallang-Paya Lebar Expressway", "oneway": "yes", "oneway:bicycle": null, "psv": null, "ref": "KPE", "service": null, "segregated": null, "sidewalk": null, "smoothness": null, "surface": "asphalt", "tracktype": null, "tunnel": "yes", "turn": null, "width": null, "id": 49331891.0, "timestamp": 1771091716.0, "version": 33.0, "tags": { "visible": false, "layer": "-2", "maxheight": "4.5", "name:ms": "Lebuhraya Kallang-Paya Lebar", "name:ta": "கலாங்-பாயலேபார் விரைவுச்சாலை", "name:zh": "加冷－巴耶利峇高速公路", "ref:ta": "கேபிஇ", "short_name:ta": "கேபிஇ", "source": "Older Bing images where construction visible", "wikidata": "Q1722056", "wikipedia": "en:Kallang–Paya Lebar Expressway" }, "osm_type": "way", "u": 366863747, "v": 370783396, "length": 130.158, "is_covered": 1, "is_synthesized": null, "length_m": 130.11795884604629 }, "geometry": { "type": "LineString", "coordinates": [ [ 103.88885860000002, 1.3327943 ], [ 103.8878201, 1.3322537 ] ] } },
{ "type": "Feature", "properties": { "access": null, "area": null, "bicycle": null, "bridge": null, "busway": null, "cycleway": null, "est_width": null, "foot": null, "footway": null, "highway": "motorway", "junction": null, "lanes": "3", "lit": "yes", "maxspeed": "70", "motorcar": null, "motor_vehicle": null, "name": "Kallang-Paya Lebar Expressway", "oneway": "yes", "oneway:bicycle": null, "psv": null, "ref": "KPE", "service": null, "segregated": null, "sidewalk": null, "smoothness": null, "surface": "asphalt", "tracktype": null, "tunnel": "yes", "turn": null, "width": null, "id": 49331891.0, "timestamp": 1771091716.0, "version": 33.0, "tags": { "visible": false, "layer": "-2", "maxheight": "4.5", "name:ms": "Lebuhraya Kallang-Paya Lebar", "name:ta": "கலாங்-பாயலேபார் விரைவுச்சாலை", "name:zh": "加冷－巴耶利峇高速公路", "ref:ta": "கேபிஇ", "short_name:ta": "கேபிஇ", "source": "Older Bing images where construction visible", "wikidata": "Q1722056", "wikipedia": "en:Kallang–Paya Lebar Expressway" }, "osm_type": "way", "u": 370783396, "v": 7221636556, "length": 114.044, "is_covered": 1, "is_synthesized": null, "length_m": 113.99397908970839 }, "geometry": { "type": "LineString", "coordinates": [ [ 103.8878201, 1.3322537 ], [ 103.8869216, 1.3317587 ] ] } },
{ "type": "Feature", "properties": { "access": null, "area": null, "bicycle": null, "bridge": null, "busway": null, "cycleway": null, "est_width": null, "foot": null, "footway": null, "highway": "motorway", "junction": null, "lanes": "3", "lit": "yes", "maxspeed": "70", "motorcar": null, "motor_vehicle": null, "name": "Kallang-Paya Lebar Expressway", "oneway": "yes", "oneway:bicycle": null, "psv": null, "ref": "KPE", "service": null, "segregated": null, "sidewalk": null, "smoothness": null, "surface": "asphalt", "tracktype": null, "tunnel": "yes", "turn": null, "width": null, "id": 49331891.0, "timestamp": 1771091716.0, "version": 33.0, "tags": { "visible": false, "layer": "-2", "maxheight": "4.5", "name:ms": "Lebuhraya Kallang-Paya Lebar", "name:ta": "கலாங்-பாயலேபார் விரைவுச்சாலை", "name:zh": "加冷－巴耶利峇高速公路", "ref:ta": "கேபிஇ", "short_name:ta": "கேபிஇ", "source": "Older Bing images where construction visible", "wikidata": "Q1722056", "wikipedia": "en:Kallang–Paya Lebar Expressway" }, "osm_type": "way", "u": 7221636556, "v": 7246574814, "length": 28.249, "is_covered": 1, "is_synthesized": null, "length_m": 28.224808453978095 }, "geometry": { "type": "LineString", "coordinates": [ [ 103.8869216, 1.3317587 ], [ 103.8867085, 1.3316203 ] ] } },
{ "type": "Feature", "properties": { "access": null, "area": null, "bicycle": null, "bridge": null, "busway": null, "cycleway": null, "est_width": null, "foot": null, "footway": null, "highway": "motorway", "junction": null, "lanes": "3", "lit": "yes", "maxspeed": "70", "motorcar": null, "motor_vehicle": null, "name": "Kallang-Paya Lebar Expressway", "oneway": "yes", "oneway:bicycle": null, "psv": null, "ref": "KPE", "service": null, "segregated": null, "sidewalk": null, "smoothness": null, "surface": "asphalt", "tracktype": null, "tunnel": "yes", "turn": null, "width": null, "id": 49331891.0, "timestamp": 1771091716.0, "version": 33.0, "tags": { "visible": false, "layer": "-2", "maxheight": "4.5", "name:ms": "Lebuhraya Kallang-Paya Lebar", "name:ta": "கலாங்-பாயலேபார் விரைவுச்சாலை", "name:zh": "加冷－巴耶利峇高速公路", "ref:ta": "கேபிஇ", "short_name:ta": "கேபிஇ", "source": "Older Bing images where construction visible", "wikidata": "Q1722056", "wikipedia": "en:Kallang–Paya Lebar Expressway" }, "osm_type": "way", "u": 7246574814, "v": 369541591, "length": 85.681, "is_covered": 1, "is_synthesized": null, "length_m": 85.635533284610517 }, "geometry": { "type": "LineString", "coordinates": [ [ 103.8867085, 1.3316203 ], [ 103.8860397, 1.3312373 ] ] } },
{ "type": "Feature", "properties": { "access": null, "area": null, "bicycle": null, "bridge": null, "busway": null, "cycleway": null, "est_width": null, "foot": null, "footway": null, "highway": "motorway", "junction": null, "lanes": "3", "lit": "yes", "maxspeed": "70", "motorcar": null, "motor_vehicle": null, "name": "Kallang-Paya Lebar Expressway", "oneway": "yes", "oneway:bicycle": null, "psv": null, "ref": "KPE", "service": null, "segregated": null, "sidewalk": null, "smoothness": null, "surface": "asphalt", "tracktype": null, "tunnel": "yes", "turn": null, "width": null, "id": 49331891.0, "timestamp": 1771091716.0, "version": 33.0, "tags": { "visible": false, "layer": "-2", "maxheight": "4.5", "name:ms": "Lebuhraya Kallang-Paya Lebar", "name:ta": "கலாங்-பாயலேபார் விரைவுச்சாலை", "name:zh": "加冷－巴耶利峇高速公路", "ref:ta": "கேபிஇ", "short_name:ta": "கேபிஇ", "source": "Older Bing images where construction visible", "wikidata": "Q1722056", "wikipedia": "en:Kallang–Paya Lebar Expressway" }, "osm_type": "way", "u": 369541591, "v": 366863756, "length": 68.895, "is_covered": 1, "is_synthesized": null, "length_m": 68.815020570978149 }, "geometry": { "type": "LineString", "coordinates": [ [ 103.8860397, 1.3312373 ], [ 103.8855368, 1.3308752 ] ] } },
{ "type": "Feature", "properties": { "access": null, "area": null, "bicycle": null, "bridge": null, "busway": null, "cycleway": null, "est_width": null, "foot": null, "footway": null, "highway": "motorway", "junction": null, "lanes": "3", "lit": "yes", "maxspeed": "70", "motorcar": null, "motor_vehicle": null, "name": "Kallang-Paya Lebar Expressway", "oneway": "yes", "oneway:bicycle": null, "psv": null, "ref": "KPE", "service": null, "segregated": null, "sidewalk": null, "smoothness": null, "surface": "asphalt", "tracktype": null, "tunnel": "yes", "turn": null, "width": null, "id": 49331891.0, "timestamp": 1771091716.0, "version": 33.0, "tags": { "visible": false, "layer": "-2", "maxheight": "4.5", "name:ms": "Lebuhraya Kallang-Paya Lebar", "name:ta": "கலாங்-பாயலேபார் விரைவுச்சாலை", "name:zh": "加冷－巴耶利峇高速公路", "ref:ta": "கேபிஇ", "short_name:ta": "கேபிஇ", "source": "Older Bing images where construction visible", "wikidata": "Q1722056", "wikipedia": "en:Kallang–Paya Lebar Expressway" }, "osm_type": "way", "u": 366863756, "v": 369541209, "length": 82.947, "is_covered": 1, "is_synthesized": null, "length_m": 82.615909655820857 }, "geometry": { "type": "LineString", "coordinates": [ [ 103.8855368, 1.3308752 ], [ 103.8851741, 1.3302233 ] ] } },
{ "type": "Feature", "properties": { "access": null, "area": null, "bicycle": null, "bridge": null, "busway": null, "cycleway": null, "est_width": null, "foot": null, "footway": null, "highway": "motorway", "junction": null, "lanes": "3", "lit": "yes", "maxspeed": "70", "motorcar": null, "motor_vehicle": null, "name": "Kallang-Paya Lebar Expressway", "oneway": "yes", "oneway:bicycle": null, "psv": null, "ref": "KPE", "service": null, "segregated": null, "sidewalk": null, "smoothness": null, "surface": "asphalt", "tracktype": null, "tunnel": "yes", "turn": null, "width": null, "id": 49331891.0, "timestamp": 1771091716.0, "version": 33.0, "tags": { "visible": false, "layer": "-2", "maxheight": "4.5", "name:ms": "Lebuhraya Kallang-Paya Lebar", "name:ta": "கலாங்-பாயலேபார் விரைவுச்சாலை", "name:zh": "加冷－巴耶利峇高速公路", "ref:ta": "கேபிஇ", "short_name:ta": "கேபிஇ", "source": "Older Bing images where construction visible", "wikidata": "Q1722056", "wikipedia": "en:Kallang–Paya Lebar Expressway" }, "osm_type": "way", "u": 369541209, "v": 366863764, "length": 68.311, "is_covered": 1, "is_synthesized": null, "length_m": 67.96474298861726 }, "geometry": { "type": "LineString", "coordinates": [ [ 103.8851741, 1.3302233 ], [ 103.8850046, 1.3296328 ] ] } },
{ "type": "Feature", "properties": { "access": null, "area": null, "bicycle": null, "bridge": null, "busway": null, "cycleway": null, "est_width": null, "foot": null, "footway": null, "highway": "motorway", "junction": null, "lanes": "3", "lit": "yes", "maxspeed": "70", "motorcar": null, "motor_vehicle": null, "name": "Kallang-Paya Lebar Expressway", "oneway": "yes", "oneway:bicycle": null, "psv": null, "ref": "KPE", "service": null, "segregated": null, "sidewalk": null, "smoothness": null, "surface": "asphalt", "tracktype": null, "tunnel": "yes", "turn": null, "width": null, "id": 49331891.0, "timestamp": 1771091716.0, "version": 33.0, "tags": { "visible": false, "layer": "-2", "maxheight": "4.5", "name:ms": "Lebuhraya Kallang-Paya Lebar", "name:ta": "கலாங்-பாயலேபார் விரைவுச்சாலை", "name:zh": "加冷－巴耶利峇高速公路", "ref:ta": "கேபிஇ", "short_name:ta": "கேபிஇ", "source": "Older Bing images where construction visible", "wikidata": "Q1722056", "wikipedia": "en:Kallang–Paya Lebar Expressway" }, "osm_type": "way", "u": 366863764, "v": 369541028, "length": 130.658, "is_covered": 1, "is_synthesized": null, "length_m": 129.92991501961242 }, "geometry": { "type": "LineString", "coordinates": [ [ 103.8850046, 1.3296328 ], [ 103.8850226, 1.3284579 ] ] } },
{ "type": "Feature", "properties": { "access": null, "area": null, "bicycle": null, "bridge": null, "busway": null, "cycleway": null, "est_width": null, "foot": null, "footway": null, "highway": "motorway", "junction": null, "lanes": "3", "lit": "yes", "maxspeed": "70", "motorcar": null, "motor_vehicle": null, "name": "Kallang-Paya Lebar Expressway", "oneway": "yes", "oneway:bicycle": null, "psv": null, "ref": "KPE", "service": null, "segregated": null, "sidewalk": null, "smoothness": null, "surface": "asphalt", "tracktype": null, "tunnel": "yes", "turn": null, "width": null, "id": 49331891.0, "timestamp": 1771091716.0, "version": 33.0, "tags": { "visible": false, "layer": "-2", "maxheight": "4.5", "name:ms": "Lebuhraya Kallang-Paya Lebar", "name:ta": "கலாங்-பாயலேபார் விரைவுச்சாலை", "name:zh": "加冷－巴耶利峇高速公路", "ref:ta": "கேபிஇ", "short_name:ta": "கேபிஇ", "source": "Older Bing images where construction visible", "wikidata": "Q1722056", "wikipedia": "en:Kallang–Paya Lebar Expressway" }, "osm_type": "way", "u": 369541028, "v": 366863777, "length": 198.598, "is_covered": 1, "is_synthesized": null, "length_m": 197.49931010875179 }, "geometry": { "type": "LineString", "coordinates": [ [ 103.8850226, 1.3284579 ], [ 103.8848759, 1.3266779 ] ] } },
{ "type": "Feature", "properties": { "access": null, "area": null, "bicycle": null, "bridge": null, "busway": null, "cycleway": null, "est_width": null, "foot": "no", "footway": null, "highway": "trunk_link", "junction": null, "lanes": "1", "lit": null, "maxspeed": "50", "motorcar": null, "motor_vehicle": null, "name": null, "oneway": "yes", "oneway:bicycle": null, "psv": null, "ref": null, "service": null, "segregated": null, "sidewalk": null, "smoothness": null, "surface": null, "tracktype": null, "tunnel": null, "turn": null, "width": null, "id": 49834957.0, "timestamp": 1766410533.0, "version": 11.0, "tags": { "visible": false, "destination:street": "Bartley Road;Braddell Road", "sidewalk:both": "separate" }, "osm_type": "way", "u": 633167963, "v": 1794825324, "length": 21.678, "is_covered": 1, "is_synthesized": null, "length_m": 21.668907726798949 }, "geometry": { "type": "LineString", "coordinates": [ [ 103.885064, 1.340497 ], [ 103.8848931, 1.3405909 ] ] } },
{ "type": "Feature", "properties": { "access": null, "area": null, "bicycle": null, "bridge": null, "busway": null, "cycleway": null, "est_width": null, "foot": "no", "footway": null, "highway": "trunk_link", "junction": null, "lanes": "1", "lit": null, "maxspeed": "50", "motorcar": null, "motor_vehicle": null, "name": null, "oneway": "yes", "oneway:bicycle": null, "psv": null, "ref": null, "service": null, "segregated": null, "sidewalk": null, "smoothness": null, "surface": null, "tracktype": null, "tunnel": null, "turn": null, "width": null, "id": 49834957.0, "timestamp": 1766410533.0, "version": 11.0, "tags": { "visible": false, "destination:street": "Bartley Road;Braddell Road", "sidewalk:both": "separate" }, "osm_type": "way", "u": 1794825324, "v": 5235316825, "length": 4.521, "is_covered": 1, "is_synthesized": null, "length_m": 4.521100699893692 }, "geometry": { "type": "LineString", "coordinates": [ [ 103.8848931, 1.3405909 ], [ 103.8848558, 1.3406071 ] ] } },
{ "type": "Feature", "properties": { "access": null, "area": null, "bicycle": null, "bridge": null, "busway": null, "cycleway": null, "est_width": null, "foot": "no", "footway": null, "highway": "trunk_link", "junction": null, "lanes": "1", "lit": null, "maxspeed": "50", "motorcar": null, "motor_vehicle": null, "name": null, "oneway": "yes", "oneway:bicycle": null, "psv": null, "ref": null, "service": null, "segregated": null, "sidewalk": null, "smoothness": null, "surface": null, "tracktype": null, "tunnel": null, "turn": null, "width": null, "id": 49834957.0, "timestamp": 1766410533.0, "version": 11.0, "tags": { "visible": false, "destination:street": "Bartley Road;Braddell Road", "sidewalk:both": "separate" }, "osm_type": "way", "u": 5235316825, "v": 1794825325, "length": 16.948, "is_covered": 1, "is_synthesized": null, "length_m": 16.94865641265832 }, "geometry": { "type": "LineString", "coordinates": [ [ 103.8848558, 1.3406071 ], [ 103.884716, 1.3406679 ] ] } },
{ "type": "Feature", "properties": { "access": null, "area": null, "bicycle": null, "bridge": null, "busway": null, "cycleway": null, "est_width": null, "foot": "no", "footway": null, "highway": "trunk_link", "junction": null, "lanes": "1", "lit": null, "maxspeed": "50", "motorcar": null, "motor_vehicle": null, "name": null, "oneway": "yes", "oneway:bicycle": null, "psv": null, "ref": null, "service": null, "segregated": null, "sidewalk": null, "smoothness": null, "surface": null, "tracktype": null, "tunnel": null, "turn": null, "width": null, "id": 49834957.0, "timestamp": 1766410533.0, "version": 11.0, "tags": { "visible": false, "destination:street": "Bartley Road;Braddell Road", "sidewalk:both": "separate" }, "osm_type": "way", "u": 1794825325, "v": 4702371509, "length": 26.168, "is_covered": 1, "is_synthesized": null, "length_m": 26.191754100756608 }, "geometry": { "type": "LineString", "coordinates": [ [ 103.884716, 1.3406679 ], [ 103.8844841, 1.3407083 ] ] } },
{ "type": "Feature", "properties": { "access": null, "area": null, "bicycle": null, "bridge": null, "busway": null, "cycleway": null, "est_width": null, "foot": null, "footway": null, "highway": "trunk_link", "junction": null, "lanes": "2", "lit": null, "maxspeed": "50", "motorcar": null, "motor_vehicle": null, "name": null, "oneway": "yes", "oneway:bicycle": null, "psv": null, "ref": null, "service": null, "segregated": null, "sidewalk": null, "smoothness": null, "surface": null, "tracktype": null, "tunnel": null, "turn": null, "width": null, "id": 74553754.0, "timestamp": 1766410534.0, "version": 12.0, "tags": { "visible": false, "destination": "Bartley Road;Braddell Road", "sidewalk:left": "separate", "sidewalk:right": "no" }, "osm_type": "way", "u": 633167577, "v": 633167578, "length": 52.276, "is_covered": 1, "is_synthesized": null, "length_m": 52.276681594183792 }, "geometry": { "type": "LineString", "coordinates": [ [ 103.8834708, 1.3408935 ], [ 103.8830415, 1.3410854 ] ] } },
{ "type": "Feature", "properties": { "access": null, "area": null, "bicycle": null, "bridge": null, "busway": null, "cycleway": null, "est_width": null, "foot": null, "footway": null, "highway": "trunk_link", "junction": null, "lanes": "2", "lit": null, "maxspeed": "50", "motorcar": null, "motor_vehicle": null, "name": null, "oneway": "yes", "oneway:bicycle": null, "psv": null, "ref": null, "service": null, "segregated": null, "sidewalk": null, "smoothness": null, "surface": null, "tracktype": null, "tunnel": null, "turn": null, "width": null, "id": 74553754.0, "timestamp": 1766410534.0, "version": 12.0, "tags": { "visible": false, "destination": "Bartley Road;Braddell Road", "sidewalk:left": "separate", "sidewalk:right": "no" }, "osm_type": "way", "u": 633167578, "v": 1794783893, "length": 76.642, "is_covered": 1, "is_synthesized": null, "length_m": 76.603036425847833 }, "geometry": { "type": "LineString", "coordinates": [ [ 103.8830415, 1.3410854 ], [ 103.882442, 1.3414258 ] ] } },
{ "type": "Feature", "properties": { "access": null, "area": null, "bicycle": null, "bridge": null, "busway": null, "cycleway": null, "est_width": null, "foot": null, "footway": null, "highway": "trunk_link", "junction": null, "lanes": "2", "lit": null, "maxspeed": "50", "motorcar": null, "motor_vehicle": null, "name": null, "oneway": "yes", "oneway:bicycle": null, "psv": null, "ref": null, "service": null, "segregated": null, "sidewalk": null, "smoothness": null, "surface": null, "tracktype": null, "tunnel": null, "turn": null, "width": null, "id": 74553754.0, "timestamp": 1766410534.0, "version": 12.0, "tags": { "visible": false, "destination": "Bartley Road;Braddell Road", "sidewalk:left": "separate", "sidewalk:right": "no" }, "osm_type": "way", "u": 1794783893, "v": 7118503962, "length": 10.561, "is_covered": 1, "is_synthesized": null, "length_m": 10.554467024616688 }, "geometry": { "type": "LineString", "coordinates": [ [ 103.882442, 1.3414258 ], [ 103.8823602, 1.3414741 ] ] } },
{ "type": "Feature", "properties": { "access": null, "area": null, "bicycle": null, "bridge": null, "busway": null, "cycleway": null, "est_width": null, "foot": null, "footway": null, "highway": "trunk_link", "junction": null, "lanes": "2", "lit": null, "maxspeed": "50", "motorcar": null, "motor_vehicle": null, "name": null, "oneway": "yes", "oneway:bicycle": null, "psv": null, "ref": null, "service": null, "segregated": null, "sidewalk": null, "smoothness": null, "surface": null, "tracktype": null, "tunnel": null, "turn": null, "width": null, "id": 74553754.0, "timestamp": 1766410534.0, "version": 12.0, "tags": { "visible": false, "destination": "Bartley Road;Braddell Road", "sidewalk:left": "separate", "sidewalk:right": "no" }, "osm_type": "way", "u": 7118503962, "v": 7118503961, "length": 7.987, "is_covered": 1, "is_synthesized": null, "length_m": 7.9803046800142301 }, "geometry": { "type": "LineString", "coordinates": [ [ 103.8823602, 1.3414741 ], [ 103.8822998, 1.341513 ] ] } },
{ "type": "Feature", "properties": { "access": null, "area": null, "bicycle": null, "bridge": null, "busway": null, "cycleway": null, "est_width": null, "foot": null, "footway": null, "highway": "trunk_link", "junction": null, "lanes": "2", "lit": null, "maxspeed": "50", "motorcar": null, "motor_vehicle": null, "name": null, "oneway": "yes", "oneway:bicycle": null, "psv": null, "ref": null, "service": null, "segregated": null, "sidewalk": null, "smoothness": null, "surface": null, "tracktype": null, "tunnel": null, "turn": null, "width": null, "id": 74553754.0, "timestamp": 1766410534.0, "version": 12.0, "tags": { "visible": false, "destination": "Bartley Road;Braddell Road", "sidewalk:left": "separate", "sidewalk:right": "no" }, "osm_type": "way", "u": 7118503961, "v": 7118503960, "length": 3.845, "is_covered": 1, "is_synthesized": null, "length_m": 3.8365225683853121 }, "geometry": { "type": "LineString", "coordinates": [ [ 103.8822998, 1.341513 ], [ 103.882275, 1.3415371 ] ] } },
{ "type": "Feature", "properties": { "access": null, "area": null, "bicycle": null, "bridge": null, "busway": null, "cycleway": null, "est_width": null, "foot": null, "footway": null, "highway": "primary_link", "junction": null, "lanes": "1", "lit": null, "maxspeed": "50", "motorcar": null, "motor_vehicle": null, "name": "Upper Paya Lebar Road", "oneway": "yes", "oneway:bicycle": null, "psv": null, "ref": null, "service": null, "segregated": null, "sidewalk": null, "smoothness": null, "surface": "asphalt", "tracktype": null, "tunnel": null, "turn": null, "width": null, "id": 74769776.0, "timestamp": 1766409613.0, "version": 18.0, "tags": { "visible": false, "sidewalk:left": "separate", "sidewalk:right": "no" }, "osm_type": "way", "u": 370786886, "v": 7690986145, "length": 48.674, "is_covered": 1, "is_synthesized": null, "length_m": 48.448978790466491 }, "geometry": { "type": "LineString", "coordinates": [ [ 103.8879062, 1.3357437 ], [ 103.8877408, 1.336149 ] ] } },
{ "type": "Feature", "properties": { "access": null, "area": null, "bicycle": null, "bridge": null, "busway": null, "cycleway": null, "est_width": null, "foot": null, "footway": null, "highway": "primary_link", "junction": null, "lanes": "1", "lit": null, "maxspeed": "50", "motorcar": null, "motor_vehicle": null, "name": "Upper Paya Lebar Road", "oneway": "yes", "oneway:bicycle": null, "psv": null, "ref": null, "service": null, "segregated": null, "sidewalk": null, "smoothness": null, "surface": "asphalt", "tracktype": null, "tunnel": null, "turn": null, "width": null, "id": 74769776.0, "timestamp": 1766409613.0, "version": 18.0, "tags": { "visible": false, "sidewalk:left": "separate", "sidewalk:right": "no" }, "osm_type": "way", "u": 7690986145, "v": 1785006638, "length": 29.662, "is_covered": 1, "is_synthesized": null, "length_m": 29.531710357201 }, "geometry": { "type": "LineString", "coordinates": [ [ 103.8877408, 1.336149 ], [ 103.8876294, 1.3363914 ] ] } },
{ "type": "Feature", "properties": { "access": null, "area": null, "bicycle": null, "bridge": null, "busway": null, "cycleway": null, "est_width": null, "foot": null, "footway": null, "highway": "primary_link", "junction": null, "lanes": "1", "lit": null, "maxspeed": "50", "motorcar": null, "motor_vehicle": null, "name": "Upper Paya Lebar Road", "oneway": "yes", "oneway:bicycle": null, "psv": null, "ref": null, "service": null, "segregated": null, "sidewalk": null, "smoothness": null, "surface": "asphalt", "tracktype": null, "tunnel": null, "turn": null, "width": null, "id": 74769776.0, "timestamp": 1766409613.0, "version": 18.0, "tags": { "visible": false, "sidewalk:left": "separate", "sidewalk:right": "no" }, "osm_type": "way", "u": 1785006638, "v": 5698241038, "length": 31.49, "is_covered": 1, "is_synthesized": null, "length_m": 31.346252919004897 }, "geometry": { "type": "LineString", "coordinates": [ [ 103.8876294, 1.3363914 ], [ 103.8875197, 1.3366525 ] ] } },
{ "type": "Feature", "properties": { "access": null, "area": null, "bicycle": null, "bridge": null, "busway": null, "cycleway": null, "est_width": null, "foot": null, "footway": null, "highway": "primary_link", "junction": null, "lanes": "1", "lit": null, "maxspeed": "50", "motorcar": null, "motor_vehicle": null, "name": "Upper Paya Lebar Road", "oneway": "yes", "oneway:bicycle": null, "psv": null, "ref": null, "service": null, "segregated": null, "sidewalk": null, "smoothness": null, "surface": "asphalt", "tracktype": null, "tunnel": null, "turn": null, "width": null, "id": 74769776.0, "timestamp": 1766409613.0, "version": 18.0, "tags": { "visible": false, "sidewalk:left": "separate", "sidewalk:right": "no" }, "osm_type": "way", "u": 5698241038, "v": 1785006639, "length": 35.175, "is_covered": 1, "is_synthesized": null, "length_m": 35.020349270188746 }, "geometry": { "type": "LineString", "coordinates": [ [ 103.8875197, 1.3366525 ], [ 103.8873877, 1.33694 ] ] } },
{ "type": "Feature", "properties": { "access": null, "area": null, "bicycle": null, "bridge": null, "busway": null, "cycleway": null, "est_width": null, "foot": null, "footway": null, "highway": "primary_link", "junction": null, "lanes": "1", "lit": null, "maxspeed": "50", "motorcar": null, "motor_vehicle": null, "name": "Upper Paya Lebar Road", "oneway": "yes", "oneway:bicycle": null, "psv": null, "ref": null, "service": null, "segregated": null, "sidewalk": null, "smoothness": null, "surface": "asphalt", "tracktype": null, "tunnel": null, "turn": null, "width": null, "id": 74769776.0, "timestamp": 1766409613.0, "version": 18.0, "tags": { "visible": false, "sidewalk:left": "separate", "sidewalk:right": "no" }, "osm_type": "way", "u": 1785006639, "v": 5698241057, "length": 17.789, "is_covered": 1, "is_synthesized": null, "length_m": 17.696650116779022 }, "geometry": { "type": "LineString", "coordinates": [ [ 103.8873877, 1.33694 ], [ 103.8873481, 1.337095 ] ] } },
{ "type": "Feature", "properties": { "access": null, "area": null, "bicycle": "designated", "bridge": null, "busway": null, "cycleway": null, "est_width": null, "foot": "designated", "footway": null, "highway": "cycleway", "junction": null, "lanes": null, "lit": "yes", "maxspeed": null, "motorcar": null, "motor_vehicle": null, "name": "North Boat Quay", "oneway": "no", "oneway:bicycle": null, "psv": null, "ref": null, "service": null, "segregated": "no", "sidewalk": null, "smoothness": null, "surface": "paving_stones", "tracktype": null, "tunnel": "yes", "turn": null, "width": null, "id": 106086881.0, "timestamp": 1783160466.0, "version": 15.0, "tags": { "visible": false, "layer": "-1", "name:en": "North Boat Quay", "name:zh": "驳船北码头" }, "osm_type": "way", "u": 1221408553, "v": 10875002192, "length": 23.092, "is_covered": 1, "is_synthesized": null, "length_m": 23.070774944307413 }, "geometry": { "type": "LineString", "coordinates": [ [ 103.8495608, 1.2892434 ], [ 103.8493877, 1.2893582 ] ] } },
{ "type": "Feature", "properties": { "access": null, "area": null, "bicycle": "designated", "bridge": null, "busway": null, "cycleway": null, "est_width": null, "foot": "designated", "footway": null, "highway": "cycleway", "junction": null, "lanes": null, "lit": "yes", "maxspeed": null, "motorcar": null, "motor_vehicle": null, "name": "North Boat Quay", "oneway": "no", "oneway:bicycle": null, "psv": null, "ref": null, "service": null, "segregated": "no", "sidewalk": null, "smoothness": null, "surface": "paving_stones", "tracktype": null, "tunnel": "yes", "turn": null, "width": null, "id": 106086881.0, "timestamp": 1783160466.0, "version": 15.0, "tags": { "visible": false, "layer": "-1", "name:en": "North Boat Quay", "name:zh": "驳船北码头" }, "osm_type": "way", "u": 10875002192, "v": 1221408534, "length": 5.452, "is_covered": 1, "is_synthesized": null, "length_m": 5.4465548768470358 }, "geometry": { "type": "LineString", "coordinates": [ [ 103.8493877, 1.2893582 ], [ 103.8493473, 1.289386 ] ] } },
{ "type": "Feature", "properties": { "access": null, "area": null, "bicycle": "designated", "bridge": null, "busway": null, "cycleway": null, "est_width": null, "foot": "designated", "footway": null, "highway": "cycleway", "junction": null, "lanes": null, "lit": "yes", "maxspeed": null, "motorcar": null, "motor_vehicle": null, "name": "North Boat Quay", "oneway": "no", "oneway:bicycle": null, "psv": null, "ref": null, "service": null, "segregated": "no", "sidewalk": null, "smoothness": "excellent", "surface": "paving_stones", "tracktype": null, "tunnel": "yes", "turn": null, "width": null, "id": 106086898.0, "timestamp": 1783160466.0, "version": 10.0, "tags": { "visible": false, "layer": "-1", "name:en": "North Boat Quay", "name:zh": "驳船北码头" }, "osm_type": "way", "u": 544953470, "v": 544953474, "length": 35.641, "is_covered": 1, "is_synthesized": null, "length_m": 35.55416802254053 }, "geometry": { "type": "LineString", "coordinates": [ [ 103.852518, 1.287441 ], [ 103.852737, 1.2876751 ] ] } },
{ "type": "Feature", "properties": { "access": null, "area": null, "bicycle": "no", "bridge": null, "busway": null, "cycleway": null, "est_width": null, "foot": "no", "footway": null, "highway": "primary_link", "junction": null, "lanes": "1", "lit": null, "maxspeed": "50", "motorcar": null, "motor_vehicle": null, "name": "Woodsville Tunnel", "oneway": "yes", "oneway:bicycle": null, "psv": null, "ref": null, "service": null, "segregated": null, "sidewalk": null, "smoothness": null, "surface": "asphalt", "tracktype": null, "tunnel": "yes", "turn": null, "width": null, "id": 139715164.0, "timestamp": 1730280191.0, "version": 12.0, "tags": { "visible": false, "horse": "no", "layer": "-1", "maxheight": "4.5", "name:en": "Woodsville Tunnel", "name:ms": "Terowong Woodsville", "name:zh": "兀士维隧道", "tunnel:name": "Woodsville Tunnel" }, "osm_type": "way", "u": 1531151926, "v": 1531151940, "length": 26.38, "is_covered": 1, "is_synthesized": null, "length_m": 26.376518562799134 }, "geometry": { "type": "LineString", "coordinates": [ [ 103.8691735, 1.3280731 ], [ 103.8689593, 1.327971 ] ] } },
{ "type": "Feature", "properties": { "access": null, "area": null, "bicycle": "no", "bridge": null, "busway": null, "cycleway": null, "est_width": null, "foot": "no", "footway": null, "highway": "primary_link", "junction": null, "lanes": "1", "lit": null, "maxspeed": "50", "motorcar": null, "motor_vehicle": null, "name": "Woodsville Tunnel", "oneway": "yes", "oneway:bicycle": null, "psv": null, "ref": null, "service": null, "segregated": null, "sidewalk": null, "smoothness": null, "surface": "asphalt", "tracktype": null, "tunnel": "yes", "turn": null, "width": null, "id": 139715164.0, "timestamp": 1730280191.0, "version": 12.0, "tags": { "visible": false, "horse": "no", "layer": "-1", "maxheight": "4.5", "name:en": "Woodsville Tunnel", "name:ms": "Terowong Woodsville", "name:zh": "兀士维隧道", "tunnel:name": "Woodsville Tunnel" }, "osm_type": "way", "u": 1531151940, "v": 1531151896, "length": 18.866, "is_covered": 1, "is_synthesized": null, "length_m": 18.851023426456813 }, "geometry": { "type": "LineString", "coordinates": [ [ 103.8689593, 1.327971 ], [ 103.868816, 1.3278801 ] ] } },
{ "type": "Feature", "properties": { "access": null, "area": null, "bicycle": "no", "bridge": null, "busway": null, "cycleway": null, "est_width": null, "foot": "no", "footway": null, "highway": "primary_link", "junction": null, "lanes": "1", "lit": null, "maxspeed": "50", "motorcar": null, "motor_vehicle": null, "name": "Woodsville Tunnel", "oneway": "yes", "oneway:bicycle": null, "psv": null, "ref": null, "service": null, "segregated": null, "sidewalk": null, "smoothness": null, "surface": "asphalt", "tracktype": null, "tunnel": "yes", "turn": null, "width": null, "id": 139715164.0, "timestamp": 1730280191.0, "version": 12.0, "tags": { "visible": false, "horse": "no", "layer": "-1", "maxheight": "4.5", "name:en": "Woodsville Tunnel", "name:ms": "Terowong Woodsville", "name:zh": "兀士维隧道", "tunnel:name": "Woodsville Tunnel" }, "osm_type": "way", "u": 1531151896, "v": 1531151934, "length": 22.813, "is_covered": 1, "is_synthesized": null, "length_m": 22.780924010940499 }, "geometry": { "type": "LineString", "coordinates": [ [ 103.868816, 1.3278801 ], [ 103.8686542, 1.3277539 ] ] } },
{ "type": "Feature", "properties": { "access": null, "area": null, "bicycle": "no", "bridge": null, "busway": null, "cycleway": null, "est_width": null, "foot": "no", "footway": null, "highway": "primary_link", "junction": null, "lanes": "1", "lit": null, "maxspeed": "50", "motorcar": null, "motor_vehicle": null, "name": "Woodsville Tunnel", "oneway": "yes", "oneway:bicycle": null, "psv": null, "ref": null, "service": null, "segregated": null, "sidewalk": null, "smoothness": null, "surface": "asphalt", "tracktype": null, "tunnel": "yes", "turn": null, "width": null, "id": 139715164.0, "timestamp": 1730280191.0, "version": 12.0, "tags": { "visible": false, "horse": "no", "layer": "-1", "maxheight": "4.5", "name:en": "Woodsville Tunnel", "name:ms": "Terowong Woodsville", "name:zh": "兀士维隧道", "tunnel:name": "Woodsville Tunnel" }, "osm_type": "way", "u": 1531151934, "v": 1531151936, "length": 15.309, "is_covered": 1, "is_synthesized": null, "length_m": 15.271509174786203 }, "geometry": { "type": "LineString", "coordinates": [ [ 103.8686542, 1.3277539 ], [ 103.8685605, 1.327653 ] ] } },
{ "type": "Feature", "properties": { "access": null, "area": null, "bicycle": "no", "bridge": null, "busway": null, "cycleway": null, "est_width": null, "foot": "no", "footway": null, "highway": "primary_link", "junction": null, "lanes": "1", "lit": null, "maxspeed": "50", "motorcar": null, "motor_vehicle": null, "name": "Woodsville Tunnel", "oneway": "yes", "oneway:bicycle": null, "psv": null, "ref": null, "service": null, "segregated": null, "sidewalk": null, "smoothness": null, "surface": "asphalt", "tracktype": null, "tunnel": "yes", "turn": null, "width": null, "id": 139715164.0, "timestamp": 1730280191.0, "version": 12.0, "tags": { "visible": false, "horse": "no", "layer": "-1", "maxheight": "4.5", "name:en": "Woodsville Tunnel", "name:ms": "Terowong Woodsville", "name:zh": "兀士维隧道", "tunnel:name": "Woodsville Tunnel" }, "osm_type": "way", "u": 1531151936, "v": 1531151928, "length": 29.485, "is_covered": 1, "is_synthesized": null, "length_m": 29.378504642078532 }, "geometry": { "type": "LineString", "coordinates": [ [ 103.8685605, 1.327653 ], [ 103.8684173, 1.3274298 ] ] } },
{ "type": "Feature", "properties": { "access": null, "area": null, "bicycle": "no", "bridge": null, "busway": null, "cycleway": null, "est_width": null, "foot": "no", "footway": null, "highway": "primary_link", "junction": null, "lanes": "1", "lit": null, "maxspeed": "50", "motorcar": null, "motor_vehicle": null, "name": "Woodsville Tunnel", "oneway": "yes", "oneway:bicycle": null, "psv": null, "ref": null, "service": null, "segregated": null, "sidewalk": null, "smoothness": null, "surface": "asphalt", "tracktype": null, "tunnel": "yes", "turn": null, "width": null, "id": 139715164.0, "timestamp": 1730280191.0, "version": 12.0, "tags": { "visible": false, "horse": "no", "layer": "-1", "maxheight": "4.5", "name:en": "Woodsville Tunnel", "name:ms": "Terowong Woodsville", "name:zh": "兀士维隧道", "tunnel:name": "Woodsville Tunnel" }, "osm_type": "way", "u": 1531151928, "v": 1531151933, "length": 54.306, "is_covered": 1, "is_synthesized": null, "length_m": 54.080009521405437 }, "geometry": { "type": "LineString", "coordinates": [ [ 103.8684173, 1.3274298 ], [ 103.8681925, 1.3269962 ] ] } },
{ "type": "Feature", "properties": { "access": null, "area": null, "bicycle": "no", "bridge": null, "busway": null, "cycleway": null, "est_width": null, "foot": "no", "footway": null, "highway": "primary", "junction": null, "lanes": "2", "lit": null, "maxspeed": "50", "motorcar": null, "motor_vehicle": null, "name": "Woodsville Tunnel", "oneway": "yes", "oneway:bicycle": null, "psv": null, "ref": null, "service": null, "segregated": null, "sidewalk": null, "smoothness": null, "surface": "asphalt", "tracktype": null, "tunnel": "yes", "turn": null, "width": null, "id": 139715167.0, "timestamp": 1779378930.0, "version": 15.0, "tags": { "visible": false, "horse": "no", "layer": "-1", "maxheight": "4.5", "name:en": "Woodsville Tunnel", "name:ms": "Terowong Woodsville", "name:zh": "兀士维隧道", "tunnel:name": "Woodsville Tunnel" }, "osm_type": "way", "u": 1531151912, "v": 1531151909, "length": 16.686, "is_covered": 1, "is_synthesized": null, "length_m": 16.643670717442703 }, "geometry": { "type": "LineString", "coordinates": [ [ 103.8674755, 1.3268945 ], [ 103.8675764, 1.3270056 ] ] } },
{ "type": "Feature", "properties": { "access": null, "area": null, "bicycle": "no", "bridge": null, "busway": null, "cycleway": null, "est_width": null, "foot": "no", "footway": null, "highway": "primary", "junction": null, "lanes": "2", "lit": null, "maxspeed": "50", "motorcar": null, "motor_vehicle": null, "name": "Woodsville Tunnel", "oneway": "yes", "oneway:bicycle": null, "psv": null, "ref": null, "service": null, "segregated": null, "sidewalk": null, "smoothness": null, "surface": "asphalt", "tracktype": null, "tunnel": "yes", "turn": null, "width": null, "id": 139715167.0, "timestamp": 1779378930.0, "version": 15.0, "tags": { "visible": false, "horse": "no", "layer": "-1", "maxheight": "4.5", "name:en": "Woodsville Tunnel", "name:ms": "Terowong Woodsville", "name:zh": "兀士维隧道", "tunnel:name": "Woodsville Tunnel" }, "osm_type": "way", "u": 1531151909, "v": 1531151908, "length": 67.608, "is_covered": 1, "is_synthesized": null, "length_m": 67.399525843273381 }, "geometry": { "type": "LineString", "coordinates": [ [ 103.8675764, 1.3270056 ], [ 103.8679466, 1.327488 ] ] } },
{ "type": "Feature", "properties": { "access": null, "area": null, "bicycle": "no", "bridge": null, "busway": null, "cycleway": null, "est_width": null, "foot": "no", "footway": null, "highway": "primary", "junction": null, "lanes": "2", "lit": null, "maxspeed": "50", "motorcar": null, "motor_vehicle": null, "name": "Woodsville Tunnel", "oneway": "yes", "oneway:bicycle": null, "psv": null, "ref": null, "service": null, "segregated": null, "sidewalk": null, "smoothness": null, "surface": "asphalt", "tracktype": null, "tunnel": "yes", "turn": null, "width": null, "id": 139715167.0, "timestamp": 1779378930.0, "version": 15.0, "tags": { "visible": false, "horse": "no", "layer": "-1", "maxheight": "4.5", "name:en": "Woodsville Tunnel", "name:ms": "Terowong Woodsville", "name:zh": "兀士维隧道", "tunnel:name": "Woodsville Tunnel" }, "osm_type": "way", "u": 1531151908, "v": 13858064793, "length": 36.67, "is_covered": 1, "is_synthesized": null, "length_m": 36.532203208454305 }, "geometry": { "type": "LineString", "coordinates": [ [ 103.8679466, 1.327488 ], [ 103.8681186, 1.3277694 ] ] } },
{ "type": "Feature", "properties": { "access": null, "area": null, "bicycle": "no", "bridge": null, "busway": null, "cycleway": null, "est_width": null, "foot": "no", "footway": null, "highway": "primary", "junction": null, "lanes": "2", "lit": null, "maxspeed": "50", "motorcar": null, "motor_vehicle": null, "name": "Woodsville Tunnel", "oneway": "yes", "oneway:bicycle": null, "psv": null, "ref": null, "service": null, "segregated": null, "sidewalk": null, "smoothness": null, "surface": "asphalt", "tracktype": null, "tunnel": "yes", "turn": null, "width": null, "id": 139715167.0, "timestamp": 1779378930.0, "version": 15.0, "tags": { "visible": false, "horse": "no", "layer": "-1", "maxheight": "4.5", "name:en": "Woodsville Tunnel", "name:ms": "Terowong Woodsville", "name:zh": "兀士维隧道", "tunnel:name": "Woodsville Tunnel" }, "osm_type": "way", "u": 13858064793, "v": 1531151930, "length": 65.911, "is_covered": 1, "is_synthesized": null, "length_m": 65.598633911841219 }, "geometry": { "type": "LineString", "coordinates": [ [ 103.8681186, 1.3277694 ], [ 103.8683284, 1.3283238 ] ] } },
{ "type": "Feature", "properties": { "access": null, "area": null, "bicycle": "no", "bridge": null, "busway": null, "cycleway": null, "est_width": null, "foot": "no", "footway": null, "highway": "primary", "junction": null, "lanes": "2", "lit": null, "maxspeed": "50", "motorcar": null, "motor_vehicle": null, "name": "Woodsville Tunnel", "oneway": "yes", "oneway:bicycle": null, "psv": null, "ref": null, "service": null, "segregated": null, "sidewalk": null, "smoothness": null, "surface": "asphalt", "tracktype": null, "tunnel": "yes", "turn": null, "width": null, "id": 139715167.0, "timestamp": 1779378930.0, "version": 15.0, "tags": { "visible": false, "horse": "no", "layer": "-1", "maxheight": "4.5", "name:en": "Woodsville Tunnel", "name:ms": "Terowong Woodsville", "name:zh": "兀士维隧道", "tunnel:name": "Woodsville Tunnel" }, "osm_type": "way", "u": 1531151930, "v": 1531151942, "length": 71.189, "is_covered": 1, "is_synthesized": null, "length_m": 70.832079158959033 }, "geometry": { "type": "LineString", "coordinates": [ [ 103.8683284, 1.3283238 ], [ 103.8685138, 1.3289366 ] ] } },
{ "type": "Feature", "properties": { "access": null, "area": null, "bicycle": "no", "bridge": null, "busway": null, "cycleway": null, "est_width": null, "foot": "no", "footway": null, "highway": "primary", "junction": null, "lanes": "2", "lit": null, "maxspeed": "60", "motorcar": null, "motor_vehicle": null, "name": "Woodsville Tunnel", "oneway": "yes", "oneway:bicycle": null, "psv": null, "ref": null, "service": null, "segregated": null, "sidewalk": null, "smoothness": null, "surface": "asphalt", "tracktype": null, "tunnel": "yes", "turn": null, "width": null, "id": 139715169.0, "timestamp": 1730280191.0, "version": 13.0, "tags": { "visible": false, "layer": "-1", "maxheight": "4.5", "name:en": "Woodsville Tunnel", "name:ms": "Terowong Woodsville", "name:zh": "兀士维隧道", "tunnel:name": "Woodsville Tunnel" }, "osm_type": "way", "u": 1531151945, "v": 1531151910, "length": 90.899, "is_covered": 1, "is_synthesized": null, "length_m": 90.412368533616117 }, "geometry": { "type": "LineString", "coordinates": [ [ 103.8685995, 1.328948 ], [ 103.8684511, 1.3281441 ] ] } },
{ "type": "Feature", "properties": { "access": null, "area": null, "bicycle": "no", "bridge": null, "busway": null, "cycleway": null, "est_width": null, "foot": "no", "footway": null, "highway": "primary", "junction": null, "lanes": "2", "lit": null, "maxspeed": "60", "motorcar": null, "motor_vehicle": null, "name": "Woodsville Tunnel", "oneway": "yes", "oneway:bicycle": null, "psv": null, "ref": null, "service": null, "segregated": null, "sidewalk": null, "smoothness": null, "surface": "asphalt", "tracktype": null, "tunnel": "yes", "turn": null, "width": null, "id": 139715169.0, "timestamp": 1730280191.0, "version": 13.0, "tags": { "visible": false, "layer": "-1", "maxheight": "4.5", "name:en": "Woodsville Tunnel", "name:ms": "Terowong Woodsville", "name:zh": "兀士维隧道", "tunnel:name": "Woodsville Tunnel" }, "osm_type": "way", "u": 1531151910, "v": 1531151931, "length": 49.421, "is_covered": 1, "is_synthesized": null, "length_m": 49.165745671595133 }, "geometry": { "type": "LineString", "coordinates": [ [ 103.8684511, 1.3281441 ], [ 103.8683402, 1.3277137 ] ] } },
{ "type": "Feature", "properties": { "access": null, "area": null, "bicycle": "no", "bridge": null, "busway": null, "cycleway": null, "est_width": null, "foot": "no", "footway": null, "highway": "primary", "junction": null, "lanes": "2", "lit": null, "maxspeed": "60", "motorcar": null, "motor_vehicle": null, "name": "Woodsville Tunnel", "oneway": "yes", "oneway:bicycle": null, "psv": null, "ref": null, "service": null, "segregated": null, "sidewalk": null, "smoothness": null, "surface": "asphalt", "tracktype": null, "tunnel": "yes", "turn": null, "width": null, "id": 139715169.0, "timestamp": 1730280191.0, "version": 13.0, "tags": { "visible": false, "layer": "-1", "maxheight": "4.5", "name:en": "Woodsville Tunnel", "name:ms": "Terowong Woodsville", "name:zh": "兀士维隧道", "tunnel:name": "Woodsville Tunnel" }, "osm_type": "way", "u": 1531151931, "v": 1531151933, "length": 81.454, "is_covered": 1, "is_synthesized": null, "length_m": 81.022393692209675 }, "geometry": { "type": "LineString", "coordinates": [ [ 103.8683402, 1.3277137 ], [ 103.8681925, 1.3269962 ] ] } },
{ "type": "Feature", "properties": { "access": null, "area": null, "bicycle": null, "bridge": null, "busway": null, "cycleway": null, "est_width": null, "foot": null, "footway": null, "highway": "proposed", "junction": null, "lanes": null, "lit": null, "maxspeed": null, "motorcar": null, "motor_vehicle": null, "name": null, "oneway": "yes", "oneway:bicycle": null, "psv": null, "ref": null, "service": null, "segregated": null, "sidewalk": null, "smoothness": null, "surface": null, "tracktype": null, "tunnel": "yes", "turn": null, "width": null, "id": 140398099.0, "timestamp": 1447638399.0, "version": 6.0, "tags": { "visible": false, "layer": "-2", "proposed": "motorway_link" }, "osm_type": "way", "u": 1538307157, "v": 3838321188, "length": 92.209, "is_covered": 1, "is_synthesized": null, "length_m": 91.881751733912722 }, "geometry": { "type": "LineString", "coordinates": [ [ 103.8544291, 1.3022894 ], [ 103.8539737, 1.3029825 ] ] } },
{ "type": "Feature", "properties": { "access": null, "area": null, "bicycle": null, "bridge": null, "busway": null, "cycleway": null, "est_width": null, "foot": null, "footway": null, "highway": "proposed", "junction": null, "lanes": null, "lit": null, "maxspeed": null, "motorcar": null, "motor_vehicle": null, "name": null, "oneway": "yes", "oneway:bicycle": null, "psv": null, "ref": null, "service": null, "segregated": null, "sidewalk": null, "smoothness": null, "surface": null, "tracktype": null, "tunnel": "yes", "turn": null, "width": null, "id": 140398110.0, "timestamp": 1342639738.0, "version": 5.0, "tags": { "visible": false, "layer": "-2", "note": "Still proposed/under construction! Please remove construction on the day it is opened!", "proposed": "motorway_link" }, "osm_type": "way", "u": 1538307271, "v": 1538307375, "length": 45.428, "is_covered": 1, "is_synthesized": null, "length_m": 45.330310449474972 }, "geometry": { "type": "LineString", "coordinates": [ [ 103.8583663, 1.296754 ], [ 103.8586586, 1.2970395 ] ] } },
{ "type": "Feature", "properties": { "access": null, "area": null, "bicycle": null, "bridge": null, "busway": null, "cycleway": null, "est_width": null, "foot": null, "footway": null, "highway": "proposed", "junction": null, "lanes": null, "lit": null, "maxspeed": null, "motorcar": null, "motor_vehicle": null, "name": null, "oneway": "yes", "oneway:bicycle": null, "psv": null, "ref": null, "service": null, "segregated": null, "sidewalk": null, "smoothness": null, "surface": null, "tracktype": null, "tunnel": "yes", "turn": null, "width": null, "id": 140398110.0, "timestamp": 1342639738.0, "version": 5.0, "tags": { "visible": false, "layer": "-2", "note": "Still proposed/under construction! Please remove construction on the day it is opened!", "proposed": "motorway_link" }, "osm_type": "way", "u": 1538307375, "v": 1538307119, "length": 30.974, "is_covered": 1, "is_synthesized": null, "length_m": 30.927230901383354 }, "geometry": { "type": "LineString", "coordinates": [ [ 103.8586586, 1.2970395 ], [ 103.8588753, 1.2972146 ] ] } },
{ "type": "Feature", "properties": { "access": null, "area": null, "bicycle": null, "bridge": null, "busway": null, "cycleway": null, "est_width": null, "foot": null, "footway": null, "highway": "proposed", "junction": null, "lanes": null, "lit": null, "maxspeed": null, "motorcar": null, "motor_vehicle": null, "name": null, "oneway": "yes", "oneway:bicycle": null, "psv": null, "ref": null, "service": null, "segregated": null, "sidewalk": null, "smoothness": null, "surface": null, "tracktype": null, "tunnel": "yes", "turn": null, "width": null, "id": 140398110.0, "timestamp": 1342639738.0, "version": 5.0, "tags": { "visible": false, "layer": "-2", "note": "Still proposed/under construction! Please remove construction on the day it is opened!", "proposed": "motorway_link" }, "osm_type": "way", "u": 1538307119, "v": 1538307124, "length": 32.587, "is_covered": 1, "is_synthesized": null, "length_m": 32.540380976201781 }, "geometry": { "type": "LineString", "coordinates": [ [ 103.8588753, 1.2972146 ], [ 103.859106, 1.2973954 ] ] } },
{ "type": "Feature", "properties": { "access": null, "area": null, "bicycle": null, "bridge": null, "busway": null, "cycleway": null, "est_width": null, "foot": null, "footway": null, "highway": "proposed", "junction": null, "lanes": null, "lit": null, "maxspeed": null, "motorcar": null, "motor_vehicle": null, "name": null, "oneway": "yes", "oneway:bicycle": null, "psv": null, "ref": null, "service": null, "segregated": null, "sidewalk": null, "smoothness": null, "surface": null, "tracktype": null, "tunnel": "yes", "turn": null, "width": null, "id": 140398110.0, "timestamp": 1342639738.0, "version": 5.0, "tags": { "visible": false, "layer": "-2", "note": "Still proposed/under construction! Please remove construction on the day it is opened!", "proposed": "motorway_link" }, "osm_type": "way", "u": 1538307124, "v": 1538307261, "length": 38.044, "is_covered": 1, "is_synthesized": null, "length_m": 38.032513482074229 }, "geometry": { "type": "LineString", "coordinates": [ [ 103.859106, 1.2973954 ], [ 103.8594096, 1.2975533 ] ] } },
{ "type": "Feature", "properties": { "access": null, "area": null, "bicycle": null, "bridge": null, "busway": null, "cycleway": null, "est_width": null, "foot": null, "footway": null, "highway": "proposed", "junction": null, "lanes": null, "lit": null, "maxspeed": null, "motorcar": null, "motor_vehicle": null, "name": null, "oneway": "yes", "oneway:bicycle": null, "psv": null, "ref": null, "service": null, "segregated": null, "sidewalk": null, "smoothness": null, "surface": null, "tracktype": null, "tunnel": "yes", "turn": null, "width": null, "id": 140398110.0, "timestamp": 1342639738.0, "version": 5.0, "tags": { "visible": false, "layer": "-2", "note": "Still proposed/under construction! Please remove construction on the day it is opened!", "proposed": "motorway_link" }, "osm_type": "way", "u": 1538307261, "v": 1538307233, "length": 32.231, "is_covered": 1, "is_synthesized": null, "length_m": 32.239286519230575 }, "geometry": { "type": "LineString", "coordinates": [ [ 103.8594096, 1.2975533 ], [ 103.85968, 1.2976579 ] ] } },
{ "type": "Feature", "properties": { "access": null, "area": null, "bicycle": null, "bridge": null, "busway": null, "cycleway": null, "est_width": null, "foot": null, "footway": null, "highway": "proposed", "junction": null, "lanes": null, "lit": null, "maxspeed": null, "motorcar": null, "motor_vehicle": null, "name": null, "oneway": "yes", "oneway:bicycle": null, "psv": null, "ref": null, "service": null, "segregated": null, "sidewalk": null, "smoothness": null, "surface": null, "tracktype": null, "tunnel": "yes", "turn": null, "width": null, "id": 140398110.0, "timestamp": 1342639738.0, "version": 5.0, "tags": { "visible": false, "layer": "-2", "note": "Still proposed/under construction! Please remove construction on the day it is opened!", "proposed": "motorway_link" }, "osm_type": "way", "u": 1538307233, "v": 1538307229, "length": 37.613, "is_covered": 1, "is_synthesized": null, "length_m": 37.620995224983332 }, "geometry": { "type": "LineString", "coordinates": [ [ 103.85968, 1.2976579 ], [ 103.8599944, 1.2977829 ] ] } },
{ "type": "Feature", "properties": { "access": null, "area": null, "bicycle": null, "bridge": null, "busway": null, "cycleway": null, "est_width": null, "foot": null, "footway": null, "highway": "proposed", "junction": null, "lanes": null, "lit": null, "maxspeed": null, "motorcar": null, "motor_vehicle": null, "name": null, "oneway": "yes", "oneway:bicycle": null, "psv": null, "ref": null, "service": null, "segregated": null, "sidewalk": null, "smoothness": null, "surface": null, "tracktype": null, "tunnel": "yes", "turn": null, "width": null, "id": 140398110.0, "timestamp": 1342639738.0, "version": 5.0, "tags": { "visible": false, "layer": "-2", "note": "Still proposed/under construction! Please remove construction on the day it is opened!", "proposed": "motorway_link" }, "osm_type": "way", "u": 1538307229, "v": 1538307494, "length": 33.384, "is_covered": 1, "is_synthesized": null, "length_m": 33.342061031835129 }, "geometry": { "type": "LineString", "coordinates": [ [ 103.8599944, 1.2977829 ], [ 103.8602352, 1.2979623 ] ] } },
{ "type": "Feature", "properties": { "access": null, "area": null, "bicycle": null, "bridge": null, "busway": null, "cycleway": null, "est_width": null, "foot": null, "footway": null, "highway": "proposed", "junction": null, "lanes": null, "lit": null, "maxspeed": null, "motorcar": null, "motor_vehicle": null, "name": null, "oneway": "yes", "oneway:bicycle": null, "psv": null, "ref": null, "service": null, "segregated": null, "sidewalk": null, "smoothness": null, "surface": null, "tracktype": null, "tunnel": "yes", "turn": null, "width": null, "id": 140398110.0, "timestamp": 1342639738.0, "version": 5.0, "tags": { "visible": false, "layer": "-2", "note": "Still proposed/under construction! Please remove construction on the day it is opened!", "proposed": "motorway_link" }, "osm_type": "way", "u": 1538307494, "v": 1538307456, "length": 25.187, "is_covered": 1, "is_synthesized": null, "length_m": 25.072026414517897 }, "geometry": { "type": "LineString", "coordinates": [ [ 103.8602352, 1.2979623 ], [ 103.8603235, 1.2981709 ] ] } },
{ "type": "Feature", "properties": { "access": null, "area": null, "bicycle": null, "bridge": null, "busway": null, "cycleway": null, "est_width": null, "foot": null, "footway": null, "highway": "proposed", "junction": null, "lanes": null, "lit": null, "maxspeed": null, "motorcar": null, "motor_vehicle": null, "name": null, "oneway": "yes", "oneway:bicycle": null, "psv": null, "ref": null, "service": null, "segregated": null, "sidewalk": null, "smoothness": null, "surface": null, "tracktype": null, "tunnel": "yes", "turn": null, "width": null, "id": 140398110.0, "timestamp": 1342639738.0, "version": 5.0, "tags": { "visible": false, "layer": "-2", "note": "Still proposed/under construction! Please remove construction on the day it is opened!", "proposed": "motorway_link" }, "osm_type": "way", "u": 1538307456, "v": 1538307347, "length": 16.491, "is_covered": 1, "is_synthesized": null, "length_m": 16.398991645492856 }, "geometry": { "type": "LineString", "coordinates": [ [ 103.8603235, 1.2981709 ], [ 103.8603221, 1.2983192 ] ] } },
{ "type": "Feature", "properties": { "access": null, "area": null, "bicycle": null, "bridge": null, "busway": null, "cycleway": null, "est_width": null, "foot": null, "footway": null, "highway": "proposed", "junction": null, "lanes": null, "lit": null, "maxspeed": null, "motorcar": null, "motor_vehicle": null, "name": null, "oneway": "yes", "oneway:bicycle": null, "psv": null, "ref": null, "service": null, "segregated": null, "sidewalk": null, "smoothness": null, "surface": null, "tracktype": null, "tunnel": "yes", "turn": null, "width": null, "id": 140398110.0, "timestamp": 1342639738.0, "version": 5.0, "tags": { "visible": false, "layer": "-2", "note": "Still proposed/under construction! Please remove construction on the day it is opened!", "proposed": "motorway_link" }, "osm_type": "way", "u": 1538307347, "v": 1538307208, "length": 26.198, "is_covered": 1, "is_synthesized": null, "length_m": 26.077108218189991 }, "geometry": { "type": "LineString", "coordinates": [ [ 103.8603221, 1.2983192 ], [ 103.860232, 1.2985369 ] ] } },
{ "type": "Feature", "properties": { "access": null, "area": null, "bicycle": null, "bridge": null, "busway": null, "cycleway": null, "est_width": null, "foot": null, "footway": null, "highway": "proposed", "junction": null, "lanes": null, "lit": null, "maxspeed": null, "motorcar": null, "motor_vehicle": null, "name": null, "oneway": "yes", "oneway:bicycle": null, "psv": null, "ref": null, "service": null, "segregated": null, "sidewalk": null, "smoothness": null, "surface": null, "tracktype": null, "tunnel": "yes", "turn": null, "width": null, "id": 140398110.0, "timestamp": 1342639738.0, "version": 5.0, "tags": { "visible": false, "layer": "-2", "note": "Still proposed/under construction! Please remove construction on the day it is opened!", "proposed": "motorway_link" }, "osm_type": "way", "u": 1538307208, "v": 1538307102, "length": 44.918, "is_covered": 1, "is_synthesized": null, "length_m": 44.722570239390919 }, "geometry": { "type": "LineString", "coordinates": [ [ 103.860232, 1.2985369 ], [ 103.8600593, 1.2989021 ] ] } },
{ "type": "Feature", "properties": { "access": null, "area": null, "bicycle": null, "bridge": null, "busway": null, "cycleway": null, "est_width": null, "foot": null, "footway": null, "highway": "trunk", "junction": null, "lanes": "2", "lit": "yes", "maxspeed": "50", "motorcar": null, "motor_vehicle": null, "name": "Bukit Timah Road", "oneway": "yes", "oneway:bicycle": null, "psv": null, "ref": null, "service": null, "segregated": null, "sidewalk": null, "smoothness": null, "surface": "asphalt", "tracktype": null, "tunnel": null, "turn": null, "width": null, "id": 155923339.0, "timestamp": 1730098563.0, "version": 19.0, "tags": { "visible": false, "name:en": "Bukit Timah Road", "name:ta": "புக்கிட் தீமா சாலை", "name:zh": "武吉知马路" }, "osm_type": "way", "u": 4831132022, "v": 4841735164, "length": 10.222, "is_covered": 1, "is_synthesized": null, "length_m": 10.206304634848564 }, "geometry": { "type": "LineString", "coordinates": [ [ 103.810261, 1.3240496 ], [ 103.8101899, 1.3241079 ] ] } },
{ "type": "Feature", "properties": { "access": null, "area": null, "bicycle": "no", "bridge": null, "busway": null, "cycleway": null, "est_width": null, "foot": "no", "footway": null, "highway": "primary", "junction": null, "lanes": "3", "lit": "yes", "maxspeed": "50", "motorcar": null, "motor_vehicle": null, "name": "Fort Canning Link", "oneway": "yes", "oneway:bicycle": null, "psv": null, "ref": null, "service": null, "segregated": null, "sidewalk": null, "smoothness": null, "surface": "asphalt", "tracktype": null, "tunnel": "yes", "turn": null, "width": null, "id": 159677768.0, "timestamp": 1778184026.0, "version": 13.0, "tags": { "visible": false, "horse": "no", "layer": "-1", "name:en": "Fort Canning Link", "name:zh": "福康宁连路", "note": "Estimated location ???", "tunnel:name": "Fort Canning Link", "wikidata": "Q5470888" }, "osm_type": "way", "u": 1717871124, "v": 235180283, "length": 53.513, "is_covered": 1, "is_synthesized": null, "length_m": 53.449897509084643 }, "geometry": { "type": "LineString", "coordinates": [ [ 103.8488951, 1.2955082 ], [ 103.8485056, 1.295791 ] ] } },
{ "type": "Feature", "properties": { "access": null, "area": null, "bicycle": "no", "bridge": null, "busway": null, "cycleway": null, "est_width": null, "foot": "no", "footway": null, "highway": "primary", "junction": null, "lanes": "3", "lit": "yes", "maxspeed": "50", "motorcar": null, "motor_vehicle": null, "name": "Fort Canning Link", "oneway": "yes", "oneway:bicycle": null, "psv": null, "ref": null, "service": null, "segregated": null, "sidewalk": null, "smoothness": null, "surface": "asphalt", "tracktype": null, "tunnel": "yes", "turn": null, "width": null, "id": 159677768.0, "timestamp": 1778184026.0, "version": 13.0, "tags": { "visible": false, "horse": "no", "layer": "-1", "name:en": "Fort Canning Link", "name:zh": "福康宁连路", "note": "Estimated location ???", "tunnel:name": "Fort Canning Link", "wikidata": "Q5470888" }, "osm_type": "way", "u": 235180283, "v": 235180377, "length": 163.484, "is_covered": 1, "is_synthesized": null, "length_m": 163.04844967440997 }, "geometry": { "type": "LineString", "coordinates": [ [ 103.8485056, 1.295791 ], [ 103.8475371, 1.2968974 ] ] } },
{ "type": "Feature", "properties": { "access": null, "area": null, "bicycle": "no", "bridge": null, "busway": null, "cycleway": null, "est_width": null, "foot": "no", "footway": null, "highway": "primary", "junction": null, "lanes": "3", "lit": "yes", "maxspeed": "50", "motorcar": null, "motor_vehicle": null, "name": "Fort Canning Link", "oneway": "yes", "oneway:bicycle": null, "psv": null, "ref": null, "service": null, "segregated": null, "sidewalk": null, "smoothness": null, "surface": "asphalt", "tracktype": null, "tunnel": "yes", "turn": null, "width": null, "id": 159677768.0, "timestamp": 1778184026.0, "version": 13.0, "tags": { "visible": false, "horse": "no", "layer": "-1", "name:en": "Fort Canning Link", "name:zh": "福康宁连路", "note": "Estimated location ???", "tunnel:name": "Fort Canning Link", "wikidata": "Q5470888" }, "osm_type": "way", "u": 235180377, "v": 235180402, "length": 144.585, "is_covered": 1, "is_synthesized": null, "length_m": 144.41774528267567 }, "geometry": { "type": "LineString", "coordinates": [ [ 103.8475371, 1.2968974 ], [ 103.8464812, 1.2976566 ] ] } },
{ "type": "Feature", "properties": { "access": null, "area": null, "bicycle": null, "bridge": null, "busway": null, "cycleway": null, "est_width": null, "foot": "no", "footway": null, "highway": "trunk", "junction": null, "lanes": "2", "lit": null, "maxspeed": "70", "motorcar": null, "motor_vehicle": null, "name": "Braddell Underpass", "oneway": "yes", "oneway:bicycle": null, "psv": null, "ref": null, "service": null, "segregated": null, "sidewalk": null, "smoothness": null, "surface": "asphalt", "tracktype": null, "tunnel": "yes", "turn": null, "width": null, "id": 161583988.0, "timestamp": 1748693704.0, "version": 10.0, "tags": { "visible": false, "expressway": "yes", "layer": "-1", "maxheight": "4.5", "name:en": "Braddell Underpass", "name:ms": "Laluan Bawah Braddell", "name:zh": "布莱德地下车道", "source": "GPS" }, "osm_type": "way", "u": 239905810, "v": 239913359, "length": 105.668, "is_covered": 1, "is_synthesized": null, "length_m": 105.78105804515349 }, "geometry": { "type": "LineString", "coordinates": [ [ 103.86086250000001, 1.3433938 ], [ 103.8599155, 1.3433117 ] ] } },
{ "type": "Feature", "properties": { "access": null, "area": null, "bicycle": null, "bridge": null, "busway": null, "cycleway": null, "est_width": null, "foot": null, "footway": null, "highway": "trunk", "junction": null, "lanes": "3", "lit": null, "maxspeed": "70", "motorcar": null, "motor_vehicle": null, "name": "Woodleigh Underpass", "oneway": "yes", "oneway:bicycle": null, "psv": null, "ref": null, "service": null, "segregated": null, "sidewalk": null, "smoothness": null, "surface": "asphalt", "tracktype": null, "tunnel": "yes", "turn": null, "width": null, "id": 161586063.0, "timestamp": 1748693704.0, "version": 10.0, "tags": { "visible": false, "expressway": "yes", "layer": "-1", "maxheight": "4.5", "name:en": "Woodleigh Underpass", "name:ms": "Laluan Bawah Woodleigh", "name:zh": "兀里地下车道", "tunnel:name": "Woodleigh Underpass" }, "osm_type": "way", "u": 239886623, "v": 239886685, "length": 73.229, "is_covered": 1, "is_synthesized": null, "length_m": 73.211442687662995 }, "geometry": { "type": "LineString", "coordinates": [ [ 103.8709642, 1.3431531 ], [ 103.8703767, 1.3428552 ] ] } },
{ "type": "Feature", "properties": { "access": null, "area": null, "bicycle": null, "bridge": "viaduct", "busway": null, "cycleway": null, "est_width": null, "foot": "no", "footway": null, "highway": "trunk", "junction": null, "lanes": "1", "lit": null, "maxspeed": "70", "motorcar": null, "motor_vehicle": null, "name": "Lornie Viaduct", "oneway": "yes", "oneway:bicycle": null, "psv": null, "ref": null, "service": null, "segregated": null, "sidewalk": null, "smoothness": null, "surface": "asphalt", "tracktype": null, "tunnel": null, "turn": null, "width": null, "id": 168151945.0, "timestamp": 1748693704.0, "version": 13.0, "tags": { "visible": false, "expressway": "yes", "layer": "2", "name:ms": "Jejambat Lornie", "name:zh": "罗尼高架桥" }, "osm_type": "way", "u": 1717654128, "v": 439978076, "length": 76.582, "is_covered": 1, "is_synthesized": null, "length_m": 76.568243272856407 }, "geometry": { "type": "LineString", "coordinates": [ [ 103.8371093, 1.3421619 ], [ 103.8364907, 1.3418588 ] ] } },
{ "type": "Feature", "properties": { "access": null, "area": null, "bicycle": null, "bridge": null, "busway": null, "cycleway": null, "est_width": null, "foot": null, "footway": null, "highway": "primary", "junction": null, "lanes": null, "lit": null, "maxspeed": "60", "motorcar": null, "motor_vehicle": null, "name": "Upper Paya Lebar Road", "oneway": "yes", "oneway:bicycle": null, "psv": null, "ref": null, "service": null, "segregated": null, "sidewalk": null, "smoothness": null, "surface": "asphalt", "tracktype": null, "tunnel": "yes", "turn": null, "width": null, "id": 168194916.0, "timestamp": 1778183373.0, "version": 7.0, "tags": { "visible": false, "layer": "-1", "name:en": "Upper Paya Lebar Road", "name:zh": "巴耶利峇路上段", "tunnel:name": "Upper Paya Lebar Underpass" }, "osm_type": "way", "u": 239824914, "v": 13564829235, "length": 61.404, "is_covered": 1, "is_synthesized": null, "length_m": 61.259429735374468 }, "geometry": { "type": "LineString", "coordinates": [ [ 103.8847397, 1.3412552 ], [ 103.8851222, 1.3408568 ] ] } },
{ "type": "Feature", "properties": { "access": null, "area": null, "bicycle": null, "bridge": null, "busway": null, "cycleway": null, "est_width": null, "foot": null, "footway": null, "highway": "primary", "junction": null, "lanes": null, "lit": null, "maxspeed": "60", "motorcar": null, "motor_vehicle": null, "name": "Upper Paya Lebar Road", "oneway": "yes", "oneway:bicycle": null, "psv": null, "ref": null, "service": null, "segregated": null, "sidewalk": null, "smoothness": null, "surface": "asphalt", "tracktype": null, "tunnel": "yes", "turn": null, "width": null, "id": 168194916.0, "timestamp": 1778183373.0, "version": 7.0, "tags": { "visible": false, "layer": "-1", "name:en": "Upper Paya Lebar Road", "name:zh": "巴耶利峇路上段", "tunnel:name": "Upper Paya Lebar Underpass" }, "osm_type": "way", "u": 13564829235, "v": 377696219, "length": 45.919, "is_covered": 1, "is_synthesized": null, "length_m": 45.79721481675903 }, "geometry": { "type": "LineString", "coordinates": [ [ 103.8851222, 1.3408568 ], [ 103.8853951, 1.3405468 ] ] } },
{ "type": "Feature", "properties": { "access": null, "area": null, "bicycle": null, "bridge": null, "busway": null, "cycleway": null, "est_width": null, "foot": null, "footway": null, "highway": "primary_link", "junction": null, "lanes": "2", "lit": "yes", "maxspeed": "50", "motorcar": null, "motor_vehicle": null, "name": "Upper Serangoon Road", "oneway": "yes", "oneway:bicycle": null, "psv": null, "ref": null, "service": null, "segregated": null, "sidewalk": null, "smoothness": null, "surface": "asphalt", "tracktype": null, "tunnel": null, "turn": null, "width": null, "id": 173792005.0, "timestamp": 1770807943.0, "version": 15.0, "tags": { "visible": false, "name:en": "Upper Serangoon Road", "name:zh": "实龙岗路上段" }, "osm_type": "way", "u": 6547790799, "v": 4758212124, "length": 55.337, "is_covered": 1, "is_synthesized": null, "length_m": 55.054317505908678 }, "geometry": { "type": "LineString", "coordinates": [ [ 103.8688262, 1.3307314 ], [ 103.8689569, 1.3312116 ] ] } },
{ "type": "Feature", "properties": { "access": null, "area": null, "bicycle": null, "bridge": null, "busway": null, "cycleway": null, "est_width": null, "foot": null, "footway": null, "highway": "primary_link", "junction": null, "lanes": "2", "lit": "yes", "maxspeed": "50", "motorcar": null, "motor_vehicle": null, "name": "Upper Serangoon Road", "oneway": "yes", "oneway:bicycle": null, "psv": null, "ref": null, "service": null, "segregated": null, "sidewalk": null, "smoothness": null, "surface": "asphalt", "tracktype": null, "tunnel": null, "turn": null, "width": null, "id": 173792005.0, "timestamp": 1770807943.0, "version": 15.0, "tags": { "visible": false, "name:en": "Upper Serangoon Road", "name:zh": "实龙岗路上段" }, "osm_type": "way", "u": 4758212124, "v": 4758212126, "length": 3.065, "is_covered": 1, "is_synthesized": null, "length_m": 3.0498616181498428 }, "geometry": { "type": "LineString", "coordinates": [ [ 103.8689569, 1.3312116 ], [ 103.8689645, 1.3312381 ] ] } },
{ "type": "Feature", "properties": { "access": null, "area": null, "bicycle": null, "bridge": null, "busway": null, "cycleway": null, "est_width": null, "foot": null, "footway": null, "highway": "primary_link", "junction": null, "lanes": "2", "lit": "yes", "maxspeed": "50", "motorcar": null, "motor_vehicle": null, "name": "Upper Serangoon Road", "oneway": "yes", "oneway:bicycle": null, "psv": null, "ref": null, "service": null, "segregated": null, "sidewalk": null, "smoothness": null, "surface": "asphalt", "tracktype": null, "tunnel": null, "turn": null, "width": null, "id": 173792005.0, "timestamp": 1770807943.0, "version": 15.0, "tags": { "visible": false, "name:en": "Upper Serangoon Road", "name:zh": "实龙岗路上段" }, "osm_type": "way", "u": 4758212126, "v": 7035042242, "length": 21.151, "is_covered": 1, "is_synthesized": null, "length_m": 21.041721146195023 }, "geometry": { "type": "LineString", "coordinates": [ [ 103.8689645, 1.3312381 ], [ 103.8690108, 1.3314226 ] ] } },
{ "type": "Feature", "properties": { "access": null, "area": null, "bicycle": null, "bridge": null, "busway": null, "cycleway": null, "est_width": null, "foot": null, "footway": null, "highway": "trunk", "junction": null, "lanes": "3", "lit": "yes", "maxspeed": "70", "motorcar": null, "motor_vehicle": null, "name": "Nicoll Highway", "oneway": "yes", "oneway:bicycle": null, "psv": null, "ref": null, "service": null, "segregated": null, "sidewalk": null, "smoothness": null, "surface": "asphalt", "tracktype": null, "tunnel": null, "turn": null, "width": null, "id": 174035888.0, "timestamp": 1728569730.0, "version": 17.0, "tags": { "visible": false, "maxheight": "4.5", "name:ms": "Lebuhraya Nicoll", "name:ta": "நிகோல் நெடுஞ்சாலை", "name:zh": "尼诰大道", "sidewalk:left": "separate", "sidewalk:right": "no", "source": "Yahoo aerial images" }, "osm_type": "way", "u": 233783186, "v": 7130074820, "length": 73.891, "is_covered": 1, "is_synthesized": null, "length_m": 73.634831539114174 }, "geometry": { "type": "LineString", "coordinates": [ [ 103.8574446, 1.2954443 ], [ 103.8570723, 1.2948938 ] ] } },
{ "type": "Feature", "properties": { "access": null, "area": null, "bicycle": null, "bridge": null, "busway": null, "cycleway": null, "est_width": null, "foot": null, "footway": null, "highway": "primary_link", "junction": null, "lanes": "2", "lit": null, "maxspeed": "50", "motorcar": null, "motor_vehicle": null, "name": null, "oneway": "yes", "oneway:bicycle": null, "psv": null, "ref": null, "service": null, "segregated": null, "sidewalk": null, "smoothness": null, "surface": null, "tracktype": null, "tunnel": null, "turn": null, "width": null, "id": 174049742.0, "timestamp": 1784993655.0, "version": 14.0, "tags": { "visible": false, "destination:ref": "CTE", "destination:street": "Braddell Road" }, "osm_type": "way", "u": 377560777, "v": 8219305532, "length": 10.889, "is_covered": 1, "is_synthesized": null, "length_m": 10.859930754107435 }, "geometry": { "type": "LineString", "coordinates": [ [ 103.8703599, 1.3424341 ], [ 103.8702954, 1.3425078 ] ] } },
{ "type": "Feature", "properties": { "access": null, "area": null, "bicycle": null, "bridge": null, "busway": null, "cycleway": null, "est_width": null, "foot": null, "footway": null, "highway": "primary_link", "junction": null, "lanes": "2", "lit": null, "maxspeed": "50", "motorcar": null, "motor_vehicle": null, "name": null, "oneway": "yes", "oneway:bicycle": null, "psv": null, "ref": null, "service": null, "segregated": null, "sidewalk": null, "smoothness": null, "surface": null, "tracktype": null, "tunnel": null, "turn": null, "width": null, "id": 174049742.0, "timestamp": 1784993655.0, "version": 14.0, "tags": { "visible": false, "destination:ref": "CTE", "destination:street": "Braddell Road" }, "osm_type": "way", "u": 8219305532, "v": 5282649712, "length": 9.862, "is_covered": 1, "is_synthesized": null, "length_m": 9.8628225441860788 }, "geometry": { "type": "LineString", "coordinates": [ [ 103.8702954, 1.3425078 ], [ 103.8702138, 1.3425426 ] ] } },
{ "type": "Feature", "properties": { "access": null, "area": null, "bicycle": null, "bridge": null, "busway": null, "cycleway": null, "est_width": null, "foot": null, "footway": null, "highway": "primary_link", "junction": null, "lanes": "2", "lit": null, "maxspeed": "50", "motorcar": null, "motor_vehicle": null, "name": null, "oneway": "yes", "oneway:bicycle": null, "psv": null, "ref": null, "service": null, "segregated": null, "sidewalk": null, "smoothness": null, "surface": null, "tracktype": null, "tunnel": null, "turn": null, "width": null, "id": 174049742.0, "timestamp": 1784993655.0, "version": 14.0, "tags": { "visible": false, "destination:ref": "CTE", "destination:street": "Braddell Road" }, "osm_type": "way", "u": 5282649712, "v": 377560773, "length": 10.747, "is_covered": 1, "is_synthesized": null, "length_m": 10.758514130507011 }, "geometry": { "type": "LineString", "coordinates": [ [ 103.8702138, 1.3425426 ], [ 103.8701176, 1.3425522 ] ] } },
{ "type": "Feature", "properties": { "access": null, "area": null, "bicycle": null, "bridge": null, "busway": null, "cycleway": null, "est_width": null, "foot": null, "footway": null, "highway": "primary_link", "junction": null, "lanes": "2", "lit": null, "maxspeed": "50", "motorcar": null, "motor_vehicle": null, "name": null, "oneway": "yes", "oneway:bicycle": null, "psv": null, "ref": null, "service": null, "segregated": null, "sidewalk": null, "smoothness": null, "surface": null, "tracktype": null, "tunnel": null, "turn": null, "width": null, "id": 174049742.0, "timestamp": 1784993655.0, "version": 14.0, "tags": { "visible": false, "destination:ref": "CTE", "destination:street": "Braddell Road" }, "osm_type": "way", "u": 377560773, "v": 4774662182, "length": 23.097, "is_covered": 1, "is_synthesized": null, "length_m": 23.120834945327179 }, "geometry": { "type": "LineString", "coordinates": [ [ 103.8701176, 1.3425522 ], [ 103.8699113, 1.3425275 ] ] } },
{ "type": "Feature", "properties": { "access": null, "area": null, "bicycle": null, "bridge": null, "busway": null, "cycleway": null, "est_width": null, "foot": null, "footway": null, "highway": "trunk", "junction": null, "lanes": "3", "lit": null, "maxspeed": "50", "motorcar": null, "motor_vehicle": null, "name": "Braddell Road", "oneway": "yes", "oneway:bicycle": "no", "psv": null, "ref": null, "service": null, "segregated": null, "sidewalk": null, "smoothness": null, "surface": "asphalt", "tracktype": null, "tunnel": null, "turn": null, "width": null, "id": 174765763.0, "timestamp": 1748693704.0, "version": 21.0, "tags": { "visible": false, "cycleway:left": "track", "destination": "Lornie Road", "destination:street": "Braddell Road", "expressway": "yes", "maxheight": "4.5", "name:en": "Braddell Road", "name:ta": "பிராடல் ரோடு", "name:zh": "布莱德路" }, "osm_type": "way", "u": 4855608688, "v": 439991741, "length": 27.891, "is_covered": 1, "is_synthesized": null, "length_m": 27.92251857053293 }, "geometry": { "type": "LineString", "coordinates": [ [ 103.8585251, 1.3431908 ], [ 103.8582742, 1.3431902 ] ] } },
{ "type": "Feature", "properties": { "access": null, "area": null, "bicycle": null, "bridge": null, "busway": null, "cycleway": null, "est_width": null, "foot": null, "footway": null, "highway": "corridor", "junction": null, "lanes": null, "lit": null, "maxspeed": null, "motorcar": null, "motor_vehicle": null, "name": null, "oneway": null, "oneway:bicycle": null, "psv": null, "ref": null, "service": null, "segregated": null, "sidewalk": null, "smoothness": null, "surface": null, "tracktype": null, "tunnel": "building_passage", "turn": null, "width": null, "id": 257193145.0, "timestamp": 1567096515.0, "version": 6.0, "tags": { "visible": false, "indoor": "yes" }, "osm_type": "way", "u": 2039632806, "v": 2627876514, "length": 38.892, "is_covered": 1, "is_synthesized": null, "length_m": 38.737896126305337 }, "geometry": { "type": "LineString", "coordinates": [ [ 103.851384, 1.2931934 ], [ 103.8515556, 1.2934982 ] ] } },
{ "type": "Feature", "properties": { "access": null, "area": null, "bicycle": null, "bridge": null, "busway": null, "cycleway": null, "est_width": null, "foot": null, "footway": null, "highway": "corridor", "junction": null, "lanes": null, "lit": null, "maxspeed": null, "motorcar": null, "motor_vehicle": null, "name": null, "oneway": null, "oneway:bicycle": null, "psv": null, "ref": null, "service": null, "segregated": null, "sidewalk": null, "smoothness": null, "surface": null, "tracktype": null, "tunnel": "building_passage", "turn": null, "width": null, "id": 257193145.0, "timestamp": 1567096515.0, "version": 6.0, "tags": { "visible": false, "indoor": "yes" }, "osm_type": "way", "u": 2627876514, "v": 2627876513, "length": 66.655, "is_covered": 1, "is_synthesized": null, "length_m": 66.634815455261474 }, "geometry": { "type": "LineString", "coordinates": [ [ 103.8515556, 1.2934982 ], [ 103.851023500000011, 1.2937745 ] ] } },
{ "type": "Feature", "properties": { "access": null, "area": null, "bicycle": "designated", "bridge": null, "busway": null, "cycleway": null, "est_width": null, "foot": "designated", "footway": null, "highway": "cycleway", "junction": null, "lanes": null, "lit": null, "maxspeed": null, "motorcar": null, "motor_vehicle": null, "name": null, "oneway": null, "oneway:bicycle": null, "psv": null, "ref": null, "service": null, "segregated": "no", "sidewalk": null, "smoothness": null, "surface": null, "tracktype": null, "tunnel": null, "turn": null, "width": null, "id": 364447504.0, "timestamp": 1783099995.0, "version": 14.0, "tags": { "visible": false, "covered": "yes" }, "osm_type": "way", "u": 3685849775, "v": 13671547090, "length": 7.752, "is_covered": 1, "is_synthesized": null, "length_m": 7.7577744767687609 }, "geometry": { "type": "LineString", "coordinates": [ [ 103.7795509, 1.3128199 ], [ 103.7794831, 1.3128362 ] ] } },
{ "type": "Feature", "properties": { "access": null, "area": null, "bicycle": "designated", "bridge": null, "busway": null, "cycleway": null, "est_width": null, "foot": "designated", "footway": null, "highway": "cycleway", "junction": null, "lanes": null, "lit": null, "maxspeed": null, "motorcar": null, "motor_vehicle": null, "name": null, "oneway": null, "oneway:bicycle": null, "psv": null, "ref": null, "service": null, "segregated": "no", "sidewalk": null, "smoothness": null, "surface": null, "tracktype": null, "tunnel": null, "turn": null, "width": null, "id": 364447504.0, "timestamp": 1783099995.0, "version": 14.0, "tags": { "visible": false, "covered": "yes" }, "osm_type": "way", "u": 13671547090, "v": 3684936465, "length": 27.241, "is_covered": 1, "is_synthesized": null, "length_m": 27.26120314898931 }, "geometry": { "type": "LineString", "coordinates": [ [ 103.7794831, 1.3128362 ], [ 103.7792449, 1.3128937 ] ] } },
{ "type": "Feature", "properties": { "access": null, "area": null, "bicycle": "designated", "bridge": null, "busway": null, "cycleway": null, "est_width": null, "foot": "designated", "footway": null, "highway": "cycleway", "junction": null, "lanes": null, "lit": null, "maxspeed": null, "motorcar": null, "motor_vehicle": null, "name": null, "oneway": null, "oneway:bicycle": null, "psv": null, "ref": null, "service": null, "segregated": "no", "sidewalk": null, "smoothness": null, "surface": null, "tracktype": null, "tunnel": null, "turn": null, "width": null, "id": 364447504.0, "timestamp": 1783099995.0, "version": 14.0, "tags": { "visible": false, "covered": "yes" }, "osm_type": "way", "u": 3684936465, "v": 3684936475, "length": 16.235, "is_covered": 1, "is_synthesized": null, "length_m": 16.241660897375176 }, "geometry": { "type": "LineString", "coordinates": [ [ 103.7792449, 1.3128937 ], [ 103.7791065, 1.3129403 ] ] } },
{ "type": "Feature", "properties": { "access": null, "area": null, "bicycle": "designated", "bridge": null, "busway": null, "cycleway": null, "est_width": null, "foot": "designated", "footway": null, "highway": "cycleway", "junction": null, "lanes": null, "lit": null, "maxspeed": null, "motorcar": null, "motor_vehicle": null, "name": null, "oneway": null, "oneway:bicycle": null, "psv": null, "ref": null, "service": null, "segregated": "no", "sidewalk": null, "smoothness": null, "surface": null, "tracktype": null, "tunnel": null, "turn": null, "width": null, "id": 364447504.0, "timestamp": 1783099995.0, "version": 14.0, "tags": { "visible": false, "covered": "yes" }, "osm_type": "way", "u": 3684936475, "v": 3684936467, "length": 31.529, "is_covered": 1, "is_synthesized": null, "length_m": 31.525984923380943 }, "geometry": { "type": "LineString", "coordinates": [ [ 103.7791065, 1.3129403 ], [ 103.77885, 1.3130613 ] ] } },
{ "type": "Feature", "properties": { "access": null, "area": null, "bicycle": "designated", "bridge": null, "busway": null, "cycleway": null, "est_width": null, "foot": "designated", "footway": null, "highway": "cycleway", "junction": null, "lanes": null, "lit": null, "maxspeed": null, "motorcar": null, "motor_vehicle": null, "name": null, "oneway": null, "oneway:bicycle": null, "psv": null, "ref": null, "service": null, "segregated": "no", "sidewalk": null, "smoothness": null, "surface": null, "tracktype": null, "tunnel": null, "turn": null, "width": null, "id": 364447504.0, "timestamp": 1783099995.0, "version": 14.0, "tags": { "visible": false, "covered": "yes" }, "osm_type": "way", "u": 3684936467, "v": 3684936468, "length": 15.912, "is_covered": 1, "is_synthesized": null, "length_m": 15.894003390347914 }, "geometry": { "type": "LineString", "coordinates": [ [ 103.77885, 1.3130613 ], [ 103.7787334, 1.3131443 ] ] } },
{ "type": "Feature", "properties": { "access": null, "area": null, "bicycle": "designated", "bridge": null, "busway": null, "cycleway": null, "est_width": null, "foot": "designated", "footway": null, "highway": "cycleway", "junction": null, "lanes": null, "lit": null, "maxspeed": null, "motorcar": null, "motor_vehicle": null, "name": null, "oneway": null, "oneway:bicycle": null, "psv": null, "ref": null, "service": null, "segregated": "no", "sidewalk": null, "smoothness": null, "surface": null, "tracktype": null, "tunnel": null, "turn": null, "width": null, "id": 364447504.0, "timestamp": 1783099995.0, "version": 14.0, "tags": { "visible": false, "covered": "yes" }, "osm_type": "way", "u": 3684936468, "v": 3684936470, "length": 50.917, "is_covered": 1, "is_synthesized": null, "length_m": 50.816548562593134 }, "geometry": { "type": "LineString", "coordinates": [ [ 103.7787334, 1.3131443 ], [ 103.7783975, 1.3134556 ] ] } },
{ "type": "Feature", "properties": { "access": null, "area": null, "bicycle": "designated", "bridge": null, "busway": null, "cycleway": null, "est_width": null, "foot": "designated", "footway": null, "highway": "cycleway", "junction": null, "lanes": null, "lit": null, "maxspeed": null, "motorcar": null, "motor_vehicle": null, "name": null, "oneway": null, "oneway:bicycle": null, "psv": null, "ref": null, "service": null, "segregated": "no", "sidewalk": null, "smoothness": null, "surface": null, "tracktype": null, "tunnel": null, "turn": null, "width": null, "id": 364447504.0, "timestamp": 1783099995.0, "version": 14.0, "tags": { "visible": false, "covered": "yes" }, "osm_type": "way", "u": 3684936470, "v": 3732534518, "length": 37.534, "is_covered": 1, "is_synthesized": null, "length_m": 37.452905825981247 }, "geometry": { "type": "LineString", "coordinates": [ [ 103.7783975, 1.3134556 ], [ 103.7781562, 1.3136917 ] ] } },
{ "type": "Feature", "properties": { "access": null, "area": null, "bicycle": "designated", "bridge": null, "busway": null, "cycleway": null, "est_width": null, "foot": "designated", "footway": null, "highway": "cycleway", "junction": null, "lanes": null, "lit": null, "maxspeed": null, "motorcar": null, "motor_vehicle": null, "name": null, "oneway": null, "oneway:bicycle": null, "psv": null, "ref": null, "service": null, "segregated": "no", "sidewalk": null, "smoothness": null, "surface": null, "tracktype": null, "tunnel": null, "turn": null, "width": null, "id": 364447504.0, "timestamp": 1783099995.0, "version": 14.0, "tags": { "visible": false, "covered": "yes" }, "osm_type": "way", "u": 3732534518, "v": 3792244861, "length": 75.811, "is_covered": 1, "is_synthesized": null, "length_m": 75.639775510291017 }, "geometry": { "type": "LineString", "coordinates": [ [ 103.7781562, 1.3136917 ], [ 103.7776766, 1.3141764 ] ] } },
{ "type": "Feature", "properties": { "access": null, "area": null, "bicycle": "designated", "bridge": null, "busway": null, "cycleway": null, "est_width": null, "foot": "designated", "footway": null, "highway": "cycleway", "junction": null, "lanes": null, "lit": null, "maxspeed": null, "motorcar": null, "motor_vehicle": null, "name": null, "oneway": null, "oneway:bicycle": null, "psv": null, "ref": null, "service": null, "segregated": "no", "sidewalk": null, "smoothness": null, "surface": null, "tracktype": null, "tunnel": null, "turn": null, "width": null, "id": 364447504.0, "timestamp": 1783099995.0, "version": 14.0, "tags": { "visible": false, "covered": "yes" }, "osm_type": "way", "u": 3792244861, "v": 13986460320, "length": 19.678, "is_covered": 1, "is_synthesized": null, "length_m": 19.650341176384906 }, "geometry": { "type": "LineString", "coordinates": [ [ 103.7776766, 1.3141764 ], [ 103.7775373, 1.3142856 ] ] } },
{ "type": "Feature", "properties": { "access": null, "area": null, "bicycle": "designated", "bridge": null, "busway": null, "cycleway": null, "est_width": null, "foot": "designated", "footway": null, "highway": "cycleway", "junction": null, "lanes": null, "lit": null, "maxspeed": null, "motorcar": null, "motor_vehicle": null, "name": null, "oneway": null, "oneway:bicycle": null, "psv": null, "ref": null, "service": null, "segregated": "no", "sidewalk": null, "smoothness": null, "surface": null, "tracktype": null, "tunnel": null, "turn": null, "width": null, "id": 364447504.0, "timestamp": 1783099995.0, "version": 14.0, "tags": { "visible": false, "covered": "yes" }, "osm_type": "way", "u": 13986460320, "v": 3685801832, "length": 84.08, "is_covered": 1, "is_synthesized": null, "length_m": 83.960593064420635 }, "geometry": { "type": "LineString", "coordinates": [ [ 103.7775373, 1.3142856 ], [ 103.7769422, 1.3147523 ] ] } },
{ "type": "Feature", "properties": { "access": null, "area": null, "bicycle": null, "bridge": null, "busway": null, "cycleway": null, "est_width": null, "foot": null, "footway": null, "highway": "trunk_link", "junction": null, "lanes": "1", "lit": "yes", "maxspeed": "50", "motorcar": null, "motor_vehicle": null, "name": null, "oneway": "yes", "oneway:bicycle": null, "psv": null, "ref": null, "service": null, "segregated": null, "sidewalk": null, "smoothness": null, "surface": "asphalt", "tracktype": null, "tunnel": null, "turn": null, "width": null, "id": 369688985.0, "timestamp": 1770599966.0, "version": 17.0, "tags": { "visible": false, "noname": "yes" }, "osm_type": "way", "u": 3734605617, "v": 5911553322, "length": 6.0, "is_covered": 1, "is_synthesized": null, "length_m": 5.9698382952067695 }, "geometry": { "type": "LineString", "coordinates": [ [ 103.7953822, 1.331438 ], [ 103.7953661, 1.3314895 ] ] } },
{ "type": "Feature", "properties": { "access": null, "area": null, "bicycle": null, "bridge": null, "busway": null, "cycleway": null, "est_width": null, "foot": null, "footway": null, "highway": "trunk_link", "junction": null, "lanes": "1", "lit": "yes", "maxspeed": "50", "motorcar": null, "motor_vehicle": null, "name": null, "oneway": "yes", "oneway:bicycle": null, "psv": null, "ref": null, "service": null, "segregated": null, "sidewalk": null, "smoothness": null, "surface": "asphalt", "tracktype": null, "tunnel": null, "turn": null, "width": null, "id": 369688985.0, "timestamp": 1770599966.0, "version": 17.0, "tags": { "visible": false, "noname": "yes" }, "osm_type": "way", "u": 5911553322, "v": 6536959026, "length": 7.295, "is_covered": 1, "is_synthesized": null, "length_m": 7.2637816155781882 }, "geometry": { "type": "LineString", "coordinates": [ [ 103.7953661, 1.3314895 ], [ 103.7953368, 1.3315482 ] ] } },
{ "type": "Feature", "properties": { "access": null, "area": null, "bicycle": null, "bridge": null, "busway": null, "cycleway": null, "est_width": null, "foot": null, "footway": null, "highway": "proposed", "junction": null, "lanes": null, "lit": null, "maxspeed": null, "motorcar": null, "motor_vehicle": null, "name": null, "oneway": "yes", "oneway:bicycle": null, "psv": null, "ref": null, "service": null, "segregated": null, "sidewalk": null, "smoothness": null, "surface": null, "tracktype": null, "tunnel": "yes", "turn": null, "width": null, "id": 380508301.0, "timestamp": 1447638398.0, "version": 1.0, "tags": { "visible": false, "layer": "-2", "proposed": "motorway_link" }, "osm_type": "way", "u": 3838321188, "v": 1538307314, "length": 44.044, "is_covered": 1, "is_synthesized": null, "length_m": 43.838525285687673 }, "geometry": { "type": "LineString", "coordinates": [ [ 103.8539737, 1.3029825 ], [ 103.8538269, 1.3033504 ] ] } },
{ "type": "Feature", "properties": { "access": null, "area": null, "bicycle": null, "bridge": null, "busway": null, "cycleway": null, "est_width": null, "foot": null, "footway": null, "highway": "primary_link", "junction": null, "lanes": "3", "lit": "yes", "maxspeed": "50", "motorcar": null, "motor_vehicle": null, "name": "Upper Serangoon Road", "oneway": "yes", "oneway:bicycle": null, "psv": null, "ref": null, "service": null, "segregated": null, "sidewalk": null, "smoothness": null, "surface": "asphalt", "tracktype": null, "tunnel": null, "turn": null, "width": null, "id": 439183918.0, "timestamp": 1770807968.0, "version": 16.0, "tags": { "visible": false, "destination": "MacPherson Road;Geylang Bahru;Tuas;Changi", "destination:ref": "PIE;CTE", "name:en": "Upper Serangoon Road", "name:zh": "实龙岗路上段" }, "osm_type": "way", "u": 4368093198, "v": 4368093197, "length": 157.348, "is_covered": 1, "is_synthesized": null, "length_m": 156.51262026933574 }, "geometry": { "type": "LineString", "coordinates": [ [ 103.8690712, 1.330718 ], [ 103.8687868, 1.3293318 ] ] } },
{ "type": "Feature", "properties": { "access": null, "area": null, "bicycle": null, "bridge": null, "busway": null, "cycleway": null, "est_width": null, "foot": null, "footway": null, "highway": "corridor", "junction": null, "lanes": null, "lit": null, "maxspeed": null, "motorcar": null, "motor_vehicle": null, "name": "Suntec City", "oneway": null, "oneway:bicycle": null, "psv": null, "ref": null, "service": null, "segregated": null, "sidewalk": null, "smoothness": null, "surface": null, "tracktype": null, "tunnel": "yes", "turn": null, "width": null, "id": 460428735.0, "timestamp": 1774949157.0, "version": 4.0, "tags": { "visible": false, "indoor": "yes", "layer": "-1", "level": "-1" }, "osm_type": "way", "u": 4560997281, "v": 13694841944, "length": 31.257, "is_covered": 1, "is_synthesized": null, "length_m": 31.284218293164216 }, "geometry": { "type": "LineString", "coordinates": [ [ 103.8586677, 1.2946602 ], [ 103.858392, 1.294605 ] ] } },
{ "type": "Feature", "properties": { "access": null, "area": null, "bicycle": null, "bridge": null, "busway": null, "cycleway": null, "est_width": null, "foot": null, "footway": null, "highway": "corridor", "junction": null, "lanes": null, "lit": null, "maxspeed": null, "motorcar": null, "motor_vehicle": null, "name": "Suntec City", "oneway": null, "oneway:bicycle": null, "psv": null, "ref": null, "service": null, "segregated": null, "sidewalk": null, "smoothness": null, "surface": null, "tracktype": null, "tunnel": "yes", "turn": null, "width": null, "id": 460428735.0, "timestamp": 1774949157.0, "version": 4.0, "tags": { "visible": false, "indoor": "yes", "layer": "-1", "level": "-1" }, "osm_type": "way", "u": 13694841944, "v": 4560997277, "length": 65.63, "is_covered": 1, "is_synthesized": null, "length_m": 65.686631789154148 }, "geometry": { "type": "LineString", "coordinates": [ [ 103.858392, 1.294605 ], [ 103.8578131, 1.2944892 ] ] } },
{ "type": "Feature", "properties": { "access": null, "area": null, "bicycle": null, "bridge": null, "busway": null, "cycleway": null, "est_width": null, "foot": null, "footway": null, "highway": "corridor", "junction": null, "lanes": null, "lit": null, "maxspeed": null, "motorcar": null, "motor_vehicle": null, "name": "Suntec City", "oneway": null, "oneway:bicycle": null, "psv": null, "ref": null, "service": null, "segregated": null, "sidewalk": null, "smoothness": null, "surface": null, "tracktype": null, "tunnel": "yes", "turn": null, "width": null, "id": 460428735.0, "timestamp": 1774949157.0, "version": 4.0, "tags": { "visible": false, "indoor": "yes", "layer": "-1", "level": "-1" }, "osm_type": "way", "u": 4560997277, "v": 4560997274, "length": 8.437, "is_covered": 1, "is_synthesized": null, "length_m": 8.4351754778800121 }, "geometry": { "type": "LineString", "coordinates": [ [ 103.8578131, 1.2944892 ], [ 103.8577454, 1.2945235 ] ] } },
{ "type": "Feature", "properties": { "access": null, "area": null, "bicycle": null, "bridge": null, "busway": null, "cycleway": null, "est_width": null, "foot": null, "footway": null, "highway": "corridor", "junction": null, "lanes": null, "lit": null, "maxspeed": null, "motorcar": null, "motor_vehicle": null, "name": "Suntec City", "oneway": null, "oneway:bicycle": null, "psv": null, "ref": null, "service": null, "segregated": null, "sidewalk": null, "smoothness": null, "surface": null, "tracktype": null, "tunnel": "yes", "turn": null, "width": null, "id": 460428736.0, "timestamp": 1774949157.0, "version": 4.0, "tags": { "visible": false, "indoor": "yes", "layer": "-1", "level": "-1" }, "osm_type": "way", "u": 4560997278, "v": 13694841945, "length": 43.351, "is_covered": 1, "is_synthesized": null, "length_m": 43.129883346266801 }, "geometry": { "type": "LineString", "coordinates": [ [ 103.8586298, 1.2956758 ], [ 103.8587336, 1.2953 ] ] } },
{ "type": "Feature", "properties": { "access": null, "area": null, "bicycle": null, "bridge": null, "busway": null, "cycleway": null, "est_width": null, "foot": null, "footway": null, "highway": "corridor", "junction": null, "lanes": null, "lit": null, "maxspeed": null, "motorcar": null, "motor_vehicle": null, "name": "Suntec City", "oneway": null, "oneway:bicycle": null, "psv": null, "ref": null, "service": null, "segregated": null, "sidewalk": null, "smoothness": null, "surface": null, "tracktype": null, "tunnel": "yes", "turn": null, "width": null, "id": 460428736.0, "timestamp": 1774949157.0, "version": 4.0, "tags": { "visible": false, "indoor": "yes", "layer": "-1", "level": "-1" }, "osm_type": "way", "u": 13694841945, "v": 4560997285, "length": 31.468, "is_covered": 1, "is_synthesized": null, "length_m": 31.307261993436104 }, "geometry": { "type": "LineString", "coordinates": [ [ 103.8587336, 1.2953 ], [ 103.8588089, 1.2950272 ] ] } },
{ "type": "Feature", "properties": { "access": null, "area": null, "bicycle": null, "bridge": null, "busway": null, "cycleway": null, "est_width": null, "foot": null, "footway": null, "highway": "corridor", "junction": null, "lanes": null, "lit": null, "maxspeed": null, "motorcar": null, "motor_vehicle": null, "name": "Suntec City", "oneway": null, "oneway:bicycle": null, "psv": null, "ref": null, "service": null, "segregated": null, "sidewalk": null, "smoothness": null, "surface": null, "tracktype": null, "tunnel": "yes", "turn": null, "width": null, "id": 460428737.0, "timestamp": 1572941310.0, "version": 3.0, "tags": { "visible": false, "indoor": "yes", "layer": "-1", "level": "-1" }, "osm_type": "way", "u": 4560997280, "v": 4560997279, "length": 72.318, "is_covered": 1, "is_synthesized": null, "length_m": 72.37302436144472 }, "geometry": { "type": "LineString", "coordinates": [ [ 103.8598207, 1.2949839 ], [ 103.8591882, 1.2948318 ] ] } },
{ "type": "Feature", "properties": { "access": null, "area": null, "bicycle": null, "bridge": null, "busway": null, "cycleway": null, "est_width": null, "foot": null, "footway": null, "highway": "corridor", "junction": null, "lanes": null, "lit": null, "maxspeed": null, "motorcar": null, "motor_vehicle": null, "name": "Fountain Court", "oneway": null, "oneway:bicycle": null, "psv": null, "ref": null, "service": null, "segregated": null, "sidewalk": null, "smoothness": null, "surface": null, "tracktype": null, "tunnel": "yes", "turn": null, "width": null, "id": 460428738.0, "timestamp": 1572941310.0, "version": 4.0, "tags": { "visible": false, "indoor": "yes", "layer": "-1" }, "osm_type": "way", "u": 4560997692, "v": 4560997281, "length": 12.055, "is_covered": 1, "is_synthesized": null, "length_m": 12.015061620375228 }, "geometry": { "type": "LineString", "coordinates": [ [ 103.8587302, 1.2945716 ], [ 103.8586677, 1.2946602 ] ] } },
{ "type": "Feature", "properties": { "access": null, "area": null, "bicycle": null, "bridge": null, "busway": null, "cycleway": null, "est_width": null, "foot": null, "footway": null, "highway": "corridor", "junction": null, "lanes": null, "lit": null, "maxspeed": null, "motorcar": null, "motor_vehicle": null, "name": "Fountain Court", "oneway": null, "oneway:bicycle": null, "psv": null, "ref": null, "service": null, "segregated": null, "sidewalk": null, "smoothness": null, "surface": null, "tracktype": null, "tunnel": "yes", "turn": null, "width": null, "id": 460428738.0, "timestamp": 1572941310.0, "version": 4.0, "tags": { "visible": false, "indoor": "yes", "layer": "-1" }, "osm_type": "way", "u": 4560997281, "v": 4560997282, "length": 12.061, "is_covered": 1, "is_synthesized": null, "length_m": 11.997384736082346 }, "geometry": { "type": "LineString", "coordinates": [ [ 103.8586677, 1.2946602 ], [ 103.8586438, 1.294766 ] ] } },
{ "type": "Feature", "properties": { "access": null, "area": null, "bicycle": null, "bridge": null, "busway": null, "cycleway": null, "est_width": null, "foot": null, "footway": null, "highway": "corridor", "junction": null, "lanes": null, "lit": null, "maxspeed": null, "motorcar": null, "motor_vehicle": null, "name": "Fountain Court", "oneway": null, "oneway:bicycle": null, "psv": null, "ref": null, "service": null, "segregated": null, "sidewalk": null, "smoothness": null, "surface": null, "tracktype": null, "tunnel": "yes", "turn": null, "width": null, "id": 460428738.0, "timestamp": 1572941310.0, "version": 4.0, "tags": { "visible": false, "indoor": "yes", "layer": "-1" }, "osm_type": "way", "u": 4560997282, "v": 4560997283, "length": 12.063, "is_covered": 1, "is_synthesized": null, "length_m": 11.998420883274955 }, "geometry": { "type": "LineString", "coordinates": [ [ 103.8586438, 1.294766 ], [ 103.8586623, 1.2948729 ] ] } },
{ "type": "Feature", "properties": { "access": null, "area": null, "bicycle": null, "bridge": null, "busway": null, "cycleway": null, "est_width": null, "foot": null, "footway": null, "highway": "corridor", "junction": null, "lanes": null, "lit": null, "maxspeed": null, "motorcar": null, "motor_vehicle": null, "name": "Fountain Court", "oneway": null, "oneway:bicycle": null, "psv": null, "ref": null, "service": null, "segregated": null, "sidewalk": null, "smoothness": null, "surface": null, "tracktype": null, "tunnel": "yes", "turn": null, "width": null, "id": 460428738.0, "timestamp": 1572941310.0, "version": 4.0, "tags": { "visible": false, "indoor": "yes", "layer": "-1" }, "osm_type": "way", "u": 4560997283, "v": 4560997284, "length": 12.058, "is_covered": 1, "is_synthesized": null, "length_m": 12.013987594440371 }, "geometry": { "type": "LineString", "coordinates": [ [ 103.8586623, 1.2948729 ], [ 103.8587202, 1.2949646 ] ] } },
{ "type": "Feature", "properties": { "access": null, "area": null, "bicycle": null, "bridge": null, "busway": null, "cycleway": null, "est_width": null, "foot": null, "footway": null, "highway": "corridor", "junction": null, "lanes": null, "lit": null, "maxspeed": null, "motorcar": null, "motor_vehicle": null, "name": "Fountain Court", "oneway": null, "oneway:bicycle": null, "psv": null, "ref": null, "service": null, "segregated": null, "sidewalk": null, "smoothness": null, "surface": null, "tracktype": null, "tunnel": "yes", "turn": null, "width": null, "id": 460428738.0, "timestamp": 1572941310.0, "version": 4.0, "tags": { "visible": false, "indoor": "yes", "layer": "-1" }, "osm_type": "way", "u": 4560997284, "v": 4560997285, "length": 12.07, "is_covered": 1, "is_synthesized": null, "length_m": 12.056578540420986 }, "geometry": { "type": "LineString", "coordinates": [ [ 103.8587202, 1.2949646 ], [ 103.8588089, 1.2950272 ] ] } },
{ "type": "Feature", "properties": { "access": null, "area": null, "bicycle": null, "bridge": null, "busway": null, "cycleway": null, "est_width": null, "foot": null, "footway": null, "highway": "corridor", "junction": null, "lanes": null, "lit": null, "maxspeed": null, "motorcar": null, "motor_vehicle": null, "name": "Fountain Court", "oneway": null, "oneway:bicycle": null, "psv": null, "ref": null, "service": null, "segregated": null, "sidewalk": null, "smoothness": null, "surface": null, "tracktype": null, "tunnel": "yes", "turn": null, "width": null, "id": 460428738.0, "timestamp": 1572941310.0, "version": 4.0, "tags": { "visible": false, "indoor": "yes", "layer": "-1" }, "osm_type": "way", "u": 4560997285, "v": 4560997286, "length": 12.066, "is_covered": 1, "is_synthesized": null, "length_m": 12.075989156186546 }, "geometry": { "type": "LineString", "coordinates": [ [ 103.8588089, 1.2950272 ], [ 103.8589148, 1.295051 ] ] } },
{ "type": "Feature", "properties": { "access": null, "area": null, "bicycle": null, "bridge": null, "busway": null, "cycleway": null, "est_width": null, "foot": null, "footway": null, "highway": "corridor", "junction": null, "lanes": null, "lit": null, "maxspeed": null, "motorcar": null, "motor_vehicle": null, "name": "Fountain Court", "oneway": null, "oneway:bicycle": null, "psv": null, "ref": null, "service": null, "segregated": null, "sidewalk": null, "smoothness": null, "surface": null, "tracktype": null, "tunnel": "yes", "turn": null, "width": null, "id": 460428738.0, "timestamp": 1572941310.0, "version": 4.0, "tags": { "visible": false, "indoor": "yes", "layer": "-1" }, "osm_type": "way", "u": 4560997286, "v": 4560978984, "length": 12.059, "is_covered": 1, "is_synthesized": null, "length_m": 12.069753834284407 }, "geometry": { "type": "LineString", "coordinates": [ [ 103.8589148, 1.295051 ], [ 103.8590217, 1.2950326 ] ] } },
{ "type": "Feature", "properties": { "access": null, "area": null, "bicycle": null, "bridge": null, "busway": null, "cycleway": null, "est_width": null, "foot": null, "footway": null, "highway": "corridor", "junction": null, "lanes": null, "lit": null, "maxspeed": null, "motorcar": null, "motor_vehicle": null, "name": "Fountain Court", "oneway": null, "oneway:bicycle": null, "psv": null, "ref": null, "service": null, "segregated": null, "sidewalk": null, "smoothness": null, "surface": null, "tracktype": null, "tunnel": "yes", "turn": null, "width": null, "id": 460428738.0, "timestamp": 1572941310.0, "version": 4.0, "tags": { "visible": false, "indoor": "yes", "layer": "-1" }, "osm_type": "way", "u": 4560978984, "v": 4560997693, "length": 12.063, "is_covered": 1, "is_synthesized": null, "length_m": 12.05326978215394 }, "geometry": { "type": "LineString", "coordinates": [ [ 103.8590217, 1.2950326 ], [ 103.8591134, 1.2949746 ] ] } },
{ "type": "Feature", "properties": { "access": null, "area": null, "bicycle": null, "bridge": null, "busway": null, "cycleway": null, "est_width": null, "foot": null, "footway": null, "highway": "corridor", "junction": null, "lanes": null, "lit": null, "maxspeed": null, "motorcar": null, "motor_vehicle": null, "name": "Fountain Court", "oneway": null, "oneway:bicycle": null, "psv": null, "ref": null, "service": null, "segregated": null, "sidewalk": null, "smoothness": null, "surface": null, "tracktype": null, "tunnel": "yes", "turn": null, "width": null, "id": 460428738.0, "timestamp": 1572941310.0, "version": 4.0, "tags": { "visible": false, "indoor": "yes", "layer": "-1" }, "osm_type": "way", "u": 4560997693, "v": 4560978985, "length": 12.062, "is_covered": 1, "is_synthesized": null, "length_m": 12.021507433657419 }, "geometry": { "type": "LineString", "coordinates": [ [ 103.8591134, 1.2949746 ], [ 103.859176, 1.294886 ] ] } },
{ "type": "Feature", "properties": { "access": null, "area": null, "bicycle": null, "bridge": null, "busway": null, "cycleway": null, "est_width": null, "foot": null, "footway": null, "highway": "corridor", "junction": null, "lanes": null, "lit": null, "maxspeed": null, "motorcar": null, "motor_vehicle": null, "name": "Fountain Court", "oneway": null, "oneway:bicycle": null, "psv": null, "ref": null, "service": null, "segregated": null, "sidewalk": null, "smoothness": null, "surface": null, "tracktype": null, "tunnel": "yes", "turn": null, "width": null, "id": 460428738.0, "timestamp": 1572941310.0, "version": 4.0, "tags": { "visible": false, "indoor": "yes", "layer": "-1" }, "osm_type": "way", "u": 4560978985, "v": 4560997279, "length": 6.177, "is_covered": 1, "is_synthesized": null, "length_m": 6.1450326589274535 }, "geometry": { "type": "LineString", "coordinates": [ [ 103.859176, 1.294886 ], [ 103.8591882, 1.2948318 ] ] } },
{ "type": "Feature", "properties": { "access": null, "area": null, "bicycle": null, "bridge": null, "busway": null, "cycleway": null, "est_width": null, "foot": null, "footway": null, "highway": "corridor", "junction": null, "lanes": null, "lit": null, "maxspeed": null, "motorcar": null, "motor_vehicle": null, "name": "Fountain Court", "oneway": null, "oneway:bicycle": null, "psv": null, "ref": null, "service": null, "segregated": null, "sidewalk": null, "smoothness": null, "surface": null, "tracktype": null, "tunnel": "yes", "turn": null, "width": null, "id": 460428738.0, "timestamp": 1572941310.0, "version": 4.0, "tags": { "visible": false, "indoor": "yes", "layer": "-1" }, "osm_type": "way", "u": 4560997279, "v": 4560978986, "length": 5.892, "is_covered": 1, "is_synthesized": null, "length_m": 5.8606751407517628 }, "geometry": { "type": "LineString", "coordinates": [ [ 103.8591882, 1.2948318 ], [ 103.8591998, 1.2947801 ] ] } },
{ "type": "Feature", "properties": { "access": null, "area": null, "bicycle": null, "bridge": null, "busway": null, "cycleway": null, "est_width": null, "foot": null, "footway": null, "highway": "corridor", "junction": null, "lanes": null, "lit": null, "maxspeed": null, "motorcar": null, "motor_vehicle": null, "name": "Fountain Court", "oneway": null, "oneway:bicycle": null, "psv": null, "ref": null, "service": null, "segregated": null, "sidewalk": null, "smoothness": null, "surface": null, "tracktype": null, "tunnel": "yes", "turn": null, "width": null, "id": 460428738.0, "timestamp": 1572941310.0, "version": 4.0, "tags": { "visible": false, "indoor": "yes", "layer": "-1" }, "osm_type": "way", "u": 4560978986, "v": 4560978987, "length": 12.061, "is_covered": 1, "is_synthesized": null, "length_m": 11.996516227577388 }, "geometry": { "type": "LineString", "coordinates": [ [ 103.8591998, 1.2947801 ], [ 103.8591814, 1.2946732 ] ] } },
{ "type": "Feature", "properties": { "access": null, "area": null, "bicycle": null, "bridge": null, "busway": null, "cycleway": null, "est_width": null, "foot": null, "footway": null, "highway": "corridor", "junction": null, "lanes": null, "lit": null, "maxspeed": null, "motorcar": null, "motor_vehicle": null, "name": "Fountain Court", "oneway": null, "oneway:bicycle": null, "psv": null, "ref": null, "service": null, "segregated": null, "sidewalk": null, "smoothness": null, "surface": null, "tracktype": null, "tunnel": "yes", "turn": null, "width": null, "id": 460428738.0, "timestamp": 1572941310.0, "version": 4.0, "tags": { "visible": false, "indoor": "yes", "layer": "-1" }, "osm_type": "way", "u": 4560978987, "v": 4560978988, "length": 12.064, "is_covered": 1, "is_synthesized": null, "length_m": 12.019960848816758 }, "geometry": { "type": "LineString", "coordinates": [ [ 103.8591814, 1.2946732 ], [ 103.8591234, 1.2945815 ] ] } },
{ "type": "Feature", "properties": { "access": null, "area": null, "bicycle": null, "bridge": null, "busway": null, "cycleway": null, "est_width": null, "foot": null, "footway": null, "highway": "corridor", "junction": null, "lanes": null, "lit": null, "maxspeed": null, "motorcar": null, "motor_vehicle": null, "name": "Fountain Court", "oneway": null, "oneway:bicycle": null, "psv": null, "ref": null, "service": null, "segregated": null, "sidewalk": null, "smoothness": null, "surface": null, "tracktype": null, "tunnel": "yes", "turn": null, "width": null, "id": 460428738.0, "timestamp": 1572941310.0, "version": 4.0, "tags": { "visible": false, "indoor": "yes", "layer": "-1" }, "osm_type": "way", "u": 4560978988, "v": 4560997689, "length": 11.972, "is_covered": 1, "is_synthesized": null, "length_m": 11.958298378762292 }, "geometry": { "type": "LineString", "coordinates": [ [ 103.8591234, 1.2945815 ], [ 103.8590355, 1.2945193 ] ] } },
{ "type": "Feature", "properties": { "access": null, "area": null, "bicycle": null, "bridge": null, "busway": null, "cycleway": null, "est_width": null, "foot": null, "footway": null, "highway": "corridor", "junction": null, "lanes": null, "lit": null, "maxspeed": null, "motorcar": null, "motor_vehicle": null, "name": "Fountain Court", "oneway": null, "oneway:bicycle": null, "psv": null, "ref": null, "service": null, "segregated": null, "sidewalk": null, "smoothness": null, "surface": null, "tracktype": null, "tunnel": "yes", "turn": null, "width": null, "id": 460428738.0, "timestamp": 1572941310.0, "version": 4.0, "tags": { "visible": false, "indoor": "yes", "layer": "-1" }, "osm_type": "way", "u": 4560997689, "v": 4560997690, "length": 12.152, "is_covered": 1, "is_synthesized": null, "length_m": 12.161690137781617 }, "geometry": { "type": "LineString", "coordinates": [ [ 103.8590355, 1.2945193 ], [ 103.8589289, 1.2944951 ] ] } },
{ "type": "Feature", "properties": { "access": null, "area": null, "bicycle": null, "bridge": null, "busway": null, "cycleway": null, "est_width": null, "foot": null, "footway": null, "highway": "corridor", "junction": null, "lanes": null, "lit": null, "maxspeed": null, "motorcar": null, "motor_vehicle": null, "name": "Fountain Court", "oneway": null, "oneway:bicycle": null, "psv": null, "ref": null, "service": null, "segregated": null, "sidewalk": null, "smoothness": null, "surface": null, "tracktype": null, "tunnel": "yes", "turn": null, "width": null, "id": 460428738.0, "timestamp": 1572941310.0, "version": 4.0, "tags": { "visible": false, "indoor": "yes", "layer": "-1" }, "osm_type": "way", "u": 4560997690, "v": 4560997691, "length": 12.071, "is_covered": 1, "is_synthesized": null, "length_m": 12.082593472029325 }, "geometry": { "type": "LineString", "coordinates": [ [ 103.8589289, 1.2944951 ], [ 103.8588219, 1.2945136 ] ] } },
{ "type": "Feature", "properties": { "access": null, "area": null, "bicycle": null, "bridge": null, "busway": null, "cycleway": null, "est_width": null, "foot": null, "footway": null, "highway": "corridor", "junction": null, "lanes": null, "lit": null, "maxspeed": null, "motorcar": null, "motor_vehicle": null, "name": "Fountain Court", "oneway": null, "oneway:bicycle": null, "psv": null, "ref": null, "service": null, "segregated": null, "sidewalk": null, "smoothness": null, "surface": null, "tracktype": null, "tunnel": "yes", "turn": null, "width": null, "id": 460428738.0, "timestamp": 1572941310.0, "version": 4.0, "tags": { "visible": false, "indoor": "yes", "layer": "-1" }, "osm_type": "way", "u": 4560997691, "v": 4560997692, "length": 12.063, "is_covered": 1, "is_synthesized": null, "length_m": 12.053271303012686 }, "geometry": { "type": "LineString", "coordinates": [ [ 103.8588219, 1.2945136 ], [ 103.8587302, 1.2945716 ] ] } },
{ "type": "Feature", "properties": { "access": null, "area": null, "bicycle": null, "bridge": null, "busway": null, "cycleway": null, "est_width": null, "foot": null, "footway": null, "highway": "corridor", "junction": null, "lanes": null, "lit": null, "maxspeed": null, "motorcar": null, "motor_vehicle": null, "name": "One Raffles Link", "oneway": null, "oneway:bicycle": null, "psv": null, "ref": null, "service": null, "segregated": null, "sidewalk": null, "smoothness": null, "surface": null, "tracktype": null, "tunnel": "yes", "turn": null, "width": null, "id": 460428741.0, "timestamp": 1572941310.0, "version": 3.0, "tags": { "visible": false, "indoor": "yes", "layer": "-1", "level": "-1" }, "osm_type": "way", "u": 4560997696, "v": 4560997695, "length": 12.419, "is_covered": 1, "is_synthesized": null, "length_m": 12.413703404918103 }, "geometry": { "type": "LineString", "coordinates": [ [ 103.8557202, 1.2922983 ], [ 103.8558181, 1.2922445 ] ] } },
{ "type": "Feature", "properties": { "access": null, "area": null, "bicycle": null, "bridge": null, "busway": null, "cycleway": null, "est_width": null, "foot": "yes", "footway": null, "highway": "corridor", "junction": null, "lanes": null, "lit": null, "maxspeed": null, "motorcar": null, "motor_vehicle": null, "name": null, "oneway": null, "oneway:bicycle": null, "psv": null, "ref": null, "service": null, "segregated": null, "sidewalk": null, "smoothness": null, "surface": null, "tracktype": null, "tunnel": "building_passage", "turn": null, "width": null, "id": 460428744.0, "timestamp": 1572941310.0, "version": 4.0, "tags": { "visible": false, "indoor": "yes" }, "osm_type": "way", "u": 4560997706, "v": 4560997705, "length": 6.76, "is_covered": 1, "is_synthesized": null, "length_m": 6.7358285536589211 }, "geometry": { "type": "LineString", "coordinates": [ [ 103.8530764, 1.2932715 ], [ 103.8530427, 1.2932209 ] ] } },
{ "type": "Feature", "properties": { "access": null, "area": null, "bicycle": null, "bridge": null, "busway": null, "cycleway": null, "est_width": null, "foot": "yes", "footway": null, "highway": "corridor", "junction": null, "lanes": null, "lit": null, "maxspeed": null, "motorcar": null, "motor_vehicle": null, "name": null, "oneway": null, "oneway:bicycle": null, "psv": null, "ref": null, "service": null, "segregated": null, "sidewalk": null, "smoothness": null, "surface": null, "tracktype": null, "tunnel": "building_passage", "turn": null, "width": null, "id": 460428744.0, "timestamp": 1572941310.0, "version": 4.0, "tags": { "visible": false, "indoor": "yes" }, "osm_type": "way", "u": 4560997705, "v": 1839614166, "length": 3.543, "is_covered": 1, "is_synthesized": null, "length_m": 3.5318820379513576 }, "geometry": { "type": "LineString", "coordinates": [ [ 103.8530427, 1.2932209 ], [ 103.8530232, 1.2931957 ] ] } },
{ "type": "Feature", "properties": { "access": null, "area": null, "bicycle": null, "bridge": null, "busway": null, "cycleway": null, "est_width": null, "foot": null, "footway": null, "highway": "corridor", "junction": null, "lanes": null, "lit": null, "maxspeed": null, "motorcar": null, "motor_vehicle": null, "name": "Esplanade Xchange", "oneway": null, "oneway:bicycle": null, "psv": null, "ref": null, "service": null, "segregated": null, "sidewalk": null, "smoothness": null, "surface": null, "tracktype": null, "tunnel": "yes", "turn": null, "width": null, "id": 460428754.0, "timestamp": 1572941310.0, "version": 3.0, "tags": { "visible": false, "indoor": "yes", "layer": "-1", "level": "-1" }, "osm_type": "way", "u": 4560997719, "v": 1839614170, "length": 5.822, "is_covered": 1, "is_synthesized": null, "length_m": 5.7996466764028751 }, "geometry": { "type": "LineString", "coordinates": [ [ 103.8559087, 1.2927321 ], [ 103.8559358, 1.2927769 ] ] } },
{ "type": "Feature", "properties": { "access": null, "area": null, "bicycle": null, "bridge": null, "busway": null, "cycleway": null, "est_width": null, "foot": null, "footway": null, "highway": "secondary_link", "junction": null, "lanes": "1", "lit": "yes", "maxspeed": "50", "motorcar": null, "motor_vehicle": null, "name": null, "oneway": "yes", "oneway:bicycle": null, "psv": null, "ref": null, "service": null, "segregated": null, "sidewalk": null, "smoothness": null, "surface": "asphalt", "tracktype": null, "tunnel": null, "turn": null, "width": null, "id": 464307269.0, "timestamp": 1689776135.0, "version": 7.0, "tags": { "visible": false }, "osm_type": "way", "u": 8061267360, "v": 5131593697, "length": 12.259, "is_covered": 1, "is_synthesized": null, "length_m": 12.223516358599088 }, "geometry": { "type": "LineString", "coordinates": [ [ 103.8436565, 1.3385999 ], [ 103.843587, 1.3386855 ] ] } },
{ "type": "Feature", "properties": { "access": null, "area": null, "bicycle": null, "bridge": null, "busway": null, "cycleway": null, "est_width": null, "foot": null, "footway": null, "highway": "trunk_link", "junction": null, "lanes": "1", "lit": "yes", "maxspeed": "50", "motorcar": null, "motor_vehicle": null, "name": null, "oneway": "yes", "oneway:bicycle": null, "psv": null, "ref": null, "service": null, "segregated": null, "sidewalk": null, "smoothness": null, "surface": "asphalt", "tracktype": null, "tunnel": null, "turn": null, "width": null, "id": 465439519.0, "timestamp": 1730873806.0, "version": 10.0, "tags": { "visible": false }, "osm_type": "way", "u": 7927608187, "v": 5138353929, "length": 5.616, "is_covered": 1, "is_synthesized": null, "length_m": 5.5960104616866611 }, "geometry": { "type": "LineString", "coordinates": [ [ 103.775815900000012, 1.3404193 ], [ 103.7758432, 1.3404618 ] ] } },
{ "type": "Feature", "properties": { "access": null, "area": null, "bicycle": null, "bridge": null, "busway": null, "cycleway": null, "est_width": null, "foot": null, "footway": null, "highway": "trunk_link", "junction": null, "lanes": "1", "lit": "yes", "maxspeed": "50", "motorcar": null, "motor_vehicle": null, "name": null, "oneway": "yes", "oneway:bicycle": null, "psv": null, "ref": null, "service": null, "segregated": null, "sidewalk": null, "smoothness": null, "surface": "asphalt", "tracktype": null, "tunnel": null, "turn": null, "width": null, "id": 465439519.0, "timestamp": 1730873806.0, "version": 10.0, "tags": { "visible": false }, "osm_type": "way", "u": 5138353929, "v": 4833361155, "length": 15.501, "is_covered": 1, "is_synthesized": null, "length_m": 15.438901985835288 }, "geometry": { "type": "LineString", "coordinates": [ [ 103.7758432, 1.3404618 ], [ 103.7759112, 1.3405835 ] ] } },
{ "type": "Feature", "properties": { "access": null, "area": null, "bicycle": null, "bridge": null, "busway": null, "cycleway": null, "est_width": null, "foot": null, "footway": null, "highway": "primary_link", "junction": null, "lanes": "1", "lit": "yes", "maxspeed": "50", "motorcar": null, "motor_vehicle": null, "name": null, "oneway": "yes", "oneway:bicycle": null, "psv": null, "ref": null, "service": null, "segregated": null, "sidewalk": null, "smoothness": null, "surface": "asphalt", "tracktype": null, "tunnel": null, "turn": null, "width": null, "id": 465463719.0, "timestamp": 1777649401.0, "version": 10.0, "tags": { "visible": false }, "osm_type": "way", "u": 4604256515, "v": 4604256514, "length": 8.911, "is_covered": 1, "is_synthesized": null, "length_m": 8.9189883015456886 }, "geometry": { "type": "LineString", "coordinates": [ [ 103.869017400000018, 1.3324453 ], [ 103.8690962, 1.33246 ] ] } },
{ "type": "Feature", "properties": { "access": null, "area": null, "bicycle": null, "bridge": null, "busway": null, "cycleway": null, "est_width": null, "foot": null, "footway": null, "highway": "primary_link", "junction": null, "lanes": "1", "lit": "yes", "maxspeed": "50", "motorcar": null, "motor_vehicle": null, "name": null, "oneway": "yes", "oneway:bicycle": null, "psv": null, "ref": null, "service": null, "segregated": null, "sidewalk": null, "smoothness": null, "surface": "asphalt", "tracktype": null, "tunnel": null, "turn": null, "width": null, "id": 465463719.0, "timestamp": 1777649401.0, "version": 10.0, "tags": { "visible": false }, "osm_type": "way", "u": 4604256514, "v": 8204462087, "length": 9.138, "is_covered": 1, "is_synthesized": null, "length_m": 9.1452886746114146 }, "geometry": { "type": "LineString", "coordinates": [ [ 103.8690962, 1.33246 ], [ 103.8691766, 1.3324771 ] ] } },
{ "type": "Feature", "properties": { "access": null, "area": null, "bicycle": null, "bridge": null, "busway": null, "cycleway": null, "est_width": null, "foot": null, "footway": null, "highway": "primary_link", "junction": null, "lanes": "1", "lit": "yes", "maxspeed": "50", "motorcar": null, "motor_vehicle": null, "name": null, "oneway": "yes", "oneway:bicycle": null, "psv": null, "ref": null, "service": null, "segregated": null, "sidewalk": null, "smoothness": null, "surface": "asphalt", "tracktype": null, "tunnel": null, "turn": null, "width": null, "id": 465463719.0, "timestamp": 1777649401.0, "version": 10.0, "tags": { "visible": false }, "osm_type": "way", "u": 8204462087, "v": 4604256513, "length": 12.619, "is_covered": 1, "is_synthesized": null, "length_m": 12.6026923916702 }, "geometry": { "type": "LineString", "coordinates": [ [ 103.8691766, 1.3324771 ], [ 103.8692677, 1.3325448 ] ] } },
{ "type": "Feature", "properties": { "access": null, "area": null, "bicycle": null, "bridge": null, "busway": null, "cycleway": null, "est_width": null, "foot": null, "footway": null, "highway": "primary_link", "junction": null, "lanes": "1", "lit": "yes", "maxspeed": "50", "motorcar": null, "motor_vehicle": null, "name": null, "oneway": "yes", "oneway:bicycle": null, "psv": null, "ref": null, "service": null, "segregated": null, "sidewalk": null, "smoothness": null, "surface": "asphalt", "tracktype": null, "tunnel": null, "turn": null, "width": null, "id": 465463721.0, "timestamp": 1638174243.0, "version": 10.0, "tags": { "visible": false }, "osm_type": "way", "u": 7035042240, "v": 8204493769, "length": 11.466, "is_covered": 1, "is_synthesized": null, "length_m": 11.473595614972266 }, "geometry": { "type": "LineString", "coordinates": [ [ 103.869612, 1.3321659 ], [ 103.8695127, 1.332138 ] ] } },
{ "type": "Feature", "properties": { "access": null, "area": null, "bicycle": null, "bridge": null, "busway": null, "cycleway": null, "est_width": null, "foot": null, "footway": null, "highway": "primary_link", "junction": null, "lanes": "1", "lit": "yes", "maxspeed": "50", "motorcar": null, "motor_vehicle": null, "name": null, "oneway": "yes", "oneway:bicycle": null, "psv": null, "ref": null, "service": null, "segregated": null, "sidewalk": null, "smoothness": null, "surface": "asphalt", "tracktype": null, "tunnel": null, "turn": null, "width": null, "id": 465463721.0, "timestamp": 1638174243.0, "version": 10.0, "tags": { "visible": false }, "osm_type": "way", "u": 8204493769, "v": 4604256528, "length": 9.769, "is_covered": 1, "is_synthesized": null, "length_m": 9.7557112059274615 }, "geometry": { "type": "LineString", "coordinates": [ [ 103.8695127, 1.332138 ], [ 103.8694433, 1.3320841 ] ] } },
{ "type": "Feature", "properties": { "access": null, "area": null, "bicycle": null, "bridge": null, "busway": null, "cycleway": null, "est_width": null, "foot": null, "footway": null, "highway": "primary_link", "junction": null, "lanes": "1", "lit": "yes", "maxspeed": "50", "motorcar": null, "motor_vehicle": null, "name": null, "oneway": "yes", "oneway:bicycle": null, "psv": null, "ref": null, "service": null, "segregated": null, "sidewalk": null, "smoothness": null, "surface": "asphalt", "tracktype": null, "tunnel": null, "turn": null, "width": null, "id": 465463721.0, "timestamp": 1638174243.0, "version": 10.0, "tags": { "visible": false }, "osm_type": "way", "u": 4604256528, "v": 4604256527, "length": 8.514, "is_covered": 1, "is_synthesized": null, "length_m": 8.490006135135534 }, "geometry": { "type": "LineString", "coordinates": [ [ 103.8694433, 1.3320841 ], [ 103.8693946, 1.332025 ] ] } },
{ "type": "Feature", "properties": { "access": null, "area": null, "bicycle": null, "bridge": null, "busway": null, "cycleway": null, "est_width": null, "foot": null, "footway": null, "highway": "primary_link", "junction": null, "lanes": "1", "lit": "yes", "maxspeed": "50", "motorcar": null, "motor_vehicle": null, "name": null, "oneway": "yes", "oneway:bicycle": null, "psv": null, "ref": null, "service": null, "segregated": null, "sidewalk": null, "smoothness": null, "surface": "asphalt", "tracktype": null, "tunnel": null, "turn": null, "width": null, "id": 465463722.0, "timestamp": 1638174237.0, "version": 8.0, "tags": { "visible": false }, "osm_type": "way", "u": 4604256523, "v": 4604256524, "length": 11.565, "is_covered": 1, "is_synthesized": null, "length_m": 11.501489826597529 }, "geometry": { "type": "LineString", "coordinates": [ [ 103.8695403, 1.3325664 ], [ 103.8695524, 1.3324631 ] ] } },
{ "type": "Feature", "properties": { "access": null, "area": null, "bicycle": null, "bridge": null, "busway": null, "cycleway": null, "est_width": null, "foot": null, "footway": null, "highway": "primary_link", "junction": null, "lanes": "1", "lit": "yes", "maxspeed": "50", "motorcar": null, "motor_vehicle": null, "name": null, "oneway": "yes", "oneway:bicycle": null, "psv": null, "ref": null, "service": null, "segregated": null, "sidewalk": null, "smoothness": null, "surface": "asphalt", "tracktype": null, "tunnel": null, "turn": null, "width": null, "id": 465463722.0, "timestamp": 1638174237.0, "version": 8.0, "tags": { "visible": false }, "osm_type": "way", "u": 4604256524, "v": 6193575533, "length": 7.586, "is_covered": 1, "is_synthesized": null, "length_m": 7.5478532619432102 }, "geometry": { "type": "LineString", "coordinates": [ [ 103.8695524, 1.3324631 ], [ 103.8695708, 1.3323974 ] ] } },
{ "type": "Feature", "properties": { "access": null, "area": null, "bicycle": null, "bridge": null, "busway": null, "cycleway": null, "est_width": null, "foot": null, "footway": null, "highway": "primary_link", "junction": null, "lanes": "1", "lit": "yes", "maxspeed": "50", "motorcar": null, "motor_vehicle": null, "name": null, "oneway": "yes", "oneway:bicycle": null, "psv": null, "ref": null, "service": null, "segregated": null, "sidewalk": null, "smoothness": null, "surface": "asphalt", "tracktype": null, "tunnel": null, "turn": null, "width": null, "id": 465463722.0, "timestamp": 1638174237.0, "version": 8.0, "tags": { "visible": false }, "osm_type": "way", "u": 6193575533, "v": 4604256525, "length": 11.999, "is_covered": 1, "is_synthesized": null, "length_m": 11.964931793556078 }, "geometry": { "type": "LineString", "coordinates": [ [ 103.8695708, 1.3323974 ], [ 103.8696393, 1.332314 ] ] } },
{ "type": "Feature", "properties": { "access": null, "area": null, "bicycle": null, "bridge": null, "busway": null, "cycleway": null, "est_width": null, "foot": null, "footway": null, "highway": "corridor", "junction": null, "lanes": null, "lit": null, "maxspeed": null, "motorcar": null, "motor_vehicle": null, "name": null, "oneway": null, "oneway:bicycle": null, "psv": null, "ref": null, "service": null, "segregated": null, "sidewalk": null, "smoothness": null, "surface": null, "tracktype": null, "tunnel": "building_passage", "turn": null, "width": null, "id": 474174798.0, "timestamp": 1661182395.0, "version": 5.0, "tags": { "visible": false, "indoor": "yes" }, "osm_type": "way", "u": 4681810988, "v": 5242103825, "length": 9.566, "is_covered": 1, "is_synthesized": null, "length_m": 9.512771026704181 }, "geometry": { "type": "LineString", "coordinates": [ [ 103.8564936, 1.2890857 ], [ 103.8564983, 1.2891716 ] ] } },
{ "type": "Feature", "properties": { "access": null, "area": null, "bicycle": null, "bridge": null, "busway": null, "cycleway": null, "est_width": null, "foot": null, "footway": null, "highway": "trunk_link", "junction": null, "lanes": "2", "lit": null, "maxspeed": "70", "motorcar": null, "motor_vehicle": null, "name": null, "oneway": "yes", "oneway:bicycle": null, "psv": null, "ref": null, "service": null, "segregated": null, "sidewalk": "left", "smoothness": null, "surface": null, "tracktype": null, "tunnel": null, "turn": null, "width": null, "id": 478295455.0, "timestamp": 1667204712.0, "version": 7.0, "tags": { "visible": false, "destination": "Farrer Road,Adam Road", "destination:ref": "PIE", "maxheight": "4.5", "source": "Yahoo aerial images" }, "osm_type": "way", "u": 4715290943, "v": 5967075599, "length": 3.073, "is_covered": 1, "is_synthesized": null, "length_m": 3.0718454588749622 }, "geometry": { "type": "LineString", "coordinates": [ [ 103.8103109, 1.3246134 ], [ 103.8103356, 1.324601 ] ] } },
{ "type": "Feature", "properties": { "access": null, "area": null, "bicycle": null, "bridge": null, "busway": null, "cycleway": null, "est_width": null, "foot": null, "footway": null, "highway": "trunk_link", "junction": null, "lanes": "2", "lit": null, "maxspeed": "70", "motorcar": null, "motor_vehicle": null, "name": null, "oneway": "yes", "oneway:bicycle": null, "psv": null, "ref": null, "service": null, "segregated": null, "sidewalk": "left", "smoothness": null, "surface": null, "tracktype": null, "tunnel": null, "turn": null, "width": null, "id": 478295455.0, "timestamp": 1667204712.0, "version": 7.0, "tags": { "visible": false, "destination": "Farrer Road,Adam Road", "destination:ref": "PIE", "maxheight": "4.5", "source": "Yahoo aerial images" }, "osm_type": "way", "u": 5967075599, "v": 2462552053, "length": 4.462, "is_covered": 1, "is_synthesized": null, "length_m": 4.4598207340627631 }, "geometry": { "type": "LineString", "coordinates": [ [ 103.8103356, 1.324601 ], [ 103.8103704, 1.324581 ] ] } },
{ "type": "Feature", "properties": { "access": null, "area": null, "bicycle": null, "bridge": null, "busway": null, "cycleway": null, "est_width": null, "foot": null, "footway": null, "highway": "trunk_link", "junction": null, "lanes": "2", "lit": null, "maxspeed": "70", "motorcar": null, "motor_vehicle": null, "name": null, "oneway": "yes", "oneway:bicycle": null, "psv": null, "ref": null, "service": null, "segregated": null, "sidewalk": "left", "smoothness": null, "surface": null, "tracktype": null, "tunnel": null, "turn": null, "width": null, "id": 478295455.0, "timestamp": 1667204712.0, "version": 7.0, "tags": { "visible": false, "destination": "Farrer Road,Adam Road", "destination:ref": "PIE", "maxheight": "4.5", "source": "Yahoo aerial images" }, "osm_type": "way", "u": 2462552053, "v": 4715290944, "length": 6.917, "is_covered": 1, "is_synthesized": null, "length_m": 6.9126212305536763 }, "geometry": { "type": "LineString", "coordinates": [ [ 103.8103704, 1.324581 ], [ 103.810423700000015, 1.3245489 ] ] } },
{ "type": "Feature", "properties": { "access": null, "area": null, "bicycle": null, "bridge": null, "busway": null, "cycleway": null, "est_width": null, "foot": null, "footway": null, "highway": "primary", "junction": null, "lanes": "3", "lit": null, "maxspeed": "60", "motorcar": null, "motor_vehicle": null, "name": "Woodsville Tunnel", "oneway": "yes", "oneway:bicycle": null, "psv": null, "ref": null, "service": null, "segregated": null, "sidewalk": null, "smoothness": null, "surface": "asphalt", "tracktype": null, "tunnel": "yes", "turn": null, "width": null, "id": 478324305.0, "timestamp": 1730280191.0, "version": 7.0, "tags": { "visible": false, "layer": "-1", "maxheight": "4.5", "name:en": "Woodsville Tunnel", "name:ms": "Terowong Woodsville", "name:zh": "兀士维隧道", "tunnel:name": "Woodsville Tunnel" }, "osm_type": "way", "u": 1531151933, "v": 1531151932, "length": 29.503, "is_covered": 1, "is_synthesized": null, "length_m": 29.341136543600083 }, "geometry": { "type": "LineString", "coordinates": [ [ 103.8681925, 1.3269962 ], [ 103.868159, 1.326733 ] ] } },
{ "type": "Feature", "properties": { "access": null, "area": null, "bicycle": null, "bridge": null, "busway": null, "cycleway": null, "est_width": null, "foot": null, "footway": null, "highway": "trunk", "junction": null, "lanes": "3", "lit": null, "maxspeed": "70", "motorcar": null, "motor_vehicle": null, "name": "Bartley Road", "oneway": "yes", "oneway:bicycle": null, "psv": null, "ref": null, "service": null, "segregated": null, "sidewalk": null, "smoothness": null, "surface": "asphalt", "tracktype": null, "tunnel": null, "turn": null, "width": null, "id": 479078207.0, "timestamp": 1766410536.0, "version": 10.0, "tags": { "visible": false, "alt_name:ta": "பார்ட்லி சாலை", "name:en": "Bartley Road", "name:ta": "பார்ட்லி ரோட்டு", "name:zh": "巴特里路", "sidewalk:left": "separate", "sidewalk:right": "no", "turn:lanes": "left;through|through|through" }, "osm_type": "way", "u": 4722393384, "v": 4722393385, "length": 19.158, "is_covered": 1, "is_synthesized": null, "length_m": 19.155089935404121 }, "geometry": { "type": "LineString", "coordinates": [ [ 103.8817537, 1.3418146 ], [ 103.8815985, 1.3418895 ] ] } },
{ "type": "Feature", "properties": { "access": null, "area": null, "bicycle": null, "bridge": null, "busway": null, "cycleway": null, "est_width": null, "foot": null, "footway": null, "highway": "trunk", "junction": null, "lanes": "5", "lit": null, "maxspeed": "70", "motorcar": null, "motor_vehicle": null, "name": "Bartley Road", "oneway": "yes", "oneway:bicycle": null, "psv": null, "ref": null, "service": null, "segregated": null, "sidewalk": null, "smoothness": null, "surface": "asphalt", "tracktype": null, "tunnel": null, "turn": null, "width": null, "id": 479079571.0, "timestamp": 1780735385.0, "version": 9.0, "tags": { "visible": false, "alt_name:ta": "பார்ட்லி சாலை", "name:en": "Bartley Road", "name:ta": "பார்ட்லி ரோட்டு", "name:zh": "巴特里路", "sidewalk:left": "separate", "sidewalk:right": "no", "turn:lanes": "left;through|through|through|right|right" }, "osm_type": "way", "u": 13255451317, "v": 13336244352, "length": 7.945, "is_covered": 1, "is_synthesized": null, "length_m": 7.9441065775059441 }, "geometry": { "type": "LineString", "coordinates": [ [ 103.8779093, 1.3438174 ], [ 103.877845, 1.3438486 ] ] } },
{ "type": "Feature", "properties": { "access": null, "area": null, "bicycle": null, "bridge": null, "busway": null, "cycleway": null, "est_width": null, "foot": null, "footway": null, "highway": "trunk", "junction": null, "lanes": "5", "lit": null, "maxspeed": "70", "motorcar": null, "motor_vehicle": null, "name": "Bartley Road", "oneway": "yes", "oneway:bicycle": null, "psv": null, "ref": null, "service": null, "segregated": null, "sidewalk": null, "smoothness": null, "surface": "asphalt", "tracktype": null, "tunnel": null, "turn": null, "width": null, "id": 479079571.0, "timestamp": 1780735385.0, "version": 9.0, "tags": { "visible": false, "alt_name:ta": "பார்ட்லி சாலை", "name:en": "Bartley Road", "name:ta": "பார்ட்லி ரோட்டு", "name:zh": "巴特里路", "sidewalk:left": "separate", "sidewalk:right": "no", "turn:lanes": "left;through|through|through|right|right" }, "osm_type": "way", "u": 13336244352, "v": 239886011, "length": 25.934, "is_covered": 1, "is_synthesized": null, "length_m": 25.930282692916158 }, "geometry": { "type": "LineString", "coordinates": [ [ 103.877845, 1.3438486 ], [ 103.8776351, 1.3439504 ] ] } },
{ "type": "Feature", "properties": { "access": null, "area": null, "bicycle": null, "bridge": null, "busway": null, "cycleway": null, "est_width": null, "foot": null, "footway": null, "highway": "motorway_link", "junction": null, "lanes": "1", "lit": null, "maxspeed": "50", "motorcar": null, "motor_vehicle": null, "name": null, "oneway": "yes", "oneway:bicycle": null, "psv": null, "ref": null, "service": null, "segregated": null, "sidewalk": null, "smoothness": null, "surface": "asphalt", "tracktype": null, "tunnel": null, "turn": null, "width": null, "id": 479176452.0, "timestamp": 1688883532.0, "version": 8.0, "tags": { "visible": false, "destination:ref": "CTE", "destination:ref:to": "SLE;TPE", "maxheight": "4.5" }, "osm_type": "way", "u": 4723233791, "v": 391224731, "length": 20.941, "is_covered": 1, "is_synthesized": null, "length_m": 20.887218692540991 }, "geometry": { "type": "LineString", "coordinates": [ [ 103.860248100000021, 1.3305717 ], [ 103.8603741, 1.3307117 ] ] } },
{ "type": "Feature", "properties": { "access": null, "area": null, "bicycle": null, "bridge": null, "busway": null, "cycleway": null, "est_width": null, "foot": null, "footway": null, "highway": "primary", "junction": null, "lanes": "3", "lit": null, "maxspeed": "70", "motorcar": null, "motor_vehicle": null, "name": "Braddell Road", "oneway": "yes", "oneway:bicycle": null, "psv": null, "ref": null, "service": null, "segregated": null, "sidewalk": null, "smoothness": null, "surface": "asphalt", "tracktype": null, "tunnel": null, "turn": null, "width": null, "id": 479377903.0, "timestamp": 1746857973.0, "version": 11.0, "tags": { "visible": false, "destination": "Bishan Road;Upper Thomson Road;Lornie Road", "maxheight": "4.5", "name:en": "Braddell Road", "name:ta": "பிராடல் ரோடு", "name:zh": "布莱德路", "source": "Yahoo aerial images" }, "osm_type": "way", "u": 3784728654, "v": 4724920864, "length": 25.61, "is_covered": 1, "is_synthesized": null, "length_m": 25.636013995169609 }, "geometry": { "type": "LineString", "coordinates": [ [ 103.8508258, 1.3435197 ], [ 103.8505975, 1.3435506 ] ] } },
{ "type": "Feature", "properties": { "access": null, "area": null, "bicycle": null, "bridge": null, "busway": null, "cycleway": null, "est_width": null, "foot": null, "footway": null, "highway": "primary", "junction": null, "lanes": "5", "lit": "yes", "maxspeed": "50", "motorcar": null, "motor_vehicle": null, "name": "Raffles Boulevard", "oneway": "yes", "oneway:bicycle": null, "psv": null, "ref": null, "service": null, "segregated": null, "sidewalk": null, "smoothness": null, "surface": "asphalt", "tracktype": null, "tunnel": "building_passage", "turn": null, "width": null, "id": 479745478.0, "timestamp": 1778184106.0, "version": 17.0, "tags": { "visible": false, "busway:left": "lane", "lanes:bus": "1", "lanes:bus:conditional": "1 @ (Mo-Sa 07:30-23:00)", "maxheight": "4.5", "name:en": "Raffles Boulevard", "name:zh": "莱佛士林荫道", "source": "Yahoo aerial images" }, "osm_type": "way", "u": 4727947772, "v": 7023019223, "length": 11.484, "is_covered": 1, "is_synthesized": null, "length_m": 11.496217017548842 }, "geometry": { "type": "LineString", "coordinates": [ [ 103.8591706, 1.2914593 ], [ 103.8592734, 1.2914491 ] ] } },
{ "type": "Feature", "properties": { "access": null, "area": null, "bicycle": null, "bridge": null, "busway": null, "cycleway": null, "est_width": null, "foot": null, "footway": null, "highway": "primary", "junction": null, "lanes": "5", "lit": "yes", "maxspeed": "50", "motorcar": null, "motor_vehicle": null, "name": "Raffles Boulevard", "oneway": "yes", "oneway:bicycle": null, "psv": null, "ref": null, "service": null, "segregated": null, "sidewalk": null, "smoothness": null, "surface": "asphalt", "tracktype": null, "tunnel": "building_passage", "turn": null, "width": null, "id": 479745478.0, "timestamp": 1778184106.0, "version": 17.0, "tags": { "visible": false, "busway:left": "lane", "lanes:bus": "1", "lanes:bus:conditional": "1 @ (Mo-Sa 07:30-23:00)", "maxheight": "4.5", "name:en": "Raffles Boulevard", "name:zh": "莱佛士林荫道", "source": "Yahoo aerial images" }, "osm_type": "way", "u": 7023019223, "v": 4281759839, "length": 11.462, "is_covered": 1, "is_synthesized": null, "length_m": 11.474295113140432 }, "geometry": { "type": "LineString", "coordinates": [ [ 103.8592734, 1.2914491 ], [ 103.8593764, 1.2914445 ] ] } },
{ "type": "Feature", "properties": { "access": null, "area": null, "bicycle": null, "bridge": null, "busway": null, "cycleway": null, "est_width": null, "foot": null, "footway": null, "highway": "secondary_link", "junction": null, "lanes": "1", "lit": "yes", "maxspeed": "50", "motorcar": null, "motor_vehicle": null, "name": null, "oneway": "yes", "oneway:bicycle": null, "psv": null, "ref": null, "service": null, "segregated": null, "sidewalk": null, "smoothness": "intermediate", "surface": "asphalt", "tracktype": null, "tunnel": null, "turn": null, "width": null, "id": 480250100.0, "timestamp": 1691184391.0, "version": 6.0, "tags": { "visible": false, "sidewalk:left": "separate", "sidewalk:right": "no" }, "osm_type": "way", "u": 4732525707, "v": 7882886066, "length": 1.291, "is_covered": 1, "is_synthesized": null, "length_m": 1.291830786099694 }, "geometry": { "type": "LineString", "coordinates": [ [ 103.8563491, 1.2967505 ], [ 103.8563605, 1.2967527 ] ] } },
{ "type": "Feature", "properties": { "access": null, "area": null, "bicycle": null, "bridge": null, "busway": null, "cycleway": null, "est_width": null, "foot": null, "footway": null, "highway": "trunk", "junction": null, "lanes": "3", "lit": null, "maxspeed": "70", "motorcar": null, "motor_vehicle": null, "name": "Dunearn Road", "oneway": "yes", "oneway:bicycle": null, "psv": null, "ref": null, "service": null, "segregated": null, "sidewalk": null, "smoothness": null, "surface": "asphalt", "tracktype": null, "tunnel": null, "turn": null, "width": null, "id": 480672937.0, "timestamp": 1773805715.0, "version": 13.0, "tags": { "visible": false, "name:en": "Dunearn Road", "name:ta": "டன்னர்ன் ரோடு", "name:zh": "杜尼安路", "sidewalk:left": "separate", "sidewalk:right": "no", "source": "Yahoo aerial images" }, "osm_type": "way", "u": 3838336139, "v": 8678718533, "length": 5.763, "is_covered": 1, "is_synthesized": null, "length_m": 5.7653640473622128 }, "geometry": { "type": "LineString", "coordinates": [ [ 103.7837442, 1.3359936 ], [ 103.783793, 1.3359761 ] ] } },
{ "type": "Feature", "properties": { "access": null, "area": null, "bicycle": null, "bridge": null, "busway": null, "cycleway": null, "est_width": null, "foot": null, "footway": null, "highway": "trunk", "junction": null, "lanes": "3", "lit": null, "maxspeed": "70", "motorcar": null, "motor_vehicle": null, "name": "Dunearn Road", "oneway": "yes", "oneway:bicycle": null, "psv": null, "ref": null, "service": null, "segregated": null, "sidewalk": null, "smoothness": null, "surface": "asphalt", "tracktype": null, "tunnel": null, "turn": null, "width": null, "id": 480672937.0, "timestamp": 1773805715.0, "version": 13.0, "tags": { "visible": false, "name:en": "Dunearn Road", "name:ta": "டன்னர்ன் ரோடு", "name:zh": "杜尼安路", "sidewalk:left": "separate", "sidewalk:right": "no", "source": "Yahoo aerial images" }, "osm_type": "way", "u": 8678718533, "v": 2085358335, "length": 13.098, "is_covered": 1, "is_synthesized": null, "length_m": 13.103159744817134 }, "geometry": { "type": "LineString", "coordinates": [ [ 103.783793, 1.3359761 ], [ 103.7839039, 1.3359363 ] ] } },
{ "type": "Feature", "properties": { "access": null, "area": null, "bicycle": null, "bridge": null, "busway": null, "cycleway": null, "est_width": null, "foot": null, "footway": null, "highway": "trunk", "junction": null, "lanes": "3", "lit": null, "maxspeed": "70", "motorcar": null, "motor_vehicle": null, "name": "Dunearn Road", "oneway": "yes", "oneway:bicycle": null, "psv": null, "ref": null, "service": null, "segregated": null, "sidewalk": null, "smoothness": null, "surface": "asphalt", "tracktype": null, "tunnel": null, "turn": null, "width": null, "id": 481659911.0, "timestamp": 1730098563.0, "version": 7.0, "tags": { "visible": false, "name:en": "Dunearn Road", "name:ta": "டன்னர்ன் ரோடு", "name:zh": "杜尼安路", "sidewalk:left": "separate", "sidewalk:right": "no", "source": "Yahoo aerial images", "turn:lanes": "left;through|through|through" }, "osm_type": "way", "u": 4745698570, "v": 392681955, "length": 48.988, "is_covered": 1, "is_synthesized": null, "length_m": 48.945309169055953 }, "geometry": { "type": "LineString", "coordinates": [ [ 103.8061057, 1.3274294 ], [ 103.8064746, 1.3271884 ] ] } },
{ "type": "Feature", "properties": { "access": null, "area": null, "bicycle": null, "bridge": null, "busway": null, "cycleway": null, "est_width": null, "foot": null, "footway": null, "highway": "trunk", "junction": null, "lanes": "3", "lit": null, "maxspeed": "70", "motorcar": null, "motor_vehicle": null, "name": "Dunearn Road", "oneway": "yes", "oneway:bicycle": null, "psv": null, "ref": null, "service": null, "segregated": null, "sidewalk": null, "smoothness": null, "surface": "asphalt", "tracktype": null, "tunnel": null, "turn": null, "width": null, "id": 481659912.0, "timestamp": 1730098563.0, "version": 6.0, "tags": { "visible": false, "maxheight": "4.5", "name:en": "Dunearn Road", "name:ta": "டன்னர்ன் ரோடு", "name:zh": "杜尼安路", "sidewalk:left": "separate", "sidewalk:right": "no", "source": "Yahoo aerial images", "turn:lanes": "left;through|through|through" }, "osm_type": "way", "u": 392680004, "v": 2085374866, "length": 13.158, "is_covered": 1, "is_synthesized": null, "length_m": 13.144634295333224 }, "geometry": { "type": "LineString", "coordinates": [ [ 103.8058724, 1.3275842 ], [ 103.8059701, 1.3275174 ] ] } },
{ "type": "Feature", "properties": { "access": null, "area": null, "bicycle": null, "bridge": null, "busway": null, "cycleway": null, "est_width": null, "foot": null, "footway": null, "highway": "trunk", "junction": null, "lanes": "3", "lit": null, "maxspeed": "70", "motorcar": null, "motor_vehicle": null, "name": "Dunearn Road", "oneway": "yes", "oneway:bicycle": null, "psv": null, "ref": null, "service": null, "segregated": null, "sidewalk": null, "smoothness": null, "surface": "asphalt", "tracktype": null, "tunnel": null, "turn": null, "width": null, "id": 481659912.0, "timestamp": 1730098563.0, "version": 6.0, "tags": { "visible": false, "maxheight": "4.5", "name:en": "Dunearn Road", "name:ta": "டன்னர்ன் ரோடு", "name:zh": "杜尼安路", "sidewalk:left": "separate", "sidewalk:right": "no", "source": "Yahoo aerial images", "turn:lanes": "left;through|through|through" }, "osm_type": "way", "u": 2085374866, "v": 4745698570, "length": 17.972, "is_covered": 1, "is_synthesized": null, "length_m": 17.956047940283135 }, "geometry": { "type": "LineString", "coordinates": [ [ 103.8059701, 1.3275174 ], [ 103.8061057, 1.3274294 ] ] } },
{ "type": "Feature", "properties": { "access": null, "area": null, "bicycle": null, "bridge": null, "busway": null, "cycleway": null, "est_width": null, "foot": null, "footway": null, "highway": "trunk", "junction": null, "lanes": "3", "lit": null, "maxspeed": "70", "motorcar": null, "motor_vehicle": null, "name": "Bukit Timah Road", "oneway": "yes", "oneway:bicycle": null, "psv": null, "ref": null, "service": null, "segregated": null, "sidewalk": null, "smoothness": null, "surface": "asphalt", "tracktype": null, "tunnel": null, "turn": null, "width": null, "id": 481659914.0, "timestamp": 1730098563.0, "version": 5.0, "tags": { "visible": false, "maxheight": "4.5", "name:en": "Bukit Timah Road", "name:ta": "புக்கிட் தீமா சாலை", "name:zh": "武吉知马路", "source": "Yahoo aerial images" }, "osm_type": "way", "u": 5215250221, "v": 4745698574, "length": 12.235, "is_covered": 1, "is_synthesized": null, "length_m": 12.223354862632313 }, "geometry": { "type": "LineString", "coordinates": [ [ 103.8058024, 1.3271535 ], [ 103.8057112, 1.3272151 ] ] } },
{ "type": "Feature", "properties": { "access": null, "area": null, "bicycle": null, "bridge": null, "busway": null, "cycleway": null, "est_width": null, "foot": null, "footway": null, "highway": "trunk", "junction": null, "lanes": "3", "lit": null, "maxspeed": "70", "motorcar": null, "motor_vehicle": null, "name": "Bukit Timah Road", "oneway": "yes", "oneway:bicycle": null, "psv": null, "ref": null, "service": null, "segregated": null, "sidewalk": null, "smoothness": null, "surface": "asphalt", "tracktype": null, "tunnel": null, "turn": null, "width": null, "id": 481659914.0, "timestamp": 1730098563.0, "version": 5.0, "tags": { "visible": false, "maxheight": "4.5", "name:en": "Bukit Timah Road", "name:ta": "புக்கிட் தீமா சாலை", "name:zh": "武吉知马路", "source": "Yahoo aerial images" }, "osm_type": "way", "u": 4745698574, "v": 4745698571, "length": 13.083, "is_covered": 1, "is_synthesized": null, "length_m": 13.070488344946703 }, "geometry": { "type": "LineString", "coordinates": [ [ 103.8057112, 1.3272151 ], [ 103.8056137, 1.327281 ] ] } },
{ "type": "Feature", "properties": { "access": null, "area": null, "bicycle": null, "bridge": null, "busway": null, "cycleway": null, "est_width": null, "foot": "no", "footway": null, "highway": "primary_link", "junction": null, "lanes": "2", "lit": "yes", "maxspeed": "50", "motorcar": null, "motor_vehicle": null, "name": null, "oneway": "yes", "oneway:bicycle": null, "psv": null, "ref": null, "service": null, "segregated": null, "sidewalk": null, "smoothness": null, "surface": "asphalt", "tracktype": null, "tunnel": null, "turn": null, "width": null, "id": 482039930.0, "timestamp": 1719632463.0, "version": 5.0, "tags": { "visible": false, "sidewalk:left": "separate", "sidewalk:right": "no" }, "osm_type": "way", "u": 3251145297, "v": 1717654126, "length": 5.298, "is_covered": 1, "is_synthesized": null, "length_m": 5.2793046629510023 }, "geometry": { "type": "LineString", "coordinates": [ [ 103.8365316, 1.3417958 ], [ 103.836505700000018, 1.3417558 ] ] } },
{ "type": "Feature", "properties": { "access": null, "area": null, "bicycle": null, "bridge": null, "busway": null, "cycleway": null, "est_width": null, "foot": "no", "footway": null, "highway": "primary_link", "junction": null, "lanes": "2", "lit": "yes", "maxspeed": "50", "motorcar": null, "motor_vehicle": null, "name": null, "oneway": "yes", "oneway:bicycle": null, "psv": null, "ref": null, "service": null, "segregated": null, "sidewalk": null, "smoothness": null, "surface": "asphalt", "tracktype": null, "tunnel": null, "turn": null, "width": null, "id": 482039930.0, "timestamp": 1719632463.0, "version": 5.0, "tags": { "visible": false, "sidewalk:left": "separate", "sidewalk:right": "no" }, "osm_type": "way", "u": 1717654126, "v": 439978129, "length": 10.039, "is_covered": 1, "is_synthesized": null, "length_m": 9.9894504255946188 }, "geometry": { "type": "LineString", "coordinates": [ [ 103.836505700000018, 1.3417558 ], [ 103.8364773, 1.3416701 ] ] } },
{ "type": "Feature", "properties": { "access": null, "area": null, "bicycle": null, "bridge": null, "busway": null, "cycleway": "share_sidewalk", "est_width": null, "foot": null, "footway": null, "highway": "primary", "junction": null, "lanes": "3", "lit": null, "maxspeed": "70", "motorcar": null, "motor_vehicle": null, "name": "Ulu Pandan Road", "oneway": "yes", "oneway:bicycle": null, "psv": null, "ref": null, "service": null, "segregated": null, "sidewalk": null, "smoothness": null, "surface": "asphalt", "tracktype": null, "tunnel": null, "turn": null, "width": null, "id": 482265068.0, "timestamp": 1778183381.0, "version": 7.0, "tags": { "visible": false, "maxheight": "4.5", "name:en": "Ulu Pandan Road", "name:zh": "乌鲁班丹路", "source": "Yahoo aerial images" }, "osm_type": "way", "u": 5250844176, "v": 4855265609, "length": 15.396, "is_covered": 1, "is_synthesized": null, "length_m": 15.413179126588853 }, "geometry": { "type": "LineString", "coordinates": [ [ 103.7795217, 1.3210589 ], [ 103.7796599, 1.3210498 ] ] } },
{ "type": "Feature", "properties": { "access": null, "area": null, "bicycle": null, "bridge": null, "busway": null, "cycleway": "share_sidewalk", "est_width": null, "foot": null, "footway": null, "highway": "primary", "junction": null, "lanes": "3", "lit": null, "maxspeed": "70", "motorcar": null, "motor_vehicle": null, "name": "Ulu Pandan Road", "oneway": "yes", "oneway:bicycle": null, "psv": null, "ref": null, "service": null, "segregated": null, "sidewalk": null, "smoothness": null, "surface": "asphalt", "tracktype": null, "tunnel": null, "turn": null, "width": null, "id": 482265068.0, "timestamp": 1778183381.0, "version": 7.0, "tags": { "visible": false, "maxheight": "4.5", "name:en": "Ulu Pandan Road", "name:zh": "乌鲁班丹路", "source": "Yahoo aerial images" }, "osm_type": "way", "u": 4855265609, "v": 241926342, "length": 3.89, "is_covered": 1, "is_synthesized": null, "length_m": 3.8946518506579286 }, "geometry": { "type": "LineString", "coordinates": [ [ 103.7796599, 1.3210498 ], [ 103.7796948, 1.3210472 ] ] } },
{ "type": "Feature", "properties": { "access": null, "area": null, "bicycle": null, "bridge": null, "busway": null, "cycleway": null, "est_width": null, "foot": null, "footway": null, "highway": "primary", "junction": null, "lanes": "3", "lit": null, "maxspeed": "70", "motorcar": null, "motor_vehicle": null, "name": "Ulu Pandan Road", "oneway": "yes", "oneway:bicycle": null, "psv": null, "ref": null, "service": null, "segregated": null, "sidewalk": null, "smoothness": null, "surface": "asphalt", "tracktype": null, "tunnel": null, "turn": null, "width": null, "id": 482265069.0, "timestamp": 1778183381.0, "version": 10.0, "tags": { "visible": false, "name:en": "Ulu Pandan Road", "name:zh": "乌鲁班丹路", "source": "Yahoo aerial images" }, "osm_type": "way", "u": 241926342, "v": 11178451608, "length": 11.119, "is_covered": 1, "is_synthesized": null, "length_m": 11.130660328106892 }, "geometry": { "type": "LineString", "coordinates": [ [ 103.7796948, 1.3210472 ], [ 103.77979430000002, 1.321037 ] ] } },
{ "type": "Feature", "properties": { "access": null, "area": null, "bicycle": null, "bridge": null, "busway": null, "cycleway": null, "est_width": null, "foot": null, "footway": null, "highway": "primary", "junction": null, "lanes": "3", "lit": null, "maxspeed": "70", "motorcar": null, "motor_vehicle": null, "name": "Ulu Pandan Road", "oneway": "yes", "oneway:bicycle": null, "psv": null, "ref": null, "service": null, "segregated": null, "sidewalk": null, "smoothness": null, "surface": "asphalt", "tracktype": null, "tunnel": null, "turn": null, "width": null, "id": 482265069.0, "timestamp": 1778183381.0, "version": 10.0, "tags": { "visible": false, "name:en": "Ulu Pandan Road", "name:zh": "乌鲁班丹路", "source": "Yahoo aerial images" }, "osm_type": "way", "u": 11178451608, "v": 11178451612, "length": 11.245, "is_covered": 1, "is_synthesized": null, "length_m": 11.256512646996383 }, "geometry": { "type": "LineString", "coordinates": [ [ 103.77979430000002, 1.321037 ], [ 103.7798944, 1.3210224 ] ] } },
{ "type": "Feature", "properties": { "access": null, "area": null, "bicycle": null, "bridge": null, "busway": null, "cycleway": null, "est_width": null, "foot": null, "footway": null, "highway": "primary", "junction": null, "lanes": "3", "lit": null, "maxspeed": "70", "motorcar": null, "motor_vehicle": null, "name": "Ulu Pandan Road", "oneway": "yes", "oneway:bicycle": null, "psv": null, "ref": null, "service": null, "segregated": null, "sidewalk": null, "smoothness": null, "surface": "asphalt", "tracktype": null, "tunnel": null, "turn": null, "width": null, "id": 482265069.0, "timestamp": 1778183381.0, "version": 10.0, "tags": { "visible": false, "name:en": "Ulu Pandan Road", "name:zh": "乌鲁班丹路", "source": "Yahoo aerial images" }, "osm_type": "way", "u": 11178451612, "v": 5137972552, "length": 10.392, "is_covered": 1, "is_synthesized": null, "length_m": 10.400880992339497 }, "geometry": { "type": "LineString", "coordinates": [ [ 103.7798944, 1.3210224 ], [ 103.7799863, 1.3210053 ] ] } },
{ "type": "Feature", "properties": { "access": null, "area": null, "bicycle": null, "bridge": null, "busway": null, "cycleway": null, "est_width": null, "foot": null, "footway": null, "highway": "primary", "junction": null, "lanes": "4", "lit": null, "maxspeed": "70", "motorcar": null, "motor_vehicle": null, "name": "Holland Road", "oneway": "yes", "oneway:bicycle": null, "psv": null, "ref": null, "service": null, "segregated": null, "sidewalk": null, "smoothness": null, "surface": "asphalt", "tracktype": null, "tunnel": null, "turn": null, "width": null, "id": 482266823.0, "timestamp": 1778183381.0, "version": 8.0, "tags": { "visible": false, "maxheight": "4.5", "name:en": "Holland Road", "name:zh": "荷兰路", "source": "Yahoo aerial images", "turn:lanes": "through|through|through|right" }, "osm_type": "way", "u": 1911008989, "v": 7936471648, "length": 35.063, "is_covered": 1, "is_synthesized": null, "length_m": 35.040499160735173 }, "geometry": { "type": "LineString", "coordinates": [ [ 103.7832942, 1.3184635 ], [ 103.7830233, 1.318625 ] ] } },
{ "type": "Feature", "properties": { "access": null, "area": null, "bicycle": null, "bridge": null, "busway": null, "cycleway": null, "est_width": null, "foot": null, "footway": null, "highway": "primary", "junction": null, "lanes": "4", "lit": null, "maxspeed": "70", "motorcar": null, "motor_vehicle": null, "name": "Holland Road", "oneway": "yes", "oneway:bicycle": null, "psv": null, "ref": null, "service": null, "segregated": null, "sidewalk": null, "smoothness": null, "surface": "asphalt", "tracktype": null, "tunnel": null, "turn": null, "width": null, "id": 482266823.0, "timestamp": 1778183381.0, "version": 8.0, "tags": { "visible": false, "maxheight": "4.5", "name:en": "Holland Road", "name:zh": "荷兰路", "source": "Yahoo aerial images", "turn:lanes": "through|through|through|right" }, "osm_type": "way", "u": 7936471648, "v": 241619585, "length": 18.836, "is_covered": 1, "is_synthesized": null, "length_m": 18.8069203283283 }, "geometry": { "type": "LineString", "coordinates": [ [ 103.7830233, 1.318625 ], [ 103.7828917, 1.3187317 ] ] } },
{ "type": "Feature", "properties": { "access": null, "area": null, "bicycle": null, "bridge": null, "busway": null, "cycleway": null, "est_width": null, "foot": null, "footway": null, "highway": "primary", "junction": null, "lanes": "4", "lit": null, "maxspeed": "70", "motorcar": null, "motor_vehicle": null, "name": "Holland Road", "oneway": "yes", "oneway:bicycle": null, "psv": null, "ref": null, "service": null, "segregated": null, "sidewalk": null, "smoothness": null, "surface": "asphalt", "tracktype": null, "tunnel": null, "turn": null, "width": null, "id": 482266823.0, "timestamp": 1778183381.0, "version": 8.0, "tags": { "visible": false, "maxheight": "4.5", "name:en": "Holland Road", "name:zh": "荷兰路", "source": "Yahoo aerial images", "turn:lanes": "through|through|through|right" }, "osm_type": "way", "u": 241619585, "v": 1911008974, "length": 19.909, "is_covered": 1, "is_synthesized": null, "length_m": 19.870027734595777 }, "geometry": { "type": "LineString", "coordinates": [ [ 103.7828917, 1.3187317 ], [ 103.7827597, 1.3188527 ] ] } },
{ "type": "Feature", "properties": { "access": null, "area": null, "bicycle": null, "bridge": null, "busway": null, "cycleway": null, "est_width": null, "foot": null, "footway": null, "highway": "corridor", "junction": null, "lanes": null, "lit": null, "maxspeed": null, "motorcar": null, "motor_vehicle": null, "name": null, "oneway": null, "oneway:bicycle": null, "psv": null, "ref": null, "service": null, "segregated": null, "sidewalk": null, "smoothness": null, "surface": null, "tracktype": null, "tunnel": "building_passage", "turn": null, "width": null, "id": 515143392.0, "timestamp": 1661182395.0, "version": 5.0, "tags": { "visible": false, "indoor": "yes", "level": "-1" }, "osm_type": "way", "u": 5031641142, "v": 5031641143, "length": 8.219, "is_covered": 1, "is_synthesized": null, "length_m": 8.174547773098519 }, "geometry": { "type": "LineString", "coordinates": [ [ 103.8530812, 1.2856928 ], [ 103.8530928, 1.2856198 ] ] } },
{ "type": "Feature", "properties": { "access": null, "area": null, "bicycle": null, "bridge": null, "busway": null, "cycleway": null, "est_width": null, "foot": null, "footway": null, "highway": "corridor", "junction": null, "lanes": null, "lit": null, "maxspeed": null, "motorcar": null, "motor_vehicle": null, "name": null, "oneway": null, "oneway:bicycle": null, "psv": null, "ref": null, "service": null, "segregated": null, "sidewalk": null, "smoothness": null, "surface": null, "tracktype": null, "tunnel": "building_passage", "turn": null, "width": null, "id": 515143392.0, "timestamp": 1661182395.0, "version": 5.0, "tags": { "visible": false, "indoor": "yes", "level": "-1" }, "osm_type": "way", "u": 5031641143, "v": 6280491884, "length": 68.224, "is_covered": 1, "is_synthesized": null, "length_m": 68.252926102322249 }, "geometry": { "type": "LineString", "coordinates": [ [ 103.8530928, 1.2856198 ], [ 103.8536733, 1.2854207 ] ] } },
{ "type": "Feature", "properties": { "access": null, "area": null, "bicycle": null, "bridge": null, "busway": null, "cycleway": null, "est_width": null, "foot": null, "footway": null, "highway": "corridor", "junction": null, "lanes": null, "lit": null, "maxspeed": null, "motorcar": null, "motor_vehicle": null, "name": null, "oneway": null, "oneway:bicycle": null, "psv": null, "ref": null, "service": null, "segregated": null, "sidewalk": null, "smoothness": null, "surface": null, "tracktype": null, "tunnel": "building_passage", "turn": null, "width": null, "id": 515143392.0, "timestamp": 1661182395.0, "version": 5.0, "tags": { "visible": false, "indoor": "yes", "level": "-1" }, "osm_type": "way", "u": 6280491884, "v": 5031641144, "length": 8.146, "is_covered": 1, "is_synthesized": null, "length_m": 8.1491472665640945 }, "geometry": { "type": "LineString", "coordinates": [ [ 103.8536733, 1.2854207 ], [ 103.8537426, 1.2853969 ] ] } },
{ "type": "Feature", "properties": { "access": null, "area": null, "bicycle": null, "bridge": null, "busway": null, "cycleway": null, "est_width": null, "foot": null, "footway": null, "highway": "corridor", "junction": null, "lanes": null, "lit": null, "maxspeed": null, "motorcar": null, "motor_vehicle": null, "name": null, "oneway": null, "oneway:bicycle": null, "psv": null, "ref": null, "service": null, "segregated": null, "sidewalk": null, "smoothness": null, "surface": null, "tracktype": null, "tunnel": "building_passage", "turn": null, "width": null, "id": 515143392.0, "timestamp": 1661182395.0, "version": 5.0, "tags": { "visible": false, "indoor": "yes", "level": "-1" }, "osm_type": "way", "u": 5031641144, "v": 5031641145, "length": 33.234, "is_covered": 1, "is_synthesized": null, "length_m": 33.07203050286325 }, "geometry": { "type": "LineString", "coordinates": [ [ 103.8537426, 1.2853969 ], [ 103.8538402, 1.2856794 ] ] } },
{ "type": "Feature", "properties": { "access": null, "area": null, "bicycle": null, "bridge": null, "busway": null, "cycleway": null, "est_width": null, "foot": null, "footway": null, "highway": "primary_link", "junction": null, "lanes": "1", "lit": null, "maxspeed": "50", "motorcar": null, "motor_vehicle": null, "name": "Meyappa Chettiar Road", "oneway": "yes", "oneway:bicycle": null, "psv": null, "ref": null, "service": null, "segregated": null, "sidewalk": null, "smoothness": null, "surface": "asphalt", "tracktype": null, "tunnel": null, "turn": null, "width": null, "id": 533204674.0, "timestamp": 1777649401.0, "version": 11.0, "tags": { "visible": false }, "osm_type": "way", "u": 1531151923, "v": 13785001737, "length": 9.009, "is_covered": 1, "is_synthesized": null, "length_m": 8.961453272944599 }, "geometry": { "type": "LineString", "coordinates": [ [ 103.8687643, 1.3305016 ], [ 103.8687459, 1.3305805 ] ] } },
{ "type": "Feature", "properties": { "access": null, "area": null, "bicycle": null, "bridge": null, "busway": null, "cycleway": null, "est_width": null, "foot": null, "footway": null, "highway": "primary_link", "junction": null, "lanes": "1", "lit": null, "maxspeed": "50", "motorcar": null, "motor_vehicle": null, "name": "Meyappa Chettiar Road", "oneway": "yes", "oneway:bicycle": null, "psv": null, "ref": null, "service": null, "segregated": null, "sidewalk": null, "smoothness": null, "surface": "asphalt", "tracktype": null, "tunnel": null, "turn": null, "width": null, "id": 533204674.0, "timestamp": 1777649401.0, "version": 11.0, "tags": { "visible": false }, "osm_type": "way", "u": 13785001737, "v": 6547790800, "length": 7.264, "is_covered": 1, "is_synthesized": null, "length_m": 7.2501632222907064 }, "geometry": { "type": "LineString", "coordinates": [ [ 103.8687459, 1.3305805 ], [ 103.8686976, 1.3306245 ] ] } },
{ "type": "Feature", "properties": { "access": null, "area": null, "bicycle": null, "bridge": null, "busway": null, "cycleway": null, "est_width": null, "foot": null, "footway": null, "highway": "primary_link", "junction": null, "lanes": "1", "lit": null, "maxspeed": "50", "motorcar": null, "motor_vehicle": null, "name": "Meyappa Chettiar Road", "oneway": "yes", "oneway:bicycle": null, "psv": null, "ref": null, "service": null, "segregated": null, "sidewalk": null, "smoothness": null, "surface": "asphalt", "tracktype": null, "tunnel": null, "turn": null, "width": null, "id": 533204674.0, "timestamp": 1777649401.0, "version": 11.0, "tags": { "visible": false }, "osm_type": "way", "u": 6547790800, "v": 6547790794, "length": 14.447, "is_covered": 1, "is_synthesized": null, "length_m": 14.434812885199221 }, "geometry": { "type": "LineString", "coordinates": [ [ 103.8686976, 1.3306245 ], [ 103.8685885, 1.3306951 ] ] } },
{ "type": "Feature", "properties": { "access": null, "area": null, "bicycle": null, "bridge": null, "busway": null, "cycleway": null, "est_width": null, "foot": null, "footway": null, "highway": "primary", "junction": null, "lanes": "3", "lit": null, "maxspeed": "70", "motorcar": null, "motor_vehicle": null, "name": "Holland Road", "oneway": "yes", "oneway:bicycle": null, "psv": null, "ref": null, "service": null, "segregated": null, "sidewalk": null, "smoothness": null, "surface": "asphalt", "tracktype": null, "tunnel": null, "turn": null, "width": null, "id": 537033767.0, "timestamp": 1778183381.0, "version": 6.0, "tags": { "visible": false, "maxheight": "4.5", "name:en": "Holland Road", "name:zh": "荷兰路", "source": "Yahoo aerial images", "turn:lanes": "through|through|through" }, "osm_type": "way", "u": 1911008974, "v": 1911008983, "length": 22.522, "is_covered": 1, "is_synthesized": null, "length_m": 22.480430780726742 }, "geometry": { "type": "LineString", "coordinates": [ [ 103.7827597, 1.3188527 ], [ 103.7826084, 1.3189874 ] ] } },
{ "type": "Feature", "properties": { "access": null, "area": null, "bicycle": null, "bridge": null, "busway": null, "cycleway": null, "est_width": null, "foot": null, "footway": null, "highway": "primary", "junction": null, "lanes": "3", "lit": null, "maxspeed": "60", "motorcar": null, "motor_vehicle": null, "name": "Holland Road", "oneway": "yes", "oneway:bicycle": null, "psv": null, "ref": null, "service": null, "segregated": null, "sidewalk": null, "smoothness": null, "surface": "asphalt", "tracktype": null, "tunnel": null, "turn": null, "width": null, "id": 537033769.0, "timestamp": 1778183381.0, "version": 6.0, "tags": { "visible": false, "maxheight": "4.5", "name:en": "Holland Road", "name:zh": "荷兰路", "source": "Yahoo aerial images", "turn:lanes": "through|through|through" }, "osm_type": "way", "u": 1911008985, "v": 241619673, "length": 28.206, "is_covered": 1, "is_synthesized": null, "length_m": 28.165357264397471 }, "geometry": { "type": "LineString", "coordinates": [ [ 103.7829032, 1.3190127 ], [ 103.7831021, 1.3188552 ] ] } },
{ "type": "Feature", "properties": { "access": null, "area": null, "bicycle": null, "bridge": null, "busway": null, "cycleway": null, "est_width": null, "foot": null, "footway": null, "highway": "primary", "junction": null, "lanes": "3", "lit": null, "maxspeed": "60", "motorcar": null, "motor_vehicle": null, "name": "Holland Road", "oneway": "yes", "oneway:bicycle": null, "psv": null, "ref": null, "service": null, "segregated": null, "sidewalk": null, "smoothness": null, "surface": "asphalt", "tracktype": null, "tunnel": null, "turn": null, "width": null, "id": 537033770.0, "timestamp": 1778183381.0, "version": 5.0, "tags": { "visible": false, "maxheight": "4.5", "name:en": "Holland Road", "name:zh": "荷兰路", "source": "Yahoo aerial images", "turn:lanes": "through|through|through" }, "osm_type": "way", "u": 1911008982, "v": 241619711, "length": 35.786, "is_covered": 1, "is_synthesized": null, "length_m": 35.752562381030806 }, "geometry": { "type": "LineString", "coordinates": [ [ 103.7832558, 1.318736 ], [ 103.7835234, 1.3185571 ] ] } },
{ "type": "Feature", "properties": { "access": null, "area": null, "bicycle": null, "bridge": null, "busway": null, "cycleway": null, "est_width": null, "foot": null, "footway": null, "highway": "primary", "junction": null, "lanes": "2", "lit": null, "maxspeed": "50", "motorcar": null, "motor_vehicle": null, "name": "Upper Aljunied Road", "oneway": "yes", "oneway:bicycle": null, "psv": null, "ref": null, "service": null, "segregated": null, "sidewalk": null, "smoothness": null, "surface": "asphalt", "tracktype": null, "tunnel": null, "turn": null, "width": null, "id": 537082873.0, "timestamp": 1783766268.0, "version": 6.0, "tags": { "visible": false, "name:en": "Upper Aljunied Road", "name:zh": "阿裕尼路上段" }, "osm_type": "way", "u": 4459074494, "v": 14004421913, "length": 14.876, "is_covered": 1, "is_synthesized": null, "length_m": 14.797948568093833 }, "geometry": { "type": "LineString", "coordinates": [ [ 103.8779792, 1.3356415 ], [ 103.8779493, 1.3357719 ] ] } },
{ "type": "Feature", "properties": { "access": null, "area": null, "bicycle": null, "bridge": null, "busway": null, "cycleway": null, "est_width": null, "foot": null, "footway": null, "highway": "primary", "junction": null, "lanes": "2", "lit": null, "maxspeed": "50", "motorcar": null, "motor_vehicle": null, "name": "Upper Aljunied Road", "oneway": "yes", "oneway:bicycle": null, "psv": null, "ref": null, "service": null, "segregated": null, "sidewalk": null, "smoothness": null, "surface": "asphalt", "tracktype": null, "tunnel": null, "turn": null, "width": null, "id": 537082873.0, "timestamp": 1783766268.0, "version": 6.0, "tags": { "visible": false, "name:en": "Upper Aljunied Road", "name:zh": "阿裕尼路上段" }, "osm_type": "way", "u": 14004421913, "v": 4459074495, "length": 58.665, "is_covered": 1, "is_synthesized": null, "length_m": 58.357726903809564 }, "geometry": { "type": "LineString", "coordinates": [ [ 103.8779493, 1.3357719 ], [ 103.8778316, 1.3362862 ] ] } },
{ "type": "Feature", "properties": { "access": null, "area": null, "bicycle": null, "bridge": null, "busway": null, "cycleway": null, "est_width": null, "foot": null, "footway": null, "highway": "primary", "junction": null, "lanes": "2", "lit": null, "maxspeed": "50", "motorcar": null, "motor_vehicle": null, "name": "Upper Aljunied Road", "oneway": "yes", "oneway:bicycle": null, "psv": null, "ref": null, "service": null, "segregated": null, "sidewalk": null, "smoothness": null, "surface": "asphalt", "tracktype": null, "tunnel": null, "turn": null, "width": null, "id": 537579070.0, "timestamp": 1778183381.0, "version": 5.0, "tags": { "visible": false, "name:en": "Upper Aljunied Road", "name:zh": "阿裕尼路上段", "turn:lanes": "through|through;right" }, "osm_type": "way", "u": 4459074493, "v": 6026364986, "length": 22.228, "is_covered": 1, "is_synthesized": null, "length_m": 22.111140639847122 }, "geometry": { "type": "LineString", "coordinates": [ [ 103.8780489, 1.3353209 ], [ 103.8780049, 1.3355159 ] ] } },
{ "type": "Feature", "properties": { "access": null, "area": null, "bicycle": null, "bridge": "yes", "busway": null, "cycleway": null, "est_width": null, "foot": null, "footway": null, "highway": "motorway_link", "junction": null, "lanes": "1", "lit": null, "maxspeed": "50", "motorcar": null, "motor_vehicle": null, "name": "Whampoa Flyover", "oneway": "yes", "oneway:bicycle": null, "psv": null, "ref": null, "service": null, "segregated": null, "sidewalk": null, "smoothness": null, "surface": "asphalt", "tracktype": null, "tunnel": null, "turn": null, "width": null, "id": 540797211.0, "timestamp": 1728780382.0, "version": 8.0, "tags": { "visible": false, "destination:ref": "CTE", "destination:ref:to": "SLE;TPE", "layer": "1", "name:ms": "Jejambat Whampoa", "name:zh": "黄埔立交桥" }, "osm_type": "way", "u": 391222644, "v": 6511089944, "length": 13.447, "is_covered": 1, "is_synthesized": null, "length_m": 13.373741333924327 }, "geometry": { "type": "LineString", "coordinates": [ [ 103.8602255, 1.3308225 ], [ 103.8602113, 1.3309426 ] ] } },
{ "type": "Feature", "properties": { "access": null, "area": null, "bicycle": null, "bridge": "yes", "busway": null, "cycleway": null, "est_width": null, "foot": null, "footway": null, "highway": "motorway_link", "junction": null, "lanes": "1", "lit": null, "maxspeed": "50", "motorcar": null, "motor_vehicle": null, "name": "Whampoa Flyover", "oneway": "yes", "oneway:bicycle": null, "psv": null, "ref": null, "service": null, "segregated": null, "sidewalk": null, "smoothness": null, "surface": "asphalt", "tracktype": null, "tunnel": null, "turn": null, "width": null, "id": 540797217.0, "timestamp": 1728780382.0, "version": 7.0, "tags": { "visible": false, "destination:ref": "CTE", "destination:ref:to": "SLE;TPE", "layer": "2", "name:ms": "Jejambat Whampoa", "name:zh": "黄埔立交桥" }, "osm_type": "way", "u": 391222640, "v": 6511089945, "length": 10.872, "is_covered": 1, "is_synthesized": null, "length_m": 10.819123177142361 }, "geometry": { "type": "LineString", "coordinates": [ [ 103.860272, 1.3306376 ], [ 103.8602406, 1.3307302 ] ] } },
{ "type": "Feature", "properties": { "access": null, "area": null, "bicycle": null, "bridge": "yes", "busway": null, "cycleway": null, "est_width": null, "foot": null, "footway": null, "highway": "motorway_link", "junction": null, "lanes": "1", "lit": null, "maxspeed": "50", "motorcar": null, "motor_vehicle": null, "name": "Whampoa Flyover", "oneway": "yes", "oneway:bicycle": null, "psv": null, "ref": null, "service": null, "segregated": null, "sidewalk": null, "smoothness": null, "surface": "asphalt", "tracktype": null, "tunnel": null, "turn": null, "width": null, "id": 540797217.0, "timestamp": 1728780382.0, "version": 7.0, "tags": { "visible": false, "destination:ref": "CTE", "destination:ref:to": "SLE;TPE", "layer": "2", "name:ms": "Jejambat Whampoa", "name:zh": "黄埔立交桥" }, "osm_type": "way", "u": 6511089945, "v": 391222644, "length": 10.4, "is_covered": 1, "is_synthesized": null, "length_m": 10.343485693367523 }, "geometry": { "type": "LineString", "coordinates": [ [ 103.8602406, 1.3307302 ], [ 103.8602255, 1.3308225 ] ] } },
{ "type": "Feature", "properties": { "access": null, "area": null, "bicycle": "designated", "bridge": null, "busway": null, "cycleway": "crossing", "est_width": null, "foot": "designated", "footway": null, "highway": "cycleway", "junction": null, "lanes": null, "lit": "yes", "maxspeed": null, "motorcar": null, "motor_vehicle": null, "name": "Potong Pasir Park Connector", "oneway": null, "oneway:bicycle": null, "psv": null, "ref": null, "service": null, "segregated": null, "sidewalk": null, "smoothness": null, "surface": "asphalt", "tracktype": null, "tunnel": null, "turn": null, "width": null, "id": 543411715.0, "timestamp": 1784994980.0, "version": 11.0, "tags": { "visible": false, "crossing": "traffic_signals", "crossing:island": "no", "crossing:markings": "dots" }, "osm_type": "way", "u": 14049361413, "v": 8204462088, "length": 3.911, "is_covered": 1, "is_synthesized": null, "length_m": 3.9132800876772968 }, "geometry": { "type": "LineString", "coordinates": [ [ 103.8692263, 1.3324558 ], [ 103.8691924, 1.3324464 ] ] } },
{ "type": "Feature", "properties": { "access": null, "area": null, "bicycle": null, "bridge": null, "busway": null, "cycleway": null, "est_width": null, "foot": null, "footway": null, "highway": "trunk_link", "junction": null, "lanes": null, "lit": null, "maxspeed": null, "motorcar": null, "motor_vehicle": null, "name": null, "oneway": "yes", "oneway:bicycle": null, "psv": null, "ref": null, "service": null, "segregated": null, "sidewalk": null, "smoothness": null, "surface": "asphalt", "tracktype": null, "tunnel": "yes", "turn": null, "width": null, "id": 544048343.0, "timestamp": 1763537757.0, "version": 15.0, "tags": { "visible": false, "expressway": "yes", "layer": "-1" }, "osm_type": "way", "u": 5259103267, "v": 6185050264, "length": 41.7, "is_covered": 1, "is_synthesized": null, "length_m": 41.68445134440033 }, "geometry": { "type": "LineString", "coordinates": [ [ 103.819114, 1.3348307 ], [ 103.8194446, 1.3346535 ] ] } },
{ "type": "Feature", "properties": { "access": null, "area": null, "bicycle": null, "bridge": null, "busway": null, "cycleway": null, "est_width": null, "foot": null, "footway": null, "highway": "primary", "junction": null, "lanes": "5", "lit": "yes", "maxspeed": "50", "motorcar": null, "motor_vehicle": null, "name": "Raffles Boulevard", "oneway": "yes", "oneway:bicycle": null, "psv": null, "ref": null, "service": null, "segregated": null, "sidewalk": null, "smoothness": null, "surface": "asphalt", "tracktype": null, "tunnel": "building_passage", "turn": null, "width": null, "id": 545362402.0, "timestamp": 1778184106.0, "version": 15.0, "tags": { "visible": false, "busway:left": "lane", "lanes:bus": "1", "lanes:bus:conditional": "1 @ (Mo-Sa 07:30-23:00)", "maxheight": "4.5", "name:en": "Raffles Boulevard", "name:zh": "莱佛士林荫道", "source": "Yahoo aerial images" }, "osm_type": "way", "u": 12169571327, "v": 12169568595, "length": 3.478, "is_covered": 1, "is_synthesized": null, "length_m": 3.4758491554681954 }, "geometry": { "type": "LineString", "coordinates": [ [ 103.8580435, 1.2918934 ], [ 103.8580705, 1.2918776 ] ] } },
{ "type": "Feature", "properties": { "access": null, "area": null, "bicycle": null, "bridge": null, "busway": null, "cycleway": null, "est_width": null, "foot": null, "footway": null, "highway": "primary", "junction": null, "lanes": "5", "lit": "yes", "maxspeed": "50", "motorcar": null, "motor_vehicle": null, "name": "Raffles Boulevard", "oneway": "yes", "oneway:bicycle": null, "psv": null, "ref": null, "service": null, "segregated": null, "sidewalk": null, "smoothness": null, "surface": "asphalt", "tracktype": null, "tunnel": "building_passage", "turn": null, "width": null, "id": 545362402.0, "timestamp": 1778184106.0, "version": 15.0, "tags": { "visible": false, "busway:left": "lane", "lanes:bus": "1", "lanes:bus:conditional": "1 @ (Mo-Sa 07:30-23:00)", "maxheight": "4.5", "name:en": "Raffles Boulevard", "name:zh": "莱佛士林荫道", "source": "Yahoo aerial images" }, "osm_type": "way", "u": 12169568595, "v": 1832823705, "length": 22.022, "is_covered": 1, "is_synthesized": null, "length_m": 22.009942319591318 }, "geometry": { "type": "LineString", "coordinates": [ [ 103.8580705, 1.2918776 ], [ 103.8582423, 1.291779 ] ] } },
{ "type": "Feature", "properties": { "access": null, "area": null, "bicycle": null, "bridge": null, "busway": null, "cycleway": null, "est_width": null, "foot": null, "footway": null, "highway": "primary", "junction": null, "lanes": "5", "lit": null, "maxspeed": "50", "motorcar": null, "motor_vehicle": null, "name": "Raffles Boulevard", "oneway": "yes", "oneway:bicycle": null, "psv": null, "ref": null, "service": null, "segregated": null, "sidewalk": null, "smoothness": null, "surface": "asphalt", "tracktype": null, "tunnel": "building_passage", "turn": null, "width": null, "id": 545362403.0, "timestamp": 1783069022.0, "version": 11.0, "tags": { "visible": false, "busway:left": "lane", "lanes:bus": "1", "lanes:bus:conditional": "1 @ (Mo-Sa 07:30-23:00)", "maxheight": "4.5", "name:en": "Raffles Boulevard", "name:zh": "莱佛士林荫道", "source": "Yahoo aerial images", "turn:lanes": "left;through|through|through|through|through" }, "osm_type": "way", "u": 1832823705, "v": 5270981855, "length": 2.17, "is_covered": 1, "is_synthesized": null, "length_m": 2.1694033326796158 }, "geometry": { "type": "LineString", "coordinates": [ [ 103.8582423, 1.291779 ], [ 103.858259300000014, 1.2917694 ] ] } },
{ "type": "Feature", "properties": { "access": null, "area": null, "bicycle": "designated", "bridge": null, "busway": null, "cycleway": null, "est_width": null, "foot": "designated", "footway": null, "highway": "cycleway", "junction": null, "lanes": null, "lit": null, "maxspeed": null, "motorcar": null, "motor_vehicle": null, "name": "Kallang Park Connector", "oneway": "no", "oneway:bicycle": null, "psv": null, "ref": null, "service": null, "segregated": "no", "sidewalk": null, "smoothness": null, "surface": "concrete", "tracktype": null, "tunnel": null, "turn": null, "width": null, "id": 546207885.0, "timestamp": 1782476638.0, "version": 4.0, "tags": { "visible": false, "name:ms": "Penghubung Taman Kallang", "name:zh": "加冷公园连道" }, "osm_type": "way", "u": 5217039574, "v": 5278602941, "length": 1.922, "is_covered": 1, "is_synthesized": null, "length_m": 1.9112750480428693 }, "geometry": { "type": "LineString", "coordinates": [ [ 103.8660804, 1.32933 ], [ 103.8660821, 1.3293472 ] ] } },
{ "type": "Feature", "properties": { "access": null, "area": null, "bicycle": "designated", "bridge": null, "busway": null, "cycleway": null, "est_width": null, "foot": "designated", "footway": null, "highway": "cycleway", "junction": null, "lanes": null, "lit": "yes", "maxspeed": "25", "motorcar": null, "motor_vehicle": null, "name": null, "oneway": null, "oneway:bicycle": null, "psv": null, "ref": null, "service": null, "segregated": null, "sidewalk": null, "smoothness": null, "surface": "concrete", "tracktype": null, "tunnel": null, "turn": null, "width": null, "id": 546876933.0, "timestamp": 1784993655.0, "version": 6.0, "tags": { "visible": false, "covered": "yes" }, "osm_type": "way", "u": 5284416431, "v": 5284416429, "length": 37.346, "is_covered": 1, "is_synthesized": null, "length_m": 37.142658085119884 }, "geometry": { "type": "LineString", "coordinates": [ [ 103.87018, 1.3362829 ], [ 103.8701326, 1.3359504 ] ] } },
{ "type": "Feature", "properties": { "access": null, "area": null, "bicycle": "designated", "bridge": null, "busway": null, "cycleway": null, "est_width": null, "foot": "designated", "footway": null, "highway": "cycleway", "junction": null, "lanes": null, "lit": "yes", "maxspeed": "25", "motorcar": null, "motor_vehicle": null, "name": null, "oneway": null, "oneway:bicycle": null, "psv": null, "ref": null, "service": null, "segregated": null, "sidewalk": null, "smoothness": null, "surface": "concrete", "tracktype": null, "tunnel": null, "turn": null, "width": null, "id": 546876933.0, "timestamp": 1784993655.0, "version": 6.0, "tags": { "visible": false, "covered": "yes" }, "osm_type": "way", "u": 5284416429, "v": 14049305584, "length": 1.334, "is_covered": 1, "is_synthesized": null, "length_m": 1.3263881213372846 }, "geometry": { "type": "LineString", "coordinates": [ [ 103.8701326, 1.3359504 ], [ 103.8701341, 1.3359385 ] ] } },
{ "type": "Feature", "properties": { "access": null, "area": null, "bicycle": "designated", "bridge": null, "busway": null, "cycleway": null, "est_width": null, "foot": "designated", "footway": null, "highway": "cycleway", "junction": null, "lanes": null, "lit": "yes", "maxspeed": "25", "motorcar": null, "motor_vehicle": null, "name": null, "oneway": null, "oneway:bicycle": null, "psv": null, "ref": null, "service": null, "segregated": null, "sidewalk": null, "smoothness": null, "surface": "concrete", "tracktype": null, "tunnel": null, "turn": null, "width": null, "id": 546876933.0, "timestamp": 1784993655.0, "version": 6.0, "tags": { "visible": false, "covered": "yes" }, "osm_type": "way", "u": 14049305584, "v": 14049305553, "length": 2.757, "is_covered": 1, "is_synthesized": null, "length_m": 2.7419334232058419 }, "geometry": { "type": "LineString", "coordinates": [ [ 103.8701341, 1.3359385 ], [ 103.8701372, 1.3359139 ] ] } },
{ "type": "Feature", "properties": { "access": null, "area": null, "bicycle": "designated", "bridge": null, "busway": null, "cycleway": null, "est_width": null, "foot": "designated", "footway": null, "highway": "cycleway", "junction": null, "lanes": null, "lit": null, "maxspeed": null, "motorcar": null, "motor_vehicle": null, "name": "Kallang Riverside Park", "oneway": null, "oneway:bicycle": null, "psv": null, "ref": null, "service": null, "segregated": "no", "sidewalk": null, "smoothness": null, "surface": null, "tracktype": null, "tunnel": "yes", "turn": null, "width": null, "id": 565769226.0, "timestamp": 1767962256.0, "version": 4.0, "tags": { "visible": false, "layer": "-1", "name:zh-Hans": "加冷河滨公园", "name:zh-Hant": "加冷河濱公園" }, "osm_type": "way", "u": 3973567949, "v": 11962191810, "length": 54.868, "is_covered": 1, "is_synthesized": null, "length_m": 54.822464907586628 }, "geometry": { "type": "LineString", "coordinates": [ [ 103.8646162, 1.3070627 ], [ 103.864201, 1.3067959 ] ] } },
{ "type": "Feature", "properties": { "access": null, "area": null, "bicycle": null, "bridge": null, "busway": null, "cycleway": null, "est_width": null, "foot": null, "footway": null, "highway": "trunk", "junction": null, "lanes": "3", "lit": "yes", "maxspeed": "70", "motorcar": null, "motor_vehicle": null, "name": "Nicoll Highway", "oneway": "yes", "oneway:bicycle": null, "psv": null, "ref": null, "service": null, "segregated": null, "sidewalk": null, "smoothness": null, "surface": "asphalt", "tracktype": null, "tunnel": null, "turn": null, "width": null, "id": 584496503.0, "timestamp": 1728569730.0, "version": 9.0, "tags": { "visible": false, "name:ms": "Lebuhraya Nicoll", "name:ta": "நிகோல் நெடுஞ்சாலை", "name:zh": "尼诰大道", "sidewalk:left": "separate", "sidewalk:right": "no", "source": "Yahoo aerial images" }, "osm_type": "way", "u": 4602578367, "v": 233783186, "length": 10.131, "is_covered": 1, "is_synthesized": null, "length_m": 10.093765340123195 }, "geometry": { "type": "LineString", "coordinates": [ [ 103.857493, 1.2955215 ], [ 103.8574446, 1.2954443 ] ] } },
{ "type": "Feature", "properties": { "access": null, "area": null, "bicycle": null, "bridge": null, "busway": null, "cycleway": null, "est_width": null, "foot": null, "footway": null, "highway": "trunk", "junction": null, "lanes": "3", "lit": "yes", "maxspeed": "70", "motorcar": null, "motor_vehicle": null, "name": "Nicoll Highway", "oneway": "yes", "oneway:bicycle": null, "psv": null, "ref": null, "service": null, "segregated": null, "sidewalk": null, "smoothness": null, "surface": "asphalt", "tracktype": null, "tunnel": null, "turn": null, "width": null, "id": 584496504.0, "timestamp": 1728569730.0, "version": 5.0, "tags": { "visible": false, "name:ms": "Lebuhraya Nicoll", "name:ta": "நிகோல் நெடுஞ்சாலை", "name:zh": "尼诰大道", "sidewalk:left": "separate", "sidewalk:right": "no", "source:maxspeed": "sign" }, "osm_type": "way", "u": 4602578373, "v": 1538307454, "length": 21.962, "is_covered": 1, "is_synthesized": null, "length_m": 21.890042547102635 }, "geometry": { "type": "LineString", "coordinates": [ [ 103.8573402, 1.2956223 ], [ 103.8574563, 1.2957821 ] ] } },
{ "type": "Feature", "properties": { "access": null, "area": null, "bicycle": null, "bridge": null, "busway": null, "cycleway": null, "est_width": null, "foot": null, "footway": null, "highway": "trunk", "junction": null, "lanes": "3", "lit": "yes", "maxspeed": "70", "motorcar": null, "motor_vehicle": null, "name": "Nicoll Highway", "oneway": "yes", "oneway:bicycle": null, "psv": null, "ref": null, "service": null, "segregated": null, "sidewalk": null, "smoothness": null, "surface": "asphalt", "tracktype": null, "tunnel": null, "turn": null, "width": null, "id": 584496504.0, "timestamp": 1728569730.0, "version": 5.0, "tags": { "visible": false, "name:ms": "Lebuhraya Nicoll", "name:ta": "நிகோல் நெடுஞ்சாலை", "name:zh": "尼诰大道", "sidewalk:left": "separate", "sidewalk:right": "no", "source:maxspeed": "sign" }, "osm_type": "way", "u": 1538307454, "v": 172510212, "length": 17.138, "is_covered": 1, "is_synthesized": null, "length_m": 17.089420922823692 }, "geometry": { "type": "LineString", "coordinates": [ [ 103.8574563, 1.2957821 ], [ 103.8575544, 1.295901 ] ] } },
{ "type": "Feature", "properties": { "access": null, "area": null, "bicycle": null, "bridge": null, "busway": null, "cycleway": null, "est_width": null, "foot": null, "footway": null, "highway": "primary", "junction": null, "lanes": "3", "lit": "yes", "maxspeed": "50", "motorcar": null, "motor_vehicle": null, "name": "MacPherson Road", "oneway": "yes", "oneway:bicycle": null, "psv": null, "ref": null, "service": null, "segregated": null, "sidewalk": null, "smoothness": null, "surface": "asphalt", "tracktype": null, "tunnel": null, "turn": null, "width": null, "id": 628466109.0, "timestamp": 1778183384.0, "version": 6.0, "tags": { "visible": false, "name:en": "MacPherson Road", "name:zh": "麦波申路", "sidewalk:left": "separate", "sidewalk:right": "no" }, "osm_type": "way", "u": 12111908202, "v": 5933218001, "length": 63.618, "is_covered": 1, "is_synthesized": null, "length_m": 63.667946778929789 }, "geometry": { "type": "LineString", "coordinates": [ [ 103.88746, 1.3332549 ], [ 103.8880178, 1.3333828 ] ] } },
{ "type": "Feature", "properties": { "access": null, "area": null, "bicycle": null, "bridge": null, "busway": null, "cycleway": null, "est_width": null, "foot": null, "footway": null, "highway": "primary", "junction": null, "lanes": "2", "lit": null, "maxspeed": "50", "motorcar": null, "motor_vehicle": null, "name": "Upper Paya Lebar Road", "oneway": "yes", "oneway:bicycle": null, "psv": null, "ref": null, "service": null, "segregated": null, "sidewalk": "left", "smoothness": null, "surface": "asphalt", "tracktype": null, "tunnel": null, "turn": null, "width": null, "id": 628515048.0, "timestamp": 1784354026.0, "version": 8.0, "tags": { "visible": false, "maxheight": "4.5", "name:en": "Upper Paya Lebar Road", "name:zh": "巴耶利峇路上段" }, "osm_type": "way", "u": 1794825316, "v": 377701420, "length": 44.024, "is_covered": 1, "is_synthesized": null, "length_m": 43.903455794059994 }, "geometry": { "type": "LineString", "coordinates": [ [ 103.8857719, 1.3397567 ], [ 103.8855144, 1.3400575 ] ] } },
{ "type": "Feature", "properties": { "access": null, "area": null, "bicycle": null, "bridge": null, "busway": null, "cycleway": null, "est_width": null, "foot": null, "footway": null, "highway": "primary", "junction": null, "lanes": "3", "lit": null, "maxspeed": "70", "motorcar": null, "motor_vehicle": null, "name": "Braddell Road", "oneway": "yes", "oneway:bicycle": null, "psv": null, "ref": null, "service": null, "segregated": null, "sidewalk": null, "smoothness": null, "surface": "asphalt", "tracktype": null, "tunnel": null, "turn": null, "width": null, "id": 630075202.0, "timestamp": 1746857973.0, "version": 8.0, "tags": { "visible": false, "destination": "Bishan Road;Upper Thomson Road;Lornie Road", "name:en": "Braddell Road", "name:ta": "பிராடல் ரோடு", "name:zh": "布莱德路", "source": "Yahoo aerial images" }, "osm_type": "way", "u": 5950249066, "v": 3784728654, "length": 14.085, "is_covered": 1, "is_synthesized": null, "length_m": 14.099088236743864 }, "geometry": { "type": "LineString", "coordinates": [ [ 103.8509515, 1.3435038 ], [ 103.8508258, 1.3435197 ] ] } },
{ "type": "Feature", "properties": { "access": null, "area": null, "bicycle": null, "bridge": null, "busway": null, "cycleway": null, "est_width": null, "foot": null, "footway": null, "highway": "trunk_link", "junction": null, "lanes": "2", "lit": null, "maxspeed": "50", "motorcar": null, "motor_vehicle": null, "name": "Bukit Timah Road", "oneway": "yes", "oneway:bicycle": null, "psv": null, "ref": null, "service": null, "segregated": null, "sidewalk": null, "smoothness": null, "surface": "asphalt", "tracktype": null, "tunnel": null, "turn": null, "width": null, "id": 634148203.0, "timestamp": 1771349005.0, "version": 13.0, "tags": { "visible": false, "maxheight": "4.5", "name:en": "Bukit Timah Road", "name:ta": "புக்கிட் தீமா சாலை", "name:zh": "武吉知马路", "source": "Yahoo aerial images" }, "osm_type": "way", "u": 13573974518, "v": 247643364, "length": 29.35, "is_covered": 1, "is_synthesized": null, "length_m": 29.364099161680102 }, "geometry": { "type": "LineString", "coordinates": [ [ 103.7834144, 1.3357897 ], [ 103.7831637, 1.3358725 ] ] } },
{ "type": "Feature", "properties": { "access": null, "area": null, "bicycle": null, "bridge": null, "busway": null, "cycleway": null, "est_width": null, "foot": null, "footway": null, "highway": "trunk_link", "junction": null, "lanes": "2", "lit": null, "maxspeed": "50", "motorcar": null, "motor_vehicle": null, "name": "Bukit Timah Road", "oneway": "yes", "oneway:bicycle": null, "psv": null, "ref": null, "service": null, "segregated": null, "sidewalk": null, "smoothness": null, "surface": "asphalt", "tracktype": null, "tunnel": null, "turn": null, "width": null, "id": 634148203.0, "timestamp": 1771349005.0, "version": 13.0, "tags": { "visible": false, "maxheight": "4.5", "name:en": "Bukit Timah Road", "name:ta": "புக்கிட் தீமா சாலை", "name:zh": "武吉知马路", "source": "Yahoo aerial images" }, "osm_type": "way", "u": 247643364, "v": 8333889409, "length": 102.425, "is_covered": 1, "is_synthesized": null, "length_m": 102.45783323043918 }, "geometry": { "type": "LineString", "coordinates": [ [ 103.7831637, 1.3358725 ], [ 103.7822993, 1.3361914 ] ] } },
{ "type": "Feature", "properties": { "access": null, "area": null, "bicycle": null, "bridge": null, "busway": null, "cycleway": null, "est_width": null, "foot": null, "footway": null, "highway": "trunk_link", "junction": null, "lanes": "2", "lit": null, "maxspeed": "50", "motorcar": null, "motor_vehicle": null, "name": "Bukit Timah Road", "oneway": "yes", "oneway:bicycle": null, "psv": null, "ref": null, "service": null, "segregated": null, "sidewalk": null, "smoothness": null, "surface": "asphalt", "tracktype": null, "tunnel": null, "turn": null, "width": null, "id": 634148203.0, "timestamp": 1771349005.0, "version": 13.0, "tags": { "visible": false, "maxheight": "4.5", "name:en": "Bukit Timah Road", "name:ta": "புக்கிட் தீமா சாலை", "name:zh": "武吉知马路", "source": "Yahoo aerial images" }, "osm_type": "way", "u": 8333889409, "v": 8386267970, "length": 12.496, "is_covered": 1, "is_synthesized": null, "length_m": 12.497974754326121 }, "geometry": { "type": "LineString", "coordinates": [ [ 103.7822993, 1.3361914 ], [ 103.782195, 1.3362333 ] ] } },
{ "type": "Feature", "properties": { "access": null, "area": null, "bicycle": null, "bridge": null, "busway": null, "cycleway": null, "est_width": null, "foot": null, "footway": null, "highway": "trunk_link", "junction": null, "lanes": "2", "lit": null, "maxspeed": "50", "motorcar": null, "motor_vehicle": null, "name": "Bukit Timah Road", "oneway": "yes", "oneway:bicycle": null, "psv": null, "ref": null, "service": null, "segregated": null, "sidewalk": null, "smoothness": null, "surface": "asphalt", "tracktype": null, "tunnel": null, "turn": null, "width": null, "id": 634148203.0, "timestamp": 1771349005.0, "version": 13.0, "tags": { "visible": false, "maxheight": "4.5", "name:en": "Bukit Timah Road", "name:ta": "புக்கிட் தீமா சாலை", "name:zh": "武吉知马路", "source": "Yahoo aerial images" }, "osm_type": "way", "u": 8386267970, "v": 247643367, "length": 13.44, "is_covered": 1, "is_synthesized": null, "length_m": 13.445508720815996 }, "geometry": { "type": "LineString", "coordinates": [ [ 103.782195, 1.3362333 ], [ 103.7820805, 1.3362721 ] ] } },
{ "type": "Feature", "properties": { "access": null, "area": null, "bicycle": null, "bridge": null, "busway": null, "cycleway": null, "est_width": null, "foot": null, "footway": null, "highway": "trunk", "junction": null, "lanes": "3", "lit": null, "maxspeed": "70", "motorcar": null, "motor_vehicle": null, "name": "Dunearn Road", "oneway": "yes", "oneway:bicycle": null, "psv": null, "ref": null, "service": null, "segregated": null, "sidewalk": "left", "smoothness": null, "surface": "asphalt", "tracktype": null, "tunnel": null, "turn": null, "width": null, "id": 634768962.0, "timestamp": 1770590031.0, "version": 7.0, "tags": { "visible": false, "name:en": "Dunearn Road", "name:ta": "டன்னர்ன் ரோடு", "name:zh": "杜尼安路", "source": "Yahoo aerial images" }, "osm_type": "way", "u": 236516033, "v": 1884877148, "length": 91.127, "is_covered": 1, "is_synthesized": null, "length_m": 91.161606784502951 }, "geometry": { "type": "LineString", "coordinates": [ [ 103.7846051, 1.3356889 ], [ 103.7853782, 1.3354164 ] ] } },
{ "type": "Feature", "properties": { "access": null, "area": null, "bicycle": null, "bridge": null, "busway": null, "cycleway": null, "est_width": null, "foot": null, "footway": null, "highway": "trunk", "junction": null, "lanes": "3", "lit": "yes", "maxspeed": "60", "motorcar": null, "motor_vehicle": null, "name": "Upper Bukit Timah Road", "oneway": "yes", "oneway:bicycle": null, "psv": null, "ref": null, "service": null, "segregated": null, "sidewalk": null, "smoothness": null, "surface": "asphalt", "tracktype": null, "tunnel": null, "turn": null, "width": null, "id": 635483972.0, "timestamp": 1730873800.0, "version": 8.0, "tags": { "visible": false, "maxheight": "4.5", "name:en": "Upper Bukit Timah Road", "name:ta": "அப்பர் புக்கிட் தீமா சாலை", "name:zh": "武吉知马路上段", "note": "Part of it estimated ???", "source": "Yahoo aerial images", "turn:lanes": "through|through|right" }, "osm_type": "way", "u": 6553442309, "v": 6084783295, "length": 39.3, "is_covered": 1, "is_synthesized": null, "length_m": 39.089077648327013 }, "geometry": { "type": "LineString", "coordinates": [ [ 103.7756047, 1.3421577 ], [ 103.7755435, 1.3425058 ] ] } },
{ "type": "Feature", "properties": { "access": null, "area": null, "bicycle": null, "bridge": null, "busway": null, "cycleway": null, "est_width": null, "foot": null, "footway": null, "highway": "trunk", "junction": null, "lanes": "3", "lit": "yes", "maxspeed": "60", "motorcar": null, "motor_vehicle": null, "name": "Upper Bukit Timah Road", "oneway": "yes", "oneway:bicycle": null, "psv": null, "ref": null, "service": null, "segregated": null, "sidewalk": null, "smoothness": null, "surface": "asphalt", "tracktype": null, "tunnel": null, "turn": null, "width": null, "id": 635483972.0, "timestamp": 1730873800.0, "version": 8.0, "tags": { "visible": false, "maxheight": "4.5", "name:en": "Upper Bukit Timah Road", "name:ta": "அப்பர் புக்கிட் தீமா சாலை", "name:zh": "武吉知马路上段", "note": "Part of it estimated ???", "source": "Yahoo aerial images", "turn:lanes": "through|through|right" }, "osm_type": "way", "u": 6084783295, "v": 247211197, "length": 88.21, "is_covered": 1, "is_synthesized": null, "length_m": 87.739903967708841 }, "geometry": { "type": "LineString", "coordinates": [ [ 103.7755435, 1.3425058 ], [ 103.775392, 1.3432845 ] ] } },
{ "type": "Feature", "properties": { "access": null, "area": null, "bicycle": null, "bridge": null, "busway": null, "cycleway": null, "est_width": null, "foot": null, "footway": null, "highway": "primary", "junction": null, "lanes": "3", "lit": "yes", "maxspeed": "60", "motorcar": null, "motor_vehicle": null, "name": "Thomson Road", "oneway": "yes", "oneway:bicycle": null, "psv": null, "ref": null, "service": null, "segregated": null, "sidewalk": null, "smoothness": "excellent", "surface": "asphalt", "tracktype": null, "tunnel": null, "turn": null, "width": null, "id": 637043404.0, "timestamp": 1778183387.0, "version": 17.0, "tags": { "visible": false, "busway:left": "lane", "lanes:bus": "1", "lanes:bus:conditional": "1 @ (Mo-Fr 07:30-09:30,17:00-20:00)", "maxheight": "4.5", "name:en": "Thomson Road", "name:zh": "汤申路", "parking:both": "no", "sidewalk:left": "separate", "sidewalk:right": "no", "source": "GPS & Yahoo aerial images" }, "osm_type": "way", "u": 5698387600, "v": 6296132789, "length": 11.449, "is_covered": 1, "is_synthesized": null, "length_m": 11.403015568220917 }, "geometry": { "type": "LineString", "coordinates": [ [ 103.8381416, 1.333292 ], [ 103.8381918, 1.3332021 ] ] } },
{ "type": "Feature", "properties": { "access": null, "area": null, "bicycle": null, "bridge": null, "busway": null, "cycleway": null, "est_width": null, "foot": null, "footway": null, "highway": "primary", "junction": null, "lanes": "3", "lit": "yes", "maxspeed": "60", "motorcar": null, "motor_vehicle": null, "name": "Thomson Road", "oneway": "yes", "oneway:bicycle": null, "psv": null, "ref": null, "service": null, "segregated": null, "sidewalk": null, "smoothness": "excellent", "surface": "asphalt", "tracktype": null, "tunnel": null, "turn": null, "width": null, "id": 637043404.0, "timestamp": 1778183387.0, "version": 17.0, "tags": { "visible": false, "busway:left": "lane", "lanes:bus": "1", "lanes:bus:conditional": "1 @ (Mo-Fr 07:30-09:30,17:00-20:00)", "maxheight": "4.5", "name:en": "Thomson Road", "name:zh": "汤申路", "parking:both": "no", "sidewalk:left": "separate", "sidewalk:right": "no", "source": "GPS & Yahoo aerial images" }, "osm_type": "way", "u": 6296132789, "v": 13431691011, "length": 15.825, "is_covered": 1, "is_synthesized": null, "length_m": 15.756594331394348 }, "geometry": { "type": "LineString", "coordinates": [ [ 103.8381918, 1.3332021 ], [ 103.8382532, 1.3330737 ] ] } },
{ "type": "Feature", "properties": { "access": null, "area": null, "bicycle": null, "bridge": null, "busway": null, "cycleway": null, "est_width": null, "foot": null, "footway": null, "highway": "primary", "junction": null, "lanes": "3", "lit": "yes", "maxspeed": "60", "motorcar": null, "motor_vehicle": null, "name": "Thomson Road", "oneway": "yes", "oneway:bicycle": null, "psv": null, "ref": null, "service": null, "segregated": null, "sidewalk": null, "smoothness": "excellent", "surface": "asphalt", "tracktype": null, "tunnel": null, "turn": null, "width": null, "id": 637043404.0, "timestamp": 1778183387.0, "version": 17.0, "tags": { "visible": false, "busway:left": "lane", "lanes:bus": "1", "lanes:bus:conditional": "1 @ (Mo-Fr 07:30-09:30,17:00-20:00)", "maxheight": "4.5", "name:en": "Thomson Road", "name:zh": "汤申路", "parking:both": "no", "sidewalk:left": "separate", "sidewalk:right": "no", "source": "GPS & Yahoo aerial images" }, "osm_type": "way", "u": 13431691011, "v": 1800153509, "length": 22.119, "is_covered": 1, "is_synthesized": null, "length_m": 22.013420929575112 }, "geometry": { "type": "LineString", "coordinates": [ [ 103.8382532, 1.3330737 ], [ 103.8383216, 1.3328869 ] ] } },
{ "type": "Feature", "properties": { "access": null, "area": null, "bicycle": null, "bridge": null, "busway": null, "cycleway": null, "est_width": null, "foot": null, "footway": null, "highway": "primary", "junction": null, "lanes": "2", "lit": null, "maxspeed": "50", "motorcar": null, "motor_vehicle": null, "name": "Upper Aljunied Road", "oneway": "yes", "oneway:bicycle": null, "psv": null, "ref": null, "service": null, "segregated": null, "sidewalk": null, "smoothness": null, "surface": "asphalt", "tracktype": null, "tunnel": null, "turn": null, "width": null, "id": 639566237.0, "timestamp": 1778183387.0, "version": 4.0, "tags": { "visible": false, "name:en": "Upper Aljunied Road", "name:zh": "阿裕尼路上段", "turn:lanes": "through|through;right" }, "osm_type": "way", "u": 6026364986, "v": 4459074494, "length": 14.255, "is_covered": 1, "is_synthesized": null, "length_m": 14.179659732106167 }, "geometry": { "type": "LineString", "coordinates": [ [ 103.8780049, 1.3355159 ], [ 103.8779792, 1.3356415 ] ] } },
{ "type": "Feature", "properties": { "access": null, "area": null, "bicycle": null, "bridge": null, "busway": null, "cycleway": null, "est_width": null, "foot": null, "footway": null, "highway": "primary", "junction": null, "lanes": "3", "lit": null, "maxspeed": "70", "motorcar": null, "motor_vehicle": null, "name": "Holland Road", "oneway": "yes", "oneway:bicycle": null, "psv": null, "ref": null, "service": null, "segregated": null, "sidewalk": null, "smoothness": null, "surface": "asphalt", "tracktype": null, "tunnel": null, "turn": null, "width": null, "id": 655012829.0, "timestamp": 1778183390.0, "version": 3.0, "tags": { "visible": false, "maxheight": "4.5", "name:en": "Holland Road", "name:zh": "荷兰路", "source": "Yahoo aerial images" }, "osm_type": "way", "u": 241619574, "v": 1911008989, "length": 38.375, "is_covered": 1, "is_synthesized": null, "length_m": 38.379950970332139 }, "geometry": { "type": "LineString", "coordinates": [ [ 103.7836127, 1.3183304 ], [ 103.7832942, 1.3184635 ] ] } },
{ "type": "Feature", "properties": { "access": null, "area": null, "bicycle": null, "bridge": null, "busway": null, "cycleway": null, "est_width": null, "foot": null, "footway": null, "highway": "primary_link", "junction": null, "lanes": "1", "lit": "yes", "maxspeed": "50", "motorcar": null, "motor_vehicle": null, "name": "Harper Road", "oneway": "yes", "oneway:bicycle": null, "psv": null, "ref": null, "service": null, "segregated": null, "sidewalk": null, "smoothness": null, "surface": "asphalt", "tracktype": null, "tunnel": null, "turn": null, "width": null, "id": 655041207.0, "timestamp": 1771144703.0, "version": 9.0, "tags": { "visible": false, "sidewalk:left": "separate", "sidewalk:right": "no" }, "osm_type": "way", "u": 370785010, "v": 13565998682, "length": 43.137, "is_covered": 1, "is_synthesized": null, "length_m": 42.918011229475454 }, "geometry": { "type": "LineString", "coordinates": [ [ 103.8885499, 1.3340949 ], [ 103.8884443, 1.3344682 ] ] } },
{ "type": "Feature", "properties": { "access": null, "area": null, "bicycle": null, "bridge": null, "busway": null, "cycleway": null, "est_width": null, "foot": null, "footway": null, "highway": "primary_link", "junction": null, "lanes": "1", "lit": "yes", "maxspeed": "50", "motorcar": null, "motor_vehicle": null, "name": "Harper Road", "oneway": "yes", "oneway:bicycle": null, "psv": null, "ref": null, "service": null, "segregated": null, "sidewalk": null, "smoothness": null, "surface": "asphalt", "tracktype": null, "tunnel": null, "turn": null, "width": null, "id": 655041207.0, "timestamp": 1771144703.0, "version": 9.0, "tags": { "visible": false, "sidewalk:left": "separate", "sidewalk:right": "no" }, "osm_type": "way", "u": 13565998682, "v": 13565998683, "length": 24.15, "is_covered": 1, "is_synthesized": null, "length_m": 24.035175199550991 }, "geometry": { "type": "LineString", "coordinates": [ [ 103.8884443, 1.3344682 ], [ 103.8883684, 1.3346717 ] ] } },
{ "type": "Feature", "properties": { "access": null, "area": null, "bicycle": null, "bridge": null, "busway": null, "cycleway": null, "est_width": null, "foot": null, "footway": null, "highway": "trunk_link", "junction": null, "lanes": "2", "lit": null, "maxspeed": "50", "motorcar": null, "motor_vehicle": null, "name": null, "oneway": "yes", "oneway:bicycle": null, "psv": null, "ref": null, "service": null, "segregated": null, "sidewalk": "left", "smoothness": null, "surface": "asphalt", "tracktype": null, "tunnel": null, "turn": null, "width": null, "id": 655233786.0, "timestamp": 1783568704.0, "version": 9.0, "tags": { "visible": false, "source": "Yahoo aerial images", "turn:lanes": "left;through|through" }, "osm_type": "way", "u": 247643358, "v": 4041595858, "length": 91.451, "is_covered": 1, "is_synthesized": null, "length_m": 91.486895476108188 }, "geometry": { "type": "LineString", "coordinates": [ [ 103.7863318, 1.3347271 ], [ 103.7855555, 1.3349993 ] ] } },
{ "type": "Feature", "properties": { "access": null, "area": null, "bicycle": null, "bridge": null, "busway": null, "cycleway": null, "est_width": null, "foot": null, "footway": null, "highway": "trunk_link", "junction": null, "lanes": "2", "lit": null, "maxspeed": "50", "motorcar": null, "motor_vehicle": null, "name": null, "oneway": "yes", "oneway:bicycle": null, "psv": null, "ref": null, "service": null, "segregated": null, "sidewalk": "left", "smoothness": null, "surface": "asphalt", "tracktype": null, "tunnel": null, "turn": null, "width": null, "id": 655233788.0, "timestamp": 1571646044.0, "version": 3.0, "tags": { "visible": false, "source": "Yahoo aerial images" }, "osm_type": "way", "u": 247643341, "v": 6139308014, "length": 62.733, "is_covered": 1, "is_synthesized": null, "length_m": 62.761037577714959 }, "geometry": { "type": "LineString", "coordinates": [ [ 103.7919265, 1.3327682 ], [ 103.7913916, 1.332948 ] ] } },
{ "type": "Feature", "properties": { "access": null, "area": null, "bicycle": null, "bridge": null, "busway": null, "cycleway": null, "est_width": null, "foot": null, "footway": null, "highway": "trunk_link", "junction": null, "lanes": "2", "lit": null, "maxspeed": "50", "motorcar": null, "motor_vehicle": null, "name": null, "oneway": "yes", "oneway:bicycle": null, "psv": null, "ref": null, "service": null, "segregated": null, "sidewalk": "left", "smoothness": null, "surface": "asphalt", "tracktype": null, "tunnel": null, "turn": null, "width": null, "id": 656294530.0, "timestamp": 1783568671.0, "version": 6.0, "tags": { "visible": false, "source": "Yahoo aerial images" }, "osm_type": "way", "u": 4041595858, "v": 4041595862, "length": 70.53, "is_covered": 1, "is_synthesized": null, "length_m": 70.549421598429447 }, "geometry": { "type": "LineString", "coordinates": [ [ 103.7855555, 1.3349993 ], [ 103.7849626, 1.3352251 ] ] } },
{ "type": "Feature", "properties": { "access": null, "area": null, "bicycle": null, "bridge": null, "busway": null, "cycleway": null, "est_width": null, "foot": null, "footway": null, "highway": "primary", "junction": null, "lanes": "4", "lit": null, "maxspeed": "60", "motorcar": null, "motor_vehicle": null, "name": "Thomson Road", "oneway": "yes", "oneway:bicycle": null, "psv": null, "ref": null, "service": null, "segregated": null, "sidewalk": null, "smoothness": null, "surface": "asphalt", "tracktype": null, "tunnel": null, "turn": null, "width": null, "id": 667244130.0, "timestamp": 1782963988.0, "version": 6.0, "tags": { "visible": false, "name:en": "Thomson Road", "name:zh": "汤申路", "note": "Estimated location ???", "source": "Yahoo aerial images", "turn:lanes": "left|left;through|through|through" }, "osm_type": "way", "u": 6247349745, "v": 439978128, "length": 24.44, "is_covered": 1, "is_synthesized": null, "length_m": 24.426798726207039 }, "geometry": { "type": "LineString", "coordinates": [ [ 103.8369256, 1.3421653 ], [ 103.8367352, 1.3420554 ] ] } },
{ "type": "Feature", "properties": { "access": null, "area": null, "bicycle": null, "bridge": null, "busway": null, "cycleway": null, "est_width": null, "foot": "no", "footway": null, "highway": "tertiary_link", "junction": null, "lanes": "1", "lit": null, "maxspeed": null, "motorcar": null, "motor_vehicle": null, "name": "Sime Underpass", "oneway": "yes", "oneway:bicycle": null, "psv": null, "ref": null, "service": null, "segregated": null, "sidewalk": "no", "smoothness": "excellent", "surface": "asphalt", "tracktype": null, "tunnel": "yes", "turn": null, "width": null, "id": 669619963.0, "timestamp": 1763537757.0, "version": 10.0, "tags": { "visible": false, "layer": "-1", "name:ms": "Laluan Bawah Sime" }, "osm_type": "way", "u": 6270712074, "v": 6270712072, "length": 46.188, "is_covered": 1, "is_synthesized": null, "length_m": 46.124874152192298 }, "geometry": { "type": "LineString", "coordinates": [ [ 103.8194128, 1.3345492 ], [ 103.8190832, 1.3348021 ] ] } },
{ "type": "Feature", "properties": { "access": null, "area": null, "bicycle": null, "bridge": null, "busway": null, "cycleway": null, "est_width": null, "foot": "no", "footway": null, "highway": "tertiary_link", "junction": null, "lanes": "1", "lit": null, "maxspeed": null, "motorcar": null, "motor_vehicle": null, "name": "Sime Underpass", "oneway": "yes", "oneway:bicycle": null, "psv": null, "ref": null, "service": null, "segregated": null, "sidewalk": "no", "smoothness": "excellent", "surface": "asphalt", "tracktype": null, "tunnel": "yes", "turn": null, "width": null, "id": 669619963.0, "timestamp": 1763537757.0, "version": 10.0, "tags": { "visible": false, "layer": "-1", "name:ms": "Laluan Bawah Sime" }, "osm_type": "way", "u": 6270712072, "v": 6270712073, "length": 32.938, "is_covered": 1, "is_synthesized": null, "length_m": 32.876280426922676 }, "geometry": { "type": "LineString", "coordinates": [ [ 103.8190832, 1.3348021 ], [ 103.818863, 1.3350003 ] ] } },
{ "type": "Feature", "properties": { "access": null, "area": null, "bicycle": null, "bridge": null, "busway": null, "cycleway": null, "est_width": null, "foot": "no", "footway": null, "highway": "tertiary_link", "junction": null, "lanes": "1", "lit": null, "maxspeed": null, "motorcar": null, "motor_vehicle": null, "name": "Sime Underpass", "oneway": "yes", "oneway:bicycle": null, "psv": null, "ref": null, "service": null, "segregated": null, "sidewalk": "no", "smoothness": "excellent", "surface": "asphalt", "tracktype": null, "tunnel": "yes", "turn": null, "width": null, "id": 669619963.0, "timestamp": 1763537757.0, "version": 10.0, "tags": { "visible": false, "layer": "-1", "name:ms": "Laluan Bawah Sime" }, "osm_type": "way", "u": 6270712073, "v": 6355486788, "length": 19.087, "is_covered": 1, "is_synthesized": null, "length_m": 19.033920136704506 }, "geometry": { "type": "LineString", "coordinates": [ [ 103.818863, 1.3350003 ], [ 103.8187517, 1.335131 ] ] } },
{ "type": "Feature", "properties": { "access": null, "area": null, "bicycle": null, "bridge": null, "busway": null, "cycleway": null, "est_width": null, "foot": "no", "footway": null, "highway": "tertiary_link", "junction": null, "lanes": "1", "lit": null, "maxspeed": null, "motorcar": null, "motor_vehicle": null, "name": "Sime Underpass", "oneway": "yes", "oneway:bicycle": null, "psv": null, "ref": null, "service": null, "segregated": null, "sidewalk": "no", "smoothness": "excellent", "surface": "asphalt", "tracktype": null, "tunnel": "yes", "turn": null, "width": null, "id": 669619963.0, "timestamp": 1763537757.0, "version": 10.0, "tags": { "visible": false, "layer": "-1", "name:ms": "Laluan Bawah Sime" }, "osm_type": "way", "u": 6355486788, "v": 6270712075, "length": 15.655, "is_covered": 1, "is_synthesized": null, "length_m": 15.602881387251671 }, "geometry": { "type": "LineString", "coordinates": [ [ 103.8187517, 1.335131 ], [ 103.8186699, 1.3352456 ] ] } },
{ "type": "Feature", "properties": { "access": null, "area": null, "bicycle": null, "bridge": null, "busway": null, "cycleway": null, "est_width": null, "foot": "no", "footway": null, "highway": "tertiary_link", "junction": null, "lanes": "1", "lit": null, "maxspeed": null, "motorcar": null, "motor_vehicle": null, "name": "Sime Underpass", "oneway": "yes", "oneway:bicycle": null, "psv": null, "ref": null, "service": null, "segregated": null, "sidewalk": "no", "smoothness": "excellent", "surface": "asphalt", "tracktype": null, "tunnel": "yes", "turn": null, "width": null, "id": 669619963.0, "timestamp": 1763537757.0, "version": 10.0, "tags": { "visible": false, "layer": "-1", "name:ms": "Laluan Bawah Sime" }, "osm_type": "way", "u": 6270712075, "v": 6270712076, "length": 12.31, "is_covered": 1, "is_synthesized": null, "length_m": 12.253374870837813 }, "geometry": { "type": "LineString", "coordinates": [ [ 103.8186699, 1.3352456 ], [ 103.8186271, 1.3353477 ] ] } },
{ "type": "Feature", "properties": { "access": null, "area": null, "bicycle": null, "bridge": null, "busway": null, "cycleway": null, "est_width": null, "foot": "no", "footway": null, "highway": "tertiary_link", "junction": null, "lanes": "1", "lit": null, "maxspeed": null, "motorcar": null, "motor_vehicle": null, "name": "Sime Underpass", "oneway": "yes", "oneway:bicycle": null, "psv": null, "ref": null, "service": null, "segregated": null, "sidewalk": "no", "smoothness": "excellent", "surface": "asphalt", "tracktype": null, "tunnel": "yes", "turn": null, "width": null, "id": 669619963.0, "timestamp": 1763537757.0, "version": 10.0, "tags": { "visible": false, "layer": "-1", "name:ms": "Laluan Bawah Sime" }, "osm_type": "way", "u": 6270712076, "v": 6270712077, "length": 10.644, "is_covered": 1, "is_synthesized": null, "length_m": 10.587964011184345 }, "geometry": { "type": "LineString", "coordinates": [ [ 103.8186271, 1.3353477 ], [ 103.8186057, 1.335441 ] ] } },
{ "type": "Feature", "properties": { "access": null, "area": null, "bicycle": null, "bridge": null, "busway": null, "cycleway": null, "est_width": null, "foot": null, "footway": null, "highway": "motorway_link", "junction": null, "lanes": null, "lit": null, "maxspeed": "50", "motorcar": null, "motor_vehicle": null, "name": null, "oneway": "yes", "oneway:bicycle": null, "psv": null, "ref": null, "service": null, "segregated": null, "sidewalk": null, "smoothness": null, "surface": "asphalt", "tracktype": null, "tunnel": "yes", "turn": null, "width": null, "id": 669619965.0, "timestamp": 1778817222.0, "version": 12.0, "tags": { "visible": false, "destination": "Lornie Highway;Braddell Road;Upper Thomson Road", "layer": "-1" }, "osm_type": "way", "u": 6185050222, "v": 6185050223, "length": 15.045, "is_covered": 1, "is_synthesized": null, "length_m": 15.042895970741071 }, "geometry": { "type": "LineString", "coordinates": [ [ 103.8174197, 1.3340587 ], [ 103.8175414, 1.3341179 ] ] } },
{ "type": "Feature", "properties": { "access": null, "area": null, "bicycle": null, "bridge": null, "busway": null, "cycleway": null, "est_width": null, "foot": null, "footway": null, "highway": "motorway_link", "junction": null, "lanes": null, "lit": null, "maxspeed": "50", "motorcar": null, "motor_vehicle": null, "name": null, "oneway": "yes", "oneway:bicycle": null, "psv": null, "ref": null, "service": null, "segregated": null, "sidewalk": null, "smoothness": null, "surface": "asphalt", "tracktype": null, "tunnel": "yes", "turn": null, "width": null, "id": 669619965.0, "timestamp": 1778817222.0, "version": 12.0, "tags": { "visible": false, "destination": "Lornie Highway;Braddell Road;Upper Thomson Road", "layer": "-1" }, "osm_type": "way", "u": 6185050223, "v": 5259103250, "length": 49.384, "is_covered": 1, "is_synthesized": null, "length_m": 49.321477195628347 }, "geometry": { "type": "LineString", "coordinates": [ [ 103.8175414, 1.3341179 ], [ 103.8178973, 1.3343837 ] ] } },
{ "type": "Feature", "properties": { "access": null, "area": null, "bicycle": null, "bridge": null, "busway": null, "cycleway": null, "est_width": null, "foot": "no", "footway": null, "highway": "tertiary_link", "junction": null, "lanes": "1", "lit": null, "maxspeed": null, "motorcar": null, "motor_vehicle": null, "name": "Sime Underpass", "oneway": "yes", "oneway:bicycle": null, "psv": null, "ref": null, "service": null, "segregated": null, "sidewalk": "no", "smoothness": null, "surface": "asphalt", "tracktype": null, "tunnel": "yes", "turn": null, "width": null, "id": 684715800.0, "timestamp": 1728701227.0, "version": 5.0, "tags": { "visible": false, "layer": "-1", "name:ms": "Laluan Bawah Sime" }, "osm_type": "way", "u": 5259103267, "v": 6185085885, "length": 45.301, "is_covered": 1, "is_synthesized": null, "length_m": 45.239103165547988 }, "geometry": { "type": "LineString", "coordinates": [ [ 103.819114, 1.3348307 ], [ 103.819437, 1.3345823 ] ] } },
{ "type": "Feature", "properties": { "access": null, "area": null, "bicycle": "designated", "bridge": null, "busway": null, "cycleway": null, "est_width": null, "foot": "designated", "footway": null, "highway": "cycleway", "junction": null, "lanes": null, "lit": null, "maxspeed": null, "motorcar": null, "motor_vehicle": null, "name": null, "oneway": "no", "oneway:bicycle": null, "psv": null, "ref": null, "service": null, "segregated": null, "sidewalk": null, "smoothness": null, "surface": "concrete", "tracktype": null, "tunnel": null, "turn": null, "width": null, "id": 687005220.0, "timestamp": 1784994980.0, "version": 6.0, "tags": { "visible": false }, "osm_type": "way", "u": 6440064333, "v": 6440064334, "length": 7.589, "is_covered": 1, "is_synthesized": null, "length_m": 7.5783184675852988 }, "geometry": { "type": "LineString", "coordinates": [ [ 103.8682789, 1.3325722 ], [ 103.8683324, 1.3325298 ] ] } },
{ "type": "Feature", "properties": { "access": null, "area": null, "bicycle": "dismount", "bridge": "yes", "busway": null, "cycleway": null, "est_width": null, "foot": "designated", "footway": null, "highway": "cycleway", "junction": null, "lanes": null, "lit": null, "maxspeed": null, "motorcar": null, "motor_vehicle": null, "name": "Rail Corridor", "oneway": null, "oneway:bicycle": null, "psv": null, "ref": null, "service": null, "segregated": null, "sidewalk": null, "smoothness": "bad", "surface": "gravel", "tracktype": null, "tunnel": null, "turn": null, "width": null, "id": 692642999.0, "timestamp": 1748846502.0, "version": 9.0, "tags": { "visible": false, "bridge:name": "Truss Bridge", "horse": "yes", "layer": "1", "name:en": "Rail Corridor", "name:ms": "Koridor Kereta Api", "name:ta": "ரயில் பசுமைப்பாதை", "name:zh": "铁道走廊", "note": "Between Tanjong Pagar & Woodlands. Closed 1 July 2011, track removed by Sept 2011", "wikipedia": "en:Bukit Timah Truss Bridge" }, "osm_type": "way", "u": 6502653761, "v": 6502653760, "length": 9.499, "is_covered": 1, "is_synthesized": null, "length_m": 9.4465334037329587 }, "geometry": { "type": "LineString", "coordinates": [ [ 103.7811125, 1.3365669 ], [ 103.7811172, 1.3364816 ] ] } },
{ "type": "Feature", "properties": { "access": null, "area": null, "bicycle": null, "bridge": null, "busway": null, "cycleway": null, "est_width": null, "foot": null, "footway": null, "highway": "primary_link", "junction": null, "lanes": "2", "lit": null, "maxspeed": "50", "motorcar": null, "motor_vehicle": null, "name": "Meyappa Chettiar Road", "oneway": "yes", "oneway:bicycle": null, "psv": null, "ref": null, "service": null, "segregated": null, "sidewalk": null, "smoothness": null, "surface": "asphalt", "tracktype": null, "tunnel": null, "turn": null, "width": null, "id": 697159120.0, "timestamp": 1777649401.0, "version": 7.0, "tags": { "visible": false, "turn:lanes": "left|left" }, "osm_type": "way", "u": 6547790794, "v": 8157506758, "length": 14.142, "is_covered": 1, "is_synthesized": null, "length_m": 14.157456759798112 }, "geometry": { "type": "LineString", "coordinates": [ [ 103.8685885, 1.3306951 ], [ 103.8687155, 1.3307025 ] ] } },
{ "type": "Feature", "properties": { "access": null, "area": null, "bicycle": null, "bridge": null, "busway": null, "cycleway": null, "est_width": null, "foot": null, "footway": null, "highway": "primary_link", "junction": null, "lanes": "2", "lit": null, "maxspeed": "50", "motorcar": null, "motor_vehicle": null, "name": "Meyappa Chettiar Road", "oneway": "yes", "oneway:bicycle": null, "psv": null, "ref": null, "service": null, "segregated": null, "sidewalk": null, "smoothness": null, "surface": "asphalt", "tracktype": null, "tunnel": null, "turn": null, "width": null, "id": 697159120.0, "timestamp": 1777649401.0, "version": 7.0, "tags": { "visible": false, "turn:lanes": "left|left" }, "osm_type": "way", "u": 8157506758, "v": 6547790797, "length": 6.425, "is_covered": 1, "is_synthesized": null, "length_m": 6.4322216122572664 }, "geometry": { "type": "LineString", "coordinates": [ [ 103.8687155, 1.3307025 ], [ 103.8687731, 1.3307073 ] ] } },
{ "type": "Feature", "properties": { "access": null, "area": null, "bicycle": null, "bridge": null, "busway": null, "cycleway": null, "est_width": null, "foot": null, "footway": null, "highway": "primary_link", "junction": null, "lanes": "2", "lit": null, "maxspeed": "50", "motorcar": null, "motor_vehicle": null, "name": "Meyappa Chettiar Road", "oneway": "yes", "oneway:bicycle": null, "psv": null, "ref": null, "service": null, "segregated": null, "sidewalk": null, "smoothness": null, "surface": "asphalt", "tracktype": null, "tunnel": null, "turn": null, "width": null, "id": 697159120.0, "timestamp": 1777649401.0, "version": 7.0, "tags": { "visible": false, "turn:lanes": "left|left" }, "osm_type": "way", "u": 6547790797, "v": 6547790799, "length": 6.483, "is_covered": 1, "is_synthesized": null, "length_m": 6.4825485971963133 }, "geometry": { "type": "LineString", "coordinates": [ [ 103.8687731, 1.3307073 ], [ 103.8688262, 1.3307314 ] ] } },
{ "type": "Feature", "properties": { "access": null, "area": null, "bicycle": null, "bridge": null, "busway": null, "cycleway": null, "est_width": null, "foot": "no", "footway": null, "highway": "trunk_link", "junction": null, "lanes": "1", "lit": null, "maxspeed": "50", "motorcar": null, "motor_vehicle": null, "name": null, "oneway": "yes", "oneway:bicycle": null, "psv": null, "ref": null, "service": null, "segregated": null, "sidewalk": "no", "smoothness": null, "surface": null, "tracktype": null, "tunnel": null, "turn": null, "width": null, "id": 702578986.0, "timestamp": 1783568861.0, "version": 9.0, "tags": { "visible": false }, "osm_type": "way", "u": 6597813969, "v": 6896225819, "length": 4.423, "is_covered": 1, "is_synthesized": null, "length_m": 4.4118049436392424 }, "geometry": { "type": "LineString", "coordinates": [ [ 103.7841671, 1.335522 ], [ 103.7841403, 1.3355514 ] ] } },
{ "type": "Feature", "properties": { "access": null, "area": null, "bicycle": null, "bridge": null, "busway": null, "cycleway": null, "est_width": null, "foot": "yes", "footway": null, "highway": "primary", "junction": null, "lanes": "3", "lit": "yes", "maxspeed": "50", "motorcar": null, "motor_vehicle": null, "name": "Fort Canning Link", "oneway": "yes", "oneway:bicycle": null, "psv": null, "ref": null, "service": null, "segregated": null, "sidewalk": null, "smoothness": null, "surface": "asphalt", "tracktype": null, "tunnel": "yes", "turn": null, "width": null, "id": 719635729.0, "timestamp": 1778184026.0, "version": 6.0, "tags": { "visible": false, "layer": "-1", "maxheight": "4.5", "name:en": "Fort Canning Link", "name:zh": "福康宁连路" }, "osm_type": "way", "u": 6755465896, "v": 6755465895, "length": 19.729, "is_covered": 1, "is_synthesized": null, "length_m": 19.717847970461921 }, "geometry": { "type": "LineString", "coordinates": [ [ 103.8492811, 1.2952632 ], [ 103.8491274, 1.2953519 ] ] } },
{ "type": "Feature", "properties": { "access": null, "area": null, "bicycle": null, "bridge": null, "busway": null, "cycleway": null, "est_width": null, "foot": null, "footway": null, "highway": "primary", "junction": null, "lanes": "4", "lit": null, "maxspeed": "60", "motorcar": null, "motor_vehicle": null, "name": "Holland Road", "oneway": "yes", "oneway:bicycle": null, "psv": null, "ref": null, "service": null, "segregated": null, "sidewalk": null, "smoothness": null, "surface": "asphalt", "tracktype": null, "tunnel": null, "turn": null, "width": null, "id": 734537239.0, "timestamp": 1778183394.0, "version": 3.0, "tags": { "visible": false, "maxheight": "4.5", "name:en": "Holland Road", "name:zh": "荷兰路", "source": "Yahoo aerial images", "turn:lanes": "through|through|through|right" }, "osm_type": "way", "u": 241619673, "v": 1911008982, "length": 21.624, "is_covered": 1, "is_synthesized": null, "length_m": 21.59439715168687 }, "geometry": { "type": "LineString", "coordinates": [ [ 103.7831021, 1.3188552 ], [ 103.7832558, 1.318736 ] ] } },
{ "type": "Feature", "properties": { "access": null, "area": null, "bicycle": null, "bridge": null, "busway": null, "cycleway": null, "est_width": null, "foot": null, "footway": null, "highway": "trunk_link", "junction": null, "lanes": "2", "lit": null, "maxspeed": "50", "motorcar": null, "motor_vehicle": null, "name": null, "oneway": "yes", "oneway:bicycle": null, "psv": null, "ref": null, "service": null, "segregated": null, "sidewalk": "left", "smoothness": null, "surface": "asphalt", "tracktype": null, "tunnel": null, "turn": null, "width": null, "id": 736564895.0, "timestamp": 1783568659.0, "version": 4.0, "tags": { "visible": false, "source": "Yahoo aerial images", "turn:lanes": "through|through;right" }, "osm_type": "way", "u": 4041595862, "v": 6597813969, "length": 94.393, "is_covered": 1, "is_synthesized": null, "length_m": 94.421877363786976 }, "geometry": { "type": "LineString", "coordinates": [ [ 103.7849626, 1.3352251 ], [ 103.7841671, 1.335522 ] ] } },
{ "type": "Feature", "properties": { "access": null, "area": null, "bicycle": null, "bridge": null, "busway": null, "cycleway": null, "est_width": null, "foot": null, "footway": null, "highway": "corridor", "junction": null, "lanes": null, "lit": null, "maxspeed": null, "motorcar": null, "motor_vehicle": null, "name": null, "oneway": null, "oneway:bicycle": null, "psv": null, "ref": null, "service": null, "segregated": null, "sidewalk": null, "smoothness": null, "surface": null, "tracktype": null, "tunnel": "yes", "turn": null, "width": null, "id": 737003057.0, "timestamp": 1571570680.0, "version": 1.0, "tags": { "visible": false, "indoor": "yes", "level": "-1" }, "osm_type": "way", "u": 5031641144, "v": 5031641147, "length": 52.379, "is_covered": 1, "is_synthesized": null, "length_m": 52.2168012197709 }, "geometry": { "type": "LineString", "coordinates": [ [ 103.8537426, 1.2853969 ], [ 103.8534564, 1.2850227 ] ] } },
{ "type": "Feature", "properties": { "access": null, "area": null, "bicycle": null, "bridge": null, "busway": null, "cycleway": null, "est_width": null, "foot": null, "footway": null, "highway": "trunk", "junction": null, "lanes": "3", "lit": null, "maxspeed": "70", "motorcar": null, "motor_vehicle": null, "name": "Dunearn Road", "oneway": "yes", "oneway:bicycle": null, "psv": null, "ref": null, "service": null, "segregated": null, "sidewalk": null, "smoothness": null, "surface": "asphalt", "tracktype": null, "tunnel": null, "turn": null, "width": null, "id": 737651975.0, "timestamp": 1730098563.0, "version": 4.0, "tags": { "visible": false, "name:en": "Dunearn Road", "name:ta": "டன்னர்ன் ரோடு", "name:zh": "杜尼安路", "sidewalk:left": "separate", "sidewalk:right": "no", "source": "Yahoo aerial images" }, "osm_type": "way", "u": 4598766177, "v": 392680004, "length": 178.947, "is_covered": 1, "is_synthesized": null, "length_m": 178.79713800234671 }, "geometry": { "type": "LineString", "coordinates": [ [ 103.804519, 1.3284555 ], [ 103.8058724, 1.3275842 ] ] } },
{ "type": "Feature", "properties": { "access": null, "area": null, "bicycle": null, "bridge": null, "busway": null, "cycleway": null, "est_width": null, "foot": null, "footway": null, "highway": "motorway_link", "junction": null, "lanes": null, "lit": null, "maxspeed": "40", "motorcar": null, "motor_vehicle": null, "name": "Rifle Range Underpass", "oneway": "yes", "oneway:bicycle": null, "psv": null, "ref": null, "service": null, "segregated": null, "sidewalk": null, "smoothness": null, "surface": null, "tracktype": null, "tunnel": "yes", "turn": null, "width": null, "id": 740038421.0, "timestamp": 1745679790.0, "version": 8.0, "tags": { "visible": false, "bus": "yes", "check_date": "2022-12-28", "destination": "Clementi Road;Dunearn Road", "layer": "-1", "name:ms": "Laluan Bawah Rifle Range", "name:zh": "射靶场地下车道" }, "osm_type": "way", "u": 10939072322, "v": 6928876271, "length": 11.533, "is_covered": 1, "is_synthesized": null, "length_m": 11.544548103670486 }, "geometry": { "type": "LineString", "coordinates": [ [ 103.7825031, 1.3426398 ], [ 103.7824005, 1.3426244 ] ] } },
{ "type": "Feature", "properties": { "access": null, "area": null, "bicycle": "designated", "bridge": null, "busway": null, "cycleway": null, "est_width": null, "foot": "designated", "footway": null, "highway": "cycleway", "junction": null, "lanes": null, "lit": "no", "maxspeed": null, "motorcar": null, "motor_vehicle": null, "name": "Rail Corridor", "oneway": null, "oneway:bicycle": null, "psv": null, "ref": null, "service": null, "segregated": null, "sidewalk": null, "smoothness": null, "surface": "tartan", "tracktype": null, "tunnel": "yes", "turn": null, "width": null, "id": 760898054.0, "timestamp": 1747406258.0, "version": 9.0, "tags": { "visible": false, "horse": "no", "maxspeed:bicycle:advisory": "10", "maxspeed:bicycle:official": "10", "name:en": "Rail Corridor", "name:ms": "Koridor Kereta Api", "name:ta": "ரயில் பசுமைப்பாதை", "name:zh": "铁道走廊" }, "osm_type": "way", "u": 11001688646, "v": 7108652676, "length": 83.511, "is_covered": 1, "is_synthesized": null, "length_m": 83.077180086970628 }, "geometry": { "type": "LineString", "coordinates": [ [ 103.7912966, 1.3088475 ], [ 103.7914752, 1.308118 ] ] } },
{ "type": "Feature", "properties": { "access": null, "area": null, "bicycle": "designated", "bridge": null, "busway": null, "cycleway": null, "est_width": null, "foot": "designated", "footway": null, "highway": "cycleway", "junction": null, "lanes": null, "lit": "no", "maxspeed": null, "motorcar": null, "motor_vehicle": null, "name": "Rail Corridor", "oneway": null, "oneway:bicycle": null, "psv": null, "ref": null, "service": null, "segregated": "no", "sidewalk": null, "smoothness": null, "surface": "tartan", "tracktype": null, "tunnel": "yes", "turn": null, "width": null, "id": 760898056.0, "timestamp": 1747406258.0, "version": 7.0, "tags": { "visible": false, "horse": "yes", "layer": "-1", "maxspeed:bicycle:advisory": "10", "maxspeed:bicycle:official": "10", "name:en": "Rail Corridor", "name:ms": "Koridor Kereta Api", "name:ta": "ரயில் பசுமைப்பாதை", "name:zh": "铁道走廊", "note": "Between Tanjong Pagar & Woodlands. Closed 1 July 2011, track removed by Sept 2011" }, "osm_type": "way", "u": 7108652678, "v": 7108652677, "length": 50.008, "is_covered": 1, "is_synthesized": null, "length_m": 49.77362886149681 }, "geometry": { "type": "LineString", "coordinates": [ [ 103.791531, 1.3079026 ], [ 103.7916952, 1.3074839 ] ] } },
{ "type": "Feature", "properties": { "access": null, "area": null, "bicycle": "designated", "bridge": null, "busway": null, "cycleway": null, "est_width": null, "foot": "designated", "footway": null, "highway": "cycleway", "junction": null, "lanes": null, "lit": "yes", "maxspeed": null, "motorcar": null, "motor_vehicle": null, "name": "Kheam Hock Park Connector", "oneway": "no", "oneway:bicycle": null, "psv": null, "ref": null, "service": null, "segregated": "no", "sidewalk": null, "smoothness": null, "surface": "concrete", "tracktype": null, "tunnel": "yes", "turn": null, "width": null, "id": 787942238.0, "timestamp": 1782481834.0, "version": 7.0, "tags": { "visible": false, "layer": "-1" }, "osm_type": "way", "u": 7366621481, "v": 7366621484, "length": 43.244, "is_covered": 1, "is_synthesized": null, "length_m": 43.025057020579752 }, "geometry": { "type": "LineString", "coordinates": [ [ 103.8197329, 1.3308898 ], [ 103.8196252, 1.3305161 ] ] } },
{ "type": "Feature", "properties": { "access": null, "area": null, "bicycle": null, "bridge": null, "busway": null, "cycleway": null, "est_width": null, "foot": null, "footway": null, "highway": "trunk", "junction": null, "lanes": "1", "lit": "yes", "maxspeed": "50", "motorcar": null, "motor_vehicle": null, "name": "Bukit Timah Road", "oneway": "yes", "oneway:bicycle": null, "psv": null, "ref": null, "service": null, "segregated": null, "sidewalk": null, "smoothness": null, "surface": "asphalt", "tracktype": null, "tunnel": null, "turn": null, "width": null, "id": 814841244.0, "timestamp": 1770711225.0, "version": 7.0, "tags": { "visible": false, "name:en": "Bukit Timah Road", "name:ta": "புக்கிட் தீமா சாலை", "name:zh": "武吉知马路" }, "osm_type": "way", "u": 6906342215, "v": 6906342212, "length": 6.472, "is_covered": 1, "is_synthesized": null, "length_m": 6.4608714973028052 }, "geometry": { "type": "LineString", "coordinates": [ [ 103.8096674, 1.3244717 ], [ 103.8096233, 1.3245097 ] ] } },
{ "type": "Feature", "properties": { "access": null, "area": null, "bicycle": null, "bridge": null, "busway": null, "cycleway": null, "est_width": null, "foot": null, "footway": null, "highway": "trunk", "junction": null, "lanes": "1", "lit": "yes", "maxspeed": "50", "motorcar": null, "motor_vehicle": null, "name": "Bukit Timah Road", "oneway": "yes", "oneway:bicycle": null, "psv": null, "ref": null, "service": null, "segregated": null, "sidewalk": null, "smoothness": null, "surface": "asphalt", "tracktype": null, "tunnel": null, "turn": null, "width": null, "id": 814841244.0, "timestamp": 1770711225.0, "version": 7.0, "tags": { "visible": false, "name:en": "Bukit Timah Road", "name:ta": "புக்கிட் தீமா சாலை", "name:zh": "武吉知马路" }, "osm_type": "way", "u": 6906342212, "v": 6906342213, "length": 4.974, "is_covered": 1, "is_synthesized": null, "length_m": 4.9548866210025393 }, "geometry": { "type": "LineString", "coordinates": [ [ 103.8096233, 1.3245097 ], [ 103.8096012, 1.3245486 ] ] } },
{ "type": "Feature", "properties": { "access": null, "area": null, "bicycle": null, "bridge": null, "busway": null, "cycleway": null, "est_width": null, "foot": null, "footway": null, "highway": "primary_link", "junction": null, "lanes": "2", "lit": null, "maxspeed": "50", "motorcar": null, "motor_vehicle": null, "name": "Upper Serangoon Road", "oneway": "yes", "oneway:bicycle": null, "psv": null, "ref": null, "service": null, "segregated": null, "sidewalk": null, "smoothness": null, "surface": "asphalt", "tracktype": null, "tunnel": null, "turn": null, "width": null, "id": 817079417.0, "timestamp": 1718469011.0, "version": 4.0, "tags": { "visible": false, "destination": "Upper Serangoon Road", "name:en": "Upper Serangoon Road", "name:zh": "实龙岗路上段", "turn:lanes": "left;through|through" }, "osm_type": "way", "u": 7631035665, "v": 1531151902, "length": 109.989, "is_covered": 1, "is_synthesized": null, "length_m": 109.41478017210635 }, "geometry": { "type": "LineString", "coordinates": [ [ 103.8684549, 1.3292135 ], [ 103.8686822, 1.3301762 ] ] } },
{ "type": "Feature", "properties": { "access": null, "area": null, "bicycle": null, "bridge": null, "busway": null, "cycleway": null, "est_width": null, "foot": null, "footway": null, "highway": "primary_link", "junction": null, "lanes": "2", "lit": null, "maxspeed": "50", "motorcar": null, "motor_vehicle": null, "name": "Upper Serangoon Road", "oneway": "yes", "oneway:bicycle": null, "psv": null, "ref": null, "service": null, "segregated": null, "sidewalk": null, "smoothness": null, "surface": "asphalt", "tracktype": null, "tunnel": null, "turn": null, "width": null, "id": 817079417.0, "timestamp": 1718469011.0, "version": 4.0, "tags": { "visible": false, "destination": "Upper Serangoon Road", "name:en": "Upper Serangoon Road", "name:zh": "实龙岗路上段", "turn:lanes": "left;through|through" }, "osm_type": "way", "u": 1531151902, "v": 1531151923, "length": 37.316, "is_covered": 1, "is_synthesized": null, "length_m": 37.123040527565344 }, "geometry": { "type": "LineString", "coordinates": [ [ 103.8686822, 1.3301762 ], [ 103.8687643, 1.3305016 ] ] } },
{ "type": "Feature", "properties": { "access": null, "area": null, "bicycle": "designated", "bridge": null, "busway": null, "cycleway": null, "est_width": null, "foot": "designated", "footway": null, "highway": "cycleway", "junction": null, "lanes": null, "lit": null, "maxspeed": null, "motorcar": null, "motor_vehicle": null, "name": "Potong Pasir Park Connector", "oneway": "no", "oneway:bicycle": null, "psv": null, "ref": null, "service": null, "segregated": "no", "sidewalk": null, "smoothness": null, "surface": "concrete", "tracktype": null, "tunnel": null, "turn": null, "width": null, "id": 849816864.0, "timestamp": 1782477827.0, "version": 6.0, "tags": { "visible": false }, "osm_type": "way", "u": 7190899943, "v": 8145006224, "length": 4.897, "is_covered": 1, "is_synthesized": null, "length_m": 4.8965982792638174 }, "geometry": { "type": "LineString", "coordinates": [ [ 103.86818430000001, 1.3287751 ], [ 103.8682239, 1.3287944 ] ] } },
{ "type": "Feature", "properties": { "access": null, "area": null, "bicycle": "designated", "bridge": null, "busway": null, "cycleway": null, "est_width": null, "foot": "designated", "footway": null, "highway": "cycleway", "junction": null, "lanes": null, "lit": null, "maxspeed": null, "motorcar": null, "motor_vehicle": null, "name": "Potong Pasir Park Connector", "oneway": "no", "oneway:bicycle": null, "psv": null, "ref": null, "service": null, "segregated": "no", "sidewalk": null, "smoothness": null, "surface": "concrete", "tracktype": null, "tunnel": null, "turn": null, "width": null, "id": 849816864.0, "timestamp": 1782477827.0, "version": 6.0, "tags": { "visible": false }, "osm_type": "way", "u": 8145006224, "v": 13968286018, "length": 2.058, "is_covered": 1, "is_synthesized": null, "length_m": 2.0501904440156529 }, "geometry": { "type": "LineString", "coordinates": [ [ 103.8682239, 1.3287944 ], [ 103.8682337, 1.3288101 ] ] } },
{ "type": "Feature", "properties": { "access": null, "area": null, "bicycle": "designated", "bridge": null, "busway": null, "cycleway": null, "est_width": null, "foot": "designated", "footway": null, "highway": "cycleway", "junction": null, "lanes": null, "lit": null, "maxspeed": null, "motorcar": null, "motor_vehicle": null, "name": "Potong Pasir Park Connector", "oneway": "no", "oneway:bicycle": null, "psv": null, "ref": null, "service": null, "segregated": "no", "sidewalk": null, "smoothness": null, "surface": "concrete", "tracktype": null, "tunnel": null, "turn": null, "width": null, "id": 849816864.0, "timestamp": 1782477827.0, "version": 6.0, "tags": { "visible": false }, "osm_type": "way", "u": 13968286018, "v": 8145006223, "length": 3.665, "is_covered": 1, "is_synthesized": null, "length_m": 3.6517974591588618 }, "geometry": { "type": "LineString", "coordinates": [ [ 103.8682337, 1.3288101 ], [ 103.8682511, 1.3288381 ] ] } },
{ "type": "Feature", "properties": { "access": null, "area": null, "bicycle": "designated", "bridge": null, "busway": null, "cycleway": null, "est_width": null, "foot": "designated", "footway": null, "highway": "cycleway", "junction": null, "lanes": null, "lit": null, "maxspeed": null, "motorcar": null, "motor_vehicle": null, "name": "Potong Pasir Park Connector", "oneway": "no", "oneway:bicycle": null, "psv": null, "ref": null, "service": null, "segregated": "no", "sidewalk": null, "smoothness": null, "surface": "concrete", "tracktype": null, "tunnel": null, "turn": null, "width": null, "id": 849816864.0, "timestamp": 1782477827.0, "version": 6.0, "tags": { "visible": false }, "osm_type": "way", "u": 8145006223, "v": 8145006222, "length": 12.601, "is_covered": 1, "is_synthesized": null, "length_m": 12.540033010680897 }, "geometry": { "type": "LineString", "coordinates": [ [ 103.8682511, 1.3288381 ], [ 103.868289, 1.3289449 ] ] } },
{ "type": "Feature", "properties": { "access": null, "area": null, "bicycle": "designated", "bridge": null, "busway": null, "cycleway": null, "est_width": null, "foot": "designated", "footway": null, "highway": "cycleway", "junction": null, "lanes": null, "lit": null, "maxspeed": null, "motorcar": null, "motor_vehicle": null, "name": "Potong Pasir Park Connector", "oneway": "no", "oneway:bicycle": null, "psv": null, "ref": null, "service": null, "segregated": "no", "sidewalk": null, "smoothness": null, "surface": "concrete", "tracktype": null, "tunnel": null, "turn": null, "width": null, "id": 849816864.0, "timestamp": 1782477827.0, "version": 6.0, "tags": { "visible": false }, "osm_type": "way", "u": 8145006222, "v": 8145006221, "length": 8.351, "is_covered": 1, "is_synthesized": null, "length_m": 8.3056138765035694 }, "geometry": { "type": "LineString", "coordinates": [ [ 103.868289, 1.3289449 ], [ 103.8683018, 1.3290189 ] ] } },
{ "type": "Feature", "properties": { "access": null, "area": null, "bicycle": "designated", "bridge": null, "busway": null, "cycleway": null, "est_width": null, "foot": "designated", "footway": null, "highway": "cycleway", "junction": null, "lanes": null, "lit": null, "maxspeed": null, "motorcar": null, "motor_vehicle": null, "name": "Potong Pasir Park Connector", "oneway": "no", "oneway:bicycle": null, "psv": null, "ref": null, "service": null, "segregated": "no", "sidewalk": null, "smoothness": null, "surface": "concrete", "tracktype": null, "tunnel": null, "turn": null, "width": null, "id": 849816864.0, "timestamp": 1782477827.0, "version": 6.0, "tags": { "visible": false }, "osm_type": "way", "u": 8145006221, "v": 8145006219, "length": 24.338, "is_covered": 1, "is_synthesized": null, "length_m": 24.224120666323085 }, "geometry": { "type": "LineString", "coordinates": [ [ 103.8683018, 1.3290189 ], [ 103.8683814, 1.3292228 ] ] } },
{ "type": "Feature", "properties": { "access": null, "area": null, "bicycle": "designated", "bridge": null, "busway": null, "cycleway": null, "est_width": null, "foot": "designated", "footway": null, "highway": "cycleway", "junction": null, "lanes": null, "lit": null, "maxspeed": null, "motorcar": null, "motor_vehicle": null, "name": "Potong Pasir Park Connector", "oneway": "no", "oneway:bicycle": null, "psv": null, "ref": null, "service": null, "segregated": "no", "sidewalk": null, "smoothness": null, "surface": "concrete", "tracktype": null, "tunnel": null, "turn": null, "width": null, "id": 849816864.0, "timestamp": 1782477827.0, "version": 6.0, "tags": { "visible": false }, "osm_type": "way", "u": 8145006219, "v": 8157506759, "length": 58.462, "is_covered": 1, "is_synthesized": null, "length_m": 58.153774896638133 }, "geometry": { "type": "LineString", "coordinates": [ [ 103.8683814, 1.3292228 ], [ 103.8684943, 1.3297363 ] ] } },
{ "type": "Feature", "properties": { "access": null, "area": null, "bicycle": "designated", "bridge": null, "busway": null, "cycleway": null, "est_width": null, "foot": "designated", "footway": null, "highway": "cycleway", "junction": null, "lanes": null, "lit": null, "maxspeed": null, "motorcar": null, "motor_vehicle": null, "name": "Potong Pasir Park Connector", "oneway": "no", "oneway:bicycle": null, "psv": null, "ref": null, "service": null, "segregated": "no", "sidewalk": null, "smoothness": null, "surface": "concrete", "tracktype": null, "tunnel": null, "turn": null, "width": null, "id": 849816864.0, "timestamp": 1782477827.0, "version": 6.0, "tags": { "visible": false }, "osm_type": "way", "u": 8157506759, "v": 8163146245, "length": 94.33, "is_covered": 1, "is_synthesized": null, "length_m": 93.840582727400616 }, "geometry": { "type": "LineString", "coordinates": [ [ 103.8684943, 1.3297363 ], [ 103.8686973, 1.33056 ] ] } },
{ "type": "Feature", "properties": { "access": null, "area": null, "bicycle": "designated", "bridge": null, "busway": null, "cycleway": null, "est_width": null, "foot": "designated", "footway": null, "highway": "cycleway", "junction": null, "lanes": null, "lit": null, "maxspeed": null, "motorcar": null, "motor_vehicle": null, "name": null, "oneway": null, "oneway:bicycle": null, "psv": null, "ref": null, "service": null, "segregated": null, "sidewalk": null, "smoothness": null, "surface": null, "tracktype": null, "tunnel": null, "turn": null, "width": null, "id": 849816865.0, "timestamp": 1777649401.0, "version": 4.0, "tags": { "visible": false }, "osm_type": "way", "u": 6440064333, "v": 7928480466, "length": 18.374, "is_covered": 1, "is_synthesized": null, "length_m": 18.327047862921564 }, "geometry": { "type": "LineString", "coordinates": [ [ 103.8682789, 1.3325722 ], [ 103.8681683, 1.332695 ] ] } },
{ "type": "Feature", "properties": { "access": null, "area": null, "bicycle": "designated", "bridge": null, "busway": null, "cycleway": null, "est_width": null, "foot": "designated", "footway": null, "highway": "cycleway", "junction": null, "lanes": null, "lit": null, "maxspeed": null, "motorcar": null, "motor_vehicle": null, "name": null, "oneway": "no", "oneway:bicycle": null, "psv": null, "ref": null, "service": null, "segregated": null, "sidewalk": null, "smoothness": null, "surface": "concrete", "tracktype": null, "tunnel": null, "turn": null, "width": null, "id": 849816866.0, "timestamp": 1782978324.0, "version": 11.0, "tags": { "visible": false }, "osm_type": "way", "u": 13784331138, "v": 7928480470, "length": 9.08, "is_covered": 1, "is_synthesized": null, "length_m": 9.0363672057150115 }, "geometry": { "type": "LineString", "coordinates": [ [ 103.8678494, 1.3337724 ], [ 103.8678222, 1.3338494 ] ] } },
{ "type": "Feature", "properties": { "access": null, "area": null, "bicycle": "designated", "bridge": null, "busway": null, "cycleway": null, "est_width": null, "foot": "designated", "footway": null, "highway": "cycleway", "junction": null, "lanes": null, "lit": "yes", "maxspeed": null, "motorcar": null, "motor_vehicle": null, "name": null, "oneway": null, "oneway:bicycle": null, "psv": null, "ref": null, "service": null, "segregated": null, "sidewalk": null, "smoothness": null, "surface": "concrete", "tracktype": null, "tunnel": null, "turn": null, "width": null, "id": 860638959.0, "timestamp": 1767924120.0, "version": 7.0, "tags": { "visible": false }, "osm_type": "way", "u": 13440911877, "v": 10650571466, "length": 20.29, "is_covered": 1, "is_synthesized": null, "length_m": 20.195966691999903 }, "geometry": { "type": "LineString", "coordinates": [ [ 103.8463839, 1.3387196 ], [ 103.8463163, 1.3385501 ] ] } },
{ "type": "Feature", "properties": { "access": null, "area": null, "bicycle": "designated", "bridge": null, "busway": null, "cycleway": null, "est_width": null, "foot": "designated", "footway": null, "highway": "cycleway", "junction": null, "lanes": null, "lit": "yes", "maxspeed": null, "motorcar": null, "motor_vehicle": null, "name": null, "oneway": null, "oneway:bicycle": null, "psv": null, "ref": null, "service": null, "segregated": null, "sidewalk": null, "smoothness": null, "surface": "concrete", "tracktype": null, "tunnel": null, "turn": null, "width": null, "id": 860638959.0, "timestamp": 1767924120.0, "version": 7.0, "tags": { "visible": false }, "osm_type": "way", "u": 10650571466, "v": 13440911878, "length": 3.957, "is_covered": 1, "is_synthesized": null, "length_m": 3.9369617014260196 }, "geometry": { "type": "LineString", "coordinates": [ [ 103.8463163, 1.3385501 ], [ 103.8463058, 1.3385161 ] ] } },
{ "type": "Feature", "properties": { "access": null, "area": null, "bicycle": "designated", "bridge": null, "busway": null, "cycleway": null, "est_width": null, "foot": "designated", "footway": null, "highway": "cycleway", "junction": null, "lanes": null, "lit": "yes", "maxspeed": null, "motorcar": null, "motor_vehicle": null, "name": null, "oneway": null, "oneway:bicycle": null, "psv": null, "ref": null, "service": null, "segregated": null, "sidewalk": null, "smoothness": null, "surface": "concrete", "tracktype": null, "tunnel": null, "turn": null, "width": null, "id": 860638959.0, "timestamp": 1767924120.0, "version": 7.0, "tags": { "visible": false }, "osm_type": "way", "u": 13440911878, "v": 10650571465, "length": 7.98, "is_covered": 1, "is_synthesized": null, "length_m": 7.9405869450670972 }, "geometry": { "type": "LineString", "coordinates": [ [ 103.8463058, 1.3385161 ], [ 103.8462847, 1.3384475 ] ] } },
{ "type": "Feature", "properties": { "access": null, "area": null, "bicycle": "designated", "bridge": null, "busway": null, "cycleway": null, "est_width": null, "foot": "designated", "footway": null, "highway": "cycleway", "junction": null, "lanes": null, "lit": null, "maxspeed": null, "motorcar": null, "motor_vehicle": null, "name": null, "oneway": null, "oneway:bicycle": null, "psv": null, "ref": null, "service": null, "segregated": null, "sidewalk": null, "smoothness": null, "surface": "concrete", "tracktype": null, "tunnel": null, "turn": null, "width": null, "id": 862434190.0, "timestamp": 1767924120.0, "version": 4.0, "tags": { "visible": false }, "osm_type": "way", "u": 5284912183, "v": 5284912182, "length": 18.354, "is_covered": 1, "is_synthesized": null, "length_m": 18.322900814198277 }, "geometry": { "type": "LineString", "coordinates": [ [ 103.852715300000014, 1.338527 ], [ 103.85284110000002, 1.3384201 ] ] } },
{ "type": "Feature", "properties": { "access": null, "area": null, "bicycle": "designated", "bridge": null, "busway": null, "cycleway": null, "est_width": null, "foot": "designated", "footway": null, "highway": "cycleway", "junction": null, "lanes": null, "lit": "yes", "maxspeed": null, "motorcar": null, "motor_vehicle": null, "name": null, "oneway": null, "oneway:bicycle": null, "psv": null, "ref": null, "service": null, "segregated": "no", "sidewalk": null, "smoothness": "good", "surface": "concrete", "tracktype": null, "tunnel": null, "turn": null, "width": null, "id": 864574315.0, "timestamp": 1764235506.0, "version": 11.0, "tags": { "visible": false, "covered": "yes", "stroller": "yes", "tactile_paving": "no", "wheelchair": "yes" }, "osm_type": "way", "u": 5187343596, "v": 12916687154, "length": 24.615, "is_covered": 1, "is_synthesized": null, "length_m": 24.568050182389261 }, "geometry": { "type": "LineString", "coordinates": [ [ 103.841366, 1.3384105 ], [ 103.8415294, 1.3385599 ] ] } },
{ "type": "Feature", "properties": { "access": null, "area": null, "bicycle": "designated", "bridge": null, "busway": null, "cycleway": null, "est_width": null, "foot": "designated", "footway": null, "highway": "cycleway", "junction": null, "lanes": null, "lit": "yes", "maxspeed": null, "motorcar": null, "motor_vehicle": null, "name": null, "oneway": null, "oneway:bicycle": null, "psv": null, "ref": null, "service": null, "segregated": "no", "sidewalk": null, "smoothness": "good", "surface": "concrete", "tracktype": null, "tunnel": null, "turn": null, "width": null, "id": 864574315.0, "timestamp": 1764235506.0, "version": 11.0, "tags": { "visible": false, "covered": "yes", "stroller": "yes", "tactile_paving": "no", "wheelchair": "yes" }, "osm_type": "way", "u": 12916687154, "v": 12916687155, "length": 8.232, "is_covered": 1, "is_synthesized": null, "length_m": 8.2277540778267593 }, "geometry": { "type": "LineString", "coordinates": [ [ 103.8415294, 1.3385599 ], [ 103.8415936, 1.3385968 ] ] } },
{ "type": "Feature", "properties": { "access": null, "area": null, "bicycle": "designated", "bridge": null, "busway": null, "cycleway": null, "est_width": null, "foot": "designated", "footway": null, "highway": "cycleway", "junction": null, "lanes": null, "lit": "yes", "maxspeed": null, "motorcar": null, "motor_vehicle": null, "name": null, "oneway": null, "oneway:bicycle": null, "psv": null, "ref": null, "service": null, "segregated": "no", "sidewalk": null, "smoothness": "good", "surface": "concrete", "tracktype": null, "tunnel": null, "turn": null, "width": null, "id": 864574315.0, "timestamp": 1764235506.0, "version": 11.0, "tags": { "visible": false, "covered": "yes", "stroller": "yes", "tactile_paving": "no", "wheelchair": "yes" }, "osm_type": "way", "u": 12916687155, "v": 13031272473, "length": 4.79, "is_covered": 1, "is_synthesized": null, "length_m": 4.7832336211709903 }, "geometry": { "type": "LineString", "coordinates": [ [ 103.8415936, 1.3385968 ], [ 103.8416278, 1.338623 ] ] } },
{ "type": "Feature", "properties": { "access": null, "area": null, "bicycle": "designated", "bridge": null, "busway": null, "cycleway": null, "est_width": null, "foot": "designated", "footway": null, "highway": "cycleway", "junction": null, "lanes": null, "lit": "yes", "maxspeed": null, "motorcar": null, "motor_vehicle": null, "name": null, "oneway": null, "oneway:bicycle": null, "psv": null, "ref": null, "service": null, "segregated": "no", "sidewalk": null, "smoothness": "good", "surface": "concrete", "tracktype": null, "tunnel": null, "turn": null, "width": null, "id": 864574315.0, "timestamp": 1764235506.0, "version": 11.0, "tags": { "visible": false, "covered": "yes", "stroller": "yes", "tactile_paving": "no", "wheelchair": "yes" }, "osm_type": "way", "u": 13031272473, "v": 8058538872, "length": 24.811, "is_covered": 1, "is_synthesized": null, "length_m": 24.777818750042989 }, "geometry": { "type": "LineString", "coordinates": [ [ 103.8416278, 1.338623 ], [ 103.8418049, 1.3387588 ] ] } },
{ "type": "Feature", "properties": { "access": null, "area": null, "bicycle": "designated", "bridge": null, "busway": null, "cycleway": null, "est_width": null, "foot": "designated", "footway": null, "highway": "cycleway", "junction": null, "lanes": null, "lit": "yes", "maxspeed": null, "motorcar": null, "motor_vehicle": null, "name": null, "oneway": null, "oneway:bicycle": null, "psv": null, "ref": null, "service": null, "segregated": "no", "sidewalk": null, "smoothness": "good", "surface": "concrete", "tracktype": null, "tunnel": null, "turn": null, "width": null, "id": 864574315.0, "timestamp": 1764235506.0, "version": 11.0, "tags": { "visible": false, "covered": "yes", "stroller": "yes", "tactile_paving": "no", "wheelchair": "yes" }, "osm_type": "way", "u": 8058538872, "v": 8058538871, "length": 16.056, "is_covered": 1, "is_synthesized": null, "length_m": 16.045670602034306 }, "geometry": { "type": "LineString", "coordinates": [ [ 103.8418049, 1.3387588 ], [ 103.8419291, 1.3388325 ] ] } },
{ "type": "Feature", "properties": { "access": null, "area": null, "bicycle": "designated", "bridge": null, "busway": null, "cycleway": "crossing", "est_width": null, "foot": "designated", "footway": null, "highway": "cycleway", "junction": null, "lanes": null, "lit": null, "maxspeed": null, "motorcar": null, "motor_vehicle": null, "name": null, "oneway": null, "oneway:bicycle": null, "psv": null, "ref": null, "service": null, "segregated": null, "sidewalk": null, "smoothness": null, "surface": "asphalt", "tracktype": null, "tunnel": null, "turn": null, "width": null, "id": 874643078.0, "timestamp": 1782978324.0, "version": 4.0, "tags": { "visible": false, "crossing": "traffic_signals", "crossing:island": "no", "crossing:markings": "dots" }, "osm_type": "way", "u": 8142081217, "v": 8142080416, "length": 12.091, "is_covered": 1, "is_synthesized": null, "length_m": 12.088468610656832 }, "geometry": { "type": "LineString", "coordinates": [ [ 103.8666379, 1.3314836 ], [ 103.866735, 1.3314346 ] ] } },
{ "type": "Feature", "properties": { "access": null, "area": null, "bicycle": "designated", "bridge": null, "busway": null, "cycleway": null, "est_width": null, "foot": "designated", "footway": null, "highway": "cycleway", "junction": null, "lanes": null, "lit": null, "maxspeed": null, "motorcar": null, "motor_vehicle": null, "name": null, "oneway": "no", "oneway:bicycle": null, "psv": null, "ref": null, "service": null, "segregated": null, "sidewalk": null, "smoothness": null, "surface": "concrete", "tracktype": null, "tunnel": null, "turn": null, "width": null, "id": 875008494.0, "timestamp": 1777649401.0, "version": 9.0, "tags": { "visible": false }, "osm_type": "way", "u": 8142080416, "v": 13663798252, "length": 5.428, "is_covered": 1, "is_synthesized": null, "length_m": 5.4087484114413451 }, "geometry": { "type": "LineString", "coordinates": [ [ 103.866735, 1.3314346 ], [ 103.8667624, 1.3313942 ] ] } },
{ "type": "Feature", "properties": { "access": null, "area": null, "bicycle": "designated", "bridge": null, "busway": null, "cycleway": null, "est_width": null, "foot": "designated", "footway": null, "highway": "cycleway", "junction": null, "lanes": null, "lit": null, "maxspeed": null, "motorcar": null, "motor_vehicle": null, "name": null, "oneway": "no", "oneway:bicycle": null, "psv": null, "ref": null, "service": null, "segregated": null, "sidewalk": null, "smoothness": null, "surface": "concrete", "tracktype": null, "tunnel": null, "turn": null, "width": null, "id": 875008494.0, "timestamp": 1777649401.0, "version": 9.0, "tags": { "visible": false }, "osm_type": "way", "u": 13663798252, "v": 8146044507, "length": 0.145, "is_covered": 1, "is_synthesized": null, "length_m": 0.1444412572345958 }, "geometry": { "type": "LineString", "coordinates": [ [ 103.8667624, 1.3313942 ], [ 103.8667631, 1.3313931 ] ] } },
{ "type": "Feature", "properties": { "access": null, "area": null, "bicycle": "designated", "bridge": null, "busway": null, "cycleway": null, "est_width": null, "foot": "designated", "footway": null, "highway": "cycleway", "junction": null, "lanes": null, "lit": null, "maxspeed": null, "motorcar": null, "motor_vehicle": null, "name": null, "oneway": "no", "oneway:bicycle": null, "psv": null, "ref": null, "service": null, "segregated": null, "sidewalk": null, "smoothness": null, "surface": "concrete", "tracktype": null, "tunnel": null, "turn": null, "width": null, "id": 875008494.0, "timestamp": 1777649401.0, "version": 9.0, "tags": { "visible": false }, "osm_type": "way", "u": 8146044507, "v": 13663798253, "length": 8.378, "is_covered": 1, "is_synthesized": null, "length_m": 8.3720633646236724 }, "geometry": { "type": "LineString", "coordinates": [ [ 103.8667631, 1.3313931 ], [ 103.8668274, 1.3313538 ] ] } },
{ "type": "Feature", "properties": { "access": null, "area": null, "bicycle": "designated", "bridge": null, "busway": null, "cycleway": null, "est_width": null, "foot": "designated", "footway": null, "highway": "cycleway", "junction": null, "lanes": null, "lit": null, "maxspeed": null, "motorcar": null, "motor_vehicle": null, "name": null, "oneway": "no", "oneway:bicycle": null, "psv": null, "ref": null, "service": null, "segregated": null, "sidewalk": null, "smoothness": null, "surface": "concrete", "tracktype": null, "tunnel": null, "turn": null, "width": null, "id": 875008494.0, "timestamp": 1777649401.0, "version": 9.0, "tags": { "visible": false }, "osm_type": "way", "u": 8144989301, "v": 8163146246, "length": 8.283, "is_covered": 1, "is_synthesized": null, "length_m": 8.2903736717740522 }, "geometry": { "type": "LineString", "coordinates": [ [ 103.8686575, 1.3307908 ], [ 103.8687309, 1.3308036 ] ] } },
{ "type": "Feature", "properties": { "access": null, "area": null, "bicycle": "designated", "bridge": null, "busway": null, "cycleway": "crossing", "est_width": null, "foot": "designated", "footway": null, "highway": "cycleway", "junction": null, "lanes": null, "lit": null, "maxspeed": null, "motorcar": null, "motor_vehicle": null, "name": null, "oneway": null, "oneway:bicycle": null, "psv": null, "ref": null, "service": null, "segregated": null, "sidewalk": null, "smoothness": null, "surface": "asphalt", "tracktype": null, "tunnel": null, "turn": null, "width": null, "id": 875074501.0, "timestamp": 1782978324.0, "version": 5.0, "tags": { "visible": false, "covered": "yes", "crossing": "traffic_signals", "crossing:island": "no", "crossing:markings": "dots" }, "osm_type": "way", "u": 8142081223, "v": 8145529150, "length": 5.634, "is_covered": 1, "is_synthesized": null, "length_m": 5.6147601748195903 }, "geometry": { "type": "LineString", "coordinates": [ [ 103.8655454, 1.3318637 ], [ 103.8655739, 1.3319056 ] ] } },
{ "type": "Feature", "properties": { "access": null, "area": null, "bicycle": "designated", "bridge": null, "busway": null, "cycleway": "crossing", "est_width": null, "foot": "designated", "footway": null, "highway": "cycleway", "junction": null, "lanes": null, "lit": null, "maxspeed": null, "motorcar": null, "motor_vehicle": null, "name": null, "oneway": null, "oneway:bicycle": null, "psv": null, "ref": null, "service": null, "segregated": null, "sidewalk": null, "smoothness": null, "surface": "asphalt", "tracktype": null, "tunnel": null, "turn": null, "width": null, "id": 875074501.0, "timestamp": 1782978324.0, "version": 5.0, "tags": { "visible": false, "covered": "yes", "crossing": "traffic_signals", "crossing:island": "no", "crossing:markings": "dots" }, "osm_type": "way", "u": 8145529150, "v": 6547768756, "length": 5.841, "is_covered": 1, "is_synthesized": null, "length_m": 5.820781843085407 }, "geometry": { "type": "LineString", "coordinates": [ [ 103.8655739, 1.3319056 ], [ 103.8656035, 1.331949 ] ] } },
{ "type": "Feature", "properties": { "access": null, "area": null, "bicycle": "designated", "bridge": null, "busway": null, "cycleway": "crossing", "est_width": null, "foot": "designated", "footway": null, "highway": "cycleway", "junction": null, "lanes": null, "lit": null, "maxspeed": null, "motorcar": null, "motor_vehicle": null, "name": null, "oneway": null, "oneway:bicycle": null, "psv": null, "ref": null, "service": null, "segregated": null, "sidewalk": null, "smoothness": null, "surface": "asphalt", "tracktype": null, "tunnel": null, "turn": null, "width": null, "id": 875074501.0, "timestamp": 1782978324.0, "version": 5.0, "tags": { "visible": false, "covered": "yes", "crossing": "traffic_signals", "crossing:island": "no", "crossing:markings": "dots" }, "osm_type": "way", "u": 6547768756, "v": 8142011244, "length": 5.514, "is_covered": 1, "is_synthesized": null, "length_m": 5.4949220004560031 }, "geometry": { "type": "LineString", "coordinates": [ [ 103.8656035, 1.331949 ], [ 103.8656314, 1.33199 ] ] } },
{ "type": "Feature", "properties": { "access": null, "area": null, "bicycle": "designated", "bridge": null, "busway": null, "cycleway": "crossing", "est_width": null, "foot": "designated", "footway": null, "highway": "cycleway", "junction": null, "lanes": null, "lit": null, "maxspeed": null, "motorcar": null, "motor_vehicle": null, "name": null, "oneway": null, "oneway:bicycle": null, "psv": null, "ref": null, "service": null, "segregated": null, "sidewalk": null, "smoothness": null, "surface": "asphalt", "tracktype": null, "tunnel": null, "turn": null, "width": null, "id": 882202387.0, "timestamp": 1784993655.0, "version": 4.0, "tags": { "visible": false, "covered": "yes", "crossing": "unmarked", "crossing:island": "no" }, "osm_type": "way", "u": 8204275047, "v": 8204275046, "length": 7.618, "is_covered": 1, "is_synthesized": null, "length_m": 7.5762688150131652 }, "geometry": { "type": "LineString", "coordinates": [ [ 103.8705343, 1.3394267 ], [ 103.8705418, 1.3394948 ] ] } },
{ "type": "Feature", "properties": { "access": null, "area": null, "bicycle": "designated", "bridge": null, "busway": null, "cycleway": "crossing", "est_width": null, "foot": "designated", "footway": null, "highway": "cycleway", "junction": null, "lanes": null, "lit": null, "maxspeed": null, "motorcar": null, "motor_vehicle": null, "name": null, "oneway": null, "oneway:bicycle": null, "psv": null, "ref": null, "service": null, "segregated": null, "sidewalk": null, "smoothness": null, "surface": "asphalt", "tracktype": null, "tunnel": null, "turn": null, "width": null, "id": 882202387.0, "timestamp": 1784993655.0, "version": 4.0, "tags": { "visible": false, "covered": "yes", "crossing": "unmarked", "crossing:island": "no" }, "osm_type": "way", "u": 8204275046, "v": 8204275045, "length": 5.008, "is_covered": 1, "is_synthesized": null, "length_m": 4.9804540004951425 }, "geometry": { "type": "LineString", "coordinates": [ [ 103.8705418, 1.3394948 ], [ 103.8705473, 1.3395395 ] ] } },
{ "type": "Feature", "properties": { "access": null, "area": null, "bicycle": "designated", "bridge": null, "busway": null, "cycleway": null, "est_width": null, "foot": "designated", "footway": null, "highway": "cycleway", "junction": null, "lanes": null, "lit": null, "maxspeed": null, "motorcar": null, "motor_vehicle": null, "name": null, "oneway": "no", "oneway:bicycle": null, "psv": null, "ref": null, "service": null, "segregated": "yes", "sidewalk": null, "smoothness": null, "surface": "concrete", "tracktype": null, "tunnel": null, "turn": null, "width": null, "id": 882225652.0, "timestamp": 1777552924.0, "version": 9.0, "tags": { "visible": false, "check_date:surface": "2026-02-11", "covered": "yes", "cycleway:surface": "concrete", "footway:surface": "concrete" }, "osm_type": "way", "u": 8204462086, "v": 8204462085, "length": 5.383, "is_covered": 1, "is_synthesized": null, "length_m": 5.3688438570552677 }, "geometry": { "type": "LineString", "coordinates": [ [ 103.8691302, 1.33255 ], [ 103.8691619, 1.3325866 ] ] } },
{ "type": "Feature", "properties": { "access": null, "area": null, "bicycle": "designated", "bridge": null, "busway": null, "cycleway": null, "est_width": null, "foot": "designated", "footway": null, "highway": "cycleway", "junction": null, "lanes": null, "lit": null, "maxspeed": null, "motorcar": null, "motor_vehicle": null, "name": null, "oneway": "no", "oneway:bicycle": null, "psv": null, "ref": null, "service": null, "segregated": "yes", "sidewalk": null, "smoothness": null, "surface": "concrete", "tracktype": null, "tunnel": null, "turn": null, "width": null, "id": 882225652.0, "timestamp": 1777552924.0, "version": 9.0, "tags": { "visible": false, "check_date:surface": "2026-02-11", "covered": "yes", "cycleway:surface": "concrete", "footway:surface": "concrete" }, "osm_type": "way", "u": 8204462085, "v": 8204462084, "length": 7.609, "is_covered": 1, "is_synthesized": null, "length_m": 7.5826688421826223 }, "geometry": { "type": "LineString", "coordinates": [ [ 103.8691619, 1.3325866 ], [ 103.8692008, 1.3326429 ] ] } },
{ "type": "Feature", "properties": { "access": null, "area": null, "bicycle": "designated", "bridge": null, "busway": null, "cycleway": null, "est_width": null, "foot": "designated", "footway": null, "highway": "cycleway", "junction": null, "lanes": null, "lit": null, "maxspeed": null, "motorcar": null, "motor_vehicle": null, "name": null, "oneway": "no", "oneway:bicycle": null, "psv": null, "ref": null, "service": null, "segregated": "yes", "sidewalk": null, "smoothness": null, "surface": "concrete", "tracktype": null, "tunnel": null, "turn": null, "width": null, "id": 882225652.0, "timestamp": 1777552924.0, "version": 9.0, "tags": { "visible": false, "check_date:surface": "2026-02-11", "covered": "yes", "cycleway:surface": "concrete", "footway:surface": "concrete" }, "osm_type": "way", "u": 8204462084, "v": 8204462083, "length": 17.052, "is_covered": 1, "is_synthesized": null, "length_m": 16.964149406406136 }, "geometry": { "type": "LineString", "coordinates": [ [ 103.8692008, 1.3326429 ], [ 103.8692387, 1.3327915 ] ] } },
{ "type": "Feature", "properties": { "access": null, "area": null, "bicycle": "designated", "bridge": null, "busway": null, "cycleway": null, "est_width": null, "foot": "designated", "footway": null, "highway": "cycleway", "junction": null, "lanes": null, "lit": null, "maxspeed": null, "motorcar": null, "motor_vehicle": null, "name": null, "oneway": "no", "oneway:bicycle": null, "psv": null, "ref": null, "service": null, "segregated": "yes", "sidewalk": null, "smoothness": null, "surface": "concrete", "tracktype": null, "tunnel": null, "turn": null, "width": null, "id": 882225652.0, "timestamp": 1777552924.0, "version": 9.0, "tags": { "visible": false, "check_date:surface": "2026-02-11", "covered": "yes", "cycleway:surface": "concrete", "footway:surface": "concrete" }, "osm_type": "way", "u": 8204462083, "v": 13780873220, "length": 25.771, "is_covered": 1, "is_synthesized": null, "length_m": 25.642932212064505 }, "geometry": { "type": "LineString", "coordinates": [ [ 103.8692387, 1.3327915 ], [ 103.86930790000001, 1.3330127 ] ] } },
{ "type": "Feature", "properties": { "access": null, "area": null, "bicycle": "designated", "bridge": null, "busway": null, "cycleway": null, "est_width": null, "foot": "designated", "footway": null, "highway": "cycleway", "junction": null, "lanes": null, "lit": null, "maxspeed": null, "motorcar": null, "motor_vehicle": null, "name": null, "oneway": "no", "oneway:bicycle": null, "psv": null, "ref": null, "service": null, "segregated": "yes", "sidewalk": null, "smoothness": null, "surface": "concrete", "tracktype": null, "tunnel": null, "turn": null, "width": null, "id": 882225652.0, "timestamp": 1777552924.0, "version": 9.0, "tags": { "visible": false, "check_date:surface": "2026-02-11", "covered": "yes", "cycleway:surface": "concrete", "footway:surface": "concrete" }, "osm_type": "way", "u": 13780873220, "v": 8204462081, "length": 18.237, "is_covered": 1, "is_synthesized": null, "length_m": 18.142214033233124 }, "geometry": { "type": "LineString", "coordinates": [ [ 103.86930790000001, 1.3330127 ], [ 103.8693457, 1.3331723 ] ] } },
{ "type": "Feature", "properties": { "access": null, "area": null, "bicycle": "designated", "bridge": null, "busway": null, "cycleway": "crossing", "est_width": null, "foot": "designated", "footway": null, "highway": "cycleway", "junction": null, "lanes": null, "lit": "yes", "maxspeed": null, "motorcar": null, "motor_vehicle": null, "name": null, "oneway": null, "oneway:bicycle": null, "psv": null, "ref": null, "service": null, "segregated": "no", "sidewalk": null, "smoothness": null, "surface": "concrete", "tracktype": null, "tunnel": null, "turn": null, "width": null, "id": 882225653.0, "timestamp": 1784994980.0, "version": 10.0, "tags": { "visible": false, "crossing": "zebra", "crossing:island": "no", "crossing:markings": "zebra" }, "osm_type": "way", "u": 8204462088, "v": 8204462087, "length": 3.839, "is_covered": 1, "is_synthesized": null, "length_m": 3.8230262988519255 }, "geometry": { "type": "LineString", "coordinates": [ [ 103.8691924, 1.3324464 ], [ 103.8691766, 1.3324771 ] ] } },
{ "type": "Feature", "properties": { "access": null, "area": null, "bicycle": "designated", "bridge": null, "busway": null, "cycleway": "crossing", "est_width": null, "foot": "designated", "footway": null, "highway": "cycleway", "junction": null, "lanes": null, "lit": "yes", "maxspeed": null, "motorcar": null, "motor_vehicle": null, "name": null, "oneway": null, "oneway:bicycle": null, "psv": null, "ref": null, "service": null, "segregated": "no", "sidewalk": null, "smoothness": null, "surface": "concrete", "tracktype": null, "tunnel": null, "turn": null, "width": null, "id": 882225653.0, "timestamp": 1784994980.0, "version": 10.0, "tags": { "visible": false, "crossing": "zebra", "crossing:island": "no", "crossing:markings": "zebra" }, "osm_type": "way", "u": 8204462087, "v": 8204462086, "length": 9.608, "is_covered": 1, "is_synthesized": null, "length_m": 9.573060805365909 }, "geometry": { "type": "LineString", "coordinates": [ [ 103.8691766, 1.3324771 ], [ 103.8691302, 1.33255 ] ] } },
{ "type": "Feature", "properties": { "access": null, "area": null, "bicycle": "designated", "bridge": null, "busway": null, "cycleway": null, "est_width": null, "foot": "designated", "footway": null, "highway": "cycleway", "junction": null, "lanes": null, "lit": "yes", "maxspeed": null, "motorcar": null, "motor_vehicle": null, "name": "Bidadari–Potong Pasir Park Connector", "oneway": "no", "oneway:bicycle": null, "psv": null, "ref": null, "service": null, "segregated": "no", "sidewalk": null, "smoothness": null, "surface": "concrete", "tracktype": null, "tunnel": null, "turn": null, "width": null, "id": 882228556.0, "timestamp": 1784993655.0, "version": 7.0, "tags": { "visible": false, "covered": "yes" }, "osm_type": "way", "u": 14049305537, "v": 8204472601, "length": 18.744, "is_covered": 1, "is_synthesized": null, "length_m": 18.66334050785893 }, "geometry": { "type": "LineString", "coordinates": [ [ 103.8698035, 1.3331707 ], [ 103.8697308, 1.3330186 ] ] } },
{ "type": "Feature", "properties": { "access": null, "area": null, "bicycle": "designated", "bridge": null, "busway": null, "cycleway": null, "est_width": null, "foot": "designated", "footway": null, "highway": "cycleway", "junction": null, "lanes": null, "lit": "yes", "maxspeed": null, "motorcar": null, "motor_vehicle": null, "name": "Bidadari–Potong Pasir Park Connector", "oneway": "no", "oneway:bicycle": null, "psv": null, "ref": null, "service": null, "segregated": "no", "sidewalk": null, "smoothness": null, "surface": "concrete", "tracktype": null, "tunnel": null, "turn": null, "width": null, "id": 882228556.0, "timestamp": 1784993655.0, "version": 7.0, "tags": { "visible": false, "covered": "yes" }, "osm_type": "way", "u": 8204472601, "v": 14049305535, "length": 56.34, "is_covered": 1, "is_synthesized": null, "length_m": 56.048928663171218 }, "geometry": { "type": "LineString", "coordinates": [ [ 103.8697308, 1.3330186 ], [ 103.8696057, 1.3325276 ] ] } },
{ "type": "Feature", "properties": { "access": null, "area": null, "bicycle": "designated", "bridge": null, "busway": null, "cycleway": null, "est_width": null, "foot": "designated", "footway": null, "highway": "cycleway", "junction": null, "lanes": null, "lit": "yes", "maxspeed": null, "motorcar": null, "motor_vehicle": null, "name": "Bidadari–Potong Pasir Park Connector", "oneway": "no", "oneway:bicycle": null, "psv": null, "ref": null, "service": null, "segregated": "no", "sidewalk": null, "smoothness": null, "surface": "concrete", "tracktype": null, "tunnel": null, "turn": null, "width": null, "id": 882228556.0, "timestamp": 1784993655.0, "version": 7.0, "tags": { "visible": false, "covered": "yes" }, "osm_type": "way", "u": 14049305535, "v": 8204472600, "length": 4.051, "is_covered": 1, "is_synthesized": null, "length_m": 4.0297542105342714 }, "geometry": { "type": "LineString", "coordinates": [ [ 103.8696057, 1.3325276 ], [ 103.8695967, 1.3324923 ] ] } },
{ "type": "Feature", "properties": { "access": null, "area": null, "bicycle": "designated", "bridge": null, "busway": null, "cycleway": null, "est_width": null, "foot": "designated", "footway": null, "highway": "cycleway", "junction": null, "lanes": null, "lit": "yes", "maxspeed": null, "motorcar": null, "motor_vehicle": null, "name": "Bidadari–Potong Pasir Park Connector", "oneway": "no", "oneway:bicycle": null, "psv": null, "ref": null, "service": null, "segregated": "no", "sidewalk": null, "smoothness": null, "surface": "concrete", "tracktype": null, "tunnel": null, "turn": null, "width": null, "id": 882228556.0, "timestamp": 1784993655.0, "version": 7.0, "tags": { "visible": false, "covered": "yes" }, "osm_type": "way", "u": 8204472600, "v": 8204472599, "length": 2.24, "is_covered": 1, "is_synthesized": null, "length_m": 2.2275688653456402 }, "geometry": { "type": "LineString", "coordinates": [ [ 103.8695967, 1.3324923 ], [ 103.8695943, 1.3324723 ] ] } },
{ "type": "Feature", "properties": { "access": null, "area": null, "bicycle": "designated", "bridge": null, "busway": null, "cycleway": null, "est_width": null, "foot": "designated", "footway": null, "highway": "cycleway", "junction": null, "lanes": null, "lit": "yes", "maxspeed": null, "motorcar": null, "motor_vehicle": null, "name": "Bidadari–Potong Pasir Park Connector", "oneway": "no", "oneway:bicycle": null, "psv": null, "ref": null, "service": null, "segregated": "no", "sidewalk": null, "smoothness": null, "surface": "concrete", "tracktype": null, "tunnel": null, "turn": null, "width": null, "id": 882228556.0, "timestamp": 1784993655.0, "version": 7.0, "tags": { "visible": false, "covered": "yes" }, "osm_type": "way", "u": 8204472599, "v": 8204493767, "length": 6.688, "is_covered": 1, "is_synthesized": null, "length_m": 6.6524616065170523 }, "geometry": { "type": "LineString", "coordinates": [ [ 103.8695943, 1.3324723 ], [ 103.8696074, 1.3324136 ] ] } },
{ "type": "Feature", "properties": { "access": null, "area": null, "bicycle": "designated", "bridge": null, "busway": null, "cycleway": null, "est_width": null, "foot": "designated", "footway": null, "highway": "cycleway", "junction": null, "lanes": null, "lit": "yes", "maxspeed": "25", "motorcar": null, "motor_vehicle": null, "name": null, "oneway": null, "oneway:bicycle": null, "psv": null, "ref": null, "service": null, "segregated": "no", "sidewalk": null, "smoothness": null, "surface": "concrete", "tracktype": null, "tunnel": null, "turn": null, "width": null, "id": 882266907.0, "timestamp": 1784993655.0, "version": 7.0, "tags": { "visible": false, "covered": "yes" }, "osm_type": "way", "u": 5284416431, "v": 8204275074, "length": 15.993, "is_covered": 1, "is_synthesized": null, "length_m": 15.909454847338672 }, "geometry": { "type": "LineString", "coordinates": [ [ 103.87018, 1.3362829 ], [ 103.8702138, 1.3364227 ] ] } },
{ "type": "Feature", "properties": { "access": null, "area": null, "bicycle": "designated", "bridge": null, "busway": null, "cycleway": null, "est_width": null, "foot": "designated", "footway": null, "highway": "cycleway", "junction": null, "lanes": null, "lit": null, "maxspeed": null, "motorcar": null, "motor_vehicle": null, "name": null, "oneway": null, "oneway:bicycle": null, "psv": null, "ref": null, "service": null, "segregated": null, "sidewalk": null, "smoothness": null, "surface": null, "tracktype": null, "tunnel": null, "turn": null, "width": null, "id": 883837012.0, "timestamp": 1764355366.0, "version": 7.0, "tags": { "visible": false }, "osm_type": "way", "u": 8219995661, "v": 8219995660, "length": 24.671, "is_covered": 1, "is_synthesized": null, "length_m": 24.535007551371084 }, "geometry": { "type": "LineString", "coordinates": [ [ 103.8710067, 1.3419716 ], [ 103.870983, 1.341751 ] ] } },
{ "type": "Feature", "properties": { "access": null, "area": null, "bicycle": "designated", "bridge": null, "busway": null, "cycleway": null, "est_width": null, "foot": "designated", "footway": null, "highway": "cycleway", "junction": null, "lanes": null, "lit": null, "maxspeed": null, "motorcar": null, "motor_vehicle": null, "name": null, "oneway": null, "oneway:bicycle": null, "psv": null, "ref": null, "service": null, "segregated": null, "sidewalk": null, "smoothness": null, "surface": null, "tracktype": null, "tunnel": null, "turn": null, "width": null, "id": 883837012.0, "timestamp": 1764355366.0, "version": 7.0, "tags": { "visible": false }, "osm_type": "way", "u": 8219995660, "v": 8219995659, "length": 52.221, "is_covered": 1, "is_synthesized": null, "length_m": 51.930496261870488 }, "geometry": { "type": "LineString", "coordinates": [ [ 103.870983, 1.341751 ], [ 103.8710092, 1.3412821 ] ] } },
{ "type": "Feature", "properties": { "access": null, "area": null, "bicycle": "designated", "bridge": null, "busway": null, "cycleway": null, "est_width": null, "foot": "designated", "footway": null, "highway": "cycleway", "junction": null, "lanes": null, "lit": null, "maxspeed": null, "motorcar": null, "motor_vehicle": null, "name": null, "oneway": null, "oneway:bicycle": null, "psv": null, "ref": null, "service": null, "segregated": null, "sidewalk": null, "smoothness": null, "surface": null, "tracktype": null, "tunnel": null, "turn": null, "width": null, "id": 883837012.0, "timestamp": 1764355366.0, "version": 7.0, "tags": { "visible": false }, "osm_type": "way", "u": 8219995659, "v": 8219995658, "length": 8.924, "is_covered": 1, "is_synthesized": null, "length_m": 8.8759868538471611 }, "geometry": { "type": "LineString", "coordinates": [ [ 103.8710092, 1.3412821 ], [ 103.8710244, 1.3412033 ] ] } },
{ "type": "Feature", "properties": { "access": null, "area": null, "bicycle": null, "bridge": null, "busway": null, "cycleway": null, "est_width": null, "foot": null, "footway": null, "highway": "motorway_link", "junction": null, "lanes": "2", "lit": null, "maxspeed": "50", "motorcar": null, "motor_vehicle": null, "name": null, "oneway": "yes", "oneway:bicycle": null, "psv": null, "ref": null, "service": null, "segregated": null, "sidewalk": null, "smoothness": null, "surface": "asphalt", "tracktype": null, "tunnel": "yes", "turn": null, "width": null, "id": 1008768513.0, "timestamp": 1645703011.0, "version": 3.0, "tags": { "visible": false, "destination": "Lornie Highway;Braddell Road;Upper Thomson Road", "layer": "-1" }, "osm_type": "way", "u": 5259103251, "v": 6185050221, "length": 8.784, "is_covered": 1, "is_synthesized": null, "length_m": 8.7906547310391261 }, "geometry": { "type": "LineString", "coordinates": [ [ 103.8172342, 1.3340061 ], [ 103.8173107, 1.3340259 ] ] } },
{ "type": "Feature", "properties": { "access": null, "area": null, "bicycle": null, "bridge": null, "busway": null, "cycleway": null, "est_width": null, "foot": null, "footway": null, "highway": "motorway_link", "junction": null, "lanes": "2", "lit": null, "maxspeed": "50", "motorcar": null, "motor_vehicle": null, "name": null, "oneway": "yes", "oneway:bicycle": null, "psv": null, "ref": null, "service": null, "segregated": null, "sidewalk": null, "smoothness": null, "surface": "asphalt", "tracktype": null, "tunnel": "yes", "turn": null, "width": null, "id": 1008768513.0, "timestamp": 1645703011.0, "version": 3.0, "tags": { "visible": false, "destination": "Lornie Highway;Braddell Road;Upper Thomson Road", "layer": "-1" }, "osm_type": "way", "u": 6185050221, "v": 6185050222, "length": 12.654, "is_covered": 1, "is_synthesized": null, "length_m": 12.661142376837622 }, "geometry": { "type": "LineString", "coordinates": [ [ 103.8173107, 1.3340259 ], [ 103.8174197, 1.3340587 ] ] } },
{ "type": "Feature", "properties": { "access": null, "area": null, "bicycle": null, "bridge": null, "busway": null, "cycleway": null, "est_width": null, "foot": null, "footway": null, "highway": "corridor", "junction": null, "lanes": null, "lit": null, "maxspeed": null, "motorcar": null, "motor_vehicle": null, "name": null, "oneway": null, "oneway:bicycle": null, "psv": null, "ref": null, "service": null, "segregated": null, "sidewalk": null, "smoothness": null, "surface": null, "tracktype": null, "tunnel": "yes", "turn": null, "width": null, "id": 1013977876.0, "timestamp": 1724563337.0, "version": 5.0, "tags": { "visible": false, "indoor": "yes", "layer": "-2", "level": "-2" }, "osm_type": "way", "u": 9354942754, "v": 9355822187, "length": 13.577, "is_covered": 1, "is_synthesized": null, "length_m": 13.550295956848849 }, "geometry": { "type": "LineString", "coordinates": [ [ 103.8521118, 1.2932856 ], [ 103.8520225, 1.2932023 ] ] } },
{ "type": "Feature", "properties": { "access": null, "area": null, "bicycle": null, "bridge": null, "busway": null, "cycleway": null, "est_width": null, "foot": null, "footway": null, "highway": "corridor", "junction": null, "lanes": null, "lit": null, "maxspeed": null, "motorcar": null, "motor_vehicle": null, "name": null, "oneway": null, "oneway:bicycle": null, "psv": null, "ref": null, "service": null, "segregated": null, "sidewalk": null, "smoothness": null, "surface": null, "tracktype": null, "tunnel": "yes", "turn": null, "width": null, "id": 1013977876.0, "timestamp": 1724563337.0, "version": 5.0, "tags": { "visible": false, "indoor": "yes", "layer": "-2", "level": "-2" }, "osm_type": "way", "u": 9355822187, "v": 9355797587, "length": 17.801, "is_covered": 1, "is_synthesized": null, "length_m": 17.762982271248156 }, "geometry": { "type": "LineString", "coordinates": [ [ 103.8520225, 1.2932023 ], [ 103.851907600000018, 1.2930908 ] ] } },
{ "type": "Feature", "properties": { "access": null, "area": null, "bicycle": null, "bridge": null, "busway": null, "cycleway": null, "est_width": null, "foot": null, "footway": null, "highway": "corridor", "junction": null, "lanes": null, "lit": null, "maxspeed": null, "motorcar": null, "motor_vehicle": null, "name": null, "oneway": null, "oneway:bicycle": null, "psv": null, "ref": null, "service": null, "segregated": null, "sidewalk": null, "smoothness": null, "surface": null, "tracktype": null, "tunnel": "yes", "turn": null, "width": null, "id": 1013977876.0, "timestamp": 1724563337.0, "version": 5.0, "tags": { "visible": false, "indoor": "yes", "layer": "-2", "level": "-2" }, "osm_type": "way", "u": 9355797587, "v": 9355797588, "length": 16.321, "is_covered": 1, "is_synthesized": null, "length_m": 16.305214737866816 }, "geometry": { "type": "LineString", "coordinates": [ [ 103.851907600000018, 1.2930908 ], [ 103.8517857, 1.293009 ] ] } },
{ "type": "Feature", "properties": { "access": null, "area": null, "bicycle": null, "bridge": null, "busway": null, "cycleway": null, "est_width": null, "foot": null, "footway": null, "highway": "corridor", "junction": null, "lanes": null, "lit": null, "maxspeed": null, "motorcar": null, "motor_vehicle": null, "name": null, "oneway": null, "oneway:bicycle": null, "psv": null, "ref": null, "service": null, "segregated": null, "sidewalk": null, "smoothness": null, "surface": null, "tracktype": null, "tunnel": "yes", "turn": null, "width": null, "id": 1013977876.0, "timestamp": 1724563337.0, "version": 5.0, "tags": { "visible": false, "indoor": "yes", "layer": "-2", "level": "-2" }, "osm_type": "way", "u": 9355797588, "v": 9355797589, "length": 10.995, "is_covered": 1, "is_synthesized": null, "length_m": 10.986432862096327 }, "geometry": { "type": "LineString", "coordinates": [ [ 103.8517857, 1.293009 ], [ 103.8517022, 1.292956 ] ] } },
{ "type": "Feature", "properties": { "access": null, "area": null, "bicycle": null, "bridge": null, "busway": null, "cycleway": null, "est_width": null, "foot": null, "footway": null, "highway": "corridor", "junction": null, "lanes": null, "lit": null, "maxspeed": null, "motorcar": null, "motor_vehicle": null, "name": null, "oneway": null, "oneway:bicycle": null, "psv": null, "ref": null, "service": null, "segregated": null, "sidewalk": null, "smoothness": null, "surface": null, "tracktype": null, "tunnel": "yes", "turn": null, "width": null, "id": 1013977876.0, "timestamp": 1724563337.0, "version": 5.0, "tags": { "visible": false, "indoor": "yes", "layer": "-2", "level": "-2" }, "osm_type": "way", "u": 9355797589, "v": 9355797590, "length": 10.517, "is_covered": 1, "is_synthesized": null, "length_m": 10.52625236788354 }, "geometry": { "type": "LineString", "coordinates": [ [ 103.8517022, 1.292956 ], [ 103.8516095, 1.2929371 ] ] } },
{ "type": "Feature", "properties": { "access": null, "area": null, "bicycle": null, "bridge": null, "busway": null, "cycleway": null, "est_width": null, "foot": null, "footway": null, "highway": "corridor", "junction": null, "lanes": null, "lit": null, "maxspeed": null, "motorcar": null, "motor_vehicle": null, "name": null, "oneway": null, "oneway:bicycle": null, "psv": null, "ref": null, "service": null, "segregated": null, "sidewalk": null, "smoothness": null, "surface": null, "tracktype": null, "tunnel": "yes", "turn": null, "width": null, "id": 1013977876.0, "timestamp": 1724563337.0, "version": 5.0, "tags": { "visible": false, "indoor": "yes", "layer": "-2", "level": "-2" }, "osm_type": "way", "u": 9355797590, "v": 9355797596, "length": 10.431, "is_covered": 1, "is_synthesized": null, "length_m": 10.439660284379455 }, "geometry": { "type": "LineString", "coordinates": [ [ 103.8516095, 1.2929371 ], [ 103.851518, 1.2929579 ] ] } },
{ "type": "Feature", "properties": { "access": null, "area": null, "bicycle": null, "bridge": null, "busway": null, "cycleway": null, "est_width": null, "foot": null, "footway": null, "highway": "corridor", "junction": null, "lanes": null, "lit": null, "maxspeed": null, "motorcar": null, "motor_vehicle": null, "name": null, "oneway": null, "oneway:bicycle": null, "psv": null, "ref": null, "service": null, "segregated": null, "sidewalk": null, "smoothness": null, "surface": null, "tracktype": null, "tunnel": "yes", "turn": null, "width": null, "id": 1013977876.0, "timestamp": 1724563337.0, "version": 5.0, "tags": { "visible": false, "indoor": "yes", "layer": "-2", "level": "-2" }, "osm_type": "way", "u": 9355797596, "v": 9354942752, "length": 17.649, "is_covered": 1, "is_synthesized": null, "length_m": 17.579835796673056 }, "geometry": { "type": "LineString", "coordinates": [ [ 103.851518, 1.2929579 ], [ 103.8514387, 1.2928204 ] ] } },
{ "type": "Feature", "properties": { "access": null, "area": null, "bicycle": null, "bridge": null, "busway": null, "cycleway": null, "est_width": null, "foot": null, "footway": null, "highway": "primary_link", "junction": null, "lanes": "1", "lit": null, "maxspeed": "50", "motorcar": null, "motor_vehicle": null, "name": "Upper Paya Lebar Road", "oneway": "yes", "oneway:bicycle": null, "psv": null, "ref": null, "service": null, "segregated": null, "sidewalk": null, "smoothness": null, "surface": "asphalt", "tracktype": null, "tunnel": null, "turn": null, "width": null, "id": 1060003332.0, "timestamp": 1766409611.0, "version": 4.0, "tags": { "visible": false, "sidewalk:left": "separate", "sidewalk:right": "no" }, "osm_type": "way", "u": 6824445768, "v": 370786886, "length": 45.057, "is_covered": 1, "is_synthesized": null, "length_m": 44.847358208404835 }, "geometry": { "type": "LineString", "coordinates": [ [ 103.8880558, 1.3353671 ], [ 103.8879062, 1.3357437 ] ] } },
{ "type": "Feature", "properties": { "access": null, "area": null, "bicycle": "designated", "bridge": null, "busway": null, "cycleway": null, "est_width": null, "foot": "designated", "footway": null, "highway": "cycleway", "junction": null, "lanes": null, "lit": null, "maxspeed": null, "motorcar": null, "motor_vehicle": null, "name": null, "oneway": "no", "oneway:bicycle": null, "psv": null, "ref": null, "service": null, "segregated": "yes", "sidewalk": null, "smoothness": null, "surface": "concrete", "tracktype": null, "tunnel": null, "turn": null, "width": null, "id": 1160679646.0, "timestamp": 1779192619.0, "version": 6.0, "tags": { "visible": false }, "osm_type": "way", "u": 10795160200, "v": 10795160199, "length": 44.068, "is_covered": 1, "is_synthesized": null, "length_m": 44.049569360637349 }, "geometry": { "type": "LineString", "coordinates": [ [ 103.8775896, 1.343884 ], [ 103.8779376, 1.3436942 ] ] } },
{ "type": "Feature", "properties": { "access": null, "area": null, "bicycle": "designated", "bridge": null, "busway": null, "cycleway": null, "est_width": null, "foot": "designated", "footway": null, "highway": "cycleway", "junction": null, "lanes": null, "lit": null, "maxspeed": null, "motorcar": null, "motor_vehicle": null, "name": null, "oneway": "no", "oneway:bicycle": null, "psv": null, "ref": null, "service": null, "segregated": "yes", "sidewalk": null, "smoothness": null, "surface": "concrete", "tracktype": null, "tunnel": null, "turn": null, "width": null, "id": 1160679646.0, "timestamp": 1779192619.0, "version": 6.0, "tags": { "visible": false }, "osm_type": "way", "u": 10795160199, "v": 13579903717, "length": 21.022, "is_covered": 1, "is_synthesized": null, "length_m": 21.01030887333755 }, "geometry": { "type": "LineString", "coordinates": [ [ 103.8779376, 1.3436942 ], [ 103.8781011, 1.3435992 ] ] } },
{ "type": "Feature", "properties": { "access": null, "area": null, "bicycle": "designated", "bridge": null, "busway": null, "cycleway": null, "est_width": null, "foot": "designated", "footway": null, "highway": "cycleway", "junction": null, "lanes": null, "lit": null, "maxspeed": null, "motorcar": null, "motor_vehicle": null, "name": null, "oneway": "no", "oneway:bicycle": null, "psv": null, "ref": null, "service": null, "segregated": "yes", "sidewalk": null, "smoothness": null, "surface": "concrete", "tracktype": null, "tunnel": null, "turn": null, "width": null, "id": 1160679646.0, "timestamp": 1779192619.0, "version": 6.0, "tags": { "visible": false }, "osm_type": "way", "u": 13579903717, "v": 13336244348, "length": 9.021, "is_covered": 1, "is_synthesized": null, "length_m": 9.016024359478422 }, "geometry": { "type": "LineString", "coordinates": [ [ 103.8781011, 1.3435992 ], [ 103.8781713, 1.3435585 ] ] } },
{ "type": "Feature", "properties": { "access": null, "area": null, "bicycle": "designated", "bridge": null, "busway": null, "cycleway": null, "est_width": null, "foot": "designated", "footway": null, "highway": "cycleway", "junction": null, "lanes": null, "lit": null, "maxspeed": null, "motorcar": null, "motor_vehicle": null, "name": null, "oneway": null, "oneway:bicycle": null, "psv": null, "ref": null, "service": null, "segregated": null, "sidewalk": null, "smoothness": null, "surface": "concrete", "tracktype": null, "tunnel": null, "turn": null, "width": null, "id": 1186002644.0, "timestamp": 1767924120.0, "version": 3.0, "tags": { "visible": false }, "osm_type": "way", "u": 11483207785, "v": 8064212980, "length": 15.367, "is_covered": 1, "is_synthesized": null, "length_m": 15.282143163713535 }, "geometry": { "type": "LineString", "coordinates": [ [ 103.8438607, 1.3381394 ], [ 103.843845, 1.3380021 ] ] } },
{ "type": "Feature", "properties": { "access": null, "area": null, "bicycle": "designated", "bridge": null, "busway": null, "cycleway": null, "est_width": null, "foot": "designated", "footway": null, "highway": "cycleway", "junction": null, "lanes": null, "lit": null, "maxspeed": null, "motorcar": null, "motor_vehicle": null, "name": null, "oneway": null, "oneway:bicycle": null, "psv": null, "ref": null, "service": null, "segregated": null, "sidewalk": null, "smoothness": null, "surface": null, "tracktype": null, "tunnel": null, "turn": null, "width": null, "id": 1216509739.0, "timestamp": 1697637418.0, "version": 1.0, "tags": { "visible": false }, "osm_type": "way", "u": 11271816286, "v": 11271816283, "length": 17.321, "is_covered": 1, "is_synthesized": null, "length_m": 17.323316900004144 }, "geometry": { "type": "LineString", "coordinates": [ [ 103.8476619, 1.3382196 ], [ 103.847517700000012, 1.3382786 ] ] } },
{ "type": "Feature", "properties": { "access": null, "area": null, "bicycle": "designated", "bridge": null, "busway": null, "cycleway": null, "est_width": null, "foot": "designated", "footway": null, "highway": "cycleway", "junction": null, "lanes": null, "lit": null, "maxspeed": null, "motorcar": null, "motor_vehicle": null, "name": null, "oneway": null, "oneway:bicycle": null, "psv": null, "ref": null, "service": null, "segregated": null, "sidewalk": null, "smoothness": null, "surface": null, "tracktype": null, "tunnel": null, "turn": null, "width": null, "id": 1216509739.0, "timestamp": 1697637418.0, "version": 1.0, "tags": { "visible": false }, "osm_type": "way", "u": 11271816283, "v": 11271816284, "length": 10.54, "is_covered": 1, "is_synthesized": null, "length_m": 10.52910690127767 }, "geometry": { "type": "LineString", "coordinates": [ [ 103.847517700000012, 1.3382786 ], [ 103.8474393, 1.3383319 ] ] } },
{ "type": "Feature", "properties": { "access": null, "area": null, "bicycle": "designated", "bridge": null, "busway": null, "cycleway": null, "est_width": null, "foot": "designated", "footway": null, "highway": "cycleway", "junction": null, "lanes": null, "lit": "yes", "maxspeed": null, "motorcar": null, "motor_vehicle": null, "name": null, "oneway": null, "oneway:bicycle": null, "psv": null, "ref": null, "service": null, "segregated": "no", "sidewalk": null, "smoothness": null, "surface": "paving_stones", "tracktype": null, "tunnel": "building_passage", "turn": null, "width": null, "id": 1280088568.0, "timestamp": 1770210556.0, "version": 3.0, "tags": { "visible": false }, "osm_type": "way", "u": 11882957461, "v": 11882957462, "length": 104.164, "is_covered": 1, "is_synthesized": null, "length_m": 104.00845405182882 }, "geometry": { "type": "LineString", "coordinates": [ [ 103.8554627, 1.2977099 ], [ 103.8561935, 1.2971236 ] ] } },
{ "type": "Feature", "properties": { "access": null, "area": null, "bicycle": "designated", "bridge": null, "busway": null, "cycleway": null, "est_width": null, "foot": "designated", "footway": null, "highway": "cycleway", "junction": null, "lanes": null, "lit": "yes", "maxspeed": null, "motorcar": null, "motor_vehicle": null, "name": null, "oneway": null, "oneway:bicycle": null, "psv": null, "ref": null, "service": null, "segregated": "no", "sidewalk": null, "smoothness": null, "surface": "paving_stones", "tracktype": null, "tunnel": "building_passage", "turn": null, "width": null, "id": 1280088568.0, "timestamp": 1770210556.0, "version": 3.0, "tags": { "visible": false }, "osm_type": "way", "u": 11882957462, "v": 11882957463, "length": 16.462, "is_covered": 1, "is_synthesized": null, "length_m": 16.408139494979771 }, "geometry": { "type": "LineString", "coordinates": [ [ 103.8561935, 1.2971236 ], [ 103.8561065, 1.2970038 ] ] } },
{ "type": "Feature", "properties": { "access": null, "area": null, "bicycle": "designated", "bridge": null, "busway": null, "cycleway": null, "est_width": null, "foot": "designated", "footway": null, "highway": "cycleway", "junction": null, "lanes": null, "lit": null, "maxspeed": null, "motorcar": null, "motor_vehicle": null, "name": null, "oneway": "no", "oneway:bicycle": null, "psv": null, "ref": null, "service": null, "segregated": "no", "sidewalk": null, "smoothness": null, "surface": "concrete", "tracktype": null, "tunnel": null, "turn": null, "width": null, "id": 1355703331.0, "timestamp": 1784993655.0, "version": 4.0, "tags": { "visible": false, "covered": "yes" }, "osm_type": "way", "u": 8204462080, "v": 13780873181, "length": 15.289, "is_covered": 1, "is_synthesized": null, "length_m": 15.233603119875555 }, "geometry": { "type": "LineString", "coordinates": [ [ 103.869438100000011, 1.3334918 ], [ 103.8695121, 1.3336077 ] ] } },
{ "type": "Feature", "properties": { "access": null, "area": null, "bicycle": "designated", "bridge": null, "busway": null, "cycleway": null, "est_width": null, "foot": "designated", "footway": null, "highway": "cycleway", "junction": null, "lanes": null, "lit": null, "maxspeed": null, "motorcar": null, "motor_vehicle": null, "name": null, "oneway": "no", "oneway:bicycle": null, "psv": null, "ref": null, "service": null, "segregated": "no", "sidewalk": null, "smoothness": null, "surface": "concrete", "tracktype": null, "tunnel": null, "turn": null, "width": null, "id": 1355703331.0, "timestamp": 1784993655.0, "version": 4.0, "tags": { "visible": false, "covered": "yes" }, "osm_type": "way", "u": 13780873181, "v": 8204462079, "length": 2.255, "is_covered": 1, "is_synthesized": null, "length_m": 2.2464964797833171 }, "geometry": { "type": "LineString", "coordinates": [ [ 103.8695121, 1.3336077 ], [ 103.869523, 1.3336248 ] ] } },
{ "type": "Feature", "properties": { "access": null, "area": null, "bicycle": "designated", "bridge": null, "busway": null, "cycleway": null, "est_width": null, "foot": "designated", "footway": null, "highway": "cycleway", "junction": null, "lanes": null, "lit": null, "maxspeed": null, "motorcar": null, "motor_vehicle": null, "name": null, "oneway": "no", "oneway:bicycle": null, "psv": null, "ref": null, "service": null, "segregated": "no", "sidewalk": null, "smoothness": null, "surface": "concrete", "tracktype": null, "tunnel": null, "turn": null, "width": null, "id": 1355703332.0, "timestamp": 1777552924.0, "version": 3.0, "tags": { "visible": false, "covered": "yes" }, "osm_type": "way", "u": 8204462081, "v": 8204462080, "length": 36.982, "is_covered": 1, "is_synthesized": null, "length_m": 36.794822437891384 }, "geometry": { "type": "LineString", "coordinates": [ [ 103.8693457, 1.3331723 ], [ 103.869438100000011, 1.3334918 ] ] } },
{ "type": "Feature", "properties": { "access": null, "area": null, "bicycle": null, "bridge": null, "busway": null, "cycleway": null, "est_width": null, "foot": null, "footway": null, "highway": "cycleway", "junction": null, "lanes": null, "lit": null, "maxspeed": null, "motorcar": null, "motor_vehicle": null, "name": null, "oneway": "no", "oneway:bicycle": null, "psv": null, "ref": null, "service": null, "segregated": null, "sidewalk": null, "smoothness": null, "surface": "concrete", "tracktype": null, "tunnel": null, "turn": null, "width": null, "id": 1355703334.0, "timestamp": 1777552924.0, "version": 3.0, "tags": { "visible": false, "covered": "yes", "hazard": "road_narrows" }, "osm_type": "way", "u": 8204462079, "v": 13780873151, "length": 3.448, "is_covered": 1, "is_synthesized": null, "length_m": 3.4483877343229059 }, "geometry": { "type": "LineString", "coordinates": [ [ 103.869523, 1.3336248 ], [ 103.8695513, 1.3336375 ] ] } },
{ "type": "Feature", "properties": { "access": null, "area": null, "bicycle": null, "bridge": null, "busway": null, "cycleway": null, "est_width": null, "foot": null, "footway": null, "highway": "cycleway", "junction": null, "lanes": null, "lit": null, "maxspeed": null, "motorcar": null, "motor_vehicle": null, "name": null, "oneway": "no", "oneway:bicycle": null, "psv": null, "ref": null, "service": null, "segregated": null, "sidewalk": null, "smoothness": null, "surface": "concrete", "tracktype": null, "tunnel": null, "turn": null, "width": null, "id": 1355703334.0, "timestamp": 1777552924.0, "version": 3.0, "tags": { "visible": false, "covered": "yes", "hazard": "road_narrows" }, "osm_type": "way", "u": 13780873151, "v": 13780873150, "length": 19.832, "is_covered": 1, "is_synthesized": null, "length_m": 19.737953054775179 }, "geometry": { "type": "LineString", "coordinates": [ [ 103.8695513, 1.3336375 ], [ 103.8696142, 1.3338044 ] ] } },
{ "type": "Feature", "properties": { "access": null, "area": null, "bicycle": null, "bridge": null, "busway": null, "cycleway": null, "est_width": null, "foot": null, "footway": null, "highway": "cycleway", "junction": null, "lanes": null, "lit": null, "maxspeed": null, "motorcar": null, "motor_vehicle": null, "name": null, "oneway": "no", "oneway:bicycle": null, "psv": null, "ref": null, "service": null, "segregated": null, "sidewalk": null, "smoothness": null, "surface": "concrete", "tracktype": null, "tunnel": null, "turn": null, "width": null, "id": 1355703334.0, "timestamp": 1777552924.0, "version": 3.0, "tags": { "visible": false, "covered": "yes", "hazard": "road_narrows" }, "osm_type": "way", "u": 13780873150, "v": 8204462077, "length": 7.327, "is_covered": 1, "is_synthesized": null, "length_m": 7.2868458384665118 }, "geometry": { "type": "LineString", "coordinates": [ [ 103.8696142, 1.3338044 ], [ 103.869607, 1.3338699 ] ] } },
{ "type": "Feature", "properties": { "access": null, "area": null, "bicycle": "designated", "bridge": null, "busway": null, "cycleway": null, "est_width": null, "foot": "designated", "footway": null, "highway": "cycleway", "junction": null, "lanes": null, "lit": null, "maxspeed": null, "motorcar": null, "motor_vehicle": null, "name": null, "oneway": "no", "oneway:bicycle": null, "psv": null, "ref": null, "service": null, "segregated": null, "sidewalk": null, "smoothness": null, "surface": "concrete", "tracktype": null, "tunnel": null, "turn": null, "width": null, "id": 1454175372.0, "timestamp": 1784993655.0, "version": 2.0, "tags": { "visible": false, "covered": "yes" }, "osm_type": "way", "u": 8204275045, "v": 8204275044, "length": 5.778, "is_covered": 1, "is_synthesized": null, "length_m": 5.7582344353827422 }, "geometry": { "type": "LineString", "coordinates": [ [ 103.8705473, 1.3395395 ], [ 103.8705772, 1.339582 ] ] } },
{ "type": "Feature", "properties": { "access": null, "area": null, "bicycle": "designated", "bridge": null, "busway": null, "cycleway": null, "est_width": null, "foot": "designated", "footway": null, "highway": "cycleway", "junction": null, "lanes": null, "lit": "yes", "maxspeed": null, "motorcar": null, "motor_vehicle": null, "name": null, "oneway": null, "oneway:bicycle": null, "psv": null, "ref": null, "service": null, "segregated": "yes", "sidewalk": null, "smoothness": null, "surface": "concrete", "tracktype": null, "tunnel": null, "turn": null, "width": null, "id": 1465611361.0, "timestamp": 1767963046.0, "version": 1.0, "tags": { "visible": false }, "osm_type": "way", "u": 13442531005, "v": 13442531007, "length": 144.758, "is_covered": 1, "is_synthesized": null, "length_m": 144.24380242737735 }, "geometry": { "type": "LineString", "coordinates": [ [ 103.853512600000016, 1.2763695 ], [ 103.8542275, 1.2774576 ] ] } },
{ "type": "Feature", "properties": { "access": null, "area": null, "bicycle": "designated", "bridge": null, "busway": null, "cycleway": null, "est_width": null, "foot": "designated", "footway": null, "highway": "cycleway", "junction": null, "lanes": null, "lit": "yes", "maxspeed": null, "motorcar": null, "motor_vehicle": null, "name": null, "oneway": null, "oneway:bicycle": null, "psv": null, "ref": null, "service": null, "segregated": "yes", "sidewalk": null, "smoothness": null, "surface": "concrete", "tracktype": null, "tunnel": null, "turn": null, "width": null, "id": 1465611361.0, "timestamp": 1767963046.0, "version": 1.0, "tags": { "visible": false }, "osm_type": "way", "u": 13442531007, "v": 13442531006, "length": 83.668, "is_covered": 1, "is_synthesized": null, "length_m": 83.37015048496356 }, "geometry": { "type": "LineString", "coordinates": [ [ 103.8542275, 1.2774576 ], [ 103.8546407, 1.2780865 ] ] } },
{ "type": "Feature", "properties": { "access": null, "area": null, "bicycle": "designated", "bridge": null, "busway": null, "cycleway": null, "est_width": null, "foot": "designated", "footway": null, "highway": "cycleway", "junction": null, "lanes": null, "lit": "yes", "maxspeed": null, "motorcar": null, "motor_vehicle": null, "name": null, "oneway": null, "oneway:bicycle": null, "psv": null, "ref": null, "service": null, "segregated": "yes", "sidewalk": null, "smoothness": null, "surface": "concrete", "tracktype": null, "tunnel": null, "turn": null, "width": null, "id": 1465611361.0, "timestamp": 1767963046.0, "version": 1.0, "tags": { "visible": false }, "osm_type": "way", "u": 13442531006, "v": 5187331767, "length": 1.715, "is_covered": 1, "is_synthesized": null, "length_m": 1.7152089857410207 }, "geometry": { "type": "LineString", "coordinates": [ [ 103.8546407, 1.2780865 ], [ 103.8546546, 1.2780798 ] ] } },
{ "type": "Feature", "properties": { "access": null, "area": null, "bicycle": "designated", "bridge": null, "busway": null, "cycleway": null, "est_width": null, "foot": "designated", "footway": null, "highway": "cycleway", "junction": null, "lanes": null, "lit": null, "maxspeed": null, "motorcar": null, "motor_vehicle": null, "name": null, "oneway": "no", "oneway:bicycle": null, "psv": null, "ref": null, "service": null, "segregated": "no", "sidewalk": null, "smoothness": null, "surface": "concrete", "tracktype": null, "tunnel": null, "turn": null, "width": null, "id": 1490884388.0, "timestamp": 1782978324.0, "version": 3.0, "tags": { "visible": false }, "osm_type": "way", "u": 8142081223, "v": 13784330913, "length": 13.07, "is_covered": 1, "is_synthesized": null, "length_m": 13.061262748538836 }, "geometry": { "type": "LineString", "coordinates": [ [ 103.8655454, 1.3318637 ], [ 103.8654446, 1.3319242 ] ] } },
{ "type": "Feature", "properties": { "access": null, "area": null, "bicycle": "designated", "bridge": null, "busway": null, "cycleway": "crossing", "est_width": null, "foot": "designated", "footway": null, "highway": "cycleway", "junction": null, "lanes": null, "lit": null, "maxspeed": null, "motorcar": null, "motor_vehicle": null, "name": null, "oneway": null, "oneway:bicycle": null, "psv": null, "ref": null, "service": null, "segregated": "no", "sidewalk": null, "smoothness": null, "surface": "asphalt", "tracktype": null, "tunnel": null, "turn": null, "width": null, "id": 1518351867.0, "timestamp": 1779378930.0, "version": 1.0, "tags": { "visible": false, "crossing": "traffic_signals" }, "osm_type": "way", "u": 7190899943, "v": 5215255342, "length": 6.261, "is_covered": 1, "is_synthesized": null, "length_m": 6.2312969987362834 }, "geometry": { "type": "LineString", "coordinates": [ [ 103.86818430000001, 1.3287751 ], [ 103.868203600000015, 1.3287222 ] ] } },
{ "type": "Feature", "properties": { "access": null, "area": null, "bicycle": "designated", "bridge": null, "busway": null, "cycleway": "crossing", "est_width": null, "foot": "designated", "footway": null, "highway": "cycleway", "junction": null, "lanes": null, "lit": null, "maxspeed": null, "motorcar": null, "motor_vehicle": null, "name": "Potong Pasir Park Connector", "oneway": "no", "oneway:bicycle": null, "psv": null, "ref": null, "service": null, "segregated": "no", "sidewalk": null, "smoothness": null, "surface": "asphalt", "tracktype": null, "tunnel": null, "turn": null, "width": null, "id": 1532715427.0, "timestamp": 1782477827.0, "version": 1.0, "tags": { "visible": false, "crossing": "unmarked", "crossing:island": "yes" }, "osm_type": "way", "u": 8163146245, "v": 6547790800, "length": 7.172, "is_covered": 1, "is_synthesized": null, "length_m": 7.1321589203956473 }, "geometry": { "type": "LineString", "coordinates": [ [ 103.8686973, 1.33056 ], [ 103.8686976, 1.3306245 ] ] } },
{ "type": "Feature", "properties": { "access": null, "area": null, "bicycle": "designated", "bridge": null, "busway": null, "cycleway": "crossing", "est_width": null, "foot": "designated", "footway": null, "highway": "cycleway", "junction": null, "lanes": null, "lit": null, "maxspeed": null, "motorcar": null, "motor_vehicle": null, "name": "Potong Pasir Park Connector", "oneway": "no", "oneway:bicycle": null, "psv": null, "ref": null, "service": null, "segregated": "no", "sidewalk": null, "smoothness": null, "surface": "asphalt", "tracktype": null, "tunnel": null, "turn": null, "width": null, "id": 1532715427.0, "timestamp": 1782477827.0, "version": 1.0, "tags": { "visible": false, "crossing": "unmarked", "crossing:island": "yes" }, "osm_type": "way", "u": 6547790800, "v": 8157506758, "length": 8.899, "is_covered": 1, "is_synthesized": null, "length_m": 8.8519095106186185 }, "geometry": { "type": "LineString", "coordinates": [ [ 103.8686976, 1.3306245 ], [ 103.8687155, 1.3307025 ] ] } },
{ "type": "Feature", "properties": { "access": null, "area": null, "bicycle": "designated", "bridge": null, "busway": null, "cycleway": "crossing", "est_width": null, "foot": "designated", "footway": null, "highway": "cycleway", "junction": null, "lanes": null, "lit": null, "maxspeed": null, "motorcar": null, "motor_vehicle": null, "name": "Potong Pasir Park Connector", "oneway": "no", "oneway:bicycle": null, "psv": null, "ref": null, "service": null, "segregated": "no", "sidewalk": null, "smoothness": null, "surface": "asphalt", "tracktype": null, "tunnel": null, "turn": null, "width": null, "id": 1532715427.0, "timestamp": 1782477827.0, "version": 1.0, "tags": { "visible": false, "crossing": "unmarked", "crossing:island": "yes" }, "osm_type": "way", "u": 8157506758, "v": 8163146246, "length": 11.371, "is_covered": 1, "is_synthesized": null, "length_m": 11.309734232487997 }, "geometry": { "type": "LineString", "coordinates": [ [ 103.8687155, 1.3307025 ], [ 103.8687309, 1.3308036 ] ] } },
{ "type": "Feature", "properties": { "access": null, "area": null, "bicycle": "designated", "bridge": null, "busway": null, "cycleway": null, "est_width": null, "foot": "designated", "footway": null, "highway": "cycleway", "junction": null, "lanes": null, "lit": null, "maxspeed": null, "motorcar": null, "motor_vehicle": null, "name": null, "oneway": "no", "oneway:bicycle": null, "psv": null, "ref": null, "service": null, "segregated": null, "sidewalk": null, "smoothness": null, "surface": "concrete", "tracktype": null, "tunnel": null, "turn": null, "width": null, "id": 1540052506.0, "timestamp": 1784301032.0, "version": 1.0, "tags": { "visible": false, "covered": "yes" }, "osm_type": "way", "u": 13954977109, "v": 14003907121, "length": 1.497, "is_covered": 1, "is_synthesized": null, "length_m": 1.4923371418230396 }, "geometry": { "type": "LineString", "coordinates": [ [ 103.8468783, 1.2740237 ], [ 103.84687, 1.2740131 ] ] } },
{ "type": "Feature", "properties": { "access": null, "area": null, "bicycle": "designated", "bridge": null, "busway": null, "cycleway": null, "est_width": null, "foot": "designated", "footway": null, "highway": "cycleway", "junction": null, "lanes": null, "lit": null, "maxspeed": null, "motorcar": null, "motor_vehicle": null, "name": null, "oneway": "no", "oneway:bicycle": null, "psv": null, "ref": null, "service": null, "segregated": null, "sidewalk": null, "smoothness": null, "surface": "concrete", "tracktype": null, "tunnel": null, "turn": null, "width": null, "id": 1540052506.0, "timestamp": 1784301032.0, "version": 1.0, "tags": { "visible": false, "covered": "yes" }, "osm_type": "way", "u": 14003907121, "v": 14003907120, "length": 5.227, "is_covered": 1, "is_synthesized": null, "length_m": 5.1982084098574033 }, "geometry": { "type": "LineString", "coordinates": [ [ 103.84687, 1.2740131 ], [ 103.846869, 1.2739661 ] ] } },
{ "type": "Feature", "properties": { "access": null, "area": null, "bicycle": null, "bridge": null, "busway": null, "cycleway": null, "est_width": null, "foot": null, "footway": null, "highway": "cycleway", "junction": null, "lanes": null, "lit": null, "maxspeed": null, "motorcar": null, "motor_vehicle": null, "name": null, "oneway": "no", "oneway:bicycle": null, "psv": null, "ref": null, "service": null, "segregated": null, "sidewalk": null, "smoothness": null, "surface": "concrete", "tracktype": null, "tunnel": null, "turn": null, "width": null, "id": 1544583625.0, "timestamp": 1784993655.0, "version": 1.0, "tags": { "visible": false }, "osm_type": "way", "u": 14049305553, "v": 14049305554, "length": 9.499, "is_covered": 1, "is_synthesized": null, "length_m": 9.4465567174463807 }, "geometry": { "type": "LineString", "coordinates": [ [ 103.8701372, 1.3359139 ], [ 103.8701475, 1.3358291 ] ] } },
{ "type": "Feature", "properties": { "access": null, "area": null, "bicycle": null, "bridge": null, "busway": null, "cycleway": null, "est_width": null, "foot": null, "footway": null, "highway": "cycleway", "junction": null, "lanes": null, "lit": null, "maxspeed": null, "motorcar": null, "motor_vehicle": null, "name": null, "oneway": "no", "oneway:bicycle": null, "psv": null, "ref": null, "service": null, "segregated": null, "sidewalk": null, "smoothness": null, "surface": "concrete", "tracktype": null, "tunnel": null, "turn": null, "width": null, "id": 1544583625.0, "timestamp": 1784993655.0, "version": 1.0, "tags": { "visible": false }, "osm_type": "way", "u": 14049305554, "v": 14049305555, "length": 2.933, "is_covered": 1, "is_synthesized": null, "length_m": 2.9166252580490992 }, "geometry": { "type": "LineString", "coordinates": [ [ 103.8701475, 1.3358291 ], [ 103.8701455, 1.3358028 ] ] } },
{ "type": "Feature", "properties": { "access": null, "area": null, "bicycle": "designated", "bridge": null, "busway": null, "cycleway": null, "est_width": null, "foot": "designated", "footway": null, "highway": "cycleway", "junction": null, "lanes": null, "lit": "yes", "maxspeed": null, "motorcar": null, "motor_vehicle": null, "name": "Bidadari–Potong Pasir Park Connector", "oneway": "no", "oneway:bicycle": null, "psv": null, "ref": null, "service": null, "segregated": "no", "sidewalk": null, "smoothness": null, "surface": "concrete", "tracktype": null, "tunnel": null, "turn": null, "width": null, "id": 1544583629.0, "timestamp": 1784993655.0, "version": 1.0, "tags": { "visible": false, "covered": "yes" }, "osm_type": "way", "u": 10791532573, "v": 8204472603, "length": 33.126, "is_covered": 1, "is_synthesized": null, "length_m": 32.964278516796469 }, "geometry": { "type": "LineString", "coordinates": [ [ 103.8700273, 1.3339121 ], [ 103.8699321, 1.3336298 ] ] } },
{ "type": "Feature", "properties": { "access": null, "area": null, "bicycle": "designated", "bridge": null, "busway": null, "cycleway": null, "est_width": null, "foot": "designated", "footway": null, "highway": "cycleway", "junction": null, "lanes": null, "lit": "yes", "maxspeed": null, "motorcar": null, "motor_vehicle": null, "name": "Bidadari–Potong Pasir Park Connector", "oneway": "no", "oneway:bicycle": null, "psv": null, "ref": null, "service": null, "segregated": "no", "sidewalk": null, "smoothness": null, "surface": "concrete", "tracktype": null, "tunnel": null, "turn": null, "width": null, "id": 1544583629.0, "timestamp": 1784993655.0, "version": 1.0, "tags": { "visible": false, "covered": "yes" }, "osm_type": "way", "u": 8204472603, "v": 14049305538, "length": 10.32, "is_covered": 1, "is_synthesized": null, "length_m": 10.267926351143469 }, "geometry": { "type": "LineString", "coordinates": [ [ 103.8699321, 1.3336298 ], [ 103.8699068, 1.3335405 ] ] } },
{ "type": "Feature", "properties": { "access": null, "area": null, "bicycle": "designated", "bridge": null, "busway": null, "cycleway": null, "est_width": null, "foot": "designated", "footway": null, "highway": "cycleway", "junction": null, "lanes": null, "lit": "yes", "maxspeed": null, "motorcar": null, "motor_vehicle": null, "name": "Bidadari–Potong Pasir Park Connector", "oneway": "no", "oneway:bicycle": null, "psv": null, "ref": null, "service": null, "segregated": "no", "sidewalk": null, "smoothness": null, "surface": "concrete", "tracktype": null, "tunnel": null, "turn": null, "width": null, "id": 1544583629.0, "timestamp": 1784993655.0, "version": 1.0, "tags": { "visible": false, "covered": "yes" }, "osm_type": "way", "u": 14049305538, "v": 14049305539, "length": 3.852, "is_covered": 1, "is_synthesized": null, "length_m": 3.8310460851084929 }, "geometry": { "type": "LineString", "coordinates": [ [ 103.8699068, 1.3335405 ], [ 103.8699027, 1.3335061 ] ] } },
{ "type": "Feature", "properties": { "access": null, "area": null, "bicycle": "designated", "bridge": null, "busway": null, "cycleway": null, "est_width": null, "foot": "designated", "footway": null, "highway": "cycleway", "junction": null, "lanes": null, "lit": "yes", "maxspeed": null, "motorcar": null, "motor_vehicle": null, "name": "Bidadari–Potong Pasir Park Connector", "oneway": "no", "oneway:bicycle": null, "psv": null, "ref": null, "service": null, "segregated": "no", "sidewalk": null, "smoothness": null, "surface": "concrete", "tracktype": null, "tunnel": null, "turn": null, "width": null, "id": 1544583630.0, "timestamp": 1784993655.0, "version": 1.0, "tags": { "visible": false, "covered": "no" }, "osm_type": "way", "u": 14049305539, "v": 10791532479, "length": 5.609, "is_covered": 1, "is_synthesized": null, "length_m": 5.5785792254157478 }, "geometry": { "type": "LineString", "coordinates": [ [ 103.8699027, 1.3335061 ], [ 103.8698968, 1.333456 ] ] } },
{ "type": "Feature", "properties": { "access": null, "area": null, "bicycle": "designated", "bridge": null, "busway": null, "cycleway": null, "est_width": null, "foot": "designated", "footway": null, "highway": "cycleway", "junction": null, "lanes": null, "lit": "yes", "maxspeed": null, "motorcar": null, "motor_vehicle": null, "name": "Bidadari–Potong Pasir Park Connector", "oneway": "no", "oneway:bicycle": null, "psv": null, "ref": null, "service": null, "segregated": "no", "sidewalk": null, "smoothness": null, "surface": "concrete", "tracktype": null, "tunnel": null, "turn": null, "width": null, "id": 1544583630.0, "timestamp": 1784993655.0, "version": 1.0, "tags": { "visible": false, "covered": "no" }, "osm_type": "way", "u": 10791532479, "v": 8204472602, "length": 3.383, "is_covered": 1, "is_synthesized": null, "length_m": 3.367448564789238 }, "geometry": { "type": "LineString", "coordinates": [ [ 103.8698968, 1.333456 ], [ 103.8698849, 1.333428 ] ] } },
{ "type": "Feature", "properties": { "access": null, "area": null, "bicycle": "designated", "bridge": null, "busway": null, "cycleway": null, "est_width": null, "foot": "designated", "footway": null, "highway": "cycleway", "junction": null, "lanes": null, "lit": "yes", "maxspeed": null, "motorcar": null, "motor_vehicle": null, "name": "Bidadari–Potong Pasir Park Connector", "oneway": "no", "oneway:bicycle": null, "psv": null, "ref": null, "service": null, "segregated": "no", "sidewalk": null, "smoothness": null, "surface": "concrete", "tracktype": null, "tunnel": null, "turn": null, "width": null, "id": 1544583630.0, "timestamp": 1784993655.0, "version": 1.0, "tags": { "visible": false, "covered": "no" }, "osm_type": "way", "u": 8204472602, "v": 14049305537, "length": 30.007, "is_covered": 1, "is_synthesized": null, "length_m": 29.858330624650627 }, "geometry": { "type": "LineString", "coordinates": [ [ 103.8698849, 1.333428 ], [ 103.8698035, 1.3331707 ] ] } },
{ "type": "Feature", "properties": { "access": null, "area": null, "bicycle": "designated", "bridge": null, "busway": null, "cycleway": null, "est_width": null, "foot": "designated", "footway": null, "highway": "cycleway", "junction": null, "lanes": null, "lit": null, "maxspeed": null, "motorcar": null, "motor_vehicle": null, "name": null, "oneway": "no", "oneway:bicycle": null, "psv": null, "ref": null, "service": null, "segregated": "no", "sidewalk": null, "smoothness": null, "surface": "concrete", "tracktype": null, "tunnel": null, "turn": null, "width": null, "id": 1544583633.0, "timestamp": 1784993655.0, "version": 1.0, "tags": { "visible": false, "covered": "yes" }, "osm_type": "way", "u": 10793472068, "v": 6190806533, "length": 27.571, "is_covered": 1, "is_synthesized": null, "length_m": 27.419200056200907 }, "geometry": { "type": "LineString", "coordinates": [ [ 103.870528, 1.3390473 ], [ 103.8705519, 1.3392941 ] ] } },
{ "type": "Feature", "properties": { "access": null, "area": null, "bicycle": "designated", "bridge": null, "busway": null, "cycleway": null, "est_width": null, "foot": "designated", "footway": null, "highway": "cycleway", "junction": null, "lanes": null, "lit": null, "maxspeed": null, "motorcar": null, "motor_vehicle": null, "name": null, "oneway": "no", "oneway:bicycle": null, "psv": null, "ref": null, "service": null, "segregated": "no", "sidewalk": null, "smoothness": null, "surface": "concrete", "tracktype": null, "tunnel": null, "turn": null, "width": null, "id": 1544583633.0, "timestamp": 1784993655.0, "version": 1.0, "tags": { "visible": false, "covered": "yes" }, "osm_type": "way", "u": 6190806533, "v": 8204275048, "length": 8.391, "is_covered": 1, "is_synthesized": null, "length_m": 8.346414872280457 }, "geometry": { "type": "LineString", "coordinates": [ [ 103.8705519, 1.3392941 ], [ 103.8705357, 1.3393678 ] ] } },
{ "type": "Feature", "properties": { "access": null, "area": null, "bicycle": "designated", "bridge": null, "busway": null, "cycleway": null, "est_width": null, "foot": "designated", "footway": null, "highway": "cycleway", "junction": null, "lanes": null, "lit": null, "maxspeed": null, "motorcar": null, "motor_vehicle": null, "name": null, "oneway": "no", "oneway:bicycle": null, "psv": null, "ref": null, "service": null, "segregated": "no", "sidewalk": null, "smoothness": null, "surface": "concrete", "tracktype": null, "tunnel": null, "turn": null, "width": null, "id": 1544583633.0, "timestamp": 1784993655.0, "version": 1.0, "tags": { "visible": false, "covered": "yes" }, "osm_type": "way", "u": 8204275048, "v": 8204275047, "length": 6.551, "is_covered": 1, "is_synthesized": null, "length_m": 6.5147253292434248 }, "geometry": { "type": "LineString", "coordinates": [ [ 103.8705357, 1.3393678 ], [ 103.8705343, 1.3394267 ] ] } },
{ "type": "Feature", "properties": { "access": null, "area": null, "bicycle": "designated", "bridge": null, "busway": null, "cycleway": null, "est_width": null, "foot": "designated", "footway": null, "highway": "cycleway", "junction": null, "lanes": null, "lit": null, "maxspeed": null, "motorcar": null, "motor_vehicle": null, "name": null, "oneway": "no", "oneway:bicycle": null, "psv": null, "ref": null, "service": null, "segregated": "yes", "sidewalk": null, "smoothness": null, "surface": "concrete", "tracktype": null, "tunnel": null, "turn": null, "width": null, "id": 1544583634.0, "timestamp": 1784993655.0, "version": 1.0, "tags": { "visible": false, "covered": "yes" }, "osm_type": "way", "u": 10793472069, "v": 10793472068, "length": 12.645, "is_covered": 1, "is_synthesized": null, "length_m": 12.658441775722578 }, "geometry": { "type": "LineString", "coordinates": [ [ 103.8704147, 1.3390574 ], [ 103.870528, 1.3390473 ] ] } },
{ "type": "Feature", "properties": { "access": null, "area": null, "bicycle": null, "bridge": null, "busway": null, "cycleway": null, "est_width": null, "foot": null, "footway": null, "highway": null, "junction": null, "lanes": null, "lit": null, "maxspeed": null, "motorcar": null, "motor_vehicle": null, "name": null, "oneway": null, "oneway:bicycle": null, "psv": null, "ref": null, "service": null, "segregated": null, "sidewalk": null, "smoothness": null, "surface": null, "tracktype": null, "tunnel": null, "turn": null, "width": null, "id": null, "timestamp": null, "version": null, "tags": null, "osm_type": null, "u": -1, "v": -1, "length": 9.4962822875635418, "is_covered": 1, "is_synthesized": 1.0, "length_m": 9.4962822875635418 }, "geometry": { "type": "LineString", "coordinates": [ [ 103.846847199471853, 1.274026065127598 ], [ 103.84690259275466, 1.274091388924559 ] ] } },
{ "type": "Feature", "properties": { "access": null, "area": null, "bicycle": null, "bridge": null, "busway": null, "cycleway": null, "est_width": null, "foot": null, "footway": null, "highway": null, "junction": null, "lanes": null, "lit": null, "maxspeed": null, "motorcar": null, "motor_vehicle": null, "name": null, "oneway": null, "oneway:bicycle": null, "psv": null, "ref": null, "service": null, "segregated": null, "sidewalk": null, "smoothness": null, "surface": null, "tracktype": null, "tunnel": null, "turn": null, "width": null, "id": null, "timestamp": null, "version": null, "tags": null, "osm_type": null, "u": -1, "v": -1, "length": 77.748776251169161, "is_covered": 1, "is_synthesized": 1.0, "length_m": 77.748776251169161 }, "geometry": { "type": "LineString", "coordinates": [ [ 103.847115689136686, 1.274728494659676 ], [ 103.84666492035403, 1.27419131846564 ] ] } },
{ "type": "Feature", "properties": { "access": null, "area": null, "bicycle": null, "bridge": null, "busway": null, "cycleway": null, "est_width": null, "foot": null, "footway": null, "highway": null, "junction": null, "lanes": null, "lit": null, "maxspeed": null, "motorcar": null, "motor_vehicle": null, "name": null, "oneway": null, "oneway:bicycle": null, "psv": null, "ref": null, "service": null, "segregated": null, "sidewalk": null, "smoothness": null, "surface": null, "tracktype": null, "tunnel": null, "turn": null, "width": null, "id": null, "timestamp": null, "version": null, "tags": null, "osm_type": null, "u": -1, "v": -1, "length": 19.402863327446173, "is_covered": 1, "is_synthesized": 1.0, "length_m": 19.402863327446173 }, "geometry": { "type": "LineString", "coordinates": [ [ 103.848407519029138, 1.276152963898045 ], [ 103.848473881300237, 1.275990700539291 ] ] } },
{ "type": "Feature", "properties": { "access": null, "area": null, "bicycle": null, "bridge": null, "busway": null, "cycleway": null, "est_width": null, "foot": null, "footway": null, "highway": null, "junction": null, "lanes": null, "lit": null, "maxspeed": null, "motorcar": null, "motor_vehicle": null, "name": null, "oneway": null, "oneway:bicycle": null, "psv": null, "ref": null, "service": null, "segregated": null, "sidewalk": null, "smoothness": null, "surface": null, "tracktype": null, "tunnel": null, "turn": null, "width": null, "id": null, "timestamp": null, "version": null, "tags": null, "osm_type": null, "u": -1, "v": -1, "length": 117.88761700417898, "is_covered": 1, "is_synthesized": 1.0, "length_m": 117.88761700417898 }, "geometry": { "type": "LineString", "coordinates": [ [ 103.847018317187604, 1.277758289530723 ], [ 103.846695764938929, 1.278773793554614 ] ] } },
{ "type": "Feature", "properties": { "access": null, "area": null, "bicycle": null, "bridge": null, "busway": null, "cycleway": null, "est_width": null, "foot": null, "footway": null, "highway": null, "junction": null, "lanes": null, "lit": null, "maxspeed": null, "motorcar": null, "motor_vehicle": null, "name": null, "oneway": null, "oneway:bicycle": null, "psv": null, "ref": null, "service": null, "segregated": null, "sidewalk": null, "smoothness": null, "surface": null, "tracktype": null, "tunnel": null, "turn": null, "width": null, "id": null, "timestamp": null, "version": null, "tags": null, "osm_type": null, "u": -1, "v": -1, "length": 6.7627600109453514, "is_covered": 1, "is_synthesized": 1.0, "length_m": 6.7627600109453514 }, "geometry": { "type": "LineString", "coordinates": [ [ 103.844640023402917, 1.280921163631277 ], [ 103.844588896413228, 1.280954217668439 ] ] } },
{ "type": "Feature", "properties": { "access": null, "area": null, "bicycle": null, "bridge": null, "busway": null, "cycleway": null, "est_width": null, "foot": null, "footway": null, "highway": null, "junction": null, "lanes": null, "lit": null, "maxspeed": null, "motorcar": null, "motor_vehicle": null, "name": null, "oneway": null, "oneway:bicycle": null, "psv": null, "ref": null, "service": null, "segregated": null, "sidewalk": null, "smoothness": null, "surface": null, "tracktype": null, "tunnel": null, "turn": null, "width": null, "id": null, "timestamp": null, "version": null, "tags": null, "osm_type": null, "u": -1, "v": -1, "length": 51.992019724879263, "is_covered": 1, "is_synthesized": 1.0, "length_m": 51.992019724879263 }, "geometry": { "type": "LineString", "coordinates": [ [ 103.84488702972034, 1.281166457587705 ], [ 103.844634221026993, 1.280771056567902 ] ] } },
{ "type": "Feature", "properties": { "access": null, "area": null, "bicycle": null, "bridge": null, "busway": null, "cycleway": null, "est_width": null, "foot": null, "footway": null, "highway": null, "junction": null, "lanes": null, "lit": null, "maxspeed": null, "motorcar": null, "motor_vehicle": null, "name": null, "oneway": null, "oneway:bicycle": null, "psv": null, "ref": null, "service": null, "segregated": null, "sidewalk": null, "smoothness": null, "surface": null, "tracktype": null, "tunnel": null, "turn": null, "width": null, "id": null, "timestamp": null, "version": null, "tags": null, "osm_type": null, "u": -1, "v": -1, "length": 23.580975535522821, "is_covered": 1, "is_synthesized": 1.0, "length_m": 23.580975535522821 }, "geometry": { "type": "LineString", "coordinates": [ [ 103.844745895943959, 1.281084903453311 ], [ 103.84480300814603, 1.281290268401071 ] ] } },
{ "type": "Feature", "properties": { "access": null, "area": null, "bicycle": null, "bridge": null, "busway": null, "cycleway": null, "est_width": null, "foot": null, "footway": null, "highway": null, "junction": null, "lanes": null, "lit": null, "maxspeed": null, "motorcar": null, "motor_vehicle": null, "name": null, "oneway": null, "oneway:bicycle": null, "psv": null, "ref": null, "service": null, "segregated": null, "sidewalk": null, "smoothness": null, "surface": null, "tracktype": null, "tunnel": null, "turn": null, "width": null, "id": null, "timestamp": null, "version": null, "tags": null, "osm_type": null, "u": -1, "v": -1, "length": 35.792180494916536, "is_covered": 1, "is_synthesized": 1.0, "length_m": 35.792180494916536 }, "geometry": { "type": "LineString", "coordinates": [ [ 103.849131819211067, 1.281726043655493 ], [ 103.84930191701558, 1.281451331525603 ] ] } },
{ "type": "Feature", "properties": { "access": null, "area": null, "bicycle": null, "bridge": null, "busway": null, "cycleway": null, "est_width": null, "foot": null, "footway": null, "highway": null, "junction": null, "lanes": null, "lit": null, "maxspeed": null, "motorcar": null, "motor_vehicle": null, "name": null, "oneway": null, "oneway:bicycle": null, "psv": null, "ref": null, "service": null, "segregated": null, "sidewalk": null, "smoothness": null, "surface": null, "tracktype": null, "tunnel": null, "turn": null, "width": null, "id": null, "timestamp": null, "version": null, "tags": null, "osm_type": null, "u": -1, "v": -1, "length": 35.792180494916536, "is_covered": 1, "is_synthesized": 1.0, "length_m": 35.792180494916536 }, "geometry": { "type": "LineString", "coordinates": [ [ 103.849131819211067, 1.281726043655493 ], [ 103.84930191701558, 1.281451331525603 ] ] } },
{ "type": "Feature", "properties": { "access": null, "area": null, "bicycle": null, "bridge": null, "busway": null, "cycleway": null, "est_width": null, "foot": null, "footway": null, "highway": null, "junction": null, "lanes": null, "lit": null, "maxspeed": null, "motorcar": null, "motor_vehicle": null, "name": null, "oneway": null, "oneway:bicycle": null, "psv": null, "ref": null, "service": null, "segregated": null, "sidewalk": null, "smoothness": null, "surface": null, "tracktype": null, "tunnel": null, "turn": null, "width": null, "id": null, "timestamp": null, "version": null, "tags": null, "osm_type": null, "u": -1, "v": -1, "length": 81.968326747096185, "is_covered": 1, "is_synthesized": 1.0, "length_m": 81.968326747096185 }, "geometry": { "type": "LineString", "coordinates": [ [ 103.853839664480589, 1.275429086186899 ], [ 103.854458785726337, 1.275027570532815 ] ] } },
{ "type": "Feature", "properties": { "access": null, "area": null, "bicycle": null, "bridge": null, "busway": null, "cycleway": null, "est_width": null, "foot": null, "footway": null, "highway": null, "junction": null, "lanes": null, "lit": null, "maxspeed": null, "motorcar": null, "motor_vehicle": null, "name": null, "oneway": null, "oneway:bicycle": null, "psv": null, "ref": null, "service": null, "segregated": null, "sidewalk": null, "smoothness": null, "surface": null, "tracktype": null, "tunnel": null, "turn": null, "width": null, "id": null, "timestamp": null, "version": null, "tags": null, "osm_type": null, "u": -1, "v": -1, "length": 7.1930782473456283, "is_covered": 1, "is_synthesized": 1.0, "length_m": 7.1930782473456283 }, "geometry": { "type": "LineString", "coordinates": [ [ 103.853605554133082, 1.27631087429054 ], [ 103.853637437912866, 1.276367459753154 ] ] } },
{ "type": "Feature", "properties": { "access": null, "area": null, "bicycle": null, "bridge": null, "busway": null, "cycleway": null, "est_width": null, "foot": null, "footway": null, "highway": null, "junction": null, "lanes": null, "lit": null, "maxspeed": null, "motorcar": null, "motor_vehicle": null, "name": null, "oneway": null, "oneway:bicycle": null, "psv": null, "ref": null, "service": null, "segregated": null, "sidewalk": null, "smoothness": null, "surface": null, "tracktype": null, "tunnel": null, "turn": null, "width": null, "id": null, "timestamp": null, "version": null, "tags": null, "osm_type": null, "u": -1, "v": -1, "length": 8.5073569343740107, "is_covered": 1, "is_synthesized": 1.0, "length_m": 8.5073569343740107 }, "geometry": { "type": "LineString", "coordinates": [ [ 103.853547915586248, 1.276381774708076 ], [ 103.853612511066203, 1.276340634636362 ] ] } },
{ "type": "Feature", "properties": { "access": null, "area": null, "bicycle": null, "bridge": null, "busway": null, "cycleway": null, "est_width": null, "foot": null, "footway": null, "highway": null, "junction": null, "lanes": null, "lit": null, "maxspeed": null, "motorcar": null, "motor_vehicle": null, "name": null, "oneway": null, "oneway:bicycle": null, "psv": null, "ref": null, "service": null, "segregated": null, "sidewalk": null, "smoothness": null, "surface": null, "tracktype": null, "tunnel": null, "turn": null, "width": null, "id": null, "timestamp": null, "version": null, "tags": null, "osm_type": null, "u": -1, "v": -1, "length": 131.00573792044077, "is_covered": 1, "is_synthesized": 1.0, "length_m": 131.00573792044077 }, "geometry": { "type": "LineString", "coordinates": [ [ 103.85350052843701, 1.276482092193876 ], [ 103.854394338568227, 1.277253056562814 ] ] } },
{ "type": "Feature", "properties": { "access": null, "area": null, "bicycle": null, "bridge": null, "busway": null, "cycleway": null, "est_width": null, "foot": null, "footway": null, "highway": null, "junction": null, "lanes": null, "lit": null, "maxspeed": null, "motorcar": null, "motor_vehicle": null, "name": null, "oneway": null, "oneway:bicycle": null, "psv": null, "ref": null, "service": null, "segregated": null, "sidewalk": null, "smoothness": null, "surface": null, "tracktype": null, "tunnel": null, "turn": null, "width": null, "id": null, "timestamp": null, "version": null, "tags": null, "osm_type": null, "u": -1, "v": -1, "length": 20.501514568604762, "is_covered": 1, "is_synthesized": 1.0, "length_m": 20.501514568604762 }, "geometry": { "type": "LineString", "coordinates": [ [ 103.849495156439644, 1.277964309871519 ], [ 103.849398918910637, 1.277806214568191 ] ] } },
{ "type": "Feature", "properties": { "access": null, "area": null, "bicycle": null, "bridge": null, "busway": null, "cycleway": null, "est_width": null, "foot": null, "footway": null, "highway": null, "junction": null, "lanes": null, "lit": null, "maxspeed": null, "motorcar": null, "motor_vehicle": null, "name": null, "oneway": null, "oneway:bicycle": null, "psv": null, "ref": null, "service": null, "segregated": null, "sidewalk": null, "smoothness": null, "surface": null, "tracktype": null, "tunnel": null, "turn": null, "width": null, "id": null, "timestamp": null, "version": null, "tags": null, "osm_type": null, "u": -1, "v": -1, "length": 77.638335380535494, "is_covered": 1, "is_synthesized": 1.0, "length_m": 77.638335380535494 }, "geometry": { "type": "LineString", "coordinates": [ [ 103.850729847429761, 1.279932950089493 ], [ 103.851101938294775, 1.28052686830436 ] ] } },
{ "type": "Feature", "properties": { "access": null, "area": null, "bicycle": null, "bridge": null, "busway": null, "cycleway": null, "est_width": null, "foot": null, "footway": null, "highway": null, "junction": null, "lanes": null, "lit": null, "maxspeed": null, "motorcar": null, "motor_vehicle": null, "name": null, "oneway": null, "oneway:bicycle": null, "psv": null, "ref": null, "service": null, "segregated": null, "sidewalk": null, "smoothness": null, "surface": null, "tracktype": null, "tunnel": null, "turn": null, "width": null, "id": null, "timestamp": null, "version": null, "tags": null, "osm_type": null, "u": -1, "v": -1, "length": 20.455907256319104, "is_covered": 1, "is_synthesized": 1.0, "length_m": 20.455907256319104 }, "geometry": { "type": "LineString", "coordinates": [ [ 103.849349294844387, 1.283297354364329 ], [ 103.849232043611309, 1.283154887406525 ] ] } },
{ "type": "Feature", "properties": { "access": null, "area": null, "bicycle": null, "bridge": null, "busway": null, "cycleway": null, "est_width": null, "foot": null, "footway": null, "highway": null, "junction": null, "lanes": null, "lit": null, "maxspeed": null, "motorcar": null, "motor_vehicle": null, "name": null, "oneway": null, "oneway:bicycle": null, "psv": null, "ref": null, "service": null, "segregated": null, "sidewalk": null, "smoothness": null, "surface": null, "tracktype": null, "tunnel": null, "turn": null, "width": null, "id": null, "timestamp": null, "version": null, "tags": null, "osm_type": null, "u": -1, "v": -1, "length": 63.575036717778836, "is_covered": 1, "is_synthesized": 1.0, "length_m": 63.575036717778836 }, "geometry": { "type": "LineString", "coordinates": [ [ 103.850929220971651, 1.291921419051154 ], [ 103.850422207886083, 1.292186302353199 ] ] } },
{ "type": "Feature", "properties": { "access": null, "area": null, "bicycle": null, "bridge": null, "busway": null, "cycleway": null, "est_width": null, "foot": null, "footway": null, "highway": null, "junction": null, "lanes": null, "lit": null, "maxspeed": null, "motorcar": null, "motor_vehicle": null, "name": null, "oneway": null, "oneway:bicycle": null, "psv": null, "ref": null, "service": null, "segregated": null, "sidewalk": null, "smoothness": null, "surface": null, "tracktype": null, "tunnel": null, "turn": null, "width": null, "id": null, "timestamp": null, "version": null, "tags": null, "osm_type": null, "u": -1, "v": -1, "length": 4.0000346988542148, "is_covered": 1, "is_synthesized": 1.0, "length_m": 4.0000346988542148 }, "geometry": { "type": "LineString", "coordinates": [ [ 103.85122091166231, 1.292434280318725 ], [ 103.851202138095559, 1.292403432392397 ] ] } },
{ "type": "Feature", "properties": { "access": null, "area": null, "bicycle": null, "bridge": null, "busway": null, "cycleway": null, "est_width": null, "foot": null, "footway": null, "highway": null, "junction": null, "lanes": null, "lit": null, "maxspeed": null, "motorcar": null, "motor_vehicle": null, "name": null, "oneway": null, "oneway:bicycle": null, "psv": null, "ref": null, "service": null, "segregated": null, "sidewalk": null, "smoothness": null, "surface": null, "tracktype": null, "tunnel": null, "turn": null, "width": null, "id": null, "timestamp": null, "version": null, "tags": null, "osm_type": null, "u": -1, "v": -1, "length": 69.108290753369161, "is_covered": 1, "is_synthesized": 1.0, "length_m": 69.108290753369161 }, "geometry": { "type": "LineString", "coordinates": [ [ 103.850447870745555, 1.292174523104993 ], [ 103.850754962323734, 1.292717738025583 ] ] } },
{ "type": "Feature", "properties": { "access": null, "area": null, "bicycle": null, "bridge": null, "busway": null, "cycleway": null, "est_width": null, "foot": null, "footway": null, "highway": null, "junction": null, "lanes": null, "lit": null, "maxspeed": null, "motorcar": null, "motor_vehicle": null, "name": null, "oneway": null, "oneway:bicycle": null, "psv": null, "ref": null, "service": null, "segregated": null, "sidewalk": null, "smoothness": null, "surface": null, "tracktype": null, "tunnel": null, "turn": null, "width": null, "id": null, "timestamp": null, "version": null, "tags": null, "osm_type": null, "u": -1, "v": -1, "length": 6.2412381701168753, "is_covered": 1, "is_synthesized": 1.0, "length_m": 6.2412381701168753 }, "geometry": { "type": "LineString", "coordinates": [ [ 103.854407040794953, 1.274975312083724 ], [ 103.854436423696185, 1.275023387901034 ] ] } },
{ "type": "Feature", "properties": { "access": null, "area": null, "bicycle": null, "bridge": null, "busway": null, "cycleway": null, "est_width": null, "foot": null, "footway": null, "highway": null, "junction": null, "lanes": null, "lit": null, "maxspeed": null, "motorcar": null, "motor_vehicle": null, "name": null, "oneway": null, "oneway:bicycle": null, "psv": null, "ref": null, "service": null, "segregated": null, "sidewalk": null, "smoothness": null, "surface": null, "tracktype": null, "tunnel": null, "turn": null, "width": null, "id": null, "timestamp": null, "version": null, "tags": null, "osm_type": null, "u": -1, "v": -1, "length": 5.8146788113368642, "is_covered": 1, "is_synthesized": 1.0, "length_m": 5.8146788113368642 }, "geometry": { "type": "LineString", "coordinates": [ [ 103.854483746869136, 1.277132495344885 ], [ 103.854474492739314, 1.277184249812883 ] ] } },
{ "type": "Feature", "properties": { "access": null, "area": null, "bicycle": null, "bridge": null, "busway": null, "cycleway": null, "est_width": null, "foot": null, "footway": null, "highway": null, "junction": null, "lanes": null, "lit": null, "maxspeed": null, "motorcar": null, "motor_vehicle": null, "name": null, "oneway": null, "oneway:bicycle": null, "psv": null, "ref": null, "service": null, "segregated": null, "sidewalk": null, "smoothness": null, "surface": null, "tracktype": null, "tunnel": null, "turn": null, "width": null, "id": null, "timestamp": null, "version": null, "tags": null, "osm_type": null, "u": -1, "v": -1, "length": 105.47955336613825, "is_covered": 1, "is_synthesized": 1.0, "length_m": 105.47955336613825 }, "geometry": { "type": "LineString", "coordinates": [ [ 103.854352822006106, 1.277205498513085 ], [ 103.854542319022229, 1.27814015729808 ] ] } },
{ "type": "Feature", "properties": { "access": null, "area": null, "bicycle": null, "bridge": null, "busway": null, "cycleway": null, "est_width": null, "foot": null, "footway": null, "highway": null, "junction": null, "lanes": null, "lit": null, "maxspeed": null, "motorcar": null, "motor_vehicle": null, "name": null, "oneway": null, "oneway:bicycle": null, "psv": null, "ref": null, "service": null, "segregated": null, "sidewalk": null, "smoothness": null, "surface": null, "tracktype": null, "tunnel": null, "turn": null, "width": null, "id": null, "timestamp": null, "version": null, "tags": null, "osm_type": null, "u": -1, "v": -1, "length": 37.181385624022042, "is_covered": 1, "is_synthesized": 1.0, "length_m": 37.181385624022042 }, "geometry": { "type": "LineString", "coordinates": [ [ 103.854105817247586, 1.278431966827466 ], [ 103.854386101917186, 1.278248975337186 ] ] } },
{ "type": "Feature", "properties": { "access": null, "area": null, "bicycle": null, "bridge": null, "busway": null, "cycleway": null, "est_width": null, "foot": null, "footway": null, "highway": null, "junction": null, "lanes": null, "lit": null, "maxspeed": null, "motorcar": null, "motor_vehicle": null, "name": null, "oneway": null, "oneway:bicycle": null, "psv": null, "ref": null, "service": null, "segregated": null, "sidewalk": null, "smoothness": null, "surface": null, "tracktype": null, "tunnel": null, "turn": null, "width": null, "id": null, "timestamp": null, "version": null, "tags": null, "osm_type": null, "u": -1, "v": -1, "length": 80.650570291630444, "is_covered": 1, "is_synthesized": 1.0, "length_m": 80.650570291630444 }, "geometry": { "type": "LineString", "coordinates": [ [ 103.860149924819197, 1.283199388190793 ], [ 103.859798972395808, 1.282561251452481 ] ] } },
{ "type": "Feature", "properties": { "access": null, "area": null, "bicycle": null, "bridge": null, "busway": null, "cycleway": null, "est_width": null, "foot": null, "footway": null, "highway": null, "junction": null, "lanes": null, "lit": null, "maxspeed": null, "motorcar": null, "motor_vehicle": null, "name": null, "oneway": null, "oneway:bicycle": null, "psv": null, "ref": null, "service": null, "segregated": null, "sidewalk": null, "smoothness": null, "surface": null, "tracktype": null, "tunnel": null, "turn": null, "width": null, "id": null, "timestamp": null, "version": null, "tags": null, "osm_type": null, "u": -1, "v": -1, "length": 109.84086175218386, "is_covered": 1, "is_synthesized": 1.0, "length_m": 109.84086175218386 }, "geometry": { "type": "LineString", "coordinates": [ [ 103.857263163987355, 1.295052010641608 ], [ 103.857839695596326, 1.295858272742886 ] ] } },
{ "type": "Feature", "properties": { "access": null, "area": null, "bicycle": null, "bridge": null, "busway": null, "cycleway": null, "est_width": null, "foot": null, "footway": null, "highway": null, "junction": null, "lanes": null, "lit": null, "maxspeed": null, "motorcar": null, "motor_vehicle": null, "name": null, "oneway": null, "oneway:bicycle": null, "psv": null, "ref": null, "service": null, "segregated": null, "sidewalk": null, "smoothness": null, "surface": null, "tracktype": null, "tunnel": null, "turn": null, "width": null, "id": null, "timestamp": null, "version": null, "tags": null, "osm_type": null, "u": -1, "v": -1, "length": 28.284610740361963, "is_covered": 1, "is_synthesized": 1.0, "length_m": 28.284610740361963 }, "geometry": { "type": "LineString", "coordinates": [ [ 103.855226968274067, 1.295577824610198 ], [ 103.855382536475176, 1.29537554868226 ] ] } },
{ "type": "Feature", "properties": { "access": null, "area": null, "bicycle": null, "bridge": null, "busway": null, "cycleway": null, "est_width": null, "foot": null, "footway": null, "highway": null, "junction": null, "lanes": null, "lit": null, "maxspeed": null, "motorcar": null, "motor_vehicle": null, "name": null, "oneway": null, "oneway:bicycle": null, "psv": null, "ref": null, "service": null, "segregated": null, "sidewalk": null, "smoothness": null, "surface": null, "tracktype": null, "tunnel": null, "turn": null, "width": null, "id": null, "timestamp": null, "version": null, "tags": null, "osm_type": null, "u": -1, "v": -1, "length": 32.127205076284561, "is_covered": 1, "is_synthesized": 1.0, "length_m": 32.127205076284561 }, "geometry": { "type": "LineString", "coordinates": [ [ 103.85547453410156, 1.295504642866236 ], [ 103.855258388807229, 1.295697234480201 ] ] } },
{ "type": "Feature", "properties": { "access": null, "area": null, "bicycle": null, "bridge": null, "busway": null, "cycleway": null, "est_width": null, "foot": null, "footway": null, "highway": null, "junction": null, "lanes": null, "lit": null, "maxspeed": null, "motorcar": null, "motor_vehicle": null, "name": null, "oneway": null, "oneway:bicycle": null, "psv": null, "ref": null, "service": null, "segregated": null, "sidewalk": null, "smoothness": null, "surface": null, "tracktype": null, "tunnel": null, "turn": null, "width": null, "id": null, "timestamp": null, "version": null, "tags": null, "osm_type": null, "u": -1, "v": -1, "length": 9.0247712060117458, "is_covered": 1, "is_synthesized": 1.0, "length_m": 9.0247712060117458 }, "geometry": { "type": "LineString", "coordinates": [ [ 103.857108826435123, 1.295892220370835 ], [ 103.8571795, 1.2958522 ] ] } },
{ "type": "Feature", "properties": { "access": null, "area": null, "bicycle": null, "bridge": null, "busway": null, "cycleway": null, "est_width": null, "foot": null, "footway": null, "highway": null, "junction": null, "lanes": null, "lit": null, "maxspeed": null, "motorcar": null, "motor_vehicle": null, "name": null, "oneway": null, "oneway:bicycle": null, "psv": null, "ref": null, "service": null, "segregated": null, "sidewalk": null, "smoothness": null, "surface": null, "tracktype": null, "tunnel": null, "turn": null, "width": null, "id": null, "timestamp": null, "version": null, "tags": null, "osm_type": null, "u": -1, "v": -1, "length": 109.72614306933333, "is_covered": 1, "is_synthesized": 1.0, "length_m": 109.72614306933333 }, "geometry": { "type": "LineString", "coordinates": [ [ 103.855116666929177, 1.295623697251226 ], [ 103.854341760837613, 1.296237230422194 ] ] } },
{ "type": "Feature", "properties": { "access": null, "area": null, "bicycle": null, "bridge": null, "busway": null, "cycleway": null, "est_width": null, "foot": null, "footway": null, "highway": null, "junction": null, "lanes": null, "lit": null, "maxspeed": null, "motorcar": null, "motor_vehicle": null, "name": null, "oneway": null, "oneway:bicycle": null, "psv": null, "ref": null, "service": null, "segregated": null, "sidewalk": null, "smoothness": null, "surface": null, "tracktype": null, "tunnel": null, "turn": null, "width": null, "id": null, "timestamp": null, "version": null, "tags": null, "osm_type": null, "u": -1, "v": -1, "length": 16.325435529539803, "is_covered": 1, "is_synthesized": 1.0, "length_m": 16.325435529539803 }, "geometry": { "type": "LineString", "coordinates": [ [ 103.86330778848901, 1.299674692058107 ], [ 103.863428741691408, 1.299758227680477 ] ] } },
{ "type": "Feature", "properties": { "access": null, "area": null, "bicycle": null, "bridge": null, "busway": null, "cycleway": null, "est_width": null, "foot": null, "footway": null, "highway": null, "junction": null, "lanes": null, "lit": null, "maxspeed": null, "motorcar": null, "motor_vehicle": null, "name": null, "oneway": null, "oneway:bicycle": null, "psv": null, "ref": null, "service": null, "segregated": null, "sidewalk": null, "smoothness": null, "surface": null, "tracktype": null, "tunnel": null, "turn": null, "width": null, "id": null, "timestamp": null, "version": null, "tags": null, "osm_type": null, "u": -1, "v": -1, "length": 16.464703874705503, "is_covered": 1, "is_synthesized": 1.0, "length_m": 16.464703874705503 }, "geometry": { "type": "LineString", "coordinates": [ [ 103.863491668994243, 1.29982694882523 ], [ 103.863618047120625, 1.299904360092369 ] ] } },
{ "type": "Feature", "properties": { "access": null, "area": null, "bicycle": null, "bridge": null, "busway": null, "cycleway": null, "est_width": null, "foot": null, "footway": null, "highway": null, "junction": null, "lanes": null, "lit": null, "maxspeed": null, "motorcar": null, "motor_vehicle": null, "name": null, "oneway": null, "oneway:bicycle": null, "psv": null, "ref": null, "service": null, "segregated": null, "sidewalk": null, "smoothness": null, "surface": null, "tracktype": null, "tunnel": null, "turn": null, "width": null, "id": null, "timestamp": null, "version": null, "tags": null, "osm_type": null, "u": -1, "v": -1, "length": 36.98688362521095, "is_covered": 1, "is_synthesized": 1.0, "length_m": 36.98688362521095 }, "geometry": { "type": "LineString", "coordinates": [ [ 103.863299088265691, 1.300429309083468 ], [ 103.863026473845707, 1.300237989055054 ] ] } },
{ "type": "Feature", "properties": { "access": null, "area": null, "bicycle": null, "bridge": null, "busway": null, "cycleway": null, "est_width": null, "foot": null, "footway": null, "highway": null, "junction": null, "lanes": null, "lit": null, "maxspeed": null, "motorcar": null, "motor_vehicle": null, "name": null, "oneway": null, "oneway:bicycle": null, "psv": null, "ref": null, "service": null, "segregated": null, "sidewalk": null, "smoothness": null, "surface": null, "tracktype": null, "tunnel": null, "turn": null, "width": null, "id": null, "timestamp": null, "version": null, "tags": null, "osm_type": null, "u": -1, "v": -1, "length": 29.449577692058213, "is_covered": 1, "is_synthesized": 1.0, "length_m": 29.449577692058213 }, "geometry": { "type": "LineString", "coordinates": [ [ 103.862694719691859, 1.300517092815443 ], [ 103.862481145370836, 1.300359848586656 ] ] } },
{ "type": "Feature", "properties": { "access": null, "area": null, "bicycle": null, "bridge": null, "busway": null, "cycleway": null, "est_width": null, "foot": null, "footway": null, "highway": null, "junction": null, "lanes": null, "lit": null, "maxspeed": null, "motorcar": null, "motor_vehicle": null, "name": null, "oneway": null, "oneway:bicycle": null, "psv": null, "ref": null, "service": null, "segregated": null, "sidewalk": null, "smoothness": null, "surface": null, "tracktype": null, "tunnel": null, "turn": null, "width": null, "id": null, "timestamp": null, "version": null, "tags": null, "osm_type": null, "u": -1, "v": -1, "length": 11.737018787196739, "is_covered": 1, "is_synthesized": 1.0, "length_m": 11.737018787196739 }, "geometry": { "type": "LineString", "coordinates": [ [ 103.862771503919163, 1.300580662037349 ], [ 103.862687246607592, 1.300516823922163 ] ] } },
{ "type": "Feature", "properties": { "access": null, "area": null, "bicycle": null, "bridge": null, "busway": null, "cycleway": null, "est_width": null, "foot": null, "footway": null, "highway": null, "junction": null, "lanes": null, "lit": null, "maxspeed": null, "motorcar": null, "motor_vehicle": null, "name": null, "oneway": null, "oneway:bicycle": null, "psv": null, "ref": null, "service": null, "segregated": null, "sidewalk": null, "smoothness": null, "surface": null, "tracktype": null, "tunnel": null, "turn": null, "width": null, "id": null, "timestamp": null, "version": null, "tags": null, "osm_type": null, "u": -1, "v": -1, "length": 26.777436787570593, "is_covered": 1, "is_synthesized": 1.0, "length_m": 26.777436787570593 }, "geometry": { "type": "LineString", "coordinates": [ [ 103.862760318301468, 1.300585131953076 ], [ 103.862955495249125, 1.300726748106779 ] ] } },
{ "type": "Feature", "properties": { "access": null, "area": null, "bicycle": null, "bridge": null, "busway": null, "cycleway": null, "est_width": null, "foot": null, "footway": null, "highway": null, "junction": null, "lanes": null, "lit": null, "maxspeed": null, "motorcar": null, "motor_vehicle": null, "name": null, "oneway": null, "oneway:bicycle": null, "psv": null, "ref": null, "service": null, "segregated": null, "sidewalk": null, "smoothness": null, "surface": null, "tracktype": null, "tunnel": null, "turn": null, "width": null, "id": null, "timestamp": null, "version": null, "tags": null, "osm_type": null, "u": -1, "v": -1, "length": 68.696601339583822, "is_covered": 1, "is_synthesized": 1.0, "length_m": 68.696601339583822 }, "geometry": { "type": "LineString", "coordinates": [ [ 103.862833400184925, 1.301444103240311 ], [ 103.863153869224718, 1.30091312424364 ] ] } },
{ "type": "Feature", "properties": { "access": null, "area": null, "bicycle": null, "bridge": null, "busway": null, "cycleway": null, "est_width": null, "foot": null, "footway": null, "highway": null, "junction": null, "lanes": null, "lit": null, "maxspeed": null, "motorcar": null, "motor_vehicle": null, "name": null, "oneway": null, "oneway:bicycle": null, "psv": null, "ref": null, "service": null, "segregated": null, "sidewalk": null, "smoothness": null, "surface": null, "tracktype": null, "tunnel": null, "turn": null, "width": null, "id": null, "timestamp": null, "version": null, "tags": null, "osm_type": null, "u": -1, "v": -1, "length": 4.0000502134225799, "is_covered": 1, "is_synthesized": 1.0, "length_m": 4.0000502134225799 }, "geometry": { "type": "LineString", "coordinates": [ [ 103.851281543289303, 1.292517309347942 ], [ 103.851263051651699, 1.292486289233857 ] ] } },
{ "type": "Feature", "properties": { "access": null, "area": null, "bicycle": null, "bridge": null, "busway": null, "cycleway": null, "est_width": null, "foot": null, "footway": null, "highway": null, "junction": null, "lanes": null, "lit": null, "maxspeed": null, "motorcar": null, "motor_vehicle": null, "name": null, "oneway": null, "oneway:bicycle": null, "psv": null, "ref": null, "service": null, "segregated": null, "sidewalk": null, "smoothness": null, "surface": null, "tracktype": null, "tunnel": null, "turn": null, "width": null, "id": null, "timestamp": null, "version": null, "tags": null, "osm_type": null, "u": -1, "v": -1, "length": 59.548844919845784, "is_covered": 1, "is_synthesized": 1.0, "length_m": 59.548844919845784 }, "geometry": { "type": "LineString", "coordinates": [ [ 103.851209607152427, 1.292419978016029 ], [ 103.850754019097636, 1.29270240483121 ] ] } },
{ "type": "Feature", "properties": { "access": null, "area": null, "bicycle": null, "bridge": null, "busway": null, "cycleway": null, "est_width": null, "foot": null, "footway": null, "highway": null, "junction": null, "lanes": null, "lit": null, "maxspeed": null, "motorcar": null, "motor_vehicle": null, "name": null, "oneway": null, "oneway:bicycle": null, "psv": null, "ref": null, "service": null, "segregated": null, "sidewalk": null, "smoothness": null, "surface": null, "tracktype": null, "tunnel": null, "turn": null, "width": null, "id": null, "timestamp": null, "version": null, "tags": null, "osm_type": null, "u": -1, "v": -1, "length": 105.78734647960205, "is_covered": 1, "is_synthesized": 1.0, "length_m": 105.78734647960205 }, "geometry": { "type": "LineString", "coordinates": [ [ 103.853827841666799, 1.295909031192869 ], [ 103.853253757976262, 1.295146518720369 ] ] } },
{ "type": "Feature", "properties": { "access": null, "area": null, "bicycle": null, "bridge": null, "busway": null, "cycleway": null, "est_width": null, "foot": null, "footway": null, "highway": null, "junction": null, "lanes": null, "lit": null, "maxspeed": null, "motorcar": null, "motor_vehicle": null, "name": null, "oneway": null, "oneway:bicycle": null, "psv": null, "ref": null, "service": null, "segregated": null, "sidewalk": null, "smoothness": null, "surface": null, "tracktype": null, "tunnel": null, "turn": null, "width": null, "id": null, "timestamp": null, "version": null, "tags": null, "osm_type": null, "u": -1, "v": -1, "length": 49.27376805125931, "is_covered": 1, "is_synthesized": 1.0, "length_m": 49.27376805125931 }, "geometry": { "type": "LineString", "coordinates": [ [ 103.853905078464038, 1.296008566614204 ], [ 103.854176950205897, 1.296360272921641 ] ] } },
{ "type": "Feature", "properties": { "access": null, "area": null, "bicycle": null, "bridge": null, "busway": null, "cycleway": null, "est_width": null, "foot": null, "footway": null, "highway": null, "junction": null, "lanes": null, "lit": null, "maxspeed": null, "motorcar": null, "motor_vehicle": null, "name": null, "oneway": null, "oneway:bicycle": null, "psv": null, "ref": null, "service": null, "segregated": null, "sidewalk": null, "smoothness": null, "surface": null, "tracktype": null, "tunnel": null, "turn": null, "width": null, "id": null, "timestamp": null, "version": null, "tags": null, "osm_type": null, "u": -1, "v": -1, "length": 79.220136508200937, "is_covered": 1, "is_synthesized": 1.0, "length_m": 79.220136508200937 }, "geometry": { "type": "LineString", "coordinates": [ [ 103.854248370845553, 1.296786663572029 ], [ 103.853803282435734, 1.296227551700634 ] ] } },
{ "type": "Feature", "properties": { "access": null, "area": null, "bicycle": null, "bridge": null, "busway": null, "cycleway": null, "est_width": null, "foot": null, "footway": null, "highway": null, "junction": null, "lanes": null, "lit": null, "maxspeed": null, "motorcar": null, "motor_vehicle": null, "name": null, "oneway": null, "oneway:bicycle": null, "psv": null, "ref": null, "service": null, "segregated": null, "sidewalk": null, "smoothness": null, "surface": null, "tracktype": null, "tunnel": null, "turn": null, "width": null, "id": null, "timestamp": null, "version": null, "tags": null, "osm_type": null, "u": -1, "v": -1, "length": 4.8344670253694009, "is_covered": 1, "is_synthesized": 1.0, "length_m": 4.8344670253694009 }, "geometry": { "type": "LineString", "coordinates": [ [ 103.853105006041957, 1.297007543034179 ], [ 103.853064227527327, 1.297022610980813 ] ] } },
{ "type": "Feature", "properties": { "access": null, "area": null, "bicycle": null, "bridge": null, "busway": null, "cycleway": null, "est_width": null, "foot": null, "footway": null, "highway": null, "junction": null, "lanes": null, "lit": null, "maxspeed": null, "motorcar": null, "motor_vehicle": null, "name": null, "oneway": null, "oneway:bicycle": null, "psv": null, "ref": null, "service": null, "segregated": null, "sidewalk": null, "smoothness": null, "surface": null, "tracktype": null, "tunnel": null, "turn": null, "width": null, "id": null, "timestamp": null, "version": null, "tags": null, "osm_type": null, "u": -1, "v": -1, "length": 28.244940175393698, "is_covered": 1, "is_synthesized": 1.0, "length_m": 28.244940175393698 }, "geometry": { "type": "LineString", "coordinates": [ [ 103.855584969267653, 1.296110066969786 ], [ 103.855747427495288, 1.295913821070142 ] ] } },
{ "type": "Feature", "properties": { "access": null, "area": null, "bicycle": null, "bridge": null, "busway": null, "cycleway": null, "est_width": null, "foot": null, "footway": null, "highway": null, "junction": null, "lanes": null, "lit": null, "maxspeed": null, "motorcar": null, "motor_vehicle": null, "name": null, "oneway": null, "oneway:bicycle": null, "psv": null, "ref": null, "service": null, "segregated": null, "sidewalk": null, "smoothness": null, "surface": null, "tracktype": null, "tunnel": null, "turn": null, "width": null, "id": null, "timestamp": null, "version": null, "tags": null, "osm_type": null, "u": -1, "v": -1, "length": 100.25305116114998, "is_covered": 1, "is_synthesized": 1.0, "length_m": 100.25305116114998 }, "geometry": { "type": "LineString", "coordinates": [ [ 103.854474722061525, 1.296307260604349 ], [ 103.855182999809301, 1.295747044794453 ] ] } },
{ "type": "Feature", "properties": { "access": null, "area": null, "bicycle": null, "bridge": null, "busway": null, "cycleway": null, "est_width": null, "foot": null, "footway": null, "highway": null, "junction": null, "lanes": null, "lit": null, "maxspeed": null, "motorcar": null, "motor_vehicle": null, "name": null, "oneway": null, "oneway:bicycle": null, "psv": null, "ref": null, "service": null, "segregated": null, "sidewalk": null, "smoothness": null, "surface": null, "tracktype": null, "tunnel": null, "turn": null, "width": null, "id": null, "timestamp": null, "version": null, "tags": null, "osm_type": null, "u": -1, "v": -1, "length": 89.811935224893986, "is_covered": 1, "is_synthesized": 1.0, "length_m": 89.811935224893986 }, "geometry": { "type": "LineString", "coordinates": [ [ 103.857871727830201, 1.296268033741129 ], [ 103.857230089762865, 1.295775425986193 ] ] } },
{ "type": "Feature", "properties": { "access": null, "area": null, "bicycle": null, "bridge": null, "busway": null, "cycleway": null, "est_width": null, "foot": null, "footway": null, "highway": null, "junction": null, "lanes": null, "lit": null, "maxspeed": null, "motorcar": null, "motor_vehicle": null, "name": null, "oneway": null, "oneway:bicycle": null, "psv": null, "ref": null, "service": null, "segregated": null, "sidewalk": null, "smoothness": null, "surface": null, "tracktype": null, "tunnel": null, "turn": null, "width": null, "id": null, "timestamp": null, "version": null, "tags": null, "osm_type": null, "u": -1, "v": -1, "length": 29.882970620342078, "is_covered": 1, "is_synthesized": 1.0, "length_m": 29.882970620342078 }, "geometry": { "type": "LineString", "coordinates": [ [ 103.855849887456998, 1.296052015183841 ], [ 103.855634850326666, 1.296213859504645 ] ] } },
{ "type": "Feature", "properties": { "access": null, "area": null, "bicycle": null, "bridge": null, "busway": null, "cycleway": null, "est_width": null, "foot": null, "footway": null, "highway": null, "junction": null, "lanes": null, "lit": null, "maxspeed": null, "motorcar": null, "motor_vehicle": null, "name": null, "oneway": null, "oneway:bicycle": null, "psv": null, "ref": null, "service": null, "segregated": null, "sidewalk": null, "smoothness": null, "surface": null, "tracktype": null, "tunnel": null, "turn": null, "width": null, "id": null, "timestamp": null, "version": null, "tags": null, "osm_type": null, "u": -1, "v": -1, "length": 10.166766453920902, "is_covered": 1, "is_synthesized": 1.0, "length_m": 10.166766453920902 }, "geometry": { "type": "LineString", "coordinates": [ [ 103.795213061303286, 1.330297433803858 ], [ 103.795190381197713, 1.330208367800786 ] ] } },
{ "type": "Feature", "properties": { "access": null, "area": null, "bicycle": null, "bridge": null, "busway": null, "cycleway": null, "est_width": null, "foot": null, "footway": null, "highway": null, "junction": null, "lanes": null, "lit": null, "maxspeed": null, "motorcar": null, "motor_vehicle": null, "name": null, "oneway": null, "oneway:bicycle": null, "psv": null, "ref": null, "service": null, "segregated": null, "sidewalk": null, "smoothness": null, "surface": null, "tracktype": null, "tunnel": null, "turn": null, "width": null, "id": null, "timestamp": null, "version": null, "tags": null, "osm_type": null, "u": -1, "v": -1, "length": 22.29400546615576, "is_covered": 1, "is_synthesized": 1.0, "length_m": 22.29400546615576 }, "geometry": { "type": "LineString", "coordinates": [ [ 103.779952158657792, 1.32109898463076 ], [ 103.780152105893592, 1.321086636915705 ] ] } },
{ "type": "Feature", "properties": { "access": null, "area": null, "bicycle": null, "bridge": null, "busway": null, "cycleway": null, "est_width": null, "foot": null, "footway": null, "highway": null, "junction": null, "lanes": null, "lit": null, "maxspeed": null, "motorcar": null, "motor_vehicle": null, "name": null, "oneway": null, "oneway:bicycle": null, "psv": null, "ref": null, "service": null, "segregated": null, "sidewalk": null, "smoothness": null, "surface": null, "tracktype": null, "tunnel": null, "turn": null, "width": null, "id": null, "timestamp": null, "version": null, "tags": null, "osm_type": null, "u": -1, "v": -1, "length": 9.0117878910237081, "is_covered": 1, "is_synthesized": 1.0, "length_m": 9.0117878910237081 }, "geometry": { "type": "LineString", "coordinates": [ [ 103.79497615657192, 1.33160469142032 ], [ 103.795052668628372, 1.331578005637049 ] ] } },
{ "type": "Feature", "properties": { "access": null, "area": null, "bicycle": null, "bridge": null, "busway": null, "cycleway": null, "est_width": null, "foot": null, "footway": null, "highway": null, "junction": null, "lanes": null, "lit": null, "maxspeed": null, "motorcar": null, "motor_vehicle": null, "name": null, "oneway": null, "oneway:bicycle": null, "psv": null, "ref": null, "service": null, "segregated": null, "sidewalk": null, "smoothness": null, "surface": null, "tracktype": null, "tunnel": null, "turn": null, "width": null, "id": null, "timestamp": null, "version": null, "tags": null, "osm_type": null, "u": -1, "v": -1, "length": 40.867890235203902, "is_covered": 1, "is_synthesized": 1.0, "length_m": 40.867890235203902 }, "geometry": { "type": "LineString", "coordinates": [ [ 103.794628877124069, 1.3317234789965 ], [ 103.794975760314941, 1.331602187486513 ] ] } },
{ "type": "Feature", "properties": { "access": null, "area": null, "bicycle": null, "bridge": null, "busway": null, "cycleway": null, "est_width": null, "foot": null, "footway": null, "highway": null, "junction": null, "lanes": null, "lit": null, "maxspeed": null, "motorcar": null, "motor_vehicle": null, "name": null, "oneway": null, "oneway:bicycle": null, "psv": null, "ref": null, "service": null, "segregated": null, "sidewalk": null, "smoothness": null, "surface": null, "tracktype": null, "tunnel": null, "turn": null, "width": null, "id": null, "timestamp": null, "version": null, "tags": null, "osm_type": null, "u": -1, "v": -1, "length": 12.536528768788084, "is_covered": 1, "is_synthesized": 1.0, "length_m": 12.536528768788084 }, "geometry": { "type": "LineString", "coordinates": [ [ 103.79462586460059, 1.331714697935593 ], [ 103.794519883542776, 1.331753122342005 ] ] } },
{ "type": "Feature", "properties": { "access": null, "area": null, "bicycle": null, "bridge": null, "busway": null, "cycleway": null, "est_width": null, "foot": null, "footway": null, "highway": null, "junction": null, "lanes": null, "lit": null, "maxspeed": null, "motorcar": null, "motor_vehicle": null, "name": null, "oneway": null, "oneway:bicycle": null, "psv": null, "ref": null, "service": null, "segregated": null, "sidewalk": null, "smoothness": null, "surface": null, "tracktype": null, "tunnel": null, "turn": null, "width": null, "id": null, "timestamp": null, "version": null, "tags": null, "osm_type": null, "u": -1, "v": -1, "length": 93.545842059521732, "is_covered": 1, "is_synthesized": 1.0, "length_m": 93.545842059521732 }, "geometry": { "type": "LineString", "coordinates": [ [ 103.793740569727476, 1.332055971742835 ], [ 103.794530847552608, 1.331767754852153 ] ] } },
{ "type": "Feature", "properties": { "access": null, "area": null, "bicycle": null, "bridge": null, "busway": null, "cycleway": null, "est_width": null, "foot": null, "footway": null, "highway": null, "junction": null, "lanes": null, "lit": null, "maxspeed": null, "motorcar": null, "motor_vehicle": null, "name": null, "oneway": null, "oneway:bicycle": null, "psv": null, "ref": null, "service": null, "segregated": null, "sidewalk": null, "smoothness": null, "surface": null, "tracktype": null, "tunnel": null, "turn": null, "width": null, "id": null, "timestamp": null, "version": null, "tags": null, "osm_type": null, "u": -1, "v": -1, "length": 16.284777664769319, "is_covered": 1, "is_synthesized": 1.0, "length_m": 16.284777664769319 }, "geometry": { "type": "LineString", "coordinates": [ [ 103.793738286661082, 1.332047436879091 ], [ 103.793601418402943, 1.332099529832437 ] ] } },
{ "type": "Feature", "properties": { "access": null, "area": null, "bicycle": null, "bridge": null, "busway": null, "cycleway": null, "est_width": null, "foot": null, "footway": null, "highway": null, "junction": null, "lanes": null, "lit": null, "maxspeed": null, "motorcar": null, "motor_vehicle": null, "name": null, "oneway": null, "oneway:bicycle": null, "psv": null, "ref": null, "service": null, "segregated": null, "sidewalk": null, "smoothness": null, "surface": null, "tracktype": null, "tunnel": null, "turn": null, "width": null, "id": null, "timestamp": null, "version": null, "tags": null, "osm_type": null, "u": -1, "v": -1, "length": 88.640330598573868, "is_covered": 1, "is_synthesized": 1.0, "length_m": 88.640330598573868 }, "geometry": { "type": "LineString", "coordinates": [ [ 103.793602808683119, 1.332094546485884 ], [ 103.792847601994751, 1.332349260361993 ] ] } },
{ "type": "Feature", "properties": { "access": null, "area": null, "bicycle": null, "bridge": null, "busway": null, "cycleway": null, "est_width": null, "foot": null, "footway": null, "highway": null, "junction": null, "lanes": null, "lit": null, "maxspeed": null, "motorcar": null, "motor_vehicle": null, "name": null, "oneway": null, "oneway:bicycle": null, "psv": null, "ref": null, "service": null, "segregated": null, "sidewalk": null, "smoothness": null, "surface": null, "tracktype": null, "tunnel": null, "turn": null, "width": null, "id": null, "timestamp": null, "version": null, "tags": null, "osm_type": null, "u": -1, "v": -1, "length": 40.649078052949811, "is_covered": 1, "is_synthesized": 1.0, "length_m": 40.649078052949811 }, "geometry": { "type": "LineString", "coordinates": [ [ 103.792446685168343, 1.332549030872274 ], [ 103.792783342975156, 1.332406437102664 ] ] } },
{ "type": "Feature", "properties": { "access": null, "area": null, "bicycle": null, "bridge": null, "busway": null, "cycleway": null, "est_width": null, "foot": null, "footway": null, "highway": null, "junction": null, "lanes": null, "lit": null, "maxspeed": null, "motorcar": null, "motor_vehicle": null, "name": null, "oneway": null, "oneway:bicycle": null, "psv": null, "ref": null, "service": null, "segregated": null, "sidewalk": null, "smoothness": null, "surface": null, "tracktype": null, "tunnel": null, "turn": null, "width": null, "id": null, "timestamp": null, "version": null, "tags": null, "osm_type": null, "u": -1, "v": -1, "length": 4.017827738159272, "is_covered": 1, "is_synthesized": 1.0, "length_m": 4.017827738159272 }, "geometry": { "type": "LineString", "coordinates": [ [ 103.787215667625404, 1.334304629825145 ], [ 103.787227689242414, 1.334338892003865 ] ] } },
{ "type": "Feature", "properties": { "access": null, "area": null, "bicycle": null, "bridge": null, "busway": null, "cycleway": null, "est_width": null, "foot": null, "footway": null, "highway": null, "junction": null, "lanes": null, "lit": null, "maxspeed": null, "motorcar": null, "motor_vehicle": null, "name": null, "oneway": null, "oneway:bicycle": null, "psv": null, "ref": null, "service": null, "segregated": null, "sidewalk": null, "smoothness": null, "surface": null, "tracktype": null, "tunnel": null, "turn": null, "width": null, "id": null, "timestamp": null, "version": null, "tags": null, "osm_type": null, "u": -1, "v": -1, "length": 6.999352658969471, "is_covered": 1, "is_synthesized": 1.0, "length_m": 6.999352658969471 }, "geometry": { "type": "LineString", "coordinates": [ [ 103.787218251145006, 1.334318505651003 ], [ 103.787156303378467, 1.334329439821545 ] ] } },
{ "type": "Feature", "properties": { "access": null, "area": null, "bicycle": null, "bridge": null, "busway": null, "cycleway": null, "est_width": null, "foot": null, "footway": null, "highway": null, "junction": null, "lanes": null, "lit": null, "maxspeed": null, "motorcar": null, "motor_vehicle": null, "name": null, "oneway": null, "oneway:bicycle": null, "psv": null, "ref": null, "service": null, "segregated": null, "sidewalk": null, "smoothness": null, "surface": null, "tracktype": null, "tunnel": null, "turn": null, "width": null, "id": null, "timestamp": null, "version": null, "tags": null, "osm_type": null, "u": -1, "v": -1, "length": 9.8037538363517687, "is_covered": 1, "is_synthesized": 1.0, "length_m": 9.8037538363517687 }, "geometry": { "type": "LineString", "coordinates": [ [ 103.787076862467245, 1.334338452564247 ], [ 103.787163728944748, 1.334323713068946 ] ] } },
{ "type": "Feature", "properties": { "access": null, "area": null, "bicycle": null, "bridge": null, "busway": null, "cycleway": null, "est_width": null, "foot": null, "footway": null, "highway": null, "junction": null, "lanes": null, "lit": null, "maxspeed": null, "motorcar": null, "motor_vehicle": null, "name": null, "oneway": null, "oneway:bicycle": null, "psv": null, "ref": null, "service": null, "segregated": null, "sidewalk": null, "smoothness": null, "surface": null, "tracktype": null, "tunnel": null, "turn": null, "width": null, "id": null, "timestamp": null, "version": null, "tags": null, "osm_type": null, "u": -1, "v": -1, "length": 6.4705266785640863, "is_covered": 1, "is_synthesized": 1.0, "length_m": 6.4705266785640863 }, "geometry": { "type": "LineString", "coordinates": [ [ 103.782763141125585, 1.334308661394776 ], [ 103.782794770080486, 1.334357762217539 ] ] } },
{ "type": "Feature", "properties": { "access": null, "area": null, "bicycle": null, "bridge": null, "busway": null, "cycleway": null, "est_width": null, "foot": null, "footway": null, "highway": null, "junction": null, "lanes": null, "lit": null, "maxspeed": null, "motorcar": null, "motor_vehicle": null, "name": null, "oneway": null, "oneway:bicycle": null, "psv": null, "ref": null, "service": null, "segregated": null, "sidewalk": null, "smoothness": null, "surface": null, "tracktype": null, "tunnel": null, "turn": null, "width": null, "id": null, "timestamp": null, "version": null, "tags": null, "osm_type": null, "u": -1, "v": -1, "length": 26.468541743704378, "is_covered": 1, "is_synthesized": 1.0, "length_m": 26.468541743704378 }, "geometry": { "type": "LineString", "coordinates": [ [ 103.787075627404192, 1.334329768315676 ], [ 103.786860872129012, 1.334432632716669 ] ] } },
{ "type": "Feature", "properties": { "access": null, "area": null, "bicycle": null, "bridge": null, "busway": null, "cycleway": null, "est_width": null, "foot": null, "footway": null, "highway": null, "junction": null, "lanes": null, "lit": null, "maxspeed": null, "motorcar": null, "motor_vehicle": null, "name": null, "oneway": null, "oneway:bicycle": null, "psv": null, "ref": null, "service": null, "segregated": null, "sidewalk": null, "smoothness": null, "surface": null, "tracktype": null, "tunnel": null, "turn": null, "width": null, "id": null, "timestamp": null, "version": null, "tags": null, "osm_type": null, "u": -1, "v": -1, "length": 6.3874711297889686, "is_covered": 1, "is_synthesized": 1.0, "length_m": 6.3874711297889686 }, "geometry": { "type": "LineString", "coordinates": [ [ 103.782603372751424, 1.33441234304498 ], [ 103.782634430490589, 1.334460921020372 ] ] } },
{ "type": "Feature", "properties": { "access": null, "area": null, "bicycle": null, "bridge": null, "busway": null, "cycleway": null, "est_width": null, "foot": null, "footway": null, "highway": null, "junction": null, "lanes": null, "lit": null, "maxspeed": null, "motorcar": null, "motor_vehicle": null, "name": null, "oneway": null, "oneway:bicycle": null, "psv": null, "ref": null, "service": null, "segregated": null, "sidewalk": null, "smoothness": null, "surface": null, "tracktype": null, "tunnel": null, "turn": null, "width": null, "id": null, "timestamp": null, "version": null, "tags": null, "osm_type": null, "u": -1, "v": -1, "length": 52.659408717900931, "is_covered": 1, "is_synthesized": 1.0, "length_m": 52.659408717900931 }, "geometry": { "type": "LineString", "coordinates": [ [ 103.786338549835932, 1.334635281399875 ], [ 103.786779093675534, 1.334461493625361 ] ] } },
{ "type": "Feature", "properties": { "access": null, "area": null, "bicycle": null, "bridge": null, "busway": null, "cycleway": null, "est_width": null, "foot": null, "footway": null, "highway": null, "junction": null, "lanes": null, "lit": null, "maxspeed": null, "motorcar": null, "motor_vehicle": null, "name": null, "oneway": null, "oneway:bicycle": null, "psv": null, "ref": null, "service": null, "segregated": null, "sidewalk": null, "smoothness": null, "surface": null, "tracktype": null, "tunnel": null, "turn": null, "width": null, "id": null, "timestamp": null, "version": null, "tags": null, "osm_type": null, "u": -1, "v": -1, "length": 51.605589481055894, "is_covered": 1, "is_synthesized": 1.0, "length_m": 51.605589481055894 }, "geometry": { "type": "LineString", "coordinates": [ [ 103.783056314768444, 1.334743084399887 ], [ 103.782805735970697, 1.334350392084716 ] ] } },
{ "type": "Feature", "properties": { "access": null, "area": null, "bicycle": null, "bridge": null, "busway": null, "cycleway": null, "est_width": null, "foot": null, "footway": null, "highway": null, "junction": null, "lanes": null, "lit": null, "maxspeed": null, "motorcar": null, "motor_vehicle": null, "name": null, "oneway": null, "oneway:bicycle": null, "psv": null, "ref": null, "service": null, "segregated": null, "sidewalk": null, "smoothness": null, "surface": null, "tracktype": null, "tunnel": null, "turn": null, "width": null, "id": null, "timestamp": null, "version": null, "tags": null, "osm_type": null, "u": -1, "v": -1, "length": 12.747921817714179, "is_covered": 1, "is_synthesized": 1.0, "length_m": 12.747921817714179 }, "geometry": { "type": "LineString", "coordinates": [ [ 103.786337234277383, 1.334613425393521 ], [ 103.786229134164543, 1.334651557753792 ] ] } },
{ "type": "Feature", "properties": { "access": null, "area": null, "bicycle": null, "bridge": null, "busway": null, "cycleway": null, "est_width": null, "foot": null, "footway": null, "highway": null, "junction": null, "lanes": null, "lit": null, "maxspeed": null, "motorcar": null, "motor_vehicle": null, "name": null, "oneway": null, "oneway:bicycle": null, "psv": null, "ref": null, "service": null, "segregated": null, "sidewalk": null, "smoothness": null, "surface": null, "tracktype": null, "tunnel": null, "turn": null, "width": null, "id": null, "timestamp": null, "version": null, "tags": null, "osm_type": null, "u": -1, "v": -1, "length": 8.1236521442881351, "is_covered": 1, "is_synthesized": 1.0, "length_m": 8.1236521442881351 }, "geometry": { "type": "LineString", "coordinates": [ [ 103.787627240885698, 1.334735804594358 ], [ 103.787695984616562, 1.334711096691424 ] ] } },
{ "type": "Feature", "properties": { "access": null, "area": null, "bicycle": null, "bridge": null, "busway": null, "cycleway": null, "est_width": null, "foot": null, "footway": null, "highway": null, "junction": null, "lanes": null, "lit": null, "maxspeed": null, "motorcar": null, "motor_vehicle": null, "name": null, "oneway": null, "oneway:bicycle": null, "psv": null, "ref": null, "service": null, "segregated": null, "sidewalk": null, "smoothness": null, "surface": null, "tracktype": null, "tunnel": null, "turn": null, "width": null, "id": null, "timestamp": null, "version": null, "tags": null, "osm_type": null, "u": -1, "v": -1, "length": 15.480462538355706, "is_covered": 1, "is_synthesized": 1.0, "length_m": 15.480462538355706 }, "geometry": { "type": "LineString", "coordinates": [ [ 103.783042009829927, 1.334744917508087 ], [ 103.783116506492092, 1.33486314701522 ] ] } },
{ "type": "Feature", "properties": { "access": null, "area": null, "bicycle": null, "bridge": null, "busway": null, "cycleway": null, "est_width": null, "foot": null, "footway": null, "highway": null, "junction": null, "lanes": null, "lit": null, "maxspeed": null, "motorcar": null, "motor_vehicle": null, "name": null, "oneway": null, "oneway:bicycle": null, "psv": null, "ref": null, "service": null, "segregated": null, "sidewalk": null, "smoothness": null, "surface": null, "tracktype": null, "tunnel": null, "turn": null, "width": null, "id": null, "timestamp": null, "version": null, "tags": null, "osm_type": null, "u": -1, "v": -1, "length": 100.37137204857581, "is_covered": 1, "is_synthesized": 1.0, "length_m": 100.37137204857581 }, "geometry": { "type": "LineString", "coordinates": [ [ 103.785419333563809, 1.335009175739467 ], [ 103.786259716969397, 1.334679693570857 ] ] } },
{ "type": "Feature", "properties": { "access": null, "area": null, "bicycle": null, "bridge": null, "busway": null, "cycleway": null, "est_width": null, "foot": null, "footway": null, "highway": null, "junction": null, "lanes": null, "lit": null, "maxspeed": null, "motorcar": null, "motor_vehicle": null, "name": null, "oneway": null, "oneway:bicycle": null, "psv": null, "ref": null, "service": null, "segregated": null, "sidewalk": null, "smoothness": null, "surface": null, "tracktype": null, "tunnel": null, "turn": null, "width": null, "id": null, "timestamp": null, "version": null, "tags": null, "osm_type": null, "u": -1, "v": -1, "length": 58.821284993699187, "is_covered": 1, "is_synthesized": 1.0, "length_m": 58.821284993699187 }, "geometry": { "type": "LineString", "coordinates": [ [ 103.787398565024176, 1.334805021298003 ], [ 103.786900979589078, 1.334984404268402 ] ] } },
{ "type": "Feature", "properties": { "access": null, "area": null, "bicycle": null, "bridge": null, "busway": null, "cycleway": null, "est_width": null, "foot": null, "footway": null, "highway": null, "junction": null, "lanes": null, "lit": null, "maxspeed": null, "motorcar": null, "motor_vehicle": null, "name": null, "oneway": null, "oneway:bicycle": null, "psv": null, "ref": null, "service": null, "segregated": null, "sidewalk": null, "smoothness": null, "surface": null, "tracktype": null, "tunnel": null, "turn": null, "width": null, "id": null, "timestamp": null, "version": null, "tags": null, "osm_type": null, "u": -1, "v": -1, "length": 117.55693358412533, "is_covered": 1, "is_synthesized": 1.0, "length_m": 117.55693358412533 }, "geometry": { "type": "LineString", "coordinates": [ [ 103.782624096701198, 1.334465806136526 ], [ 103.783196986087546, 1.335359010820176 ] ] } },
{ "type": "Feature", "properties": { "access": null, "area": null, "bicycle": null, "bridge": null, "busway": null, "cycleway": null, "est_width": null, "foot": null, "footway": null, "highway": null, "junction": null, "lanes": null, "lit": null, "maxspeed": null, "motorcar": null, "motor_vehicle": null, "name": null, "oneway": null, "oneway:bicycle": null, "psv": null, "ref": null, "service": null, "segregated": null, "sidewalk": null, "smoothness": null, "surface": null, "tracktype": null, "tunnel": null, "turn": null, "width": null, "id": null, "timestamp": null, "version": null, "tags": null, "osm_type": null, "u": -1, "v": -1, "length": 13.502814268795159, "is_covered": 1, "is_synthesized": 1.0, "length_m": 13.502814268795159 }, "geometry": { "type": "LineString", "coordinates": [ [ 103.786898969577024, 1.334973745800332 ], [ 103.786784498014015, 1.335014222061691 ] ] } },
{ "type": "Feature", "properties": { "access": null, "area": null, "bicycle": null, "bridge": null, "busway": null, "cycleway": null, "est_width": null, "foot": null, "footway": null, "highway": null, "junction": null, "lanes": null, "lit": null, "maxspeed": null, "motorcar": null, "motor_vehicle": null, "name": null, "oneway": null, "oneway:bicycle": null, "psv": null, "ref": null, "service": null, "segregated": null, "sidewalk": null, "smoothness": null, "surface": null, "tracktype": null, "tunnel": null, "turn": null, "width": null, "id": null, "timestamp": null, "version": null, "tags": null, "osm_type": null, "u": -1, "v": -1, "length": 10.406670426954514, "is_covered": 1, "is_synthesized": 1.0, "length_m": 10.406670426954514 }, "geometry": { "type": "LineString", "coordinates": [ [ 103.785335804523655, 1.335036357207534 ], [ 103.785423785965165, 1.335004476552063 ] ] } },
{ "type": "Feature", "properties": { "access": null, "area": null, "bicycle": null, "bridge": null, "busway": null, "cycleway": null, "est_width": null, "foot": null, "footway": null, "highway": null, "junction": null, "lanes": null, "lit": null, "maxspeed": null, "motorcar": null, "motor_vehicle": null, "name": null, "oneway": null, "oneway:bicycle": null, "psv": null, "ref": null, "service": null, "segregated": null, "sidewalk": null, "smoothness": null, "surface": null, "tracktype": null, "tunnel": null, "turn": null, "width": null, "id": null, "timestamp": null, "version": null, "tags": null, "osm_type": null, "u": -1, "v": -1, "length": 19.006941067356518, "is_covered": 1, "is_synthesized": 1.0, "length_m": 19.006941067356518 }, "geometry": { "type": "LineString", "coordinates": [ [ 103.786629036290108, 1.335063073079809 ], [ 103.786789739018701, 1.335004878483706 ] ] } },
{ "type": "Feature", "properties": { "access": null, "area": null, "bicycle": null, "bridge": null, "busway": null, "cycleway": null, "est_width": null, "foot": null, "footway": null, "highway": null, "junction": null, "lanes": null, "lit": null, "maxspeed": null, "motorcar": null, "motor_vehicle": null, "name": null, "oneway": null, "oneway:bicycle": null, "psv": null, "ref": null, "service": null, "segregated": null, "sidewalk": null, "smoothness": null, "surface": null, "tracktype": null, "tunnel": null, "turn": null, "width": null, "id": null, "timestamp": null, "version": null, "tags": null, "osm_type": null, "u": -1, "v": -1, "length": 40.059732371653276, "is_covered": 1, "is_synthesized": 1.0, "length_m": 40.059732371653276 }, "geometry": { "type": "LineString", "coordinates": [ [ 103.784997092843213, 1.335143414448952 ], [ 103.785336638252232, 1.335023143842724 ] ] } },
{ "type": "Feature", "properties": { "access": null, "area": null, "bicycle": null, "bridge": null, "busway": null, "cycleway": null, "est_width": null, "foot": null, "footway": null, "highway": null, "junction": null, "lanes": null, "lit": null, "maxspeed": null, "motorcar": null, "motor_vehicle": null, "name": null, "oneway": null, "oneway:bicycle": null, "psv": null, "ref": null, "service": null, "segregated": null, "sidewalk": null, "smoothness": null, "surface": null, "tracktype": null, "tunnel": null, "turn": null, "width": null, "id": null, "timestamp": null, "version": null, "tags": null, "osm_type": null, "u": -1, "v": -1, "length": 69.898354077455366, "is_covered": 1, "is_synthesized": 1.0, "length_m": 69.898354077455366 }, "geometry": { "type": "LineString", "coordinates": [ [ 103.783462119833899, 1.335383832400145 ], [ 103.783123084174917, 1.334851704708353 ] ] } },
{ "type": "Feature", "properties": { "access": null, "area": null, "bicycle": null, "bridge": null, "busway": null, "cycleway": null, "est_width": null, "foot": null, "footway": null, "highway": null, "junction": null, "lanes": null, "lit": null, "maxspeed": null, "motorcar": null, "motor_vehicle": null, "name": null, "oneway": null, "oneway:bicycle": null, "psv": null, "ref": null, "service": null, "segregated": null, "sidewalk": null, "smoothness": null, "surface": null, "tracktype": null, "tunnel": null, "turn": null, "width": null, "id": null, "timestamp": null, "version": null, "tags": null, "osm_type": null, "u": -1, "v": -1, "length": 36.250882922934082, "is_covered": 1, "is_synthesized": 1.0, "length_m": 36.250882922934082 }, "geometry": { "type": "LineString", "coordinates": [ [ 103.786330938274787, 1.335177060504145 ], [ 103.786638259021188, 1.335068394154923 ] ] } },
{ "type": "Feature", "properties": { "access": null, "area": null, "bicycle": null, "bridge": null, "busway": null, "cycleway": null, "est_width": null, "foot": null, "footway": null, "highway": null, "junction": null, "lanes": null, "lit": null, "maxspeed": null, "motorcar": null, "motor_vehicle": null, "name": null, "oneway": null, "oneway:bicycle": null, "psv": null, "ref": null, "service": null, "segregated": null, "sidewalk": null, "smoothness": null, "surface": null, "tracktype": null, "tunnel": null, "turn": null, "width": null, "id": null, "timestamp": null, "version": null, "tags": null, "osm_type": null, "u": -1, "v": -1, "length": 10.908621134676913, "is_covered": 1, "is_synthesized": 1.0, "length_m": 10.908621134676913 }, "geometry": { "type": "LineString", "coordinates": [ [ 103.785007481746462, 1.335153016334997 ], [ 103.784914634113349, 1.33518464038508 ] ] } },
{ "type": "Feature", "properties": { "access": null, "area": null, "bicycle": null, "bridge": null, "busway": null, "cycleway": null, "est_width": null, "foot": null, "footway": null, "highway": null, "junction": null, "lanes": null, "lit": null, "maxspeed": null, "motorcar": null, "motor_vehicle": null, "name": null, "oneway": null, "oneway:bicycle": null, "psv": null, "ref": null, "service": null, "segregated": null, "sidewalk": null, "smoothness": null, "surface": null, "tracktype": null, "tunnel": null, "turn": null, "width": null, "id": null, "timestamp": null, "version": null, "tags": null, "osm_type": null, "u": -1, "v": -1, "length": 96.887454335022625, "is_covered": 1, "is_synthesized": 1.0, "length_m": 96.887454335022625 }, "geometry": { "type": "LineString", "coordinates": [ [ 103.784916336204702, 1.335171917238018 ], [ 103.784095280370224, 1.335463258306344 ] ] } },
{ "type": "Feature", "properties": { "access": null, "area": null, "bicycle": null, "bridge": null, "busway": null, "cycleway": null, "est_width": null, "foot": null, "footway": null, "highway": null, "junction": null, "lanes": null, "lit": null, "maxspeed": null, "motorcar": null, "motor_vehicle": null, "name": null, "oneway": null, "oneway:bicycle": null, "psv": null, "ref": null, "service": null, "segregated": null, "sidewalk": null, "smoothness": null, "surface": null, "tracktype": null, "tunnel": null, "turn": null, "width": null, "id": null, "timestamp": null, "version": null, "tags": null, "osm_type": null, "u": -1, "v": -1, "length": 104.71291386242692, "is_covered": 1, "is_synthesized": 1.0, "length_m": 104.71291386242692 }, "geometry": { "type": "LineString", "coordinates": [ [ 103.78633553439559, 1.335168293297929 ], [ 103.785451422129427, 1.335492319255512 ] ] } },
{ "type": "Feature", "properties": { "access": null, "area": null, "bicycle": null, "bridge": null, "busway": null, "cycleway": null, "est_width": null, "foot": null, "footway": null, "highway": null, "junction": null, "lanes": null, "lit": null, "maxspeed": null, "motorcar": null, "motor_vehicle": null, "name": null, "oneway": null, "oneway:bicycle": null, "psv": null, "ref": null, "service": null, "segregated": null, "sidewalk": null, "smoothness": null, "surface": null, "tracktype": null, "tunnel": null, "turn": null, "width": null, "id": null, "timestamp": null, "version": null, "tags": null, "osm_type": null, "u": -1, "v": -1, "length": 6.6998649911699655, "is_covered": 1, "is_synthesized": 1.0, "length_m": 6.6998649911699655 }, "geometry": { "type": "LineString", "coordinates": [ [ 103.783194809746391, 1.335360078240597 ], [ 103.783228257789347, 1.335410456935376 ] ] } },
{ "type": "Feature", "properties": { "access": null, "area": null, "bicycle": null, "bridge": null, "busway": null, "cycleway": null, "est_width": null, "foot": null, "footway": null, "highway": null, "junction": null, "lanes": null, "lit": null, "maxspeed": null, "motorcar": null, "motor_vehicle": null, "name": null, "oneway": null, "oneway:bicycle": null, "psv": null, "ref": null, "service": null, "segregated": null, "sidewalk": null, "smoothness": null, "surface": null, "tracktype": null, "tunnel": null, "turn": null, "width": null, "id": null, "timestamp": null, "version": null, "tags": null, "osm_type": null, "u": -1, "v": -1, "length": 9.4569045389096846, "is_covered": 1, "is_synthesized": 1.0, "length_m": 9.4569045389096846 }, "geometry": { "type": "LineString", "coordinates": [ [ 103.784105231325825, 1.335472965228514 ], [ 103.784025010554615, 1.335501173121401 ] ] } },
{ "type": "Feature", "properties": { "access": null, "area": null, "bicycle": null, "bridge": null, "busway": null, "cycleway": null, "est_width": null, "foot": null, "footway": null, "highway": null, "junction": null, "lanes": null, "lit": null, "maxspeed": null, "motorcar": null, "motor_vehicle": null, "name": null, "oneway": null, "oneway:bicycle": null, "psv": null, "ref": null, "service": null, "segregated": null, "sidewalk": null, "smoothness": null, "surface": null, "tracktype": null, "tunnel": null, "turn": null, "width": null, "id": null, "timestamp": null, "version": null, "tags": null, "osm_type": null, "u": -1, "v": -1, "length": 23.304181297296935, "is_covered": 1, "is_synthesized": 1.0, "length_m": 23.304181297296935 }, "geometry": { "type": "LineString", "coordinates": [ [ 103.78333567644998, 1.335590004146035 ], [ 103.783226734352809, 1.33541001731335 ] ] } },
{ "type": "Feature", "properties": { "access": null, "area": null, "bicycle": null, "bridge": null, "busway": null, "cycleway": null, "est_width": null, "foot": null, "footway": null, "highway": null, "junction": null, "lanes": null, "lit": null, "maxspeed": null, "motorcar": null, "motor_vehicle": null, "name": null, "oneway": null, "oneway:bicycle": null, "psv": null, "ref": null, "service": null, "segregated": null, "sidewalk": null, "smoothness": null, "surface": null, "tracktype": null, "tunnel": null, "turn": null, "width": null, "id": null, "timestamp": null, "version": null, "tags": null, "osm_type": null, "u": -1, "v": -1, "length": 3.4863955478525757, "is_covered": 1, "is_synthesized": 1.0, "length_m": 3.4863955478525757 }, "geometry": { "type": "LineString", "coordinates": [ [ 103.783318511972467, 1.335518109124673 ], [ 103.783301657769798, 1.335491531401944 ] ] } },
{ "type": "Feature", "properties": { "access": null, "area": null, "bicycle": null, "bridge": null, "busway": null, "cycleway": null, "est_width": null, "foot": null, "footway": null, "highway": null, "junction": null, "lanes": null, "lit": null, "maxspeed": null, "motorcar": null, "motor_vehicle": null, "name": null, "oneway": null, "oneway:bicycle": null, "psv": null, "ref": null, "service": null, "segregated": null, "sidewalk": null, "smoothness": null, "surface": null, "tracktype": null, "tunnel": null, "turn": null, "width": null, "id": null, "timestamp": null, "version": null, "tags": null, "osm_type": null, "u": -1, "v": -1, "length": 33.816630871700134, "is_covered": 1, "is_synthesized": 1.0, "length_m": 33.816630871700134 }, "geometry": { "type": "LineString", "coordinates": [ [ 103.783460700431348, 1.335426324571797 ], [ 103.783689253345273, 1.335627857402385 ] ] } },
{ "type": "Feature", "properties": { "access": null, "area": null, "bicycle": null, "bridge": null, "busway": null, "cycleway": null, "est_width": null, "foot": null, "footway": null, "highway": null, "junction": null, "lanes": null, "lit": null, "maxspeed": null, "motorcar": null, "motor_vehicle": null, "name": null, "oneway": null, "oneway:bicycle": null, "psv": null, "ref": null, "service": null, "segregated": null, "sidewalk": null, "smoothness": null, "surface": null, "tracktype": null, "tunnel": null, "turn": null, "width": null, "id": null, "timestamp": null, "version": null, "tags": null, "osm_type": null, "u": -1, "v": -1, "length": 17.639806308820678, "is_covered": 1, "is_synthesized": 1.0, "length_m": 17.639806308820678 }, "geometry": { "type": "LineString", "coordinates": [ [ 103.785304527351428, 1.335537260767524 ], [ 103.785454367500051, 1.335485241354335 ] ] } },
{ "type": "Feature", "properties": { "access": null, "area": null, "bicycle": null, "bridge": null, "busway": null, "cycleway": null, "est_width": null, "foot": null, "footway": null, "highway": null, "junction": null, "lanes": null, "lit": null, "maxspeed": null, "motorcar": null, "motor_vehicle": null, "name": null, "oneway": null, "oneway:bicycle": null, "psv": null, "ref": null, "service": null, "segregated": null, "sidewalk": null, "smoothness": null, "surface": null, "tracktype": null, "tunnel": null, "turn": null, "width": null, "id": null, "timestamp": null, "version": null, "tags": null, "osm_type": null, "u": -1, "v": -1, "length": 38.612035274525546, "is_covered": 1, "is_synthesized": 1.0, "length_m": 38.612035274525546 }, "geometry": { "type": "LineString", "coordinates": [ [ 103.784026041784017, 1.335487663760596 ], [ 103.783698651280361, 1.335603256592707 ] ] } },
{ "type": "Feature", "properties": { "access": null, "area": null, "bicycle": null, "bridge": null, "busway": null, "cycleway": null, "est_width": null, "foot": null, "footway": null, "highway": null, "junction": null, "lanes": null, "lit": null, "maxspeed": null, "motorcar": null, "motor_vehicle": null, "name": null, "oneway": null, "oneway:bicycle": null, "psv": null, "ref": null, "service": null, "segregated": null, "sidewalk": null, "smoothness": null, "surface": null, "tracktype": null, "tunnel": null, "turn": null, "width": null, "id": null, "timestamp": null, "version": null, "tags": null, "osm_type": null, "u": -1, "v": -1, "length": 13.164976185091515, "is_covered": 1, "is_synthesized": 1.0, "length_m": 13.164976185091515 }, "geometry": { "type": "LineString", "coordinates": [ [ 103.783366292308472, 1.335696554967185 ], [ 103.783326653861778, 1.335584378565856 ] ] } },
{ "type": "Feature", "properties": { "access": null, "area": null, "bicycle": null, "bridge": null, "busway": null, "cycleway": null, "est_width": null, "foot": null, "footway": null, "highway": null, "junction": null, "lanes": null, "lit": null, "maxspeed": null, "motorcar": null, "motor_vehicle": null, "name": null, "oneway": null, "oneway:bicycle": null, "psv": null, "ref": null, "service": null, "segregated": null, "sidewalk": null, "smoothness": null, "surface": null, "tracktype": null, "tunnel": null, "turn": null, "width": null, "id": null, "timestamp": null, "version": null, "tags": null, "osm_type": null, "u": -1, "v": -1, "length": 70.3686147617763, "is_covered": 1, "is_synthesized": 1.0, "length_m": 70.3686147617763 }, "geometry": { "type": "LineString", "coordinates": [ [ 103.785281735132131, 1.335522557335588 ], [ 103.784700211137945, 1.335772428142946 ] ] } },
{ "type": "Feature", "properties": { "access": null, "area": null, "bicycle": null, "bridge": null, "busway": null, "cycleway": null, "est_width": null, "foot": null, "footway": null, "highway": null, "junction": null, "lanes": null, "lit": null, "maxspeed": null, "motorcar": null, "motor_vehicle": null, "name": null, "oneway": null, "oneway:bicycle": null, "psv": null, "ref": null, "service": null, "segregated": null, "sidewalk": null, "smoothness": null, "surface": null, "tracktype": null, "tunnel": null, "turn": null, "width": null, "id": null, "timestamp": null, "version": null, "tags": null, "osm_type": null, "u": -1, "v": -1, "length": 27.753116898023755, "is_covered": 1, "is_synthesized": 1.0, "length_m": 27.753116898023755 }, "geometry": { "type": "LineString", "coordinates": [ [ 103.783093650429194, 1.335815340552344 ], [ 103.783328841297944, 1.335731892160591 ] ] } },
{ "type": "Feature", "properties": { "access": null, "area": null, "bicycle": null, "bridge": null, "busway": null, "cycleway": null, "est_width": null, "foot": null, "footway": null, "highway": null, "junction": null, "lanes": null, "lit": null, "maxspeed": null, "motorcar": null, "motor_vehicle": null, "name": null, "oneway": null, "oneway:bicycle": null, "psv": null, "ref": null, "service": null, "segregated": null, "sidewalk": null, "smoothness": null, "surface": null, "tracktype": null, "tunnel": null, "turn": null, "width": null, "id": null, "timestamp": null, "version": null, "tags": null, "osm_type": null, "u": -1, "v": -1, "length": 35.594699997732185, "is_covered": 1, "is_synthesized": 1.0, "length_m": 35.594699997732185 }, "geometry": { "type": "LineString", "coordinates": [ [ 103.783226521414463, 1.335761898387249 ], [ 103.782928074147037, 1.335877646431538 ] ] } },
{ "type": "Feature", "properties": { "access": null, "area": null, "bicycle": null, "bridge": null, "busway": null, "cycleway": null, "est_width": null, "foot": null, "footway": null, "highway": null, "junction": null, "lanes": null, "lit": null, "maxspeed": null, "motorcar": null, "motor_vehicle": null, "name": null, "oneway": null, "oneway:bicycle": null, "psv": null, "ref": null, "service": null, "segregated": null, "sidewalk": null, "smoothness": null, "surface": null, "tracktype": null, "tunnel": null, "turn": null, "width": null, "id": null, "timestamp": null, "version": null, "tags": null, "osm_type": null, "u": -1, "v": -1, "length": 30.021992476646979, "is_covered": 1, "is_synthesized": 1.0, "length_m": 30.021992476646979 }, "geometry": { "type": "LineString", "coordinates": [ [ 103.784562843792045, 1.335820316677455 ], [ 103.784303117155758, 1.335893692967354 ] ] } },
{ "type": "Feature", "properties": { "access": null, "area": null, "bicycle": null, "bridge": null, "busway": null, "cycleway": null, "est_width": null, "foot": null, "footway": null, "highway": null, "junction": null, "lanes": null, "lit": null, "maxspeed": null, "motorcar": null, "motor_vehicle": null, "name": null, "oneway": null, "oneway:bicycle": null, "psv": null, "ref": null, "service": null, "segregated": null, "sidewalk": null, "smoothness": null, "surface": null, "tracktype": null, "tunnel": null, "turn": null, "width": null, "id": null, "timestamp": null, "version": null, "tags": null, "osm_type": null, "u": -1, "v": -1, "length": 12.991807091081458, "is_covered": 1, "is_synthesized": 1.0, "length_m": 12.991807091081458 }, "geometry": { "type": "LineString", "coordinates": [ [ 103.782936634193774, 1.335885172106042 ], [ 103.78282744788622, 1.335926746572259 ] ] } },
{ "type": "Feature", "properties": { "access": null, "area": null, "bicycle": null, "bridge": null, "busway": null, "cycleway": null, "est_width": null, "foot": null, "footway": null, "highway": null, "junction": null, "lanes": null, "lit": null, "maxspeed": null, "motorcar": null, "motor_vehicle": null, "name": null, "oneway": null, "oneway:bicycle": null, "psv": null, "ref": null, "service": null, "segregated": null, "sidewalk": null, "smoothness": null, "surface": null, "tracktype": null, "tunnel": null, "turn": null, "width": null, "id": null, "timestamp": null, "version": null, "tags": null, "osm_type": null, "u": -1, "v": -1, "length": 30.093474809573408, "is_covered": 1, "is_synthesized": 1.0, "length_m": 30.093474809573408 }, "geometry": { "type": "LineString", "coordinates": [ [ 103.784056006640498, 1.335985104888612 ], [ 103.784312377707508, 1.335898561275462 ] ] } },
{ "type": "Feature", "properties": { "access": null, "area": null, "bicycle": null, "bridge": null, "busway": null, "cycleway": null, "est_width": null, "foot": null, "footway": null, "highway": null, "junction": null, "lanes": null, "lit": null, "maxspeed": null, "motorcar": null, "motor_vehicle": null, "name": null, "oneway": null, "oneway:bicycle": null, "psv": null, "ref": null, "service": null, "segregated": null, "sidewalk": null, "smoothness": null, "surface": null, "tracktype": null, "tunnel": null, "turn": null, "width": null, "id": null, "timestamp": null, "version": null, "tags": null, "osm_type": null, "u": -1, "v": -1, "length": 13.448630027314579, "is_covered": 1, "is_synthesized": 1.0, "length_m": 13.448630027314579 }, "geometry": { "type": "LineString", "coordinates": [ [ 103.7828325731669, 1.335921653059087 ], [ 103.782720029155826, 1.335965949293545 ] ] } },
{ "type": "Feature", "properties": { "access": null, "area": null, "bicycle": null, "bridge": null, "busway": null, "cycleway": null, "est_width": null, "foot": null, "footway": null, "highway": null, "junction": null, "lanes": null, "lit": null, "maxspeed": null, "motorcar": null, "motor_vehicle": null, "name": null, "oneway": null, "oneway:bicycle": null, "psv": null, "ref": null, "service": null, "segregated": null, "sidewalk": null, "smoothness": null, "surface": null, "tracktype": null, "tunnel": null, "turn": null, "width": null, "id": null, "timestamp": null, "version": null, "tags": null, "osm_type": null, "u": -1, "v": -1, "length": 22.450542971962175, "is_covered": 1, "is_synthesized": 1.0, "length_m": 22.450542971962175 }, "geometry": { "type": "LineString", "coordinates": [ [ 103.783873067955383, 1.336055613292472 ], [ 103.784063261895682, 1.335987935282215 ] ] } },
{ "type": "Feature", "properties": { "access": null, "area": null, "bicycle": null, "bridge": null, "busway": null, "cycleway": null, "est_width": null, "foot": null, "footway": null, "highway": null, "junction": null, "lanes": null, "lit": null, "maxspeed": null, "motorcar": null, "motor_vehicle": null, "name": null, "oneway": null, "oneway:bicycle": null, "psv": null, "ref": null, "service": null, "segregated": null, "sidewalk": null, "smoothness": null, "surface": null, "tracktype": null, "tunnel": null, "turn": null, "width": null, "id": null, "timestamp": null, "version": null, "tags": null, "osm_type": null, "u": -1, "v": -1, "length": 43.127836329523568, "is_covered": 1, "is_synthesized": 1.0, "length_m": 43.127836329523568 }, "geometry": { "type": "LineString", "coordinates": [ [ 103.782281023795861, 1.336129679260722 ], [ 103.782645523404355, 1.335997229723379 ] ] } },
{ "type": "Feature", "properties": { "access": null, "area": null, "bicycle": null, "bridge": null, "busway": null, "cycleway": null, "est_width": null, "foot": null, "footway": null, "highway": null, "junction": null, "lanes": null, "lit": null, "maxspeed": null, "motorcar": null, "motor_vehicle": null, "name": null, "oneway": null, "oneway:bicycle": null, "psv": null, "ref": null, "service": null, "segregated": null, "sidewalk": null, "smoothness": null, "surface": null, "tracktype": null, "tunnel": null, "turn": null, "width": null, "id": null, "timestamp": null, "version": null, "tags": null, "osm_type": null, "u": -1, "v": -1, "length": 100.08581950877127, "is_covered": 1, "is_synthesized": 1.0, "length_m": 100.08581950877127 }, "geometry": { "type": "LineString", "coordinates": [ [ 103.782106852224445, 1.336154176106802 ], [ 103.781284153820053, 1.336519786013998 ] ] } },
{ "type": "Feature", "properties": { "access": null, "area": null, "bicycle": null, "bridge": null, "busway": null, "cycleway": null, "est_width": null, "foot": null, "footway": null, "highway": null, "junction": null, "lanes": null, "lit": null, "maxspeed": null, "motorcar": null, "motor_vehicle": null, "name": null, "oneway": null, "oneway:bicycle": null, "psv": null, "ref": null, "service": null, "segregated": null, "sidewalk": null, "smoothness": null, "surface": null, "tracktype": null, "tunnel": null, "turn": null, "width": null, "id": null, "timestamp": null, "version": null, "tags": null, "osm_type": null, "u": -1, "v": -1, "length": 61.850373448997786, "is_covered": 1, "is_synthesized": 1.0, "length_m": 61.850373448997786 }, "geometry": { "type": "LineString", "coordinates": [ [ 103.782722722547547, 1.336472296025273 ], [ 103.783245841631143, 1.336283421309999 ] ] } },
{ "type": "Feature", "properties": { "access": null, "area": null, "bicycle": null, "bridge": null, "busway": null, "cycleway": null, "est_width": null, "foot": null, "footway": null, "highway": null, "junction": null, "lanes": null, "lit": null, "maxspeed": null, "motorcar": null, "motor_vehicle": null, "name": null, "oneway": null, "oneway:bicycle": null, "psv": null, "ref": null, "service": null, "segregated": null, "sidewalk": null, "smoothness": null, "surface": null, "tracktype": null, "tunnel": null, "turn": null, "width": null, "id": null, "timestamp": null, "version": null, "tags": null, "osm_type": null, "u": -1, "v": -1, "length": 10.224492009378341, "is_covered": 1, "is_synthesized": 1.0, "length_m": 10.224492009378341 }, "geometry": { "type": "LineString", "coordinates": [ [ 103.782714377807437, 1.336447470472082 ], [ 103.782801064094457, 1.336416841453394 ] ] } },
{ "type": "Feature", "properties": { "access": null, "area": null, "bicycle": null, "bridge": null, "busway": null, "cycleway": null, "est_width": null, "foot": null, "footway": null, "highway": null, "junction": null, "lanes": null, "lit": null, "maxspeed": null, "motorcar": null, "motor_vehicle": null, "name": null, "oneway": null, "oneway:bicycle": null, "psv": null, "ref": null, "service": null, "segregated": null, "sidewalk": null, "smoothness": null, "surface": null, "tracktype": null, "tunnel": null, "turn": null, "width": null, "id": null, "timestamp": null, "version": null, "tags": null, "osm_type": null, "u": -1, "v": -1, "length": 106.63580557812379, "is_covered": 1, "is_synthesized": 1.0, "length_m": 106.63580557812379 }, "geometry": { "type": "LineString", "coordinates": [ [ 103.769590745890298, 1.343832150901732 ], [ 103.769011063733686, 1.344600027502627 ] ] } },
{ "type": "Feature", "properties": { "access": null, "area": null, "bicycle": null, "bridge": null, "busway": null, "cycleway": null, "est_width": null, "foot": null, "footway": null, "highway": null, "junction": null, "lanes": null, "lit": null, "maxspeed": null, "motorcar": null, "motor_vehicle": null, "name": null, "oneway": null, "oneway:bicycle": null, "psv": null, "ref": null, "service": null, "segregated": null, "sidewalk": null, "smoothness": null, "surface": null, "tracktype": null, "tunnel": null, "turn": null, "width": null, "id": null, "timestamp": null, "version": null, "tags": null, "osm_type": null, "u": -1, "v": -1, "length": 23.210197305014088, "is_covered": 1, "is_synthesized": 1.0, "length_m": 23.210197305014088 }, "geometry": { "type": "LineString", "coordinates": [ [ 103.8699068, 1.3335405 ], [ 103.869956640676875, 1.333744322715415 ] ] } },
{ "type": "Feature", "properties": { "access": null, "area": null, "bicycle": null, "bridge": null, "busway": null, "cycleway": null, "est_width": null, "foot": null, "footway": null, "highway": null, "junction": null, "lanes": null, "lit": null, "maxspeed": null, "motorcar": null, "motor_vehicle": null, "name": null, "oneway": null, "oneway:bicycle": null, "psv": null, "ref": null, "service": null, "segregated": null, "sidewalk": null, "smoothness": null, "surface": null, "tracktype": null, "tunnel": null, "turn": null, "width": null, "id": null, "timestamp": null, "version": null, "tags": null, "osm_type": null, "u": -1, "v": -1, "length": 55.913258750598857, "is_covered": 1, "is_synthesized": 1.0, "length_m": 55.913258750598857 }, "geometry": { "type": "LineString", "coordinates": [ [ 103.874889201043288, 1.334709214968401 ], [ 103.87532067418158, 1.334968267961746 ] ] } },
{ "type": "Feature", "properties": { "access": null, "area": null, "bicycle": null, "bridge": null, "busway": null, "cycleway": null, "est_width": null, "foot": null, "footway": null, "highway": null, "junction": null, "lanes": null, "lit": null, "maxspeed": null, "motorcar": null, "motor_vehicle": null, "name": null, "oneway": null, "oneway:bicycle": null, "psv": null, "ref": null, "service": null, "segregated": null, "sidewalk": null, "smoothness": null, "surface": null, "tracktype": null, "tunnel": null, "turn": null, "width": null, "id": null, "timestamp": null, "version": null, "tags": null, "osm_type": null, "u": -1, "v": -1, "length": 12.045477821840134, "is_covered": 1, "is_synthesized": 1.0, "length_m": 12.045477821840134 }, "geometry": { "type": "LineString", "coordinates": [ [ 103.875435053083166, 1.334963078973814 ], [ 103.875332215142151, 1.334929107536615 ] ] } },
{ "type": "Feature", "properties": { "access": null, "area": null, "bicycle": null, "bridge": null, "busway": null, "cycleway": null, "est_width": null, "foot": null, "footway": null, "highway": null, "junction": null, "lanes": null, "lit": null, "maxspeed": null, "motorcar": null, "motor_vehicle": null, "name": null, "oneway": null, "oneway:bicycle": null, "psv": null, "ref": null, "service": null, "segregated": null, "sidewalk": null, "smoothness": null, "surface": null, "tracktype": null, "tunnel": null, "turn": null, "width": null, "id": null, "timestamp": null, "version": null, "tags": null, "osm_type": null, "u": -1, "v": -1, "length": 9.4498562222397577, "is_covered": 1, "is_synthesized": 1.0, "length_m": 9.4498562222397577 }, "geometry": { "type": "LineString", "coordinates": [ [ 103.887323356906421, 1.333293924726749 ], [ 103.887406190528736, 1.333312718655134 ] ] } },
{ "type": "Feature", "properties": { "access": null, "area": null, "bicycle": null, "bridge": null, "busway": null, "cycleway": null, "est_width": null, "foot": null, "footway": null, "highway": null, "junction": null, "lanes": null, "lit": null, "maxspeed": null, "motorcar": null, "motor_vehicle": null, "name": null, "oneway": null, "oneway:bicycle": null, "psv": null, "ref": null, "service": null, "segregated": null, "sidewalk": null, "smoothness": null, "surface": null, "tracktype": null, "tunnel": null, "turn": null, "width": null, "id": null, "timestamp": null, "version": null, "tags": null, "osm_type": null, "u": -1, "v": -1, "length": 15.927888095899975, "is_covered": 1, "is_synthesized": 1.0, "length_m": 15.927888095899975 }, "geometry": { "type": "LineString", "coordinates": [ [ 103.88754225622904, 1.33334009605396 ], [ 103.887402595257697, 1.333308613587859 ] ] } },
{ "type": "Feature", "properties": { "access": null, "area": null, "bicycle": null, "bridge": null, "busway": null, "cycleway": null, "est_width": null, "foot": null, "footway": null, "highway": null, "junction": null, "lanes": null, "lit": null, "maxspeed": null, "motorcar": null, "motor_vehicle": null, "name": null, "oneway": null, "oneway:bicycle": null, "psv": null, "ref": null, "service": null, "segregated": null, "sidewalk": null, "smoothness": null, "surface": null, "tracktype": null, "tunnel": null, "turn": null, "width": null, "id": null, "timestamp": null, "version": null, "tags": null, "osm_type": null, "u": -1, "v": -1, "length": 41.413644510069304, "is_covered": 1, "is_synthesized": 1.0, "length_m": 41.413644510069304 }, "geometry": { "type": "LineString", "coordinates": [ [ 103.887892717382869, 1.333434898666302 ], [ 103.887532604609206, 1.333340506468032 ] ] } },
{ "type": "Feature", "properties": { "access": null, "area": null, "bicycle": null, "bridge": null, "busway": null, "cycleway": null, "est_width": null, "foot": null, "footway": null, "highway": null, "junction": null, "lanes": null, "lit": null, "maxspeed": null, "motorcar": null, "motor_vehicle": null, "name": null, "oneway": null, "oneway:bicycle": null, "psv": null, "ref": null, "service": null, "segregated": null, "sidewalk": null, "smoothness": null, "surface": null, "tracktype": null, "tunnel": null, "turn": null, "width": null, "id": null, "timestamp": null, "version": null, "tags": null, "osm_type": null, "u": -1, "v": -1, "length": 15.636853892871365, "is_covered": 1, "is_synthesized": 1.0, "length_m": 15.636853892871365 }, "geometry": { "type": "LineString", "coordinates": [ [ 103.888014462068966, 1.333470246303228 ], [ 103.887881216836305, 1.333425375217577 ] ] } },
{ "type": "Feature", "properties": { "access": null, "area": null, "bicycle": null, "bridge": null, "busway": null, "cycleway": null, "est_width": null, "foot": null, "footway": null, "highway": null, "junction": null, "lanes": null, "lit": null, "maxspeed": null, "motorcar": null, "motor_vehicle": null, "name": null, "oneway": null, "oneway:bicycle": null, "psv": null, "ref": null, "service": null, "segregated": null, "sidewalk": null, "smoothness": null, "surface": null, "tracktype": null, "tunnel": null, "turn": null, "width": null, "id": null, "timestamp": null, "version": null, "tags": null, "osm_type": null, "u": -1, "v": -1, "length": 49.771286681622676, "is_covered": 1, "is_synthesized": 1.0, "length_m": 49.771286681622676 }, "geometry": { "type": "LineString", "coordinates": [ [ 103.887999264570013, 1.333467375606704 ], [ 103.888421718524171, 1.3336150935275 ] ] } },
{ "type": "Feature", "properties": { "access": null, "area": null, "bicycle": null, "bridge": null, "busway": null, "cycleway": null, "est_width": null, "foot": null, "footway": null, "highway": null, "junction": null, "lanes": null, "lit": null, "maxspeed": null, "motorcar": null, "motor_vehicle": null, "name": null, "oneway": null, "oneway:bicycle": null, "psv": null, "ref": null, "service": null, "segregated": null, "sidewalk": null, "smoothness": null, "surface": null, "tracktype": null, "tunnel": null, "turn": null, "width": null, "id": null, "timestamp": null, "version": null, "tags": null, "osm_type": null, "u": -1, "v": -1, "length": 110.32240322888501, "is_covered": 1, "is_synthesized": 1.0, "length_m": 110.32240322888501 }, "geometry": { "type": "LineString", "coordinates": [ [ 103.888435141788037, 1.334599646054265 ], [ 103.888506352698926, 1.3336045073937 ] ] } },
{ "type": "Feature", "properties": { "access": null, "area": null, "bicycle": null, "bridge": null, "busway": null, "cycleway": null, "est_width": null, "foot": null, "footway": null, "highway": null, "junction": null, "lanes": null, "lit": null, "maxspeed": null, "motorcar": null, "motor_vehicle": null, "name": null, "oneway": null, "oneway:bicycle": null, "psv": null, "ref": null, "service": null, "segregated": null, "sidewalk": null, "smoothness": null, "surface": null, "tracktype": null, "tunnel": null, "turn": null, "width": null, "id": null, "timestamp": null, "version": null, "tags": null, "osm_type": null, "u": -1, "v": -1, "length": 18.747828710988706, "is_covered": 1, "is_synthesized": 1.0, "length_m": 18.747828710988706 }, "geometry": { "type": "LineString", "coordinates": [ [ 103.888341536348335, 1.334566443138317 ], [ 103.888225026486793, 1.334688901983409 ] ] } },
{ "type": "Feature", "properties": { "access": null, "area": null, "bicycle": null, "bridge": null, "busway": null, "cycleway": null, "est_width": null, "foot": null, "footway": null, "highway": null, "junction": null, "lanes": null, "lit": null, "maxspeed": null, "motorcar": null, "motor_vehicle": null, "name": null, "oneway": null, "oneway:bicycle": null, "psv": null, "ref": null, "service": null, "segregated": null, "sidewalk": null, "smoothness": null, "surface": null, "tracktype": null, "tunnel": null, "turn": null, "width": null, "id": null, "timestamp": null, "version": null, "tags": null, "osm_type": null, "u": -1, "v": -1, "length": 26.569203743451194, "is_covered": 1, "is_synthesized": 1.0, "length_m": 26.569203743451194 }, "geometry": { "type": "LineString", "coordinates": [ [ 103.88824280722622, 1.334698598506098 ], [ 103.88814471374927, 1.334917661290422 ] ] } },
{ "type": "Feature", "properties": { "access": null, "area": null, "bicycle": null, "bridge": null, "busway": null, "cycleway": null, "est_width": null, "foot": null, "footway": null, "highway": null, "junction": null, "lanes": null, "lit": null, "maxspeed": null, "motorcar": null, "motor_vehicle": null, "name": null, "oneway": null, "oneway:bicycle": null, "psv": null, "ref": null, "service": null, "segregated": null, "sidewalk": null, "smoothness": null, "surface": null, "tracktype": null, "tunnel": null, "turn": null, "width": null, "id": null, "timestamp": null, "version": null, "tags": null, "osm_type": null, "u": -1, "v": -1, "length": 44.198360265159842, "is_covered": 1, "is_synthesized": 1.0, "length_m": 44.198360265159842 }, "geometry": { "type": "LineString", "coordinates": [ [ 103.885085840029234, 1.332762165272965 ], [ 103.885002112393508, 1.33315289557079 ] ] } },
{ "type": "Feature", "properties": { "access": null, "area": null, "bicycle": null, "bridge": null, "busway": null, "cycleway": null, "est_width": null, "foot": null, "footway": null, "highway": null, "junction": null, "lanes": null, "lit": null, "maxspeed": null, "motorcar": null, "motor_vehicle": null, "name": null, "oneway": null, "oneway:bicycle": null, "psv": null, "ref": null, "service": null, "segregated": null, "sidewalk": null, "smoothness": null, "surface": null, "tracktype": null, "tunnel": null, "turn": null, "width": null, "id": null, "timestamp": null, "version": null, "tags": null, "osm_type": null, "u": -1, "v": -1, "length": 109.87635549037807, "is_covered": 1, "is_synthesized": 1.0, "length_m": 109.87635549037807 }, "geometry": { "type": "LineString", "coordinates": [ [ 103.884839321882254, 1.340575862871924 ], [ 103.885554108669538, 1.339890398323057 ] ] } },
{ "type": "Feature", "properties": { "access": null, "area": null, "bicycle": null, "bridge": null, "busway": null, "cycleway": null, "est_width": null, "foot": null, "footway": null, "highway": null, "junction": null, "lanes": null, "lit": null, "maxspeed": null, "motorcar": null, "motor_vehicle": null, "name": null, "oneway": null, "oneway:bicycle": null, "psv": null, "ref": null, "service": null, "segregated": null, "sidewalk": null, "smoothness": null, "surface": null, "tracktype": null, "tunnel": null, "turn": null, "width": null, "id": null, "timestamp": null, "version": null, "tags": null, "osm_type": null, "u": -1, "v": -1, "length": 9.9971709290752244, "is_covered": 1, "is_synthesized": 1.0, "length_m": 9.9971709290752244 }, "geometry": { "type": "LineString", "coordinates": [ [ 103.88426053018452, 1.340271931046787 ], [ 103.88418379765119, 1.340224921316972 ] ] } },
{ "type": "Feature", "properties": { "access": null, "area": null, "bicycle": null, "bridge": null, "busway": null, "cycleway": null, "est_width": null, "foot": null, "footway": null, "highway": null, "junction": null, "lanes": null, "lit": null, "maxspeed": null, "motorcar": null, "motor_vehicle": null, "name": null, "oneway": null, "oneway:bicycle": null, "psv": null, "ref": null, "service": null, "segregated": null, "sidewalk": null, "smoothness": null, "surface": null, "tracktype": null, "tunnel": null, "turn": null, "width": null, "id": null, "timestamp": null, "version": null, "tags": null, "osm_type": null, "u": -1, "v": -1, "length": 69.71270385394908, "is_covered": 1, "is_synthesized": 1.0, "length_m": 69.71270385394908 }, "geometry": { "type": "LineString", "coordinates": [ [ 103.884246925838383, 1.340287431867774 ], [ 103.884797155406361, 1.340588760063435 ] ] } },
{ "type": "Feature", "properties": { "access": null, "area": null, "bicycle": null, "bridge": null, "busway": null, "cycleway": null, "est_width": null, "foot": null, "footway": null, "highway": null, "junction": null, "lanes": null, "lit": null, "maxspeed": null, "motorcar": null, "motor_vehicle": null, "name": null, "oneway": null, "oneway:bicycle": null, "psv": null, "ref": null, "service": null, "segregated": null, "sidewalk": null, "smoothness": null, "surface": null, "tracktype": null, "tunnel": null, "turn": null, "width": null, "id": null, "timestamp": null, "version": null, "tags": null, "osm_type": null, "u": -1, "v": -1, "length": 15.194410909222311, "is_covered": 1, "is_synthesized": 1.0, "length_m": 15.194410909222311 }, "geometry": { "type": "LineString", "coordinates": [ [ 103.870208328931682, 1.339566095112041 ], [ 103.870333761193805, 1.339511826502824 ] ] } },
{ "type": "Feature", "properties": { "access": null, "area": null, "bicycle": null, "bridge": null, "busway": null, "cycleway": null, "est_width": null, "foot": null, "footway": null, "highway": null, "junction": null, "lanes": null, "lit": null, "maxspeed": null, "motorcar": null, "motor_vehicle": null, "name": null, "oneway": null, "oneway:bicycle": null, "psv": null, "ref": null, "service": null, "segregated": null, "sidewalk": null, "smoothness": null, "surface": null, "tracktype": null, "tunnel": null, "turn": null, "width": null, "id": null, "timestamp": null, "version": null, "tags": null, "osm_type": null, "u": -1, "v": -1, "length": 12.783683321823231, "is_covered": 1, "is_synthesized": 1.0, "length_m": 12.783683321823231 }, "geometry": { "type": "LineString", "coordinates": [ [ 103.870591318563498, 1.339646285617507 ], [ 103.8705473, 1.3395395 ] ] } },
{ "type": "Feature", "properties": { "access": null, "area": null, "bicycle": null, "bridge": null, "busway": null, "cycleway": null, "est_width": null, "foot": null, "footway": null, "highway": null, "junction": null, "lanes": null, "lit": null, "maxspeed": null, "motorcar": null, "motor_vehicle": null, "name": null, "oneway": null, "oneway:bicycle": null, "psv": null, "ref": null, "service": null, "segregated": null, "sidewalk": null, "smoothness": null, "surface": null, "tracktype": null, "tunnel": null, "turn": null, "width": null, "id": null, "timestamp": null, "version": null, "tags": null, "osm_type": null, "u": -1, "v": -1, "length": 39.384732422572391, "is_covered": 1, "is_synthesized": 1.0, "length_m": 39.384732422572391 }, "geometry": { "type": "LineString", "coordinates": [ [ 103.871012193670538, 1.3403242536797 ], [ 103.871013067219124, 1.339968073300029 ] ] } },
{ "type": "Feature", "properties": { "access": null, "area": null, "bicycle": null, "bridge": null, "busway": null, "cycleway": null, "est_width": null, "foot": null, "footway": null, "highway": null, "junction": null, "lanes": null, "lit": null, "maxspeed": null, "motorcar": null, "motor_vehicle": null, "name": null, "oneway": null, "oneway:bicycle": null, "psv": null, "ref": null, "service": null, "segregated": null, "sidewalk": null, "smoothness": null, "surface": null, "tracktype": null, "tunnel": null, "turn": null, "width": null, "id": null, "timestamp": null, "version": null, "tags": null, "osm_type": null, "u": -1, "v": -1, "length": 7.1509666136800627, "is_covered": 1, "is_synthesized": 1.0, "length_m": 7.1509666136800627 }, "geometry": { "type": "LineString", "coordinates": [ [ 103.870989473485935, 1.34038836720442 ], [ 103.870992606999664, 1.340323773358797 ] ] } },
{ "type": "Feature", "properties": { "access": null, "area": null, "bicycle": null, "bridge": null, "busway": null, "cycleway": null, "est_width": null, "foot": null, "footway": null, "highway": null, "junction": null, "lanes": null, "lit": null, "maxspeed": null, "motorcar": null, "motor_vehicle": null, "name": null, "oneway": null, "oneway:bicycle": null, "psv": null, "ref": null, "service": null, "segregated": null, "sidewalk": null, "smoothness": null, "surface": null, "tracktype": null, "tunnel": null, "turn": null, "width": null, "id": null, "timestamp": null, "version": null, "tags": null, "osm_type": null, "u": -1, "v": -1, "length": 332.04588345889925, "is_covered": 1, "is_synthesized": 1.0, "length_m": 332.04588345889925 }, "geometry": { "type": "LineString", "coordinates": [ [ 103.869834835050213, 1.342570215934592 ], [ 103.870924289094731, 1.339774658618738 ] ] } },
{ "type": "Feature", "properties": { "access": null, "area": null, "bicycle": null, "bridge": null, "busway": null, "cycleway": null, "est_width": null, "foot": null, "footway": null, "highway": null, "junction": null, "lanes": null, "lit": null, "maxspeed": null, "motorcar": null, "motor_vehicle": null, "name": null, "oneway": null, "oneway:bicycle": null, "psv": null, "ref": null, "service": null, "segregated": null, "sidewalk": null, "smoothness": null, "surface": null, "tracktype": null, "tunnel": null, "turn": null, "width": null, "id": null, "timestamp": null, "version": null, "tags": null, "osm_type": null, "u": -1, "v": -1, "length": 78.528886293046966, "is_covered": 1, "is_synthesized": 1.0, "length_m": 78.528886293046966 }, "geometry": { "type": "LineString", "coordinates": [ [ 103.871002104830211, 1.341238040908953 ], [ 103.870986742125567, 1.34194805978768 ] ] } },
{ "type": "Feature", "properties": { "access": null, "area": null, "bicycle": null, "bridge": null, "busway": null, "cycleway": null, "est_width": null, "foot": null, "footway": null, "highway": null, "junction": null, "lanes": null, "lit": null, "maxspeed": null, "motorcar": null, "motor_vehicle": null, "name": null, "oneway": null, "oneway:bicycle": null, "psv": null, "ref": null, "service": null, "segregated": null, "sidewalk": null, "smoothness": null, "surface": null, "tracktype": null, "tunnel": null, "turn": null, "width": null, "id": null, "timestamp": null, "version": null, "tags": null, "osm_type": null, "u": -1, "v": -1, "length": 2.5029446650729232, "is_covered": 1, "is_synthesized": 1.0, "length_m": 2.5029446650729232 }, "geometry": { "type": "LineString", "coordinates": [ [ 103.878154463655861, 1.343605678543256 ], [ 103.878143365918405, 1.343585990459652 ] ] } },
{ "type": "Feature", "properties": { "access": null, "area": null, "bicycle": null, "bridge": null, "busway": null, "cycleway": null, "est_width": null, "foot": null, "footway": null, "highway": null, "junction": null, "lanes": null, "lit": null, "maxspeed": null, "motorcar": null, "motor_vehicle": null, "name": null, "oneway": null, "oneway:bicycle": null, "psv": null, "ref": null, "service": null, "segregated": null, "sidewalk": null, "smoothness": null, "surface": null, "tracktype": null, "tunnel": null, "turn": null, "width": null, "id": null, "timestamp": null, "version": null, "tags": null, "osm_type": null, "u": -1, "v": -1, "length": 353.7155202936367, "is_covered": 1, "is_synthesized": 1.0, "length_m": 353.7155202936367 }, "geometry": { "type": "LineString", "coordinates": [ [ 103.884709389378557, 1.340470289216427 ], [ 103.881732103479678, 1.341589968561742 ] ] } },
{ "type": "Feature", "properties": { "access": null, "area": null, "bicycle": null, "bridge": null, "busway": null, "cycleway": null, "est_width": null, "foot": null, "footway": null, "highway": null, "junction": null, "lanes": null, "lit": null, "maxspeed": null, "motorcar": null, "motor_vehicle": null, "name": null, "oneway": null, "oneway:bicycle": null, "psv": null, "ref": null, "service": null, "segregated": null, "sidewalk": null, "smoothness": null, "surface": null, "tracktype": null, "tunnel": null, "turn": null, "width": null, "id": null, "timestamp": null, "version": null, "tags": null, "osm_type": null, "u": -1, "v": -1, "length": 9.3546564333181816, "is_covered": 1, "is_synthesized": 1.0, "length_m": 9.3546564333181816 }, "geometry": { "type": "LineString", "coordinates": [ [ 103.881416793465476, 1.341740532603341 ], [ 103.881375976260216, 1.341666576203876 ] ] } },
{ "type": "Feature", "properties": { "access": null, "area": null, "bicycle": null, "bridge": null, "busway": null, "cycleway": null, "est_width": null, "foot": null, "footway": null, "highway": null, "junction": null, "lanes": null, "lit": null, "maxspeed": null, "motorcar": null, "motor_vehicle": null, "name": null, "oneway": null, "oneway:bicycle": null, "psv": null, "ref": null, "service": null, "segregated": null, "sidewalk": null, "smoothness": null, "surface": null, "tracktype": null, "tunnel": null, "turn": null, "width": null, "id": null, "timestamp": null, "version": null, "tags": null, "osm_type": null, "u": -1, "v": -1, "length": 41.279031984161158, "is_covered": 1, "is_synthesized": 1.0, "length_m": 41.279031984161158 }, "geometry": { "type": "LineString", "coordinates": [ [ 103.868873468365592, 1.329419122013919 ], [ 103.868946129620781, 1.329785201731963 ] ] } },
{ "type": "Feature", "properties": { "access": null, "area": null, "bicycle": null, "bridge": null, "busway": null, "cycleway": null, "est_width": null, "foot": null, "footway": null, "highway": null, "junction": null, "lanes": null, "lit": null, "maxspeed": null, "motorcar": null, "motor_vehicle": null, "name": null, "oneway": null, "oneway:bicycle": null, "psv": null, "ref": null, "service": null, "segregated": null, "sidewalk": null, "smoothness": null, "surface": null, "tracktype": null, "tunnel": null, "turn": null, "width": null, "id": null, "timestamp": null, "version": null, "tags": null, "osm_type": null, "u": -1, "v": -1, "length": 35.624807140963782, "is_covered": 1, "is_synthesized": 1.0, "length_m": 35.624807140963782 }, "geometry": { "type": "LineString", "coordinates": [ [ 103.868035114369292, 1.329840057307436 ], [ 103.867954876458569, 1.329528164565905 ] ] } },
{ "type": "Feature", "properties": { "access": null, "area": null, "bicycle": null, "bridge": null, "busway": null, "cycleway": null, "est_width": null, "foot": null, "footway": null, "highway": null, "junction": null, "lanes": null, "lit": null, "maxspeed": null, "motorcar": null, "motor_vehicle": null, "name": null, "oneway": null, "oneway:bicycle": null, "psv": null, "ref": null, "service": null, "segregated": null, "sidewalk": null, "smoothness": null, "surface": null, "tracktype": null, "tunnel": null, "turn": null, "width": null, "id": null, "timestamp": null, "version": null, "tags": null, "osm_type": null, "u": -1, "v": -1, "length": 83.067539320735506, "is_covered": 1, "is_synthesized": 1.0, "length_m": 83.067539320735506 }, "geometry": { "type": "LineString", "coordinates": [ [ 103.867272865925003, 1.330009445025453 ], [ 103.867907149397169, 1.329613443286614 ] ] } },
{ "type": "Feature", "properties": { "access": null, "area": null, "bicycle": null, "bridge": null, "busway": null, "cycleway": null, "est_width": null, "foot": null, "footway": null, "highway": null, "junction": null, "lanes": null, "lit": null, "maxspeed": null, "motorcar": null, "motor_vehicle": null, "name": null, "oneway": null, "oneway:bicycle": null, "psv": null, "ref": null, "service": null, "segregated": null, "sidewalk": null, "smoothness": null, "surface": null, "tracktype": null, "tunnel": null, "turn": null, "width": null, "id": null, "timestamp": null, "version": null, "tags": null, "osm_type": null, "u": -1, "v": -1, "length": 5.3781768574357542, "is_covered": 1, "is_synthesized": 1.0, "length_m": 5.3781768574357542 }, "geometry": { "type": "LineString", "coordinates": [ [ 103.8680467029357, 1.329883911565963 ], [ 103.868034461243099, 1.329836859647015 ] ] } },
{ "type": "Feature", "properties": { "access": null, "area": null, "bicycle": null, "bridge": null, "busway": null, "cycleway": null, "est_width": null, "foot": null, "footway": null, "highway": null, "junction": null, "lanes": null, "lit": null, "maxspeed": null, "motorcar": null, "motor_vehicle": null, "name": null, "oneway": null, "oneway:bicycle": null, "psv": null, "ref": null, "service": null, "segregated": null, "sidewalk": null, "smoothness": null, "surface": null, "tracktype": null, "tunnel": null, "turn": null, "width": null, "id": null, "timestamp": null, "version": null, "tags": null, "osm_type": null, "u": -1, "v": -1, "length": 36.71530482319465, "is_covered": 1, "is_synthesized": 1.0, "length_m": 36.71530482319465 }, "geometry": { "type": "LineString", "coordinates": [ [ 103.868128436422708, 1.330201213906007 ], [ 103.868045250446968, 1.329879902533968 ] ] } },
{ "type": "Feature", "properties": { "access": null, "area": null, "bicycle": null, "bridge": null, "busway": null, "cycleway": null, "est_width": null, "foot": null, "footway": null, "highway": null, "junction": null, "lanes": null, "lit": null, "maxspeed": null, "motorcar": null, "motor_vehicle": null, "name": null, "oneway": null, "oneway:bicycle": null, "psv": null, "ref": null, "service": null, "segregated": null, "sidewalk": null, "smoothness": null, "surface": null, "tracktype": null, "tunnel": null, "turn": null, "width": null, "id": null, "timestamp": null, "version": null, "tags": null, "osm_type": null, "u": -1, "v": -1, "length": 30.982001178829353, "is_covered": 1, "is_synthesized": 1.0, "length_m": 30.982001178829353 }, "geometry": { "type": "LineString", "coordinates": [ [ 103.866847205601687, 1.330179397145661 ], [ 103.86709727465805, 1.33005626762263 ] ] } },
{ "type": "Feature", "properties": { "access": null, "area": null, "bicycle": null, "bridge": null, "busway": null, "cycleway": null, "est_width": null, "foot": null, "footway": null, "highway": null, "junction": null, "lanes": null, "lit": null, "maxspeed": null, "motorcar": null, "motor_vehicle": null, "name": null, "oneway": null, "oneway:bicycle": null, "psv": null, "ref": null, "service": null, "segregated": null, "sidewalk": null, "smoothness": null, "surface": null, "tracktype": null, "tunnel": null, "turn": null, "width": null, "id": null, "timestamp": null, "version": null, "tags": null, "osm_type": null, "u": -1, "v": -1, "length": 91.386016298869819, "is_covered": 1, "is_synthesized": 1.0, "length_m": 91.386016298869819 }, "geometry": { "type": "LineString", "coordinates": [ [ 103.868499624865947, 1.329757841575369 ], [ 103.8686973, 1.33056 ] ] } },
{ "type": "Feature", "properties": { "access": null, "area": null, "bicycle": null, "bridge": null, "busway": null, "cycleway": null, "est_width": null, "foot": null, "footway": null, "highway": null, "junction": null, "lanes": null, "lit": null, "maxspeed": null, "motorcar": null, "motor_vehicle": null, "name": null, "oneway": null, "oneway:bicycle": null, "psv": null, "ref": null, "service": null, "segregated": null, "sidewalk": null, "smoothness": null, "surface": null, "tracktype": null, "tunnel": null, "turn": null, "width": null, "id": null, "timestamp": null, "version": null, "tags": null, "osm_type": null, "u": -1, "v": -1, "length": 15.363988340786024, "is_covered": 1, "is_synthesized": 1.0, "length_m": 15.363988340786024 }, "geometry": { "type": "LineString", "coordinates": [ [ 103.868121735260317, 1.330197425944987 ], [ 103.868155822254849, 1.33033207036466 ] ] } },
{ "type": "Feature", "properties": { "access": null, "area": null, "bicycle": null, "bridge": null, "busway": null, "cycleway": null, "est_width": null, "foot": null, "footway": null, "highway": null, "junction": null, "lanes": null, "lit": null, "maxspeed": null, "motorcar": null, "motor_vehicle": null, "name": null, "oneway": null, "oneway:bicycle": null, "psv": null, "ref": null, "service": null, "segregated": null, "sidewalk": null, "smoothness": null, "surface": null, "tracktype": null, "tunnel": null, "turn": null, "width": null, "id": null, "timestamp": null, "version": null, "tags": null, "osm_type": null, "u": -1, "v": -1, "length": 49.360656990424104, "is_covered": 1, "is_synthesized": 1.0, "length_m": 49.360656990424104 }, "geometry": { "type": "LineString", "coordinates": [ [ 103.869522627665702, 1.330307451918863 ], [ 103.869092595774021, 1.330416754560166 ] ] } },
{ "type": "Feature", "properties": { "access": null, "area": null, "bicycle": null, "bridge": null, "busway": null, "cycleway": null, "est_width": null, "foot": null, "footway": null, "highway": null, "junction": null, "lanes": null, "lit": null, "maxspeed": null, "motorcar": null, "motor_vehicle": null, "name": null, "oneway": null, "oneway:bicycle": null, "psv": null, "ref": null, "service": null, "segregated": null, "sidewalk": null, "smoothness": null, "surface": null, "tracktype": null, "tunnel": null, "turn": null, "width": null, "id": null, "timestamp": null, "version": null, "tags": null, "osm_type": null, "u": -1, "v": -1, "length": 119.40763391144326, "is_covered": 1, "is_synthesized": 1.0, "length_m": 119.40763391144326 }, "geometry": { "type": "LineString", "coordinates": [ [ 103.868958831378578, 1.32987809372002 ], [ 103.869208704753888, 1.330928281587385 ] ] } },
{ "type": "Feature", "properties": { "access": null, "area": null, "bicycle": null, "bridge": null, "busway": null, "cycleway": null, "est_width": null, "foot": null, "footway": null, "highway": null, "junction": null, "lanes": null, "lit": null, "maxspeed": null, "motorcar": null, "motor_vehicle": null, "name": null, "oneway": null, "oneway:bicycle": null, "psv": null, "ref": null, "service": null, "segregated": null, "sidewalk": null, "smoothness": null, "surface": null, "tracktype": null, "tunnel": null, "turn": null, "width": null, "id": null, "timestamp": null, "version": null, "tags": null, "osm_type": null, "u": -1, "v": -1, "length": 41.668996216972516, "is_covered": 1, "is_synthesized": 1.0, "length_m": 41.668996216972516 }, "geometry": { "type": "LineString", "coordinates": [ [ 103.868138595180625, 1.330334454149352 ], [ 103.868288638878951, 1.330679711940404 ] ] } },
{ "type": "Feature", "properties": { "access": null, "area": null, "bicycle": null, "bridge": null, "busway": null, "cycleway": null, "est_width": null, "foot": null, "footway": null, "highway": null, "junction": null, "lanes": null, "lit": null, "maxspeed": null, "motorcar": null, "motor_vehicle": null, "name": null, "oneway": null, "oneway:bicycle": null, "psv": null, "ref": null, "service": null, "segregated": null, "sidewalk": null, "smoothness": null, "surface": null, "tracktype": null, "tunnel": null, "turn": null, "width": null, "id": null, "timestamp": null, "version": null, "tags": null, "osm_type": null, "u": -1, "v": -1, "length": 2.1397136457958319, "is_covered": 1, "is_synthesized": 1.0, "length_m": 2.1397136457958319 }, "geometry": { "type": "LineString", "coordinates": [ [ 103.868679310831041, 1.330566829800333 ], [ 103.8686973, 1.33056 ] ] } },
{ "type": "Feature", "properties": { "access": null, "area": null, "bicycle": null, "bridge": null, "busway": null, "cycleway": null, "est_width": null, "foot": null, "footway": null, "highway": null, "junction": null, "lanes": null, "lit": null, "maxspeed": null, "motorcar": null, "motor_vehicle": null, "name": null, "oneway": null, "oneway:bicycle": null, "psv": null, "ref": null, "service": null, "segregated": null, "sidewalk": null, "smoothness": null, "surface": null, "tracktype": null, "tunnel": null, "turn": null, "width": null, "id": null, "timestamp": null, "version": null, "tags": null, "osm_type": null, "u": -1, "v": -1, "length": 13.492363307376698, "is_covered": 1, "is_synthesized": 1.0, "length_m": 13.492363307376698 }, "geometry": { "type": "LineString", "coordinates": [ [ 103.868582520940265, 1.330599291249144 ], [ 103.8686973, 1.33056 ] ] } },
{ "type": "Feature", "properties": { "access": null, "area": null, "bicycle": null, "bridge": null, "busway": null, "cycleway": null, "est_width": null, "foot": null, "footway": null, "highway": null, "junction": null, "lanes": null, "lit": null, "maxspeed": null, "motorcar": null, "motor_vehicle": null, "name": null, "oneway": null, "oneway:bicycle": null, "psv": null, "ref": null, "service": null, "segregated": null, "sidewalk": null, "smoothness": null, "surface": null, "tracktype": null, "tunnel": null, "turn": null, "width": null, "id": null, "timestamp": null, "version": null, "tags": null, "osm_type": null, "u": -1, "v": -1, "length": 16.117962459025122, "is_covered": 1, "is_synthesized": 1.0, "length_m": 16.117962459025122 }, "geometry": { "type": "LineString", "coordinates": [ [ 103.86845052560929, 1.330640619720983 ], [ 103.868592075109632, 1.330609776141136 ] ] } },
{ "type": "Feature", "properties": { "access": null, "area": null, "bicycle": null, "bridge": null, "busway": null, "cycleway": null, "est_width": null, "foot": null, "footway": null, "highway": null, "junction": null, "lanes": null, "lit": null, "maxspeed": null, "motorcar": null, "motor_vehicle": null, "name": null, "oneway": null, "oneway:bicycle": null, "psv": null, "ref": null, "service": null, "segregated": null, "sidewalk": null, "smoothness": null, "surface": null, "tracktype": null, "tunnel": null, "turn": null, "width": null, "id": null, "timestamp": null, "version": null, "tags": null, "osm_type": null, "u": -1, "v": -1, "length": 16.416510668296169, "is_covered": 1, "is_synthesized": 1.0, "length_m": 16.416510668296169 }, "geometry": { "type": "LineString", "coordinates": [ [ 103.868311621692499, 1.330664622680658 ], [ 103.868454956359287, 1.330629543118685 ] ] } },
{ "type": "Feature", "properties": { "access": null, "area": null, "bicycle": null, "bridge": null, "busway": null, "cycleway": null, "est_width": null, "foot": null, "footway": null, "highway": null, "junction": null, "lanes": null, "lit": null, "maxspeed": null, "motorcar": null, "motor_vehicle": null, "name": null, "oneway": null, "oneway:bicycle": null, "psv": null, "ref": null, "service": null, "segregated": null, "sidewalk": null, "smoothness": null, "surface": null, "tracktype": null, "tunnel": null, "turn": null, "width": null, "id": null, "timestamp": null, "version": null, "tags": null, "osm_type": null, "u": -1, "v": -1, "length": 29.036970174840796, "is_covered": 1, "is_synthesized": 1.0, "length_m": 29.036970174840796 }, "geometry": { "type": "LineString", "coordinates": [ [ 103.868802199047067, 1.33099493696793 ], [ 103.868727434049774, 1.33074334908043 ] ] } },
{ "type": "Feature", "properties": { "access": null, "area": null, "bicycle": null, "bridge": null, "busway": null, "cycleway": null, "est_width": null, "foot": null, "footway": null, "highway": null, "junction": null, "lanes": null, "lit": null, "maxspeed": null, "motorcar": null, "motor_vehicle": null, "name": null, "oneway": null, "oneway:bicycle": null, "psv": null, "ref": null, "service": null, "segregated": null, "sidewalk": null, "smoothness": null, "surface": null, "tracktype": null, "tunnel": null, "turn": null, "width": null, "id": null, "timestamp": null, "version": null, "tags": null, "osm_type": null, "u": -1, "v": -1, "length": 12.38593306092214, "is_covered": 1, "is_synthesized": 1.0, "length_m": 12.38593306092214 }, "geometry": { "type": "LineString", "coordinates": [ [ 103.869234137452054, 1.331031385645444 ], [ 103.869208596200679, 1.330922361278812 ] ] } },
{ "type": "Feature", "properties": { "access": null, "area": null, "bicycle": null, "bridge": null, "busway": null, "cycleway": null, "est_width": null, "foot": null, "footway": null, "highway": null, "junction": null, "lanes": null, "lit": null, "maxspeed": null, "motorcar": null, "motor_vehicle": null, "name": null, "oneway": null, "oneway:bicycle": null, "psv": null, "ref": null, "service": null, "segregated": null, "sidewalk": null, "smoothness": null, "surface": null, "tracktype": null, "tunnel": null, "turn": null, "width": null, "id": null, "timestamp": null, "version": null, "tags": null, "osm_type": null, "u": -1, "v": -1, "length": 2.4026685264872389, "is_covered": 1, "is_synthesized": 1.0, "length_m": 2.4026685264872389 }, "geometry": { "type": "LineString", "coordinates": [ [ 103.838965115616929, 1.331291742108508 ], [ 103.838972863820985, 1.331271460810827 ] ] } },
{ "type": "Feature", "properties": { "access": null, "area": null, "bicycle": null, "bridge": null, "busway": null, "cycleway": null, "est_width": null, "foot": null, "footway": null, "highway": null, "junction": null, "lanes": null, "lit": null, "maxspeed": null, "motorcar": null, "motor_vehicle": null, "name": null, "oneway": null, "oneway:bicycle": null, "psv": null, "ref": null, "service": null, "segregated": null, "sidewalk": null, "smoothness": null, "surface": null, "tracktype": null, "tunnel": null, "turn": null, "width": null, "id": null, "timestamp": null, "version": null, "tags": null, "osm_type": null, "u": -1, "v": -1, "length": 133.50779849588773, "is_covered": 1, "is_synthesized": 1.0, "length_m": 133.50779849588773 }, "geometry": { "type": "LineString", "coordinates": [ [ 103.843201722475172, 1.329896828837156 ], [ 103.84439798948388, 1.329987332503241 ] ] } },
{ "type": "Feature", "properties": { "access": null, "area": null, "bicycle": null, "bridge": null, "busway": null, "cycleway": null, "est_width": null, "foot": null, "footway": null, "highway": null, "junction": null, "lanes": null, "lit": null, "maxspeed": null, "motorcar": null, "motor_vehicle": null, "name": null, "oneway": null, "oneway:bicycle": null, "psv": null, "ref": null, "service": null, "segregated": null, "sidewalk": null, "smoothness": null, "surface": null, "tracktype": null, "tunnel": null, "turn": null, "width": null, "id": null, "timestamp": null, "version": null, "tags": null, "osm_type": null, "u": -1, "v": -1, "length": 69.514258975256212, "is_covered": 1, "is_synthesized": 1.0, "length_m": 69.514258975256212 }, "geometry": { "type": "LineString", "coordinates": [ [ 103.848575234982476, 1.331084023107398 ], [ 103.849197582318624, 1.331030389860481 ] ] } },
{ "type": "Feature", "properties": { "access": null, "area": null, "bicycle": null, "bridge": null, "busway": null, "cycleway": null, "est_width": null, "foot": null, "footway": null, "highway": null, "junction": null, "lanes": null, "lit": null, "maxspeed": null, "motorcar": null, "motor_vehicle": null, "name": null, "oneway": null, "oneway:bicycle": null, "psv": null, "ref": null, "service": null, "segregated": null, "sidewalk": null, "smoothness": null, "surface": null, "tracktype": null, "tunnel": null, "turn": null, "width": null, "id": null, "timestamp": null, "version": null, "tags": null, "osm_type": null, "u": -1, "v": -1, "length": 23.770703269678673, "is_covered": 1, "is_synthesized": 1.0, "length_m": 23.770703269678673 }, "geometry": { "type": "LineString", "coordinates": [ [ 103.848383587631915, 1.331142344659983 ], [ 103.848588384148997, 1.331081286185046 ] ] } },
{ "type": "Feature", "properties": { "access": null, "area": null, "bicycle": null, "bridge": null, "busway": null, "cycleway": null, "est_width": null, "foot": null, "footway": null, "highway": null, "junction": null, "lanes": null, "lit": null, "maxspeed": null, "motorcar": null, "motor_vehicle": null, "name": null, "oneway": null, "oneway:bicycle": null, "psv": null, "ref": null, "service": null, "segregated": null, "sidewalk": null, "smoothness": null, "surface": null, "tracktype": null, "tunnel": null, "turn": null, "width": null, "id": null, "timestamp": null, "version": null, "tags": null, "osm_type": null, "u": -1, "v": -1, "length": 58.26508755722945, "is_covered": 1, "is_synthesized": 1.0, "length_m": 58.26508755722945 }, "geometry": { "type": "LineString", "coordinates": [ [ 103.847871892875872, 1.331211686821669 ], [ 103.848390295274413, 1.33113801655278 ] ] } },
{ "type": "Feature", "properties": { "access": null, "area": null, "bicycle": null, "bridge": null, "busway": null, "cycleway": null, "est_width": null, "foot": null, "footway": null, "highway": null, "junction": null, "lanes": null, "lit": null, "maxspeed": null, "motorcar": null, "motor_vehicle": null, "name": null, "oneway": null, "oneway:bicycle": null, "psv": null, "ref": null, "service": null, "segregated": null, "sidewalk": null, "smoothness": null, "surface": null, "tracktype": null, "tunnel": null, "turn": null, "width": null, "id": null, "timestamp": null, "version": null, "tags": null, "osm_type": null, "u": -1, "v": -1, "length": 10.53040573765869, "is_covered": 1, "is_synthesized": 1.0, "length_m": 10.53040573765869 }, "geometry": { "type": "LineString", "coordinates": [ [ 103.847628284700122, 1.331231237067029 ], [ 103.847648650929003, 1.331138235937843 ] ] } },
{ "type": "Feature", "properties": { "access": null, "area": null, "bicycle": null, "bridge": null, "busway": null, "cycleway": null, "est_width": null, "foot": null, "footway": null, "highway": null, "junction": null, "lanes": null, "lit": null, "maxspeed": null, "motorcar": null, "motor_vehicle": null, "name": null, "oneway": null, "oneway:bicycle": null, "psv": null, "ref": null, "service": null, "segregated": null, "sidewalk": null, "smoothness": null, "surface": null, "tracktype": null, "tunnel": null, "turn": null, "width": null, "id": null, "timestamp": null, "version": null, "tags": null, "osm_type": null, "u": -1, "v": -1, "length": 29.067499127483721, "is_covered": 1, "is_synthesized": 1.0, "length_m": 29.067499127483721 }, "geometry": { "type": "LineString", "coordinates": [ [ 103.847871698223841, 1.331205035584174 ], [ 103.847612849929391, 1.331240141258848 ] ] } },
{ "type": "Feature", "properties": { "access": null, "area": null, "bicycle": null, "bridge": null, "busway": null, "cycleway": null, "est_width": null, "foot": null, "footway": null, "highway": null, "junction": null, "lanes": null, "lit": null, "maxspeed": null, "motorcar": null, "motor_vehicle": null, "name": null, "oneway": null, "oneway:bicycle": null, "psv": null, "ref": null, "service": null, "segregated": null, "sidewalk": null, "smoothness": null, "surface": null, "tracktype": null, "tunnel": null, "turn": null, "width": null, "id": null, "timestamp": null, "version": null, "tags": null, "osm_type": null, "u": -1, "v": -1, "length": 34.064226451890057, "is_covered": 1, "is_synthesized": 1.0, "length_m": 34.064226451890057 }, "geometry": { "type": "LineString", "coordinates": [ [ 103.849063189909003, 1.331292588164637 ], [ 103.848759662371734, 1.331332337812038 ] ] } },
{ "type": "Feature", "properties": { "access": null, "area": null, "bicycle": null, "bridge": null, "busway": null, "cycleway": null, "est_width": null, "foot": null, "footway": null, "highway": null, "junction": null, "lanes": null, "lit": null, "maxspeed": null, "motorcar": null, "motor_vehicle": null, "name": null, "oneway": null, "oneway:bicycle": null, "psv": null, "ref": null, "service": null, "segregated": null, "sidewalk": null, "smoothness": null, "surface": null, "tracktype": null, "tunnel": null, "turn": null, "width": null, "id": null, "timestamp": null, "version": null, "tags": null, "osm_type": null, "u": -1, "v": -1, "length": 99.104200625218084, "is_covered": 1, "is_synthesized": 1.0, "length_m": 99.104200625218084 }, "geometry": { "type": "LineString", "coordinates": [ [ 103.848692281510495, 1.331341412834316 ], [ 103.847809129022025, 1.331456362841618 ] ] } },
{ "type": "Feature", "properties": { "access": null, "area": null, "bicycle": null, "bridge": null, "busway": null, "cycleway": null, "est_width": null, "foot": null, "footway": null, "highway": null, "junction": null, "lanes": null, "lit": null, "maxspeed": null, "motorcar": null, "motor_vehicle": null, "name": null, "oneway": null, "oneway:bicycle": null, "psv": null, "ref": null, "service": null, "segregated": null, "sidewalk": null, "smoothness": null, "surface": null, "tracktype": null, "tunnel": null, "turn": null, "width": null, "id": null, "timestamp": null, "version": null, "tags": null, "osm_type": null, "u": -1, "v": -1, "length": 4.0000875652721311, "is_covered": 1, "is_synthesized": 1.0, "length_m": 4.0000875652721311 }, "geometry": { "type": "LineString", "coordinates": [ [ 103.845437381083343, 1.331518390909132 ], [ 103.845448981269513, 1.331552630478267 ] ] } },
{ "type": "Feature", "properties": { "access": null, "area": null, "bicycle": null, "bridge": null, "busway": null, "cycleway": null, "est_width": null, "foot": null, "footway": null, "highway": null, "junction": null, "lanes": null, "lit": null, "maxspeed": null, "motorcar": null, "motor_vehicle": null, "name": null, "oneway": null, "oneway:bicycle": null, "psv": null, "ref": null, "service": null, "segregated": null, "sidewalk": null, "smoothness": null, "surface": null, "tracktype": null, "tunnel": null, "turn": null, "width": null, "id": null, "timestamp": null, "version": null, "tags": null, "osm_type": null, "u": -1, "v": -1, "length": 13.836952146052086, "is_covered": 1, "is_synthesized": 1.0, "length_m": 13.836952146052086 }, "geometry": { "type": "LineString", "coordinates": [ [ 103.838928528118103, 1.331432547484028 ], [ 103.838959561280788, 1.331311371604208 ] ] } },
{ "type": "Feature", "properties": { "access": null, "area": null, "bicycle": null, "bridge": null, "busway": null, "cycleway": null, "est_width": null, "foot": null, "footway": null, "highway": null, "junction": null, "lanes": null, "lit": null, "maxspeed": null, "motorcar": null, "motor_vehicle": null, "name": null, "oneway": null, "oneway:bicycle": null, "psv": null, "ref": null, "service": null, "segregated": null, "sidewalk": null, "smoothness": null, "surface": null, "tracktype": null, "tunnel": null, "turn": null, "width": null, "id": null, "timestamp": null, "version": null, "tags": null, "osm_type": null, "u": -1, "v": -1, "length": 14.980598186019215, "is_covered": 1, "is_synthesized": 1.0, "length_m": 14.980598186019215 }, "geometry": { "type": "LineString", "coordinates": [ [ 103.838930817594147, 1.331432335148098 ], [ 103.838899107839197, 1.331564001657983 ] ] } },
{ "type": "Feature", "properties": { "access": null, "area": null, "bicycle": null, "bridge": null, "busway": null, "cycleway": null, "est_width": null, "foot": null, "footway": null, "highway": null, "junction": null, "lanes": null, "lit": null, "maxspeed": null, "motorcar": null, "motor_vehicle": null, "name": null, "oneway": null, "oneway:bicycle": null, "psv": null, "ref": null, "service": null, "segregated": null, "sidewalk": null, "smoothness": null, "surface": null, "tracktype": null, "tunnel": null, "turn": null, "width": null, "id": null, "timestamp": null, "version": null, "tags": null, "osm_type": null, "u": -1, "v": -1, "length": 44.688538926164952, "is_covered": 1, "is_synthesized": 1.0, "length_m": 44.688538926164952 }, "geometry": { "type": "LineString", "coordinates": [ [ 103.838332397969523, 1.332992528965968 ], [ 103.838732254299913, 1.333029629911185 ] ] } },
{ "type": "Feature", "properties": { "access": null, "area": null, "bicycle": null, "bridge": null, "busway": null, "cycleway": null, "est_width": null, "foot": null, "footway": null, "highway": null, "junction": null, "lanes": null, "lit": null, "maxspeed": null, "motorcar": null, "motor_vehicle": null, "name": null, "oneway": null, "oneway:bicycle": null, "psv": null, "ref": null, "service": null, "segregated": null, "sidewalk": null, "smoothness": null, "surface": null, "tracktype": null, "tunnel": null, "turn": null, "width": null, "id": null, "timestamp": null, "version": null, "tags": null, "osm_type": null, "u": -1, "v": -1, "length": 6.6492047541662309, "is_covered": 1, "is_synthesized": 1.0, "length_m": 6.6492047541662309 }, "geometry": { "type": "LineString", "coordinates": [ [ 103.838774674544723, 1.33302757282861 ], [ 103.838732043899256, 1.332985441567204 ] ] } },
{ "type": "Feature", "properties": { "access": null, "area": null, "bicycle": null, "bridge": null, "busway": null, "cycleway": null, "est_width": null, "foot": null, "footway": null, "highway": null, "junction": null, "lanes": null, "lit": null, "maxspeed": null, "motorcar": null, "motor_vehicle": null, "name": null, "oneway": null, "oneway:bicycle": null, "psv": null, "ref": null, "service": null, "segregated": null, "sidewalk": null, "smoothness": null, "surface": null, "tracktype": null, "tunnel": null, "turn": null, "width": null, "id": null, "timestamp": null, "version": null, "tags": null, "osm_type": null, "u": -1, "v": -1, "length": 55.872964843854135, "is_covered": 1, "is_synthesized": 1.0, "length_m": 55.872964843854135 }, "geometry": { "type": "LineString", "coordinates": [ [ 103.838160149231882, 1.33346897711854 ], [ 103.838342363416217, 1.33299813665101 ] ] } },
{ "type": "Feature", "properties": { "access": null, "area": null, "bicycle": null, "bridge": null, "busway": null, "cycleway": null, "est_width": null, "foot": null, "footway": null, "highway": null, "junction": null, "lanes": null, "lit": null, "maxspeed": null, "motorcar": null, "motor_vehicle": null, "name": null, "oneway": null, "oneway:bicycle": null, "psv": null, "ref": null, "service": null, "segregated": null, "sidewalk": null, "smoothness": null, "surface": null, "tracktype": null, "tunnel": null, "turn": null, "width": null, "id": null, "timestamp": null, "version": null, "tags": null, "osm_type": null, "u": -1, "v": -1, "length": 11.511516703288144, "is_covered": 1, "is_synthesized": 1.0, "length_m": 11.511516703288144 }, "geometry": { "type": "LineString", "coordinates": [ [ 103.838111218799241, 1.33355978467736 ], [ 103.838159312055893, 1.333467615707158 ] ] } },
{ "type": "Feature", "properties": { "access": null, "area": null, "bicycle": null, "bridge": null, "busway": null, "cycleway": null, "est_width": null, "foot": null, "footway": null, "highway": null, "junction": null, "lanes": null, "lit": null, "maxspeed": null, "motorcar": null, "motor_vehicle": null, "name": null, "oneway": null, "oneway:bicycle": null, "psv": null, "ref": null, "service": null, "segregated": null, "sidewalk": null, "smoothness": null, "surface": null, "tracktype": null, "tunnel": null, "turn": null, "width": null, "id": null, "timestamp": null, "version": null, "tags": null, "osm_type": null, "u": -1, "v": -1, "length": 4.34901769088163, "is_covered": 1, "is_synthesized": 1.0, "length_m": 4.34901769088163 }, "geometry": { "type": "LineString", "coordinates": [ [ 103.845430936573038, 1.331523528829527 ], [ 103.845443312005159, 1.331560835502996 ] ] } },
{ "type": "Feature", "properties": { "access": null, "area": null, "bicycle": null, "bridge": null, "busway": null, "cycleway": null, "est_width": null, "foot": null, "footway": null, "highway": null, "junction": null, "lanes": null, "lit": null, "maxspeed": null, "motorcar": null, "motor_vehicle": null, "name": null, "oneway": null, "oneway:bicycle": null, "psv": null, "ref": null, "service": null, "segregated": null, "sidewalk": null, "smoothness": null, "surface": null, "tracktype": null, "tunnel": null, "turn": null, "width": null, "id": null, "timestamp": null, "version": null, "tags": null, "osm_type": null, "u": -1, "v": -1, "length": 44.444244412786588, "is_covered": 1, "is_synthesized": 1.0, "length_m": 44.444244412786588 }, "geometry": { "type": "LineString", "coordinates": [ [ 103.847451095568971, 1.331502562254094 ], [ 103.847058502527375, 1.331576222453596 ] ] } },
{ "type": "Feature", "properties": { "access": null, "area": null, "bicycle": null, "bridge": null, "busway": null, "cycleway": null, "est_width": null, "foot": null, "footway": null, "highway": null, "junction": null, "lanes": null, "lit": null, "maxspeed": null, "motorcar": null, "motor_vehicle": null, "name": null, "oneway": null, "oneway:bicycle": null, "psv": null, "ref": null, "service": null, "segregated": null, "sidewalk": null, "smoothness": null, "surface": null, "tracktype": null, "tunnel": null, "turn": null, "width": null, "id": null, "timestamp": null, "version": null, "tags": null, "osm_type": null, "u": -1, "v": -1, "length": 54.379669416860423, "is_covered": 1, "is_synthesized": 1.0, "length_m": 54.379669416860423 }, "geometry": { "type": "LineString", "coordinates": [ [ 103.847044208712475, 1.331547264479679 ], [ 103.846651843540286, 1.331840369807024 ] ] } },
{ "type": "Feature", "properties": { "access": null, "area": null, "bicycle": null, "bridge": null, "busway": null, "cycleway": null, "est_width": null, "foot": null, "footway": null, "highway": null, "junction": null, "lanes": null, "lit": null, "maxspeed": null, "motorcar": null, "motor_vehicle": null, "name": null, "oneway": null, "oneway:bicycle": null, "psv": null, "ref": null, "service": null, "segregated": null, "sidewalk": null, "smoothness": null, "surface": null, "tracktype": null, "tunnel": null, "turn": null, "width": null, "id": null, "timestamp": null, "version": null, "tags": null, "osm_type": null, "u": -1, "v": -1, "length": 81.604160050997763, "is_covered": 1, "is_synthesized": 1.0, "length_m": 81.604160050997763 }, "geometry": { "type": "LineString", "coordinates": [ [ 103.846635575239006, 1.331855641916986 ], [ 103.846586437790762, 1.332591982092179 ] ] } },
{ "type": "Feature", "properties": { "access": null, "area": null, "bicycle": null, "bridge": null, "busway": null, "cycleway": null, "est_width": null, "foot": null, "footway": null, "highway": null, "junction": null, "lanes": null, "lit": null, "maxspeed": null, "motorcar": null, "motor_vehicle": null, "name": null, "oneway": null, "oneway:bicycle": null, "psv": null, "ref": null, "service": null, "segregated": null, "sidewalk": null, "smoothness": null, "surface": null, "tracktype": null, "tunnel": null, "turn": null, "width": null, "id": null, "timestamp": null, "version": null, "tags": null, "osm_type": null, "u": -1, "v": -1, "length": 17.691189400334043, "is_covered": 1, "is_synthesized": 1.0, "length_m": 17.691189400334043 }, "geometry": { "type": "LineString", "coordinates": [ [ 103.844094421167696, 1.332256441340316 ], [ 103.843935464976838, 1.332258157842353 ] ] } },
{ "type": "Feature", "properties": { "access": null, "area": null, "bicycle": null, "bridge": null, "busway": null, "cycleway": null, "est_width": null, "foot": null, "footway": null, "highway": null, "junction": null, "lanes": null, "lit": null, "maxspeed": null, "motorcar": null, "motor_vehicle": null, "name": null, "oneway": null, "oneway:bicycle": null, "psv": null, "ref": null, "service": null, "segregated": null, "sidewalk": null, "smoothness": null, "surface": null, "tracktype": null, "tunnel": null, "turn": null, "width": null, "id": null, "timestamp": null, "version": null, "tags": null, "osm_type": null, "u": -1, "v": -1, "length": 6.9579512436249589, "is_covered": 1, "is_synthesized": 1.0, "length_m": 6.9579512436249589 }, "geometry": { "type": "LineString", "coordinates": [ [ 103.846664227244318, 1.3327022389959 ], [ 103.846683124296831, 1.332762221131277 ] ] } },
{ "type": "Feature", "properties": { "access": null, "area": null, "bicycle": null, "bridge": null, "busway": null, "cycleway": null, "est_width": null, "foot": null, "footway": null, "highway": null, "junction": null, "lanes": null, "lit": null, "maxspeed": null, "motorcar": null, "motor_vehicle": null, "name": null, "oneway": null, "oneway:bicycle": null, "psv": null, "ref": null, "service": null, "segregated": null, "sidewalk": null, "smoothness": null, "surface": null, "tracktype": null, "tunnel": null, "turn": null, "width": null, "id": null, "timestamp": null, "version": null, "tags": null, "osm_type": null, "u": -1, "v": -1, "length": 11.242280247950431, "is_covered": 1, "is_synthesized": 1.0, "length_m": 11.242280247950431 }, "geometry": { "type": "LineString", "coordinates": [ [ 103.846802097161287, 1.333127096012055 ], [ 103.846903115121407, 1.333127351503967 ] ] } },
{ "type": "Feature", "properties": { "access": null, "area": null, "bicycle": null, "bridge": null, "busway": null, "cycleway": null, "est_width": null, "foot": null, "footway": null, "highway": null, "junction": null, "lanes": null, "lit": null, "maxspeed": null, "motorcar": null, "motor_vehicle": null, "name": null, "oneway": null, "oneway:bicycle": null, "psv": null, "ref": null, "service": null, "segregated": null, "sidewalk": null, "smoothness": null, "surface": null, "tracktype": null, "tunnel": null, "turn": null, "width": null, "id": null, "timestamp": null, "version": null, "tags": null, "osm_type": null, "u": -1, "v": -1, "length": 18.127231336350746, "is_covered": 1, "is_synthesized": 1.0, "length_m": 18.127231336350746 }, "geometry": { "type": "LineString", "coordinates": [ [ 103.84679015821645, 1.333177377215048 ], [ 103.846838820786672, 1.333333826373281 ] ] } },
{ "type": "Feature", "properties": { "access": null, "area": null, "bicycle": null, "bridge": null, "busway": null, "cycleway": null, "est_width": null, "foot": null, "footway": null, "highway": null, "junction": null, "lanes": null, "lit": null, "maxspeed": null, "motorcar": null, "motor_vehicle": null, "name": null, "oneway": null, "oneway:bicycle": null, "psv": null, "ref": null, "service": null, "segregated": null, "sidewalk": null, "smoothness": null, "surface": null, "tracktype": null, "tunnel": null, "turn": null, "width": null, "id": null, "timestamp": null, "version": null, "tags": null, "osm_type": null, "u": -1, "v": -1, "length": 13.731612927624891, "is_covered": 1, "is_synthesized": 1.0, "length_m": 13.731612927624891 }, "geometry": { "type": "LineString", "coordinates": [ [ 103.846949181492718, 1.333339362246556 ], [ 103.846825884278047, 1.333344081952691 ] ] } },
{ "type": "Feature", "properties": { "access": null, "area": null, "bicycle": null, "bridge": null, "busway": null, "cycleway": null, "est_width": null, "foot": null, "footway": null, "highway": null, "junction": null, "lanes": null, "lit": null, "maxspeed": null, "motorcar": null, "motor_vehicle": null, "name": null, "oneway": null, "oneway:bicycle": null, "psv": null, "ref": null, "service": null, "segregated": null, "sidewalk": null, "smoothness": null, "surface": null, "tracktype": null, "tunnel": null, "turn": null, "width": null, "id": null, "timestamp": null, "version": null, "tags": null, "osm_type": null, "u": -1, "v": -1, "length": 26.17104542597804, "is_covered": 1, "is_synthesized": 1.0, "length_m": 26.17104542597804 }, "geometry": { "type": "LineString", "coordinates": [ [ 103.846839117537357, 1.333355521217715 ], [ 103.846897477594098, 1.33358479864856 ] ] } },
{ "type": "Feature", "properties": { "access": null, "area": null, "bicycle": null, "bridge": null, "busway": null, "cycleway": null, "est_width": null, "foot": null, "footway": null, "highway": null, "junction": null, "lanes": null, "lit": null, "maxspeed": null, "motorcar": null, "motor_vehicle": null, "name": null, "oneway": null, "oneway:bicycle": null, "psv": null, "ref": null, "service": null, "segregated": null, "sidewalk": null, "smoothness": null, "surface": null, "tracktype": null, "tunnel": null, "turn": null, "width": null, "id": null, "timestamp": null, "version": null, "tags": null, "osm_type": null, "u": -1, "v": -1, "length": 13.707600587681457, "is_covered": 1, "is_synthesized": 1.0, "length_m": 13.707600587681457 }, "geometry": { "type": "LineString", "coordinates": [ [ 103.846886057230108, 1.333581948215051 ], [ 103.846915811262306, 1.333702243494107 ] ] } },
{ "type": "Feature", "properties": { "access": null, "area": null, "bicycle": null, "bridge": null, "busway": null, "cycleway": null, "est_width": null, "foot": null, "footway": null, "highway": null, "junction": null, "lanes": null, "lit": null, "maxspeed": null, "motorcar": null, "motor_vehicle": null, "name": null, "oneway": null, "oneway:bicycle": null, "psv": null, "ref": null, "service": null, "segregated": null, "sidewalk": null, "smoothness": null, "surface": null, "tracktype": null, "tunnel": null, "turn": null, "width": null, "id": null, "timestamp": null, "version": null, "tags": null, "osm_type": null, "u": -1, "v": -1, "length": 12.1002640469036, "is_covered": 1, "is_synthesized": 1.0, "length_m": 12.1002640469036 }, "geometry": { "type": "LineString", "coordinates": [ [ 103.843098176902345, 1.33387098777647 ], [ 103.84312580048794, 1.333765147916198 ] ] } },
{ "type": "Feature", "properties": { "access": null, "area": null, "bicycle": null, "bridge": null, "busway": null, "cycleway": null, "est_width": null, "foot": null, "footway": null, "highway": null, "junction": null, "lanes": null, "lit": null, "maxspeed": null, "motorcar": null, "motor_vehicle": null, "name": null, "oneway": null, "oneway:bicycle": null, "psv": null, "ref": null, "service": null, "segregated": null, "sidewalk": null, "smoothness": null, "surface": null, "tracktype": null, "tunnel": null, "turn": null, "width": null, "id": null, "timestamp": null, "version": null, "tags": null, "osm_type": null, "u": -1, "v": -1, "length": 43.187002262492506, "is_covered": 1, "is_synthesized": 1.0, "length_m": 43.187002262492506 }, "geometry": { "type": "LineString", "coordinates": [ [ 103.847014639538727, 1.334074515243282 ], [ 103.846926489118843, 1.333694157457874 ] ] } },
{ "type": "Feature", "properties": { "access": null, "area": null, "bicycle": null, "bridge": null, "busway": null, "cycleway": null, "est_width": null, "foot": null, "footway": null, "highway": null, "junction": null, "lanes": null, "lit": null, "maxspeed": null, "motorcar": null, "motor_vehicle": null, "name": null, "oneway": null, "oneway:bicycle": null, "psv": null, "ref": null, "service": null, "segregated": null, "sidewalk": null, "smoothness": null, "surface": null, "tracktype": null, "tunnel": null, "turn": null, "width": null, "id": null, "timestamp": null, "version": null, "tags": null, "osm_type": null, "u": -1, "v": -1, "length": 14.958193579354072, "is_covered": 1, "is_synthesized": 1.0, "length_m": 14.958193579354072 }, "geometry": { "type": "LineString", "coordinates": [ [ 103.84311302988236, 1.33399329593092 ], [ 103.843144281886211, 1.333861726918729 ] ] } },
{ "type": "Feature", "properties": { "access": null, "area": null, "bicycle": null, "bridge": null, "busway": null, "cycleway": null, "est_width": null, "foot": null, "footway": null, "highway": null, "junction": null, "lanes": null, "lit": null, "maxspeed": null, "motorcar": null, "motor_vehicle": null, "name": null, "oneway": null, "oneway:bicycle": null, "psv": null, "ref": null, "service": null, "segregated": null, "sidewalk": null, "smoothness": null, "surface": null, "tracktype": null, "tunnel": null, "turn": null, "width": null, "id": null, "timestamp": null, "version": null, "tags": null, "osm_type": null, "u": -1, "v": -1, "length": 13.736111913690175, "is_covered": 1, "is_synthesized": 1.0, "length_m": 13.736111913690175 }, "geometry": { "type": "LineString", "coordinates": [ [ 103.843105611825621, 1.333968807776728 ], [ 103.843092408361258, 1.33409231947899 ] ] } },
{ "type": "Feature", "properties": { "access": null, "area": null, "bicycle": null, "bridge": null, "busway": null, "cycleway": null, "est_width": null, "foot": null, "footway": null, "highway": null, "junction": null, "lanes": null, "lit": null, "maxspeed": null, "motorcar": null, "motor_vehicle": null, "name": null, "oneway": null, "oneway:bicycle": null, "psv": null, "ref": null, "service": null, "segregated": null, "sidewalk": null, "smoothness": null, "surface": null, "tracktype": null, "tunnel": null, "turn": null, "width": null, "id": null, "timestamp": null, "version": null, "tags": null, "osm_type": null, "u": -1, "v": -1, "length": 9.9119714689683374, "is_covered": 1, "is_synthesized": 1.0, "length_m": 9.9119714689683374 }, "geometry": { "type": "LineString", "coordinates": [ [ 103.847073745829206, 1.334119336550281 ], [ 103.846998469062626, 1.334071427062662 ] ] } },
{ "type": "Feature", "properties": { "access": null, "area": null, "bicycle": null, "bridge": null, "busway": null, "cycleway": null, "est_width": null, "foot": null, "footway": null, "highway": null, "junction": null, "lanes": null, "lit": null, "maxspeed": null, "motorcar": null, "motor_vehicle": null, "name": null, "oneway": null, "oneway:bicycle": null, "psv": null, "ref": null, "service": null, "segregated": null, "sidewalk": null, "smoothness": null, "surface": null, "tracktype": null, "tunnel": null, "turn": null, "width": null, "id": null, "timestamp": null, "version": null, "tags": null, "osm_type": null, "u": -1, "v": -1, "length": 54.997646345589743, "is_covered": 1, "is_synthesized": 1.0, "length_m": 54.997646345589743 }, "geometry": { "type": "LineString", "coordinates": [ [ 103.848627557093749, 1.33433501422416 ], [ 103.849121742311837, 1.33433464515793 ] ] } },
{ "type": "Feature", "properties": { "access": null, "area": null, "bicycle": null, "bridge": null, "busway": null, "cycleway": null, "est_width": null, "foot": null, "footway": null, "highway": null, "junction": null, "lanes": null, "lit": null, "maxspeed": null, "motorcar": null, "motor_vehicle": null, "name": null, "oneway": null, "oneway:bicycle": null, "psv": null, "ref": null, "service": null, "segregated": null, "sidewalk": null, "smoothness": null, "surface": null, "tracktype": null, "tunnel": null, "turn": null, "width": null, "id": null, "timestamp": null, "version": null, "tags": null, "osm_type": null, "u": -1, "v": -1, "length": 4.8407897435748479, "is_covered": 1, "is_synthesized": 1.0, "length_m": 4.8407897435748479 }, "geometry": { "type": "LineString", "coordinates": [ [ 103.847036985574363, 1.334376540911344 ], [ 103.847071976166845, 1.334350534587685 ] ] } },
{ "type": "Feature", "properties": { "access": null, "area": null, "bicycle": null, "bridge": null, "busway": null, "cycleway": null, "est_width": null, "foot": null, "footway": null, "highway": null, "junction": null, "lanes": null, "lit": null, "maxspeed": null, "motorcar": null, "motor_vehicle": null, "name": null, "oneway": null, "oneway:bicycle": null, "psv": null, "ref": null, "service": null, "segregated": null, "sidewalk": null, "smoothness": null, "surface": null, "tracktype": null, "tunnel": null, "turn": null, "width": null, "id": null, "timestamp": null, "version": null, "tags": null, "osm_type": null, "u": -1, "v": -1, "length": 11.130577754712121, "is_covered": 1, "is_synthesized": 1.0, "length_m": 11.130577754712121 }, "geometry": { "type": "LineString", "coordinates": [ [ 103.84914007378957, 1.334429510650246 ], [ 103.849076315190345, 1.334351955750479 ] ] } },
{ "type": "Feature", "properties": { "access": null, "area": null, "bicycle": null, "bridge": null, "busway": null, "cycleway": null, "est_width": null, "foot": null, "footway": null, "highway": null, "junction": null, "lanes": null, "lit": null, "maxspeed": null, "motorcar": null, "motor_vehicle": null, "name": null, "oneway": null, "oneway:bicycle": null, "psv": null, "ref": null, "service": null, "segregated": null, "sidewalk": null, "smoothness": null, "surface": null, "tracktype": null, "tunnel": null, "turn": null, "width": null, "id": null, "timestamp": null, "version": null, "tags": null, "osm_type": null, "u": -1, "v": -1, "length": 50.266389043763567, "is_covered": 1, "is_synthesized": 1.0, "length_m": 50.266389043763567 }, "geometry": { "type": "LineString", "coordinates": [ [ 103.847055424587211, 1.334399959364851 ], [ 103.847498622135319, 1.334487607300491 ] ] } },
{ "type": "Feature", "properties": { "access": null, "area": null, "bicycle": null, "bridge": null, "busway": null, "cycleway": null, "est_width": null, "foot": null, "footway": null, "highway": null, "junction": null, "lanes": null, "lit": null, "maxspeed": null, "motorcar": null, "motor_vehicle": null, "name": null, "oneway": null, "oneway:bicycle": null, "psv": null, "ref": null, "service": null, "segregated": null, "sidewalk": null, "smoothness": null, "surface": null, "tracktype": null, "tunnel": null, "turn": null, "width": null, "id": null, "timestamp": null, "version": null, "tags": null, "osm_type": null, "u": -1, "v": -1, "length": 55.418244862126286, "is_covered": 1, "is_synthesized": 1.0, "length_m": 55.418244862126286 }, "geometry": { "type": "LineString", "coordinates": [ [ 103.836635980433613, 1.341184052687861 ], [ 103.836550711693477, 1.341677833341044 ] ] } },
{ "type": "Feature", "properties": { "access": null, "area": null, "bicycle": null, "bridge": null, "busway": null, "cycleway": null, "est_width": null, "foot": null, "footway": null, "highway": null, "junction": null, "lanes": null, "lit": null, "maxspeed": null, "motorcar": null, "motor_vehicle": null, "name": null, "oneway": null, "oneway:bicycle": null, "psv": null, "ref": null, "service": null, "segregated": null, "sidewalk": null, "smoothness": null, "surface": null, "tracktype": null, "tunnel": null, "turn": null, "width": null, "id": null, "timestamp": null, "version": null, "tags": null, "osm_type": null, "u": -1, "v": -1, "length": 9.78409027709864, "is_covered": 1, "is_synthesized": 1.0, "length_m": 9.78409027709864 }, "geometry": { "type": "LineString", "coordinates": [ [ 103.836551496201395, 1.341675969550751 ], [ 103.836558766058559, 1.34176415035301 ] ] } },
{ "type": "Feature", "properties": { "access": null, "area": null, "bicycle": null, "bridge": null, "busway": null, "cycleway": null, "est_width": null, "foot": null, "footway": null, "highway": null, "junction": null, "lanes": null, "lit": null, "maxspeed": null, "motorcar": null, "motor_vehicle": null, "name": null, "oneway": null, "oneway:bicycle": null, "psv": null, "ref": null, "service": null, "segregated": null, "sidewalk": null, "smoothness": null, "surface": null, "tracktype": null, "tunnel": null, "turn": null, "width": null, "id": null, "timestamp": null, "version": null, "tags": null, "osm_type": null, "u": -1, "v": -1, "length": 6.7392613047289291, "is_covered": 1, "is_synthesized": 1.0, "length_m": 6.7392613047289291 }, "geometry": { "type": "LineString", "coordinates": [ [ 103.83660763033042, 1.341794586245585 ], [ 103.836557665194178, 1.341760151911698 ] ] } },
{ "type": "Feature", "properties": { "access": null, "area": null, "bicycle": null, "bridge": null, "busway": null, "cycleway": null, "est_width": null, "foot": null, "footway": null, "highway": null, "junction": null, "lanes": null, "lit": null, "maxspeed": null, "motorcar": null, "motor_vehicle": null, "name": null, "oneway": null, "oneway:bicycle": null, "psv": null, "ref": null, "service": null, "segregated": null, "sidewalk": null, "smoothness": null, "surface": null, "tracktype": null, "tunnel": null, "turn": null, "width": null, "id": null, "timestamp": null, "version": null, "tags": null, "osm_type": null, "u": -1, "v": -1, "length": 50.2250542635336, "is_covered": 1, "is_synthesized": 1.0, "length_m": 50.2250542635336 }, "geometry": { "type": "LineString", "coordinates": [ [ 103.836568355064543, 1.341826191568678 ], [ 103.836942681667978, 1.34207991793834 ] ] } },
{ "type": "Feature", "properties": { "access": null, "area": null, "bicycle": null, "bridge": null, "busway": null, "cycleway": null, "est_width": null, "foot": null, "footway": null, "highway": null, "junction": null, "lanes": null, "lit": null, "maxspeed": null, "motorcar": null, "motor_vehicle": null, "name": null, "oneway": null, "oneway:bicycle": null, "psv": null, "ref": null, "service": null, "segregated": null, "sidewalk": null, "smoothness": null, "surface": null, "tracktype": null, "tunnel": null, "turn": null, "width": null, "id": null, "timestamp": null, "version": null, "tags": null, "osm_type": null, "u": -1, "v": -1, "length": 18.05626884453709, "is_covered": 1, "is_synthesized": 1.0, "length_m": 18.05626884453709 }, "geometry": { "type": "LineString", "coordinates": [ [ 103.836746718503733, 1.341947422401585 ], [ 103.836881580604384, 1.342038205491927 ] ] } },
{ "type": "Feature", "properties": { "access": null, "area": null, "bicycle": null, "bridge": null, "busway": null, "cycleway": null, "est_width": null, "foot": null, "footway": null, "highway": null, "junction": null, "lanes": null, "lit": null, "maxspeed": null, "motorcar": null, "motor_vehicle": null, "name": null, "oneway": null, "oneway:bicycle": null, "psv": null, "ref": null, "service": null, "segregated": null, "sidewalk": null, "smoothness": null, "surface": null, "tracktype": null, "tunnel": null, "turn": null, "width": null, "id": null, "timestamp": null, "version": null, "tags": null, "osm_type": null, "u": -1, "v": -1, "length": 59.795745725274564, "is_covered": 1, "is_synthesized": 1.0, "length_m": 59.795745725274564 }, "geometry": { "type": "LineString", "coordinates": [ [ 103.86892773106743, 1.331488863487957 ], [ 103.868802110282573, 1.330963079795894 ] ] } },
{ "type": "Feature", "properties": { "access": null, "area": null, "bicycle": null, "bridge": null, "busway": null, "cycleway": null, "est_width": null, "foot": null, "footway": null, "highway": null, "junction": null, "lanes": null, "lit": null, "maxspeed": null, "motorcar": null, "motor_vehicle": null, "name": null, "oneway": null, "oneway:bicycle": null, "psv": null, "ref": null, "service": null, "segregated": null, "sidewalk": null, "smoothness": null, "surface": null, "tracktype": null, "tunnel": null, "turn": null, "width": null, "id": null, "timestamp": null, "version": null, "tags": null, "osm_type": null, "u": -1, "v": -1, "length": 5.2488322111623313, "is_covered": 1, "is_synthesized": 1.0, "length_m": 5.2488322111623313 }, "geometry": { "type": "LineString", "coordinates": [ [ 103.866601273879354, 1.3312500236045 ], [ 103.866642015702652, 1.331226110425294 ] ] } },
{ "type": "Feature", "properties": { "access": null, "area": null, "bicycle": null, "bridge": null, "busway": null, "cycleway": null, "est_width": null, "foot": null, "footway": null, "highway": null, "junction": null, "lanes": null, "lit": null, "maxspeed": null, "motorcar": null, "motor_vehicle": null, "name": null, "oneway": null, "oneway:bicycle": null, "psv": null, "ref": null, "service": null, "segregated": null, "sidewalk": null, "smoothness": null, "surface": null, "tracktype": null, "tunnel": null, "turn": null, "width": null, "id": null, "timestamp": null, "version": null, "tags": null, "osm_type": null, "u": -1, "v": -1, "length": 59.927548402863735, "is_covered": 1, "is_synthesized": 1.0, "length_m": 59.927548402863735 }, "geometry": { "type": "LineString", "coordinates": [ [ 103.869361843231346, 1.331557887139611 ], [ 103.869234138210473, 1.331031385245687 ] ] } },
{ "type": "Feature", "properties": { "access": null, "area": null, "bicycle": null, "bridge": null, "busway": null, "cycleway": null, "est_width": null, "foot": null, "footway": null, "highway": null, "junction": null, "lanes": null, "lit": null, "maxspeed": null, "motorcar": null, "motor_vehicle": null, "name": null, "oneway": null, "oneway:bicycle": null, "psv": null, "ref": null, "service": null, "segregated": null, "sidewalk": null, "smoothness": null, "surface": null, "tracktype": null, "tunnel": null, "turn": null, "width": null, "id": null, "timestamp": null, "version": null, "tags": null, "osm_type": null, "u": -1, "v": -1, "length": 68.024968495981256, "is_covered": 1, "is_synthesized": 1.0, "length_m": 68.024968495981256 }, "geometry": { "type": "LineString", "coordinates": [ [ 103.866071832565254, 1.331557115304214 ], [ 103.866599341702226, 1.331246328868557 ] ] } },
{ "type": "Feature", "properties": { "access": null, "area": null, "bicycle": null, "bridge": null, "busway": null, "cycleway": null, "est_width": null, "foot": null, "footway": null, "highway": null, "junction": null, "lanes": null, "lit": null, "maxspeed": null, "motorcar": null, "motor_vehicle": null, "name": null, "oneway": null, "oneway:bicycle": null, "psv": null, "ref": null, "service": null, "segregated": null, "sidewalk": null, "smoothness": null, "surface": null, "tracktype": null, "tunnel": null, "turn": null, "width": null, "id": null, "timestamp": null, "version": null, "tags": null, "osm_type": null, "u": -1, "v": -1, "length": 3.5694837538434778, "is_covered": 1, "is_synthesized": 1.0, "length_m": 3.5694837538434778 }, "geometry": { "type": "LineString", "coordinates": [ [ 103.866763911281055, 1.331421785112017 ], [ 103.866736399703782, 1.331405190883151 ] ] } },
{ "type": "Feature", "properties": { "access": null, "area": null, "bicycle": null, "bridge": null, "busway": null, "cycleway": null, "est_width": null, "foot": null, "footway": null, "highway": null, "junction": null, "lanes": null, "lit": null, "maxspeed": null, "motorcar": null, "motor_vehicle": null, "name": null, "oneway": null, "oneway:bicycle": null, "psv": null, "ref": null, "service": null, "segregated": null, "sidewalk": null, "smoothness": null, "surface": null, "tracktype": null, "tunnel": null, "turn": null, "width": null, "id": null, "timestamp": null, "version": null, "tags": null, "osm_type": null, "u": -1, "v": -1, "length": 8.3190436748235683, "is_covered": 1, "is_synthesized": 1.0, "length_m": 8.3190436748235683 }, "geometry": { "type": "LineString", "coordinates": [ [ 103.866015457745164, 1.331597177375196 ], [ 103.866079859082859, 1.3315589818143 ] ] } },
{ "type": "Feature", "properties": { "access": null, "area": null, "bicycle": null, "bridge": null, "busway": null, "cycleway": null, "est_width": null, "foot": null, "footway": null, "highway": null, "junction": null, "lanes": null, "lit": null, "maxspeed": null, "motorcar": null, "motor_vehicle": null, "name": null, "oneway": null, "oneway:bicycle": null, "psv": null, "ref": null, "service": null, "segregated": null, "sidewalk": null, "smoothness": null, "surface": null, "tracktype": null, "tunnel": null, "turn": null, "width": null, "id": null, "timestamp": null, "version": null, "tags": null, "osm_type": null, "u": -1, "v": -1, "length": 15.040679381657752, "is_covered": 1, "is_synthesized": 1.0, "length_m": 15.040679381657752 }, "geometry": { "type": "LineString", "coordinates": [ [ 103.865900253423149, 1.331657008068424 ], [ 103.866016859584647, 1.331588241878909 ] ] } },
{ "type": "Feature", "properties": { "access": null, "area": null, "bicycle": null, "bridge": null, "busway": null, "cycleway": null, "est_width": null, "foot": null, "footway": null, "highway": null, "junction": null, "lanes": null, "lit": null, "maxspeed": null, "motorcar": null, "motor_vehicle": null, "name": null, "oneway": null, "oneway:bicycle": null, "psv": null, "ref": null, "service": null, "segregated": null, "sidewalk": null, "smoothness": null, "surface": null, "tracktype": null, "tunnel": null, "turn": null, "width": null, "id": null, "timestamp": null, "version": null, "tags": null, "osm_type": null, "u": -1, "v": -1, "length": 56.351773027922313, "is_covered": 1, "is_synthesized": 1.0, "length_m": 56.351773027922313 }, "geometry": { "type": "LineString", "coordinates": [ [ 103.866735, 1.3314346 ], [ 103.866933689551033, 1.331903352047807 ] ] } },
{ "type": "Feature", "properties": { "access": null, "area": null, "bicycle": null, "bridge": null, "busway": null, "cycleway": null, "est_width": null, "foot": null, "footway": null, "highway": null, "junction": null, "lanes": null, "lit": null, "maxspeed": null, "motorcar": null, "motor_vehicle": null, "name": null, "oneway": null, "oneway:bicycle": null, "psv": null, "ref": null, "service": null, "segregated": null, "sidewalk": null, "smoothness": null, "surface": null, "tracktype": null, "tunnel": null, "turn": null, "width": null, "id": null, "timestamp": null, "version": null, "tags": null, "osm_type": null, "u": -1, "v": -1, "length": 14.391303124602688, "is_covered": 1, "is_synthesized": 1.0, "length_m": 14.391303124602688 }, "geometry": { "type": "LineString", "coordinates": [ [ 103.86579639135789, 1.331725675062393 ], [ 103.865908157184847, 1.33166021236201 ] ] } },
{ "type": "Feature", "properties": { "access": null, "area": null, "bicycle": null, "bridge": null, "busway": null, "cycleway": null, "est_width": null, "foot": null, "footway": null, "highway": null, "junction": null, "lanes": null, "lit": null, "maxspeed": null, "motorcar": null, "motor_vehicle": null, "name": null, "oneway": null, "oneway:bicycle": null, "psv": null, "ref": null, "service": null, "segregated": null, "sidewalk": null, "smoothness": null, "surface": null, "tracktype": null, "tunnel": null, "turn": null, "width": null, "id": null, "timestamp": null, "version": null, "tags": null, "osm_type": null, "u": -1, "v": -1, "length": 16.930461404414615, "is_covered": 1, "is_synthesized": 1.0, "length_m": 16.930461404414615 }, "geometry": { "type": "LineString", "coordinates": [ [ 103.8656314, 1.33199 ], [ 103.8655454, 1.3318637 ] ] } },
{ "type": "Feature", "properties": { "access": null, "area": null, "bicycle": null, "bridge": null, "busway": null, "cycleway": null, "est_width": null, "foot": null, "footway": null, "highway": null, "junction": null, "lanes": null, "lit": null, "maxspeed": null, "motorcar": null, "motor_vehicle": null, "name": null, "oneway": null, "oneway:bicycle": null, "psv": null, "ref": null, "service": null, "segregated": null, "sidewalk": null, "smoothness": null, "surface": null, "tracktype": null, "tunnel": null, "turn": null, "width": null, "id": null, "timestamp": null, "version": null, "tags": null, "osm_type": null, "u": -1, "v": -1, "length": 8.5424276808407154, "is_covered": 1, "is_synthesized": 1.0, "length_m": 8.5424276808407154 }, "geometry": { "type": "LineString", "coordinates": [ [ 103.866814658319157, 1.331963655741405 ], [ 103.866780176131101, 1.331894635145126 ] ] } },
{ "type": "Feature", "properties": { "access": null, "area": null, "bicycle": null, "bridge": null, "busway": null, "cycleway": null, "est_width": null, "foot": null, "footway": null, "highway": null, "junction": null, "lanes": null, "lit": null, "maxspeed": null, "motorcar": null, "motor_vehicle": null, "name": null, "oneway": null, "oneway:bicycle": null, "psv": null, "ref": null, "service": null, "segregated": null, "sidewalk": null, "smoothness": null, "surface": null, "tracktype": null, "tunnel": null, "turn": null, "width": null, "id": null, "timestamp": null, "version": null, "tags": null, "osm_type": null, "u": -1, "v": -1, "length": 28.694744150805143, "is_covered": 1, "is_synthesized": 1.0, "length_m": 28.694744150805143 }, "geometry": { "type": "LineString", "coordinates": [ [ 103.869414966469549, 1.331852374485653 ], [ 103.869516682330101, 1.33209083322453 ] ] } },
{ "type": "Feature", "properties": { "access": null, "area": null, "bicycle": null, "bridge": null, "busway": null, "cycleway": null, "est_width": null, "foot": null, "footway": null, "highway": null, "junction": null, "lanes": null, "lit": null, "maxspeed": null, "motorcar": null, "motor_vehicle": null, "name": null, "oneway": null, "oneway:bicycle": null, "psv": null, "ref": null, "service": null, "segregated": null, "sidewalk": null, "smoothness": null, "surface": null, "tracktype": null, "tunnel": null, "turn": null, "width": null, "id": null, "timestamp": null, "version": null, "tags": null, "osm_type": null, "u": -1, "v": -1, "length": 3.5480310884058803, "is_covered": 1, "is_synthesized": 1.0, "length_m": 3.5480310884058803 }, "geometry": { "type": "LineString", "coordinates": [ [ 103.866831754415415, 1.331989993876499 ], [ 103.866817176420525, 1.331961457762949 ] ] } },
{ "type": "Feature", "properties": { "access": null, "area": null, "bicycle": null, "bridge": null, "busway": null, "cycleway": null, "est_width": null, "foot": null, "footway": null, "highway": null, "junction": null, "lanes": null, "lit": null, "maxspeed": null, "motorcar": null, "motor_vehicle": null, "name": null, "oneway": null, "oneway:bicycle": null, "psv": null, "ref": null, "service": null, "segregated": null, "sidewalk": null, "smoothness": null, "surface": null, "tracktype": null, "tunnel": null, "turn": null, "width": null, "id": null, "timestamp": null, "version": null, "tags": null, "osm_type": null, "u": -1, "v": -1, "length": 16.121983162359435, "is_covered": 1, "is_synthesized": 1.0, "length_m": 16.121983162359435 }, "geometry": { "type": "LineString", "coordinates": [ [ 103.866825278534009, 1.331988854133156 ], [ 103.866870849090532, 1.332127253780363 ] ] } },
{ "type": "Feature", "properties": { "access": null, "area": null, "bicycle": null, "bridge": null, "busway": null, "cycleway": null, "est_width": null, "foot": null, "footway": null, "highway": null, "junction": null, "lanes": null, "lit": null, "maxspeed": null, "motorcar": null, "motor_vehicle": null, "name": null, "oneway": null, "oneway:bicycle": null, "psv": null, "ref": null, "service": null, "segregated": null, "sidewalk": null, "smoothness": null, "surface": null, "tracktype": null, "tunnel": null, "turn": null, "width": null, "id": null, "timestamp": null, "version": null, "tags": null, "osm_type": null, "u": -1, "v": -1, "length": 56.494173646809934, "is_covered": 1, "is_synthesized": 1.0, "length_m": 56.494173646809934 }, "geometry": { "type": "LineString", "coordinates": [ [ 103.8495713, 1.330435 ], [ 103.849611031961075, 1.330944345924188 ] ] } },
{ "type": "Feature", "properties": { "access": null, "area": null, "bicycle": null, "bridge": null, "busway": null, "cycleway": null, "est_width": null, "foot": null, "footway": null, "highway": null, "junction": null, "lanes": null, "lit": null, "maxspeed": null, "motorcar": null, "motor_vehicle": null, "name": null, "oneway": null, "oneway:bicycle": null, "psv": null, "ref": null, "service": null, "segregated": null, "sidewalk": null, "smoothness": null, "surface": null, "tracktype": null, "tunnel": null, "turn": null, "width": null, "id": null, "timestamp": null, "version": null, "tags": null, "osm_type": null, "u": -1, "v": -1, "length": 9.2229214800808883, "is_covered": 1, "is_synthesized": 1.0, "length_m": 9.2229214800808883 }, "geometry": { "type": "LineString", "coordinates": [ [ 103.849966094877004, 1.330926468260285 ], [ 103.849884184409873, 1.330939144479978 ] ] } },
{ "type": "Feature", "properties": { "access": null, "area": null, "bicycle": null, "bridge": null, "busway": null, "cycleway": null, "est_width": null, "foot": null, "footway": null, "highway": null, "junction": null, "lanes": null, "lit": null, "maxspeed": null, "motorcar": null, "motor_vehicle": null, "name": null, "oneway": null, "oneway:bicycle": null, "psv": null, "ref": null, "service": null, "segregated": null, "sidewalk": null, "smoothness": null, "surface": null, "tracktype": null, "tunnel": null, "turn": null, "width": null, "id": null, "timestamp": null, "version": null, "tags": null, "osm_type": null, "u": -1, "v": -1, "length": 36.874388053799514, "is_covered": 1, "is_synthesized": 1.0, "length_m": 36.874388053799514 }, "geometry": { "type": "LineString", "coordinates": [ [ 103.849903446781838, 1.330931694109331 ], [ 103.849574982959666, 1.330975515828069 ] ] } },
{ "type": "Feature", "properties": { "access": null, "area": null, "bicycle": null, "bridge": null, "busway": null, "cycleway": null, "est_width": null, "foot": null, "footway": null, "highway": null, "junction": null, "lanes": null, "lit": null, "maxspeed": null, "motorcar": null, "motor_vehicle": null, "name": null, "oneway": null, "oneway:bicycle": null, "psv": null, "ref": null, "service": null, "segregated": null, "sidewalk": null, "smoothness": null, "surface": null, "tracktype": null, "tunnel": null, "turn": null, "width": null, "id": null, "timestamp": null, "version": null, "tags": null, "osm_type": null, "u": -1, "v": -1, "length": 17.555618283399802, "is_covered": 1, "is_synthesized": 1.0, "length_m": 17.555618283399802 }, "geometry": { "type": "LineString", "coordinates": [ [ 103.849588411706819, 1.330963948646225 ], [ 103.849432042422407, 1.330984886621848 ] ] } },
{ "type": "Feature", "properties": { "access": null, "area": null, "bicycle": null, "bridge": null, "busway": null, "cycleway": null, "est_width": null, "foot": null, "footway": null, "highway": null, "junction": null, "lanes": null, "lit": null, "maxspeed": null, "motorcar": null, "motor_vehicle": null, "name": null, "oneway": null, "oneway:bicycle": null, "psv": null, "ref": null, "service": null, "segregated": null, "sidewalk": null, "smoothness": null, "surface": null, "tracktype": null, "tunnel": null, "turn": null, "width": null, "id": null, "timestamp": null, "version": null, "tags": null, "osm_type": null, "u": -1, "v": -1, "length": 28.183597757322769, "is_covered": 1, "is_synthesized": 1.0, "length_m": 28.183597757322769 }, "geometry": { "type": "LineString", "coordinates": [ [ 103.849196677235852, 1.331025230001106 ], [ 103.849447740815791, 1.330991844413599 ] ] } },
{ "type": "Feature", "properties": { "access": null, "area": null, "bicycle": null, "bridge": null, "busway": null, "cycleway": null, "est_width": null, "foot": null, "footway": null, "highway": null, "junction": null, "lanes": null, "lit": null, "maxspeed": null, "motorcar": null, "motor_vehicle": null, "name": null, "oneway": null, "oneway:bicycle": null, "psv": null, "ref": null, "service": null, "segregated": null, "sidewalk": null, "smoothness": null, "surface": null, "tracktype": null, "tunnel": null, "turn": null, "width": null, "id": null, "timestamp": null, "version": null, "tags": null, "osm_type": null, "u": -1, "v": -1, "length": 10.349205681941577, "is_covered": 1, "is_synthesized": 1.0, "length_m": 10.349205681941577 }, "geometry": { "type": "LineString", "coordinates": [ [ 103.850009469234934, 1.331159462286862 ], [ 103.849917356535528, 1.331172313027695 ] ] } },
{ "type": "Feature", "properties": { "access": null, "area": null, "bicycle": null, "bridge": null, "busway": null, "cycleway": null, "est_width": null, "foot": null, "footway": null, "highway": null, "junction": null, "lanes": null, "lit": null, "maxspeed": null, "motorcar": null, "motor_vehicle": null, "name": null, "oneway": null, "oneway:bicycle": null, "psv": null, "ref": null, "service": null, "segregated": null, "sidewalk": null, "smoothness": null, "surface": null, "tracktype": null, "tunnel": null, "turn": null, "width": null, "id": null, "timestamp": null, "version": null, "tags": null, "osm_type": null, "u": -1, "v": -1, "length": 11.940106988221389, "is_covered": 1, "is_synthesized": 1.0, "length_m": 11.940106988221389 }, "geometry": { "type": "LineString", "coordinates": [ [ 103.849153047422789, 1.334526510442601 ], [ 103.849136661707789, 1.334419795126588 ] ] } },
{ "type": "Feature", "properties": { "access": null, "area": null, "bicycle": null, "bridge": null, "busway": null, "cycleway": null, "est_width": null, "foot": null, "footway": null, "highway": null, "junction": null, "lanes": null, "lit": null, "maxspeed": null, "motorcar": null, "motor_vehicle": null, "name": null, "oneway": null, "oneway:bicycle": null, "psv": null, "ref": null, "service": null, "segregated": null, "sidewalk": null, "smoothness": null, "surface": null, "tracktype": null, "tunnel": null, "turn": null, "width": null, "id": null, "timestamp": null, "version": null, "tags": null, "osm_type": null, "u": -1, "v": -1, "length": 67.938172590806218, "is_covered": 1, "is_synthesized": 1.0, "length_m": 67.938172590806218 }, "geometry": { "type": "LineString", "coordinates": [ [ 103.854320513439774, 1.337452175229145 ], [ 103.853886594707021, 1.33788434592969 ] ] } },
{ "type": "Feature", "properties": { "access": null, "area": null, "bicycle": null, "bridge": null, "busway": null, "cycleway": null, "est_width": null, "foot": null, "footway": null, "highway": null, "junction": null, "lanes": null, "lit": null, "maxspeed": null, "motorcar": null, "motor_vehicle": null, "name": null, "oneway": null, "oneway:bicycle": null, "psv": null, "ref": null, "service": null, "segregated": null, "sidewalk": null, "smoothness": null, "surface": null, "tracktype": null, "tunnel": null, "turn": null, "width": null, "id": null, "timestamp": null, "version": null, "tags": null, "osm_type": null, "u": -1, "v": -1, "length": 14.150052619544462, "is_covered": 1, "is_synthesized": 1.0, "length_m": 14.150052619544462 }, "geometry": { "type": "LineString", "coordinates": [ [ 103.852753110593667, 1.338495950165467 ], [ 103.852862449634415, 1.338430636993767 ] ] } },
{ "type": "Feature", "properties": { "access": null, "area": null, "bicycle": null, "bridge": null, "busway": null, "cycleway": null, "est_width": null, "foot": null, "footway": null, "highway": null, "junction": null, "lanes": null, "lit": null, "maxspeed": null, "motorcar": null, "motor_vehicle": null, "name": null, "oneway": null, "oneway:bicycle": null, "psv": null, "ref": null, "service": null, "segregated": null, "sidewalk": null, "smoothness": null, "surface": null, "tracktype": null, "tunnel": null, "turn": null, "width": null, "id": null, "timestamp": null, "version": null, "tags": null, "osm_type": null, "u": -1, "v": -1, "length": 36.811288993890528, "is_covered": 1, "is_synthesized": 1.0, "length_m": 36.811288993890528 }, "geometry": { "type": "LineString", "coordinates": [ [ 103.865634659563682, 1.331959084527619 ], [ 103.865393028423725, 1.332186427967665 ] ] } },
{ "type": "Feature", "properties": { "access": null, "area": null, "bicycle": null, "bridge": null, "busway": null, "cycleway": null, "est_width": null, "foot": null, "footway": null, "highway": null, "junction": null, "lanes": null, "lit": null, "maxspeed": null, "motorcar": null, "motor_vehicle": null, "name": null, "oneway": null, "oneway:bicycle": null, "psv": null, "ref": null, "service": null, "segregated": null, "sidewalk": null, "smoothness": null, "surface": null, "tracktype": null, "tunnel": null, "turn": null, "width": null, "id": null, "timestamp": null, "version": null, "tags": null, "osm_type": null, "u": -1, "v": -1, "length": 3.4982587335786848, "is_covered": 1, "is_synthesized": 1.0, "length_m": 3.4982587335786848 }, "geometry": { "type": "LineString", "coordinates": [ [ 103.869544202269296, 1.332079464097525 ], [ 103.869527780647715, 1.332106440625612 ] ] } },
{ "type": "Feature", "properties": { "access": null, "area": null, "bicycle": null, "bridge": null, "busway": null, "cycleway": null, "est_width": null, "foot": null, "footway": null, "highway": null, "junction": null, "lanes": null, "lit": null, "maxspeed": null, "motorcar": null, "motor_vehicle": null, "name": null, "oneway": null, "oneway:bicycle": null, "psv": null, "ref": null, "service": null, "segregated": null, "sidewalk": null, "smoothness": null, "surface": null, "tracktype": null, "tunnel": null, "turn": null, "width": null, "id": null, "timestamp": null, "version": null, "tags": null, "osm_type": null, "u": -1, "v": -1, "length": 16.021949881193883, "is_covered": 1, "is_synthesized": 1.0, "length_m": 16.021949881193883 }, "geometry": { "type": "LineString", "coordinates": [ [ 103.866872942943871, 1.332112389574905 ], [ 103.866948384317311, 1.332235798943444 ] ] } },
{ "type": "Feature", "properties": { "access": null, "area": null, "bicycle": null, "bridge": null, "busway": null, "cycleway": null, "est_width": null, "foot": null, "footway": null, "highway": null, "junction": null, "lanes": null, "lit": null, "maxspeed": null, "motorcar": null, "motor_vehicle": null, "name": null, "oneway": null, "oneway:bicycle": null, "psv": null, "ref": null, "service": null, "segregated": null, "sidewalk": null, "smoothness": null, "surface": null, "tracktype": null, "tunnel": null, "turn": null, "width": null, "id": null, "timestamp": null, "version": null, "tags": null, "osm_type": null, "u": -1, "v": -1, "length": 11.298543561305937, "is_covered": 1, "is_synthesized": 1.0, "length_m": 11.298543561305937 }, "geometry": { "type": "LineString", "coordinates": [ [ 103.865425759251522, 1.332183010333683 ], [ 103.865497893872728, 1.332254912116787 ] ] } },
{ "type": "Feature", "properties": { "access": null, "area": null, "bicycle": null, "bridge": null, "busway": null, "cycleway": null, "est_width": null, "foot": null, "footway": null, "highway": null, "junction": null, "lanes": null, "lit": null, "maxspeed": null, "motorcar": null, "motor_vehicle": null, "name": null, "oneway": null, "oneway:bicycle": null, "psv": null, "ref": null, "service": null, "segregated": null, "sidewalk": null, "smoothness": null, "surface": null, "tracktype": null, "tunnel": null, "turn": null, "width": null, "id": null, "timestamp": null, "version": null, "tags": null, "osm_type": null, "u": -1, "v": -1, "length": 16.836476415660719, "is_covered": 1, "is_synthesized": 1.0, "length_m": 16.836476415660719 }, "geometry": { "type": "LineString", "coordinates": [ [ 103.867052731500308, 1.332323120106208 ], [ 103.866940821089102, 1.332220661888559 ] ] } },
{ "type": "Feature", "properties": { "access": null, "area": null, "bicycle": null, "bridge": null, "busway": null, "cycleway": null, "est_width": null, "foot": null, "footway": null, "highway": null, "junction": null, "lanes": null, "lit": null, "maxspeed": null, "motorcar": null, "motor_vehicle": null, "name": null, "oneway": null, "oneway:bicycle": null, "psv": null, "ref": null, "service": null, "segregated": null, "sidewalk": null, "smoothness": null, "surface": null, "tracktype": null, "tunnel": null, "turn": null, "width": null, "id": null, "timestamp": null, "version": null, "tags": null, "osm_type": null, "u": -1, "v": -1, "length": 13.527598787458084, "is_covered": 1, "is_synthesized": 1.0, "length_m": 13.527598787458084 }, "geometry": { "type": "LineString", "coordinates": [ [ 103.865470072039372, 1.332245144630932 ], [ 103.86542702873065, 1.332359556278213 ] ] } },
{ "type": "Feature", "properties": { "access": null, "area": null, "bicycle": null, "bridge": null, "busway": null, "cycleway": null, "est_width": null, "foot": null, "footway": null, "highway": null, "junction": null, "lanes": null, "lit": null, "maxspeed": null, "motorcar": null, "motor_vehicle": null, "name": null, "oneway": null, "oneway:bicycle": null, "psv": null, "ref": null, "service": null, "segregated": null, "sidewalk": null, "smoothness": null, "surface": null, "tracktype": null, "tunnel": null, "turn": null, "width": null, "id": null, "timestamp": null, "version": null, "tags": null, "osm_type": null, "u": -1, "v": -1, "length": 43.503771240514993, "is_covered": 1, "is_synthesized": 1.0, "length_m": 43.503771240514993 }, "geometry": { "type": "LineString", "coordinates": [ [ 103.866960532826894, 1.332242803452526 ], [ 103.866666695074215, 1.332502281476253 ] ] } },
{ "type": "Feature", "properties": { "access": null, "area": null, "bicycle": null, "bridge": null, "busway": null, "cycleway": null, "est_width": null, "foot": null, "footway": null, "highway": null, "junction": null, "lanes": null, "lit": null, "maxspeed": null, "motorcar": null, "motor_vehicle": null, "name": null, "oneway": null, "oneway:bicycle": null, "psv": null, "ref": null, "service": null, "segregated": null, "sidewalk": null, "smoothness": null, "surface": null, "tracktype": null, "tunnel": null, "turn": null, "width": null, "id": null, "timestamp": null, "version": null, "tags": null, "osm_type": null, "u": -1, "v": -1, "length": 8.6702027475781787, "is_covered": 1, "is_synthesized": 1.0, "length_m": 8.6702027475781787 }, "geometry": { "type": "LineString", "coordinates": [ [ 103.867088730565612, 1.332368577446471 ], [ 103.867143713406904, 1.332424127819856 ] ] } },
{ "type": "Feature", "properties": { "access": null, "area": null, "bicycle": null, "bridge": null, "busway": null, "cycleway": null, "est_width": null, "foot": null, "footway": null, "highway": null, "junction": null, "lanes": null, "lit": null, "maxspeed": null, "motorcar": null, "motor_vehicle": null, "name": null, "oneway": null, "oneway:bicycle": null, "psv": null, "ref": null, "service": null, "segregated": null, "sidewalk": null, "smoothness": null, "surface": null, "tracktype": null, "tunnel": null, "turn": null, "width": null, "id": null, "timestamp": null, "version": null, "tags": null, "osm_type": null, "u": -1, "v": -1, "length": 0.0, "is_covered": 1, "is_synthesized": 1.0, "length_m": 0.0 }, "geometry": { "type": "LineString", "coordinates": [ [ 103.8696074, 1.3324136 ], [ 103.8696074, 1.3324136 ] ] } },
{ "type": "Feature", "properties": { "access": null, "area": null, "bicycle": null, "bridge": null, "busway": null, "cycleway": null, "est_width": null, "foot": null, "footway": null, "highway": null, "junction": null, "lanes": null, "lit": null, "maxspeed": null, "motorcar": null, "motor_vehicle": null, "name": null, "oneway": null, "oneway:bicycle": null, "psv": null, "ref": null, "service": null, "segregated": null, "sidewalk": null, "smoothness": null, "surface": null, "tracktype": null, "tunnel": null, "turn": null, "width": null, "id": null, "timestamp": null, "version": null, "tags": null, "osm_type": null, "u": -1, "v": -1, "length": 10.789623390332325, "is_covered": 1, "is_synthesized": 1.0, "length_m": 10.789623390332325 }, "geometry": { "type": "LineString", "coordinates": [ [ 103.867212811139126, 1.332484984824519 ], [ 103.867144185466074, 1.332416058699565 ] ] } },
{ "type": "Feature", "properties": { "access": null, "area": null, "bicycle": null, "bridge": null, "busway": null, "cycleway": null, "est_width": null, "foot": null, "footway": null, "highway": null, "junction": null, "lanes": null, "lit": null, "maxspeed": null, "motorcar": null, "motor_vehicle": null, "name": null, "oneway": null, "oneway:bicycle": null, "psv": null, "ref": null, "service": null, "segregated": null, "sidewalk": null, "smoothness": null, "surface": null, "tracktype": null, "tunnel": null, "turn": null, "width": null, "id": null, "timestamp": null, "version": null, "tags": null, "osm_type": null, "u": -1, "v": -1, "length": 12.606958115039916, "is_covered": 1, "is_synthesized": 1.0, "length_m": 12.606958115039916 }, "geometry": { "type": "LineString", "coordinates": [ [ 103.8696074, 1.3324136 ], [ 103.8696057, 1.3325276 ] ] } },
{ "type": "Feature", "properties": { "access": null, "area": null, "bicycle": null, "bridge": null, "busway": null, "cycleway": null, "est_width": null, "foot": null, "footway": null, "highway": null, "junction": null, "lanes": null, "lit": null, "maxspeed": null, "motorcar": null, "motor_vehicle": null, "name": null, "oneway": null, "oneway:bicycle": null, "psv": null, "ref": null, "service": null, "segregated": null, "sidewalk": null, "smoothness": null, "surface": null, "tracktype": null, "tunnel": null, "turn": null, "width": null, "id": null, "timestamp": null, "version": null, "tags": null, "osm_type": null, "u": -1, "v": -1, "length": 3.005211376702047, "is_covered": 1, "is_synthesized": 1.0, "length_m": 3.005211376702047 }, "geometry": { "type": "LineString", "coordinates": [ [ 103.869168152932843, 1.332513925693675 ], [ 103.869143945826423, 1.332501881466714 ] ] } },
{ "type": "Feature", "properties": { "access": null, "area": null, "bicycle": null, "bridge": null, "busway": null, "cycleway": null, "est_width": null, "foot": null, "footway": null, "highway": null, "junction": null, "lanes": null, "lit": null, "maxspeed": null, "motorcar": null, "motor_vehicle": null, "name": null, "oneway": null, "oneway:bicycle": null, "psv": null, "ref": null, "service": null, "segregated": null, "sidewalk": null, "smoothness": null, "surface": null, "tracktype": null, "tunnel": null, "turn": null, "width": null, "id": null, "timestamp": null, "version": null, "tags": null, "osm_type": null, "u": -1, "v": -1, "length": 8.4554714541752816, "is_covered": 1, "is_synthesized": 1.0, "length_m": 8.4554714541752816 }, "geometry": { "type": "LineString", "coordinates": [ [ 103.866669408207699, 1.332497723295903 ], [ 103.866615439992785, 1.332551547600657 ] ] } },
{ "type": "Feature", "properties": { "access": null, "area": null, "bicycle": null, "bridge": null, "busway": null, "cycleway": null, "est_width": null, "foot": null, "footway": null, "highway": null, "junction": null, "lanes": null, "lit": null, "maxspeed": null, "motorcar": null, "motor_vehicle": null, "name": null, "oneway": null, "oneway:bicycle": null, "psv": null, "ref": null, "service": null, "segregated": null, "sidewalk": null, "smoothness": null, "surface": null, "tracktype": null, "tunnel": null, "turn": null, "width": null, "id": null, "timestamp": null, "version": null, "tags": null, "osm_type": null, "u": -1, "v": -1, "length": 4.326572483834763, "is_covered": 1, "is_synthesized": 1.0, "length_m": 4.326572483834763 }, "geometry": { "type": "LineString", "coordinates": [ [ 103.8691302, 1.33255 ], [ 103.869153897916632, 1.332518981870344 ] ] } },
{ "type": "Feature", "properties": { "access": null, "area": null, "bicycle": null, "bridge": null, "busway": null, "cycleway": null, "est_width": null, "foot": null, "footway": null, "highway": null, "junction": null, "lanes": null, "lit": null, "maxspeed": null, "motorcar": null, "motor_vehicle": null, "name": null, "oneway": null, "oneway:bicycle": null, "psv": null, "ref": null, "service": null, "segregated": null, "sidewalk": null, "smoothness": null, "surface": null, "tracktype": null, "tunnel": null, "turn": null, "width": null, "id": null, "timestamp": null, "version": null, "tags": null, "osm_type": null, "u": -1, "v": -1, "length": 20.496696677669284, "is_covered": 1, "is_synthesized": 1.0, "length_m": 20.496696677669284 }, "geometry": { "type": "LineString", "coordinates": [ [ 103.867334822576723, 1.332616471034138 ], [ 103.867204676553058, 1.332485312868531 ] ] } },
{ "type": "Feature", "properties": { "access": null, "area": null, "bicycle": null, "bridge": null, "busway": null, "cycleway": null, "est_width": null, "foot": null, "footway": null, "highway": null, "junction": null, "lanes": null, "lit": null, "maxspeed": null, "motorcar": null, "motor_vehicle": null, "name": null, "oneway": null, "oneway:bicycle": null, "psv": null, "ref": null, "service": null, "segregated": null, "sidewalk": null, "smoothness": null, "surface": null, "tracktype": null, "tunnel": null, "turn": null, "width": null, "id": null, "timestamp": null, "version": null, "tags": null, "osm_type": null, "u": -1, "v": -1, "length": 3.9999939637903705, "is_covered": 1, "is_synthesized": 1.0, "length_m": 3.9999939637903705 }, "geometry": { "type": "LineString", "coordinates": [ [ 103.868884239356575, 1.332574240375055 ], [ 103.868849886606014, 1.332584878970588 ] ] } },
{ "type": "Feature", "properties": { "access": null, "area": null, "bicycle": null, "bridge": null, "busway": null, "cycleway": null, "est_width": null, "foot": null, "footway": null, "highway": null, "junction": null, "lanes": null, "lit": null, "maxspeed": null, "motorcar": null, "motor_vehicle": null, "name": null, "oneway": null, "oneway:bicycle": null, "psv": null, "ref": null, "service": null, "segregated": null, "sidewalk": null, "smoothness": null, "surface": null, "tracktype": null, "tunnel": null, "turn": null, "width": null, "id": null, "timestamp": null, "version": null, "tags": null, "osm_type": null, "u": -1, "v": -1, "length": 48.875435014100049, "is_covered": 1, "is_synthesized": 1.0, "length_m": 48.875435014100049 }, "geometry": { "type": "LineString", "coordinates": [ [ 103.869046971709508, 1.332531880498048 ], [ 103.868616960116555, 1.332621694636287 ] ] } },
{ "type": "Feature", "properties": { "access": null, "area": null, "bicycle": null, "bridge": null, "busway": null, "cycleway": null, "est_width": null, "foot": null, "footway": null, "highway": null, "junction": null, "lanes": null, "lit": null, "maxspeed": null, "motorcar": null, "motor_vehicle": null, "name": null, "oneway": null, "oneway:bicycle": null, "psv": null, "ref": null, "service": null, "segregated": null, "sidewalk": null, "smoothness": null, "surface": null, "tracktype": null, "tunnel": null, "turn": null, "width": null, "id": null, "timestamp": null, "version": null, "tags": null, "osm_type": null, "u": -1, "v": -1, "length": 15.11049150005106, "is_covered": 1, "is_synthesized": 1.0, "length_m": 15.11049150005106 }, "geometry": { "type": "LineString", "coordinates": [ [ 103.868176085042052, 1.332661454025613 ], [ 103.8682789, 1.3325722 ] ] } },
{ "type": "Feature", "properties": { "access": null, "area": null, "bicycle": null, "bridge": null, "busway": null, "cycleway": null, "est_width": null, "foot": null, "footway": null, "highway": null, "junction": null, "lanes": null, "lit": null, "maxspeed": null, "motorcar": null, "motor_vehicle": null, "name": null, "oneway": null, "oneway:bicycle": null, "psv": null, "ref": null, "service": null, "segregated": null, "sidewalk": null, "smoothness": null, "surface": null, "tracktype": null, "tunnel": null, "turn": null, "width": null, "id": null, "timestamp": null, "version": null, "tags": null, "osm_type": null, "u": -1, "v": -1, "length": 11.251114203620112, "is_covered": 1, "is_synthesized": 1.0, "length_m": 11.251114203620112 }, "geometry": { "type": "LineString", "coordinates": [ [ 103.867407343514245, 1.332680214890306 ], [ 103.867335892124814, 1.332608230381092 ] ] } },
{ "type": "Feature", "properties": { "access": null, "area": null, "bicycle": null, "bridge": null, "busway": null, "cycleway": null, "est_width": null, "foot": null, "footway": null, "highway": null, "junction": null, "lanes": null, "lit": null, "maxspeed": null, "motorcar": null, "motor_vehicle": null, "name": null, "oneway": null, "oneway:bicycle": null, "psv": null, "ref": null, "service": null, "segregated": null, "sidewalk": null, "smoothness": null, "surface": null, "tracktype": null, "tunnel": null, "turn": null, "width": null, "id": null, "timestamp": null, "version": null, "tags": null, "osm_type": null, "u": -1, "v": -1, "length": 9.9857950077604052, "is_covered": 1, "is_synthesized": 1.0, "length_m": 9.9857950077604052 }, "geometry": { "type": "LineString", "coordinates": [ [ 103.868419160047111, 1.332726882764307 ], [ 103.868354497207264, 1.332789492837382 ] ] } },
{ "type": "Feature", "properties": { "access": null, "area": null, "bicycle": null, "bridge": null, "busway": null, "cycleway": null, "est_width": null, "foot": null, "footway": null, "highway": null, "junction": null, "lanes": null, "lit": null, "maxspeed": null, "motorcar": null, "motor_vehicle": null, "name": null, "oneway": null, "oneway:bicycle": null, "psv": null, "ref": null, "service": null, "segregated": null, "sidewalk": null, "smoothness": null, "surface": null, "tracktype": null, "tunnel": null, "turn": null, "width": null, "id": null, "timestamp": null, "version": null, "tags": null, "osm_type": null, "u": -1, "v": -1, "length": 9.5326948166206567, "is_covered": 1, "is_synthesized": 1.0, "length_m": 9.5326948166206567 }, "geometry": { "type": "LineString", "coordinates": [ [ 103.868389200439154, 1.332865829312178 ], [ 103.868348868842773, 1.332789773527771 ] ] } },
{ "type": "Feature", "properties": { "access": null, "area": null, "bicycle": null, "bridge": null, "busway": null, "cycleway": null, "est_width": null, "foot": null, "footway": null, "highway": null, "junction": null, "lanes": null, "lit": null, "maxspeed": null, "motorcar": null, "motor_vehicle": null, "name": null, "oneway": null, "oneway:bicycle": null, "psv": null, "ref": null, "service": null, "segregated": null, "sidewalk": null, "smoothness": null, "surface": null, "tracktype": null, "tunnel": null, "turn": null, "width": null, "id": null, "timestamp": null, "version": null, "tags": null, "osm_type": null, "u": -1, "v": -1, "length": 24.753547086480815, "is_covered": 1, "is_synthesized": 1.0, "length_m": 24.753547086480815 }, "geometry": { "type": "LineString", "coordinates": [ [ 103.8692387, 1.3327915 ], [ 103.869024610849479, 1.332852210279398 ] ] } },
{ "type": "Feature", "properties": { "access": null, "area": null, "bicycle": null, "bridge": null, "busway": null, "cycleway": null, "est_width": null, "foot": null, "footway": null, "highway": null, "junction": null, "lanes": null, "lit": null, "maxspeed": null, "motorcar": null, "motor_vehicle": null, "name": null, "oneway": null, "oneway:bicycle": null, "psv": null, "ref": null, "service": null, "segregated": null, "sidewalk": null, "smoothness": null, "surface": null, "tracktype": null, "tunnel": null, "turn": null, "width": null, "id": null, "timestamp": null, "version": null, "tags": null, "osm_type": null, "u": -1, "v": -1, "length": 76.28338999829009, "is_covered": 1, "is_synthesized": 1.0, "length_m": 76.28338999829009 }, "geometry": { "type": "LineString", "coordinates": [ [ 103.869587892231564, 1.332515837750407 ], [ 103.8698035, 1.3331707 ] ] } },
{ "type": "Feature", "properties": { "access": null, "area": null, "bicycle": null, "bridge": null, "busway": null, "cycleway": null, "est_width": null, "foot": null, "footway": null, "highway": null, "junction": null, "lanes": null, "lit": null, "maxspeed": null, "motorcar": null, "motor_vehicle": null, "name": null, "oneway": null, "oneway:bicycle": null, "psv": null, "ref": null, "service": null, "segregated": null, "sidewalk": null, "smoothness": null, "surface": null, "tracktype": null, "tunnel": null, "turn": null, "width": null, "id": null, "timestamp": null, "version": null, "tags": null, "osm_type": null, "u": -1, "v": -1, "length": 81.898072812690955, "is_covered": 1, "is_synthesized": 1.0, "length_m": 81.898072812690955 }, "geometry": { "type": "LineString", "coordinates": [ [ 103.86738657417348, 1.332694201984994 ], [ 103.867931608335269, 1.333191854560117 ] ] } },
{ "type": "Feature", "properties": { "access": null, "area": null, "bicycle": null, "bridge": null, "busway": null, "cycleway": null, "est_width": null, "foot": null, "footway": null, "highway": null, "junction": null, "lanes": null, "lit": null, "maxspeed": null, "motorcar": null, "motor_vehicle": null, "name": null, "oneway": null, "oneway:bicycle": null, "psv": null, "ref": null, "service": null, "segregated": null, "sidewalk": null, "smoothness": null, "surface": null, "tracktype": null, "tunnel": null, "turn": null, "width": null, "id": null, "timestamp": null, "version": null, "tags": null, "osm_type": null, "u": -1, "v": -1, "length": 100.76215313075267, "is_covered": 1, "is_synthesized": 1.0, "length_m": 100.76215313075267 }, "geometry": { "type": "LineString", "coordinates": [ [ 103.869441536352909, 1.333413765478053 ], [ 103.869159023368937, 1.332548005286743 ] ] } },
{ "type": "Feature", "properties": { "access": null, "area": null, "bicycle": null, "bridge": null, "busway": null, "cycleway": null, "est_width": null, "foot": null, "footway": null, "highway": null, "junction": null, "lanes": null, "lit": null, "maxspeed": null, "motorcar": null, "motor_vehicle": null, "name": null, "oneway": null, "oneway:bicycle": null, "psv": null, "ref": null, "service": null, "segregated": null, "sidewalk": null, "smoothness": null, "surface": null, "tracktype": null, "tunnel": null, "turn": null, "width": null, "id": null, "timestamp": null, "version": null, "tags": null, "osm_type": null, "u": -1, "v": -1, "length": 16.260210041796434, "is_covered": 1, "is_synthesized": 1.0, "length_m": 16.260210041796434 }, "geometry": { "type": "LineString", "coordinates": [ [ 103.867921427817791, 1.33334160128528 ], [ 103.867923811597393, 1.333194569308157 ] ] } },
{ "type": "Feature", "properties": { "access": null, "area": null, "bicycle": null, "bridge": null, "busway": null, "cycleway": null, "est_width": null, "foot": null, "footway": null, "highway": null, "junction": null, "lanes": null, "lit": null, "maxspeed": null, "motorcar": null, "motor_vehicle": null, "name": null, "oneway": null, "oneway:bicycle": null, "psv": null, "ref": null, "service": null, "segregated": null, "sidewalk": null, "smoothness": null, "surface": null, "tracktype": null, "tunnel": null, "turn": null, "width": null, "id": null, "timestamp": null, "version": null, "tags": null, "osm_type": null, "u": -1, "v": -1, "length": 53.199277664955886, "is_covered": 1, "is_synthesized": 1.0, "length_m": 53.199277664955886 }, "geometry": { "type": "LineString", "coordinates": [ [ 103.869742610432098, 1.333128870739975 ], [ 103.869932563510218, 1.333570370287467 ] ] } },
{ "type": "Feature", "properties": { "access": null, "area": null, "bicycle": null, "bridge": null, "busway": null, "cycleway": null, "est_width": null, "foot": null, "footway": null, "highway": null, "junction": null, "lanes": null, "lit": null, "maxspeed": null, "motorcar": null, "motor_vehicle": null, "name": null, "oneway": null, "oneway:bicycle": null, "psv": null, "ref": null, "service": null, "segregated": null, "sidewalk": null, "smoothness": null, "surface": null, "tracktype": null, "tunnel": null, "turn": null, "width": null, "id": null, "timestamp": null, "version": null, "tags": null, "osm_type": null, "u": -1, "v": -1, "length": 7.2055237226782305, "is_covered": 1, "is_synthesized": 1.0, "length_m": 7.2055237226782305 }, "geometry": { "type": "LineString", "coordinates": [ [ 103.867904406161045, 1.333398417393757 ], [ 103.867915998764516, 1.333334306236061 ] ] } },
{ "type": "Feature", "properties": { "access": null, "area": null, "bicycle": null, "bridge": null, "busway": null, "cycleway": null, "est_width": null, "foot": null, "footway": null, "highway": null, "junction": null, "lanes": null, "lit": null, "maxspeed": null, "motorcar": null, "motor_vehicle": null, "name": null, "oneway": null, "oneway:bicycle": null, "psv": null, "ref": null, "service": null, "segregated": null, "sidewalk": null, "smoothness": null, "surface": null, "tracktype": null, "tunnel": null, "turn": null, "width": null, "id": null, "timestamp": null, "version": null, "tags": null, "osm_type": null, "u": -1, "v": -1, "length": 10.173815329515435, "is_covered": 1, "is_synthesized": 1.0, "length_m": 10.173815329515435 }, "geometry": { "type": "LineString", "coordinates": [ [ 103.86934947348287, 1.333514361440527 ], [ 103.869438100000011, 1.3334918 ] ] } },
{ "type": "Feature", "properties": { "access": null, "area": null, "bicycle": null, "bridge": null, "busway": null, "cycleway": null, "est_width": null, "foot": null, "footway": null, "highway": null, "junction": null, "lanes": null, "lit": null, "maxspeed": null, "motorcar": null, "motor_vehicle": null, "name": null, "oneway": null, "oneway:bicycle": null, "psv": null, "ref": null, "service": null, "segregated": null, "sidewalk": null, "smoothness": null, "surface": null, "tracktype": null, "tunnel": null, "turn": null, "width": null, "id": null, "timestamp": null, "version": null, "tags": null, "osm_type": null, "u": -1, "v": -1, "length": 20.617231841568341, "is_covered": 1, "is_synthesized": 1.0, "length_m": 20.617231841568341 }, "geometry": { "type": "LineString", "coordinates": [ [ 103.869438100000011, 1.3334918 ], [ 103.869529730321034, 1.333653850709408 ] ] } },
{ "type": "Feature", "properties": { "access": null, "area": null, "bicycle": null, "bridge": null, "busway": null, "cycleway": null, "est_width": null, "foot": null, "footway": null, "highway": null, "junction": null, "lanes": null, "lit": null, "maxspeed": null, "motorcar": null, "motor_vehicle": null, "name": null, "oneway": null, "oneway:bicycle": null, "psv": null, "ref": null, "service": null, "segregated": null, "sidewalk": null, "smoothness": null, "surface": null, "tracktype": null, "tunnel": null, "turn": null, "width": null, "id": null, "timestamp": null, "version": null, "tags": null, "osm_type": null, "u": -1, "v": -1, "length": 45.221926546468481, "is_covered": 1, "is_synthesized": 1.0, "length_m": 45.221926546468481 }, "geometry": { "type": "LineString", "coordinates": [ [ 103.867822482917575, 1.333793050737268 ], [ 103.867911465161868, 1.333394005926517 ] ] } },
{ "type": "Feature", "properties": { "access": null, "area": null, "bicycle": null, "bridge": null, "busway": null, "cycleway": null, "est_width": null, "foot": null, "footway": null, "highway": null, "junction": null, "lanes": null, "lit": null, "maxspeed": null, "motorcar": null, "motor_vehicle": null, "name": null, "oneway": null, "oneway:bicycle": null, "psv": null, "ref": null, "service": null, "segregated": null, "sidewalk": null, "smoothness": null, "surface": null, "tracktype": null, "tunnel": null, "turn": null, "width": null, "id": null, "timestamp": null, "version": null, "tags": null, "osm_type": null, "u": -1, "v": -1, "length": 18.712472558347883, "is_covered": 1, "is_synthesized": 1.0, "length_m": 18.712472558347883 }, "geometry": { "type": "LineString", "coordinates": [ [ 103.86947621519343, 1.333618654963235 ], [ 103.869485547490555, 1.333787623041617 ] ] } },
{ "type": "Feature", "properties": { "access": null, "area": null, "bicycle": null, "bridge": null, "busway": null, "cycleway": null, "est_width": null, "foot": null, "footway": null, "highway": null, "junction": null, "lanes": null, "lit": null, "maxspeed": null, "motorcar": null, "motor_vehicle": null, "name": null, "oneway": null, "oneway:bicycle": null, "psv": null, "ref": null, "service": null, "segregated": null, "sidewalk": null, "smoothness": null, "surface": null, "tracktype": null, "tunnel": null, "turn": null, "width": null, "id": null, "timestamp": null, "version": null, "tags": null, "osm_type": null, "u": -1, "v": -1, "length": 14.157110340225652, "is_covered": 1, "is_synthesized": 1.0, "length_m": 14.157110340225652 }, "geometry": { "type": "LineString", "coordinates": [ [ 103.869529993236966, 1.33376556104631 ], [ 103.869487197749038, 1.333644991755999 ] ] } },
{ "type": "Feature", "properties": { "access": null, "area": null, "bicycle": null, "bridge": null, "busway": null, "cycleway": null, "est_width": null, "foot": null, "footway": null, "highway": null, "junction": null, "lanes": null, "lit": null, "maxspeed": null, "motorcar": null, "motor_vehicle": null, "name": null, "oneway": null, "oneway:bicycle": null, "psv": null, "ref": null, "service": null, "segregated": null, "sidewalk": null, "smoothness": null, "surface": null, "tracktype": null, "tunnel": null, "turn": null, "width": null, "id": null, "timestamp": null, "version": null, "tags": null, "osm_type": null, "u": -1, "v": -1, "length": 14.757903043422639, "is_covered": 1, "is_synthesized": 1.0, "length_m": 14.757903043422639 }, "geometry": { "type": "LineString", "coordinates": [ [ 103.867686318889, 1.333781589072486 ], [ 103.867818532415086, 1.333771300066846 ] ] } },
{ "type": "Feature", "properties": { "access": null, "area": null, "bicycle": null, "bridge": null, "busway": null, "cycleway": null, "est_width": null, "foot": null, "footway": null, "highway": null, "junction": null, "lanes": null, "lit": null, "maxspeed": null, "motorcar": null, "motor_vehicle": null, "name": null, "oneway": null, "oneway:bicycle": null, "psv": null, "ref": null, "service": null, "segregated": null, "sidewalk": null, "smoothness": null, "surface": null, "tracktype": null, "tunnel": null, "turn": null, "width": null, "id": null, "timestamp": null, "version": null, "tags": null, "osm_type": null, "u": -1, "v": -1, "length": 8.8991027991467728, "is_covered": 1, "is_synthesized": 1.0, "length_m": 8.8991027991467728 }, "geometry": { "type": "LineString", "coordinates": [ [ 103.869526357726755, 1.333766484046622 ], [ 103.869553364342849, 1.333842235387291 ] ] } },
{ "type": "Feature", "properties": { "access": null, "area": null, "bicycle": null, "bridge": null, "busway": null, "cycleway": null, "est_width": null, "foot": null, "footway": null, "highway": null, "junction": null, "lanes": null, "lit": null, "maxspeed": null, "motorcar": null, "motor_vehicle": null, "name": null, "oneway": null, "oneway:bicycle": null, "psv": null, "ref": null, "service": null, "segregated": null, "sidewalk": null, "smoothness": null, "surface": null, "tracktype": null, "tunnel": null, "turn": null, "width": null, "id": null, "timestamp": null, "version": null, "tags": null, "osm_type": null, "u": -1, "v": -1, "length": 83.760449004569764, "is_covered": 1, "is_synthesized": 1.0, "length_m": 83.760449004569764 }, "geometry": { "type": "LineString", "coordinates": [ [ 103.867083468144628, 1.334945816572888 ], [ 103.866595282464772, 1.335522349487702 ] ] } },
{ "type": "Feature", "properties": { "access": null, "area": null, "bicycle": null, "bridge": null, "busway": null, "cycleway": null, "est_width": null, "foot": null, "footway": null, "highway": null, "junction": null, "lanes": null, "lit": null, "maxspeed": null, "motorcar": null, "motor_vehicle": null, "name": null, "oneway": null, "oneway:bicycle": null, "psv": null, "ref": null, "service": null, "segregated": null, "sidewalk": null, "smoothness": null, "surface": null, "tracktype": null, "tunnel": null, "turn": null, "width": null, "id": null, "timestamp": null, "version": null, "tags": null, "osm_type": null, "u": -1, "v": -1, "length": 82.237244502459646, "is_covered": 1, "is_synthesized": 1.0, "length_m": 82.237244502459646 }, "geometry": { "type": "LineString", "coordinates": [ [ 103.86672263585632, 1.343623597067607 ], [ 103.867367558794655, 1.343260540717522 ] ] } },
{ "type": "Feature", "properties": { "access": null, "area": null, "bicycle": null, "bridge": null, "busway": null, "cycleway": null, "est_width": null, "foot": null, "footway": null, "highway": null, "junction": null, "lanes": null, "lit": null, "maxspeed": null, "motorcar": null, "motor_vehicle": null, "name": null, "oneway": null, "oneway:bicycle": null, "psv": null, "ref": null, "service": null, "segregated": null, "sidewalk": null, "smoothness": null, "surface": null, "tracktype": null, "tunnel": null, "turn": null, "width": null, "id": null, "timestamp": null, "version": null, "tags": null, "osm_type": null, "u": -1, "v": -1, "length": 11.133479568211145, "is_covered": 1, "is_synthesized": 1.0, "length_m": 11.133479568211145 }, "geometry": { "type": "LineString", "coordinates": [ [ 103.866626989978869, 1.3436547114661 ], [ 103.866718728104658, 1.343614549731002 ] ] } },
{ "type": "Feature", "properties": { "access": null, "area": null, "bicycle": null, "bridge": null, "busway": null, "cycleway": null, "est_width": null, "foot": null, "footway": null, "highway": null, "junction": null, "lanes": null, "lit": null, "maxspeed": null, "motorcar": null, "motor_vehicle": null, "name": null, "oneway": null, "oneway:bicycle": null, "psv": null, "ref": null, "service": null, "segregated": null, "sidewalk": null, "smoothness": null, "surface": null, "tracktype": null, "tunnel": null, "turn": null, "width": null, "id": null, "timestamp": null, "version": null, "tags": null, "osm_type": null, "u": -1, "v": -1, "length": 11.193464600561366, "is_covered": 1, "is_synthesized": 1.0, "length_m": 11.193464600561366 }, "geometry": { "type": "LineString", "coordinates": [ [ 103.855527739219838, 1.336381273219629 ], [ 103.85559850161296, 1.336309334249234 ] ] } },
{ "type": "Feature", "properties": { "access": null, "area": null, "bicycle": null, "bridge": null, "busway": null, "cycleway": null, "est_width": null, "foot": null, "footway": null, "highway": null, "junction": null, "lanes": null, "lit": null, "maxspeed": null, "motorcar": null, "motor_vehicle": null, "name": null, "oneway": null, "oneway:bicycle": null, "psv": null, "ref": null, "service": null, "segregated": null, "sidewalk": null, "smoothness": null, "surface": null, "tracktype": null, "tunnel": null, "turn": null, "width": null, "id": null, "timestamp": null, "version": null, "tags": null, "osm_type": null, "u": -1, "v": -1, "length": 56.040268059509543, "is_covered": 1, "is_synthesized": 1.0, "length_m": 56.040268059509543 }, "geometry": { "type": "LineString", "coordinates": [ [ 103.856773294962068, 1.336576747449713 ], [ 103.857208807148112, 1.336322337269598 ] ] } },
{ "type": "Feature", "properties": { "access": null, "area": null, "bicycle": null, "bridge": null, "busway": null, "cycleway": null, "est_width": null, "foot": null, "footway": null, "highway": null, "junction": null, "lanes": null, "lit": null, "maxspeed": null, "motorcar": null, "motor_vehicle": null, "name": null, "oneway": null, "oneway:bicycle": null, "psv": null, "ref": null, "service": null, "segregated": null, "sidewalk": null, "smoothness": null, "surface": null, "tracktype": null, "tunnel": null, "turn": null, "width": null, "id": null, "timestamp": null, "version": null, "tags": null, "osm_type": null, "u": -1, "v": -1, "length": 19.675144338851961, "is_covered": 1, "is_synthesized": 1.0, "length_m": 19.675144338851961 }, "geometry": { "type": "LineString", "coordinates": [ [ 103.854433666429415, 1.336871694635904 ], [ 103.854593356688213, 1.336795345038755 ] ] } },
{ "type": "Feature", "properties": { "access": null, "area": null, "bicycle": null, "bridge": null, "busway": null, "cycleway": null, "est_width": null, "foot": null, "footway": null, "highway": null, "junction": null, "lanes": null, "lit": null, "maxspeed": null, "motorcar": null, "motor_vehicle": null, "name": null, "oneway": null, "oneway:bicycle": null, "psv": null, "ref": null, "service": null, "segregated": null, "sidewalk": null, "smoothness": null, "surface": null, "tracktype": null, "tunnel": null, "turn": null, "width": null, "id": null, "timestamp": null, "version": null, "tags": null, "osm_type": null, "u": -1, "v": -1, "length": 11.590328349634456, "is_covered": 1, "is_synthesized": 1.0, "length_m": 11.590328349634456 }, "geometry": { "type": "LineString", "coordinates": [ [ 103.855854303460504, 1.337781470833045 ], [ 103.855777054987755, 1.337851772274272 ] ] } },
{ "type": "Feature", "properties": { "access": null, "area": null, "bicycle": null, "bridge": null, "busway": null, "cycleway": null, "est_width": null, "foot": null, "footway": null, "highway": null, "junction": null, "lanes": null, "lit": null, "maxspeed": null, "motorcar": null, "motor_vehicle": null, "name": null, "oneway": null, "oneway:bicycle": null, "psv": null, "ref": null, "service": null, "segregated": null, "sidewalk": null, "smoothness": null, "surface": null, "tracktype": null, "tunnel": null, "turn": null, "width": null, "id": null, "timestamp": null, "version": null, "tags": null, "osm_type": null, "u": -1, "v": -1, "length": 11.03307927994129, "is_covered": 1, "is_synthesized": 1.0, "length_m": 11.03307927994129 }, "geometry": { "type": "LineString", "coordinates": [ [ 103.855752217215112, 1.337881451153123 ], [ 103.855679011361815, 1.337948736540738 ] ] } },
{ "type": "Feature", "properties": { "access": null, "area": null, "bicycle": null, "bridge": null, "busway": null, "cycleway": null, "est_width": null, "foot": null, "footway": null, "highway": null, "junction": null, "lanes": null, "lit": null, "maxspeed": null, "motorcar": null, "motor_vehicle": null, "name": null, "oneway": null, "oneway:bicycle": null, "psv": null, "ref": null, "service": null, "segregated": null, "sidewalk": null, "smoothness": null, "surface": null, "tracktype": null, "tunnel": null, "turn": null, "width": null, "id": null, "timestamp": null, "version": null, "tags": null, "osm_type": null, "u": -1, "v": -1, "length": 34.600656956314261, "is_covered": 1, "is_synthesized": 1.0, "length_m": 34.600656956314261 }, "geometry": { "type": "LineString", "coordinates": [ [ 103.855679011724362, 1.337948736618806 ], [ 103.855447500000011, 1.3381576 ] ] } },
{ "type": "Feature", "properties": { "access": null, "area": null, "bicycle": null, "bridge": null, "busway": null, "cycleway": null, "est_width": null, "foot": null, "footway": null, "highway": null, "junction": null, "lanes": null, "lit": null, "maxspeed": null, "motorcar": null, "motor_vehicle": null, "name": null, "oneway": null, "oneway:bicycle": null, "psv": null, "ref": null, "service": null, "segregated": null, "sidewalk": null, "smoothness": null, "surface": null, "tracktype": null, "tunnel": null, "turn": null, "width": null, "id": null, "timestamp": null, "version": null, "tags": null, "osm_type": null, "u": -1, "v": -1, "length": 176.52100043249916, "is_covered": 1, "is_synthesized": 1.0, "length_m": 176.52100043249916 }, "geometry": { "type": "LineString", "coordinates": [ [ 103.853843752781188, 1.338155187905635 ], [ 103.855404885123477, 1.338437573540946 ] ] } },
{ "type": "Feature", "properties": { "access": null, "area": null, "bicycle": null, "bridge": null, "busway": null, "cycleway": null, "est_width": null, "foot": null, "footway": null, "highway": null, "junction": null, "lanes": null, "lit": null, "maxspeed": null, "motorcar": null, "motor_vehicle": null, "name": null, "oneway": null, "oneway:bicycle": null, "psv": null, "ref": null, "service": null, "segregated": null, "sidewalk": null, "smoothness": null, "surface": null, "tracktype": null, "tunnel": null, "turn": null, "width": null, "id": null, "timestamp": null, "version": null, "tags": null, "osm_type": null, "u": -1, "v": -1, "length": 146.23283830350749, "is_covered": 1, "is_synthesized": 1.0, "length_m": 146.23283830350749 }, "geometry": { "type": "LineString", "coordinates": [ [ 103.857057229578075, 1.339917835829051 ], [ 103.855743249791871, 1.339922713387701 ] ] } },
{ "type": "Feature", "properties": { "access": null, "area": null, "bicycle": null, "bridge": null, "busway": null, "cycleway": null, "est_width": null, "foot": null, "footway": null, "highway": null, "junction": null, "lanes": null, "lit": null, "maxspeed": null, "motorcar": null, "motor_vehicle": null, "name": null, "oneway": null, "oneway:bicycle": null, "psv": null, "ref": null, "service": null, "segregated": null, "sidewalk": null, "smoothness": null, "surface": null, "tracktype": null, "tunnel": null, "turn": null, "width": null, "id": null, "timestamp": null, "version": null, "tags": null, "osm_type": null, "u": -1, "v": -1, "length": 43.983075819068453, "is_covered": 1, "is_synthesized": 1.0, "length_m": 43.983075819068453 }, "geometry": { "type": "LineString", "coordinates": [ [ 103.856371075653797, 1.343047860263359 ], [ 103.855975963975752, 1.343038787162042 ] ] } },
{ "type": "Feature", "properties": { "access": null, "area": null, "bicycle": null, "bridge": null, "busway": null, "cycleway": null, "est_width": null, "foot": null, "footway": null, "highway": null, "junction": null, "lanes": null, "lit": null, "maxspeed": null, "motorcar": null, "motor_vehicle": null, "name": null, "oneway": null, "oneway:bicycle": null, "psv": null, "ref": null, "service": null, "segregated": null, "sidewalk": null, "smoothness": null, "surface": null, "tracktype": null, "tunnel": null, "turn": null, "width": null, "id": null, "timestamp": null, "version": null, "tags": null, "osm_type": null, "u": -1, "v": -1, "length": 8.5845261142793969, "is_covered": 1, "is_synthesized": 1.0, "length_m": 8.5845261142793969 }, "geometry": { "type": "LineString", "coordinates": [ [ 103.858567856760445, 1.343094728012933 ], [ 103.858491999706047, 1.343108812968284 ] ] } },
{ "type": "Feature", "properties": { "access": null, "area": null, "bicycle": null, "bridge": null, "busway": null, "cycleway": null, "est_width": null, "foot": null, "footway": null, "highway": null, "junction": null, "lanes": null, "lit": null, "maxspeed": null, "motorcar": null, "motor_vehicle": null, "name": null, "oneway": null, "oneway:bicycle": null, "psv": null, "ref": null, "service": null, "segregated": null, "sidewalk": null, "smoothness": null, "surface": null, "tracktype": null, "tunnel": null, "turn": null, "width": null, "id": null, "timestamp": null, "version": null, "tags": null, "osm_type": null, "u": -1, "v": -1, "length": 2.7761493128434633, "is_covered": 1, "is_synthesized": 1.0, "length_m": 2.7761493128434633 }, "geometry": { "type": "LineString", "coordinates": [ [ 103.853775245518307, 1.339994896935729 ], [ 103.85379757889902, 1.339983712514727 ] ] } },
{ "type": "Feature", "properties": { "access": null, "area": null, "bicycle": null, "bridge": null, "busway": null, "cycleway": null, "est_width": null, "foot": null, "footway": null, "highway": null, "junction": null, "lanes": null, "lit": null, "maxspeed": null, "motorcar": null, "motor_vehicle": null, "name": null, "oneway": null, "oneway:bicycle": null, "psv": null, "ref": null, "service": null, "segregated": null, "sidewalk": null, "smoothness": null, "surface": null, "tracktype": null, "tunnel": null, "turn": null, "width": null, "id": null, "timestamp": null, "version": null, "tags": null, "osm_type": null, "u": -1, "v": -1, "length": 17.148676817969502, "is_covered": 1, "is_synthesized": 1.0, "length_m": 17.148676817969502 }, "geometry": { "type": "LineString", "coordinates": [ [ 103.853761864018281, 1.339993172617073 ], [ 103.853833147043304, 1.340130666971476 ] ] } },
{ "type": "Feature", "properties": { "access": null, "area": null, "bicycle": null, "bridge": null, "busway": null, "cycleway": null, "est_width": null, "foot": null, "footway": null, "highway": null, "junction": null, "lanes": null, "lit": null, "maxspeed": null, "motorcar": null, "motor_vehicle": null, "name": null, "oneway": null, "oneway:bicycle": null, "psv": null, "ref": null, "service": null, "segregated": null, "sidewalk": null, "smoothness": null, "surface": null, "tracktype": null, "tunnel": null, "turn": null, "width": null, "id": null, "timestamp": null, "version": null, "tags": null, "osm_type": null, "u": -1, "v": -1, "length": 81.09463186468723, "is_covered": 1, "is_synthesized": 1.0, "length_m": 81.09463186468723 }, "geometry": { "type": "LineString", "coordinates": [ [ 103.853639156764373, 1.33993034150136 ], [ 103.853289279041533, 1.340573661929609 ] ] } },
{ "type": "Feature", "properties": { "access": null, "area": null, "bicycle": null, "bridge": null, "busway": null, "cycleway": null, "est_width": null, "foot": null, "footway": null, "highway": null, "junction": null, "lanes": null, "lit": null, "maxspeed": null, "motorcar": null, "motor_vehicle": null, "name": null, "oneway": null, "oneway:bicycle": null, "psv": null, "ref": null, "service": null, "segregated": null, "sidewalk": null, "smoothness": null, "surface": null, "tracktype": null, "tunnel": null, "turn": null, "width": null, "id": null, "timestamp": null, "version": null, "tags": null, "osm_type": null, "u": -1, "v": -1, "length": 20.49498693834898, "is_covered": 1, "is_synthesized": 1.0, "length_m": 20.49498693834898 }, "geometry": { "type": "LineString", "coordinates": [ [ 103.849996342687575, 1.340430184894025 ], [ 103.849822651029882, 1.340491784751278 ] ] } },
{ "type": "Feature", "properties": { "access": null, "area": null, "bicycle": null, "bridge": null, "busway": null, "cycleway": null, "est_width": null, "foot": null, "footway": null, "highway": null, "junction": null, "lanes": null, "lit": null, "maxspeed": null, "motorcar": null, "motor_vehicle": null, "name": null, "oneway": null, "oneway:bicycle": null, "psv": null, "ref": null, "service": null, "segregated": null, "sidewalk": null, "smoothness": null, "surface": null, "tracktype": null, "tunnel": null, "turn": null, "width": null, "id": null, "timestamp": null, "version": null, "tags": null, "osm_type": null, "u": -1, "v": -1, "length": 17.701721203741524, "is_covered": 1, "is_synthesized": 1.0, "length_m": 17.701721203741524 }, "geometry": { "type": "LineString", "coordinates": [ [ 103.849679222794379, 1.340547013888709 ], [ 103.849829948149235, 1.340495871140104 ] ] } },
{ "type": "Feature", "properties": { "access": null, "area": null, "bicycle": null, "bridge": null, "busway": null, "cycleway": null, "est_width": null, "foot": null, "footway": null, "highway": null, "junction": null, "lanes": null, "lit": null, "maxspeed": null, "motorcar": null, "motor_vehicle": null, "name": null, "oneway": null, "oneway:bicycle": null, "psv": null, "ref": null, "service": null, "segregated": null, "sidewalk": null, "smoothness": null, "surface": null, "tracktype": null, "tunnel": null, "turn": null, "width": null, "id": null, "timestamp": null, "version": null, "tags": null, "osm_type": null, "u": -1, "v": -1, "length": 5.8619155251375412, "is_covered": 1, "is_synthesized": 1.0, "length_m": 5.8619155251375412 }, "geometry": { "type": "LineString", "coordinates": [ [ 103.852843187040918, 1.340550070225225 ], [ 103.8528890820876, 1.340524056224977 ] ] } },
{ "type": "Feature", "properties": { "access": null, "area": null, "bicycle": null, "bridge": null, "busway": null, "cycleway": null, "est_width": null, "foot": null, "footway": null, "highway": null, "junction": null, "lanes": null, "lit": null, "maxspeed": null, "motorcar": null, "motor_vehicle": null, "name": null, "oneway": null, "oneway:bicycle": null, "psv": null, "ref": null, "service": null, "segregated": null, "sidewalk": null, "smoothness": null, "surface": null, "tracktype": null, "tunnel": null, "turn": null, "width": null, "id": null, "timestamp": null, "version": null, "tags": null, "osm_type": null, "u": -1, "v": -1, "length": 31.3687529785892, "is_covered": 1, "is_synthesized": 1.0, "length_m": 31.3687529785892 }, "geometry": { "type": "LineString", "coordinates": [ [ 103.849409470375178, 1.340606110033102 ], [ 103.849684600886505, 1.340544459395707 ] ] } },
{ "type": "Feature", "properties": { "access": null, "area": null, "bicycle": null, "bridge": null, "busway": null, "cycleway": null, "est_width": null, "foot": null, "footway": null, "highway": null, "junction": null, "lanes": null, "lit": null, "maxspeed": null, "motorcar": null, "motor_vehicle": null, "name": null, "oneway": null, "oneway:bicycle": null, "psv": null, "ref": null, "service": null, "segregated": null, "sidewalk": null, "smoothness": null, "surface": null, "tracktype": null, "tunnel": null, "turn": null, "width": null, "id": null, "timestamp": null, "version": null, "tags": null, "osm_type": null, "u": -1, "v": -1, "length": 22.521813717191751, "is_covered": 1, "is_synthesized": 1.0, "length_m": 22.521813717191751 }, "geometry": { "type": "LineString", "coordinates": [ [ 103.852861146152392, 1.340558123827125 ], [ 103.853039184759766, 1.340654956823224 ] ] } },
{ "type": "Feature", "properties": { "access": null, "area": null, "bicycle": null, "bridge": null, "busway": null, "cycleway": null, "est_width": null, "foot": null, "footway": null, "highway": null, "junction": null, "lanes": null, "lit": null, "maxspeed": null, "motorcar": null, "motor_vehicle": null, "name": null, "oneway": null, "oneway:bicycle": null, "psv": null, "ref": null, "service": null, "segregated": null, "sidewalk": null, "smoothness": null, "surface": null, "tracktype": null, "tunnel": null, "turn": null, "width": null, "id": null, "timestamp": null, "version": null, "tags": null, "osm_type": null, "u": -1, "v": -1, "length": 5.1175651435532004, "is_covered": 1, "is_synthesized": 1.0, "length_m": 5.1175651435532004 }, "geometry": { "type": "LineString", "coordinates": [ [ 103.853049295111092, 1.340655704800383 ], [ 103.853006011621957, 1.340671332568461 ] ] } },
{ "type": "Feature", "properties": { "access": null, "area": null, "bicycle": null, "bridge": null, "busway": null, "cycleway": null, "est_width": null, "foot": null, "footway": null, "highway": null, "junction": null, "lanes": null, "lit": null, "maxspeed": null, "motorcar": null, "motor_vehicle": null, "name": null, "oneway": null, "oneway:bicycle": null, "psv": null, "ref": null, "service": null, "segregated": null, "sidewalk": null, "smoothness": null, "surface": null, "tracktype": null, "tunnel": null, "turn": null, "width": null, "id": null, "timestamp": null, "version": null, "tags": null, "osm_type": null, "u": -1, "v": -1, "length": 11.825098810371767, "is_covered": 1, "is_synthesized": 1.0, "length_m": 11.825098810371767 }, "geometry": { "type": "LineString", "coordinates": [ [ 103.853071487440772, 1.340773817833488 ], [ 103.853035880252818, 1.340673059294996 ] ] } },
{ "type": "Feature", "properties": { "access": null, "area": null, "bicycle": null, "bridge": null, "busway": null, "cycleway": null, "est_width": null, "foot": null, "footway": null, "highway": null, "junction": null, "lanes": null, "lit": null, "maxspeed": null, "motorcar": null, "motor_vehicle": null, "name": null, "oneway": null, "oneway:bicycle": null, "psv": null, "ref": null, "service": null, "segregated": null, "sidewalk": null, "smoothness": null, "surface": null, "tracktype": null, "tunnel": null, "turn": null, "width": null, "id": null, "timestamp": null, "version": null, "tags": null, "osm_type": null, "u": -1, "v": -1, "length": 11.318607693756102, "is_covered": 1, "is_synthesized": 1.0, "length_m": 11.318607693756102 }, "geometry": { "type": "LineString", "coordinates": [ [ 103.853080099783199, 1.340765456591809 ], [ 103.853113143801352, 1.340862264695209 ] ] } },
{ "type": "Feature", "properties": { "access": null, "area": null, "bicycle": null, "bridge": null, "busway": null, "cycleway": null, "est_width": null, "foot": null, "footway": null, "highway": null, "junction": null, "lanes": null, "lit": null, "maxspeed": null, "motorcar": null, "motor_vehicle": null, "name": null, "oneway": null, "oneway:bicycle": null, "psv": null, "ref": null, "service": null, "segregated": null, "sidewalk": null, "smoothness": null, "surface": null, "tracktype": null, "tunnel": null, "turn": null, "width": null, "id": null, "timestamp": null, "version": null, "tags": null, "osm_type": null, "u": -1, "v": -1, "length": 24.24968030599225, "is_covered": 1, "is_synthesized": 1.0, "length_m": 24.24968030599225 }, "geometry": { "type": "LineString", "coordinates": [ [ 103.849477718000955, 1.340906310143206 ], [ 103.849694881591333, 1.340888321626648 ] ] } },
{ "type": "Feature", "properties": { "access": null, "area": null, "bicycle": null, "bridge": null, "busway": null, "cycleway": null, "est_width": null, "foot": null, "footway": null, "highway": null, "junction": null, "lanes": null, "lit": null, "maxspeed": null, "motorcar": null, "motor_vehicle": null, "name": null, "oneway": null, "oneway:bicycle": null, "psv": null, "ref": null, "service": null, "segregated": null, "sidewalk": null, "smoothness": null, "surface": null, "tracktype": null, "tunnel": null, "turn": null, "width": null, "id": null, "timestamp": null, "version": null, "tags": null, "osm_type": null, "u": -1, "v": -1, "length": 17.579873491295576, "is_covered": 1, "is_synthesized": 1.0, "length_m": 17.579873491295576 }, "geometry": { "type": "LineString", "coordinates": [ [ 103.853155257489632, 1.34101239831835 ], [ 103.853102519937778, 1.340862534084708 ] ] } },
{ "type": "Feature", "properties": { "access": null, "area": null, "bicycle": null, "bridge": null, "busway": null, "cycleway": null, "est_width": null, "foot": null, "footway": null, "highway": null, "junction": null, "lanes": null, "lit": null, "maxspeed": null, "motorcar": null, "motor_vehicle": null, "name": null, "oneway": null, "oneway:bicycle": null, "psv": null, "ref": null, "service": null, "segregated": null, "sidewalk": null, "smoothness": null, "surface": null, "tracktype": null, "tunnel": null, "turn": null, "width": null, "id": null, "timestamp": null, "version": null, "tags": null, "osm_type": null, "u": -1, "v": -1, "length": 11.007461722925884, "is_covered": 1, "is_synthesized": 1.0, "length_m": 11.007461722925884 }, "geometry": { "type": "LineString", "coordinates": [ [ 103.851957258335659, 1.34325009434938 ], [ 103.851859205224827, 1.343263159695863 ] ] } },
{ "type": "Feature", "properties": { "access": null, "area": null, "bicycle": null, "bridge": null, "busway": null, "cycleway": null, "est_width": null, "foot": null, "footway": null, "highway": null, "junction": null, "lanes": null, "lit": null, "maxspeed": null, "motorcar": null, "motor_vehicle": null, "name": null, "oneway": null, "oneway:bicycle": null, "psv": null, "ref": null, "service": null, "segregated": null, "sidewalk": null, "smoothness": null, "surface": null, "tracktype": null, "tunnel": null, "turn": null, "width": null, "id": null, "timestamp": null, "version": null, "tags": null, "osm_type": null, "u": -1, "v": -1, "length": 11.804915400320494, "is_covered": 1, "is_synthesized": 1.0, "length_m": 11.804915400320494 }, "geometry": { "type": "LineString", "coordinates": [ [ 103.851760865895059, 1.34328919488455 ], [ 103.851865761847066, 1.343273326040963 ] ] } },
{ "type": "Feature", "properties": { "access": null, "area": null, "bicycle": null, "bridge": null, "busway": null, "cycleway": null, "est_width": null, "foot": null, "footway": null, "highway": null, "junction": null, "lanes": null, "lit": null, "maxspeed": null, "motorcar": null, "motor_vehicle": null, "name": null, "oneway": null, "oneway:bicycle": null, "psv": null, "ref": null, "service": null, "segregated": null, "sidewalk": null, "smoothness": null, "surface": null, "tracktype": null, "tunnel": null, "turn": null, "width": null, "id": null, "timestamp": null, "version": null, "tags": null, "osm_type": null, "u": -1, "v": -1, "length": 48.336909710439436, "is_covered": 1, "is_synthesized": 1.0, "length_m": 48.336909710439436 }, "geometry": { "type": "LineString", "coordinates": [ [ 103.85176408090139, 1.343276764017548 ], [ 103.851334379190774, 1.343340454215465 ] ] } },
{ "type": "Feature", "properties": { "access": null, "area": null, "bicycle": null, "bridge": null, "busway": null, "cycleway": null, "est_width": null, "foot": null, "footway": null, "highway": null, "junction": null, "lanes": null, "lit": null, "maxspeed": null, "motorcar": null, "motor_vehicle": null, "name": null, "oneway": null, "oneway:bicycle": null, "psv": null, "ref": null, "service": null, "segregated": null, "sidewalk": null, "smoothness": null, "surface": null, "tracktype": null, "tunnel": null, "turn": null, "width": null, "id": null, "timestamp": null, "version": null, "tags": null, "osm_type": null, "u": -1, "v": -1, "length": 63.756945463977779, "is_covered": 1, "is_synthesized": 1.0, "length_m": 63.756945463977779 }, "geometry": { "type": "LineString", "coordinates": [ [ 103.850709577888267, 1.343451010004088 ], [ 103.851276771691488, 1.343369869100246 ] ] } },
{ "type": "Feature", "properties": { "access": null, "area": null, "bicycle": null, "bridge": null, "busway": null, "cycleway": null, "est_width": null, "foot": null, "footway": null, "highway": null, "junction": null, "lanes": null, "lit": null, "maxspeed": null, "motorcar": null, "motor_vehicle": null, "name": null, "oneway": null, "oneway:bicycle": null, "psv": null, "ref": null, "service": null, "segregated": null, "sidewalk": null, "smoothness": null, "surface": null, "tracktype": null, "tunnel": null, "turn": null, "width": null, "id": null, "timestamp": null, "version": null, "tags": null, "osm_type": null, "u": -1, "v": -1, "length": 18.581317298553628, "is_covered": 1, "is_synthesized": 1.0, "length_m": 18.581317298553628 }, "geometry": { "type": "LineString", "coordinates": [ [ 103.838101187823483, 1.333574318630029 ], [ 103.838019982705646, 1.333721147144376 ] ] } },
{ "type": "Feature", "properties": { "access": null, "area": null, "bicycle": null, "bridge": null, "busway": null, "cycleway": null, "est_width": null, "foot": null, "footway": null, "highway": null, "junction": null, "lanes": null, "lit": null, "maxspeed": null, "motorcar": null, "motor_vehicle": null, "name": null, "oneway": null, "oneway:bicycle": null, "psv": null, "ref": null, "service": null, "segregated": null, "sidewalk": null, "smoothness": null, "surface": null, "tracktype": null, "tunnel": null, "turn": null, "width": null, "id": null, "timestamp": null, "version": null, "tags": null, "osm_type": null, "u": -1, "v": -1, "length": 2.4336102066164473, "is_covered": 1, "is_synthesized": 1.0, "length_m": 2.4336102066164473 }, "geometry": { "type": "LineString", "coordinates": [ [ 103.838061834756488, 1.333680155837194 ], [ 103.838051429903985, 1.333699513480331 ] ] } },
{ "type": "Feature", "properties": { "access": null, "area": null, "bicycle": null, "bridge": null, "busway": null, "cycleway": null, "est_width": null, "foot": null, "footway": null, "highway": null, "junction": null, "lanes": null, "lit": null, "maxspeed": null, "motorcar": null, "motor_vehicle": null, "name": null, "oneway": null, "oneway:bicycle": null, "psv": null, "ref": null, "service": null, "segregated": null, "sidewalk": null, "smoothness": null, "surface": null, "tracktype": null, "tunnel": null, "turn": null, "width": null, "id": null, "timestamp": null, "version": null, "tags": null, "osm_type": null, "u": -1, "v": -1, "length": 58.592520364678556, "is_covered": 1, "is_synthesized": 1.0, "length_m": 58.592520364678556 }, "geometry": { "type": "LineString", "coordinates": [ [ 103.839480847915695, 1.334634207053456 ], [ 103.839964982237916, 1.334842432973829 ] ] } },
{ "type": "Feature", "properties": { "access": null, "area": null, "bicycle": null, "bridge": null, "busway": null, "cycleway": null, "est_width": null, "foot": null, "footway": null, "highway": null, "junction": null, "lanes": null, "lit": null, "maxspeed": null, "motorcar": null, "motor_vehicle": null, "name": null, "oneway": null, "oneway:bicycle": null, "psv": null, "ref": null, "service": null, "segregated": null, "sidewalk": null, "smoothness": null, "surface": null, "tracktype": null, "tunnel": null, "turn": null, "width": null, "id": null, "timestamp": null, "version": null, "tags": null, "osm_type": null, "u": -1, "v": -1, "length": 3.5968024352205936, "is_covered": 1, "is_synthesized": 1.0, "length_m": 3.5968024352205936 }, "geometry": { "type": "LineString", "coordinates": [ [ 103.839998958515892, 1.334837176505234 ], [ 103.839968632349496, 1.334825930069433 ] ] } },
{ "type": "Feature", "properties": { "access": null, "area": null, "bicycle": null, "bridge": null, "busway": null, "cycleway": null, "est_width": null, "foot": null, "footway": null, "highway": null, "junction": null, "lanes": null, "lit": null, "maxspeed": null, "motorcar": null, "motor_vehicle": null, "name": null, "oneway": null, "oneway:bicycle": null, "psv": null, "ref": null, "service": null, "segregated": null, "sidewalk": null, "smoothness": null, "surface": null, "tracktype": null, "tunnel": null, "turn": null, "width": null, "id": null, "timestamp": null, "version": null, "tags": null, "osm_type": null, "u": -1, "v": -1, "length": 70.10253271753389, "is_covered": 1, "is_synthesized": 1.0, "length_m": 70.10253271753389 }, "geometry": { "type": "LineString", "coordinates": [ [ 103.839994038811554, 1.334844478728103 ], [ 103.840600123823265, 1.335017196501069 ] ] } },
{ "type": "Feature", "properties": { "access": null, "area": null, "bicycle": null, "bridge": null, "busway": null, "cycleway": null, "est_width": null, "foot": null, "footway": null, "highway": null, "junction": null, "lanes": null, "lit": null, "maxspeed": null, "motorcar": null, "motor_vehicle": null, "name": null, "oneway": null, "oneway:bicycle": null, "psv": null, "ref": null, "service": null, "segregated": null, "sidewalk": null, "smoothness": null, "surface": null, "tracktype": null, "tunnel": null, "turn": null, "width": null, "id": null, "timestamp": null, "version": null, "tags": null, "osm_type": null, "u": -1, "v": -1, "length": 8.1771015901185464, "is_covered": 1, "is_synthesized": 1.0, "length_m": 8.1771015901185464 }, "geometry": { "type": "LineString", "coordinates": [ [ 103.840772811831172, 1.33505553927295 ], [ 103.840844452977151, 1.335071962313803 ] ] } },
{ "type": "Feature", "properties": { "access": null, "area": null, "bicycle": null, "bridge": null, "busway": null, "cycleway": null, "est_width": null, "foot": null, "footway": null, "highway": null, "junction": null, "lanes": null, "lit": null, "maxspeed": null, "motorcar": null, "motor_vehicle": null, "name": null, "oneway": null, "oneway:bicycle": null, "psv": null, "ref": null, "service": null, "segregated": null, "sidewalk": null, "smoothness": null, "surface": null, "tracktype": null, "tunnel": null, "turn": null, "width": null, "id": null, "timestamp": null, "version": null, "tags": null, "osm_type": null, "u": -1, "v": -1, "length": 165.74093909685138, "is_covered": 1, "is_synthesized": 1.0, "length_m": 165.74093909685138 }, "geometry": { "type": "LineString", "coordinates": [ [ 103.839709152587872, 1.33642565976494 ], [ 103.840013734566497, 1.334958439617132 ] ] } },
{ "type": "Feature", "properties": { "access": null, "area": null, "bicycle": null, "bridge": null, "busway": null, "cycleway": null, "est_width": null, "foot": null, "footway": null, "highway": null, "junction": null, "lanes": null, "lit": null, "maxspeed": null, "motorcar": null, "motor_vehicle": null, "name": null, "oneway": null, "oneway:bicycle": null, "psv": null, "ref": null, "service": null, "segregated": null, "sidewalk": null, "smoothness": null, "surface": null, "tracktype": null, "tunnel": null, "turn": null, "width": null, "id": null, "timestamp": null, "version": null, "tags": null, "osm_type": null, "u": -1, "v": -1, "length": 15.036939430521819, "is_covered": 1, "is_synthesized": 1.0, "length_m": 15.036939430521819 }, "geometry": { "type": "LineString", "coordinates": [ [ 103.839937850273287, 1.336323138287858 ], [ 103.839895125192101, 1.336452149289688 ] ] } },
{ "type": "Feature", "properties": { "access": null, "area": null, "bicycle": null, "bridge": null, "busway": null, "cycleway": null, "est_width": null, "foot": null, "footway": null, "highway": null, "junction": null, "lanes": null, "lit": null, "maxspeed": null, "motorcar": null, "motor_vehicle": null, "name": null, "oneway": null, "oneway:bicycle": null, "psv": null, "ref": null, "service": null, "segregated": null, "sidewalk": null, "smoothness": null, "surface": null, "tracktype": null, "tunnel": null, "turn": null, "width": null, "id": null, "timestamp": null, "version": null, "tags": null, "osm_type": null, "u": -1, "v": -1, "length": 14.948849906931786, "is_covered": 1, "is_synthesized": 1.0, "length_m": 14.948849906931786 }, "geometry": { "type": "LineString", "coordinates": [ [ 103.839596678133432, 1.336539272712973 ], [ 103.839633174536431, 1.336409166428053 ] ] } },
{ "type": "Feature", "properties": { "access": null, "area": null, "bicycle": null, "bridge": null, "busway": null, "cycleway": null, "est_width": null, "foot": null, "footway": null, "highway": null, "junction": null, "lanes": null, "lit": null, "maxspeed": null, "motorcar": null, "motor_vehicle": null, "name": null, "oneway": null, "oneway:bicycle": null, "psv": null, "ref": null, "service": null, "segregated": null, "sidewalk": null, "smoothness": null, "surface": null, "tracktype": null, "tunnel": null, "turn": null, "width": null, "id": null, "timestamp": null, "version": null, "tags": null, "osm_type": null, "u": -1, "v": -1, "length": 48.369396495384734, "is_covered": 1, "is_synthesized": 1.0, "length_m": 48.369396495384734 }, "geometry": { "type": "LineString", "coordinates": [ [ 103.839595603259681, 1.336538653230553 ], [ 103.839518345754755, 1.336969122569522 ] ] } },
{ "type": "Feature", "properties": { "access": null, "area": null, "bicycle": null, "bridge": null, "busway": null, "cycleway": null, "est_width": null, "foot": null, "footway": null, "highway": null, "junction": null, "lanes": null, "lit": null, "maxspeed": null, "motorcar": null, "motor_vehicle": null, "name": null, "oneway": null, "oneway:bicycle": null, "psv": null, "ref": null, "service": null, "segregated": null, "sidewalk": null, "smoothness": null, "surface": null, "tracktype": null, "tunnel": null, "turn": null, "width": null, "id": null, "timestamp": null, "version": null, "tags": null, "osm_type": null, "u": -1, "v": -1, "length": 67.812894196541365, "is_covered": 1, "is_synthesized": 1.0, "length_m": 67.812894196541365 }, "geometry": { "type": "LineString", "coordinates": [ [ 103.846919403426924, 1.334973373141367 ], [ 103.847049324292314, 1.334374199672823 ] ] } },
{ "type": "Feature", "properties": { "access": null, "area": null, "bicycle": null, "bridge": null, "busway": null, "cycleway": null, "est_width": null, "foot": null, "footway": null, "highway": null, "junction": null, "lanes": null, "lit": null, "maxspeed": null, "motorcar": null, "motor_vehicle": null, "name": null, "oneway": null, "oneway:bicycle": null, "psv": null, "ref": null, "service": null, "segregated": null, "sidewalk": null, "smoothness": null, "surface": null, "tracktype": null, "tunnel": null, "turn": null, "width": null, "id": null, "timestamp": null, "version": null, "tags": null, "osm_type": null, "u": -1, "v": -1, "length": 20.856159437509511, "is_covered": 1, "is_synthesized": 1.0, "length_m": 20.856159437509511 }, "geometry": { "type": "LineString", "coordinates": [ [ 103.846918654325648, 1.334956116109756 ], [ 103.846830600060756, 1.335122614733818 ] ] } },
{ "type": "Feature", "properties": { "access": null, "area": null, "bicycle": null, "bridge": null, "busway": null, "cycleway": null, "est_width": null, "foot": null, "footway": null, "highway": null, "junction": null, "lanes": null, "lit": null, "maxspeed": null, "motorcar": null, "motor_vehicle": null, "name": null, "oneway": null, "oneway:bicycle": null, "psv": null, "ref": null, "service": null, "segregated": null, "sidewalk": null, "smoothness": null, "surface": null, "tracktype": null, "tunnel": null, "turn": null, "width": null, "id": null, "timestamp": null, "version": null, "tags": null, "osm_type": null, "u": -1, "v": -1, "length": 39.718501259554024, "is_covered": 1, "is_synthesized": 1.0, "length_m": 39.718501259554024 }, "geometry": { "type": "LineString", "coordinates": [ [ 103.846829626077223, 1.335106893384258 ], [ 103.846662159714924, 1.335424093685348 ] ] } },
{ "type": "Feature", "properties": { "access": null, "area": null, "bicycle": null, "bridge": null, "busway": null, "cycleway": null, "est_width": null, "foot": null, "footway": null, "highway": null, "junction": null, "lanes": null, "lit": null, "maxspeed": null, "motorcar": null, "motor_vehicle": null, "name": null, "oneway": null, "oneway:bicycle": null, "psv": null, "ref": null, "service": null, "segregated": null, "sidewalk": null, "smoothness": null, "surface": null, "tracktype": null, "tunnel": null, "turn": null, "width": null, "id": null, "timestamp": null, "version": null, "tags": null, "osm_type": null, "u": -1, "v": -1, "length": 23.80913038917959, "is_covered": 1, "is_synthesized": 1.0, "length_m": 23.80913038917959 }, "geometry": { "type": "LineString", "coordinates": [ [ 103.846648863319018, 1.335454304828518 ], [ 103.846851995084691, 1.335386734665073 ] ] } },
{ "type": "Feature", "properties": { "access": null, "area": null, "bicycle": null, "bridge": null, "busway": null, "cycleway": null, "est_width": null, "foot": null, "footway": null, "highway": null, "junction": null, "lanes": null, "lit": null, "maxspeed": null, "motorcar": null, "motor_vehicle": null, "name": null, "oneway": null, "oneway:bicycle": null, "psv": null, "ref": null, "service": null, "segregated": null, "sidewalk": null, "smoothness": null, "surface": null, "tracktype": null, "tunnel": null, "turn": null, "width": null, "id": null, "timestamp": null, "version": null, "tags": null, "osm_type": null, "u": -1, "v": -1, "length": 21.268990113806872, "is_covered": 1, "is_synthesized": 1.0, "length_m": 21.268990113806872 }, "geometry": { "type": "LineString", "coordinates": [ [ 103.84386240286176, 1.337883312761735 ], [ 103.843873980561369, 1.338075308681394 ] ] } },
{ "type": "Feature", "properties": { "access": null, "area": null, "bicycle": null, "bridge": null, "busway": null, "cycleway": null, "est_width": null, "foot": null, "footway": null, "highway": null, "junction": null, "lanes": null, "lit": null, "maxspeed": null, "motorcar": null, "motor_vehicle": null, "name": null, "oneway": null, "oneway:bicycle": null, "psv": null, "ref": null, "service": null, "segregated": null, "sidewalk": null, "smoothness": null, "surface": null, "tracktype": null, "tunnel": null, "turn": null, "width": null, "id": null, "timestamp": null, "version": null, "tags": null, "osm_type": null, "u": -1, "v": -1, "length": 50.864586222647361, "is_covered": 1, "is_synthesized": 1.0, "length_m": 50.864586222647361 }, "geometry": { "type": "LineString", "coordinates": [ [ 103.847634259653674, 1.33800090104072 ], [ 103.847211051236755, 1.33817460715259 ] ] } },
{ "type": "Feature", "properties": { "access": null, "area": null, "bicycle": null, "bridge": null, "busway": null, "cycleway": null, "est_width": null, "foot": null, "footway": null, "highway": null, "junction": null, "lanes": null, "lit": null, "maxspeed": null, "motorcar": null, "motor_vehicle": null, "name": null, "oneway": null, "oneway:bicycle": null, "psv": null, "ref": null, "service": null, "segregated": null, "sidewalk": null, "smoothness": null, "surface": null, "tracktype": null, "tunnel": null, "turn": null, "width": null, "id": null, "timestamp": null, "version": null, "tags": null, "osm_type": null, "u": -1, "v": -1, "length": 172.24164017691422, "is_covered": 1, "is_synthesized": 1.0, "length_m": 172.24164017691422 }, "geometry": { "type": "LineString", "coordinates": [ [ 103.842501939260814, 1.338949462185409 ], [ 103.843759422980696, 1.338041365069743 ] ] } },
{ "type": "Feature", "properties": { "access": null, "area": null, "bicycle": null, "bridge": null, "busway": null, "cycleway": null, "est_width": null, "foot": null, "footway": null, "highway": null, "junction": null, "lanes": null, "lit": null, "maxspeed": null, "motorcar": null, "motor_vehicle": null, "name": null, "oneway": null, "oneway:bicycle": null, "psv": null, "ref": null, "service": null, "segregated": null, "sidewalk": null, "smoothness": null, "surface": null, "tracktype": null, "tunnel": null, "turn": null, "width": null, "id": null, "timestamp": null, "version": null, "tags": null, "osm_type": null, "u": -1, "v": -1, "length": 4.1901792572603886, "is_covered": 1, "is_synthesized": 1.0, "length_m": 4.1901792572603886 }, "geometry": { "type": "LineString", "coordinates": [ [ 103.847517700000012, 1.3382786 ], [ 103.847545351623097, 1.338252880983585 ] ] } },
{ "type": "Feature", "properties": { "access": null, "area": null, "bicycle": null, "bridge": null, "busway": null, "cycleway": null, "est_width": null, "foot": null, "footway": null, "highway": null, "junction": null, "lanes": null, "lit": null, "maxspeed": null, "motorcar": null, "motor_vehicle": null, "name": null, "oneway": null, "oneway:bicycle": null, "psv": null, "ref": null, "service": null, "segregated": null, "sidewalk": null, "smoothness": null, "surface": null, "tracktype": null, "tunnel": null, "turn": null, "width": null, "id": null, "timestamp": null, "version": null, "tags": null, "osm_type": null, "u": -1, "v": -1, "length": 65.336927203134096, "is_covered": 1, "is_synthesized": 1.0, "length_m": 65.336927203134096 }, "geometry": { "type": "LineString", "coordinates": [ [ 103.846494164596152, 1.338432208194466 ], [ 103.847049853763323, 1.338241550851291 ] ] } },
{ "type": "Feature", "properties": { "access": null, "area": null, "bicycle": null, "bridge": null, "busway": null, "cycleway": null, "est_width": null, "foot": null, "footway": null, "highway": null, "junction": null, "lanes": null, "lit": null, "maxspeed": null, "motorcar": null, "motor_vehicle": null, "name": null, "oneway": null, "oneway:bicycle": null, "psv": null, "ref": null, "service": null, "segregated": null, "sidewalk": null, "smoothness": null, "surface": null, "tracktype": null, "tunnel": null, "turn": null, "width": null, "id": null, "timestamp": null, "version": null, "tags": null, "osm_type": null, "u": -1, "v": -1, "length": 15.826913092047894, "is_covered": 1, "is_synthesized": 1.0, "length_m": 15.826913092047894 }, "geometry": { "type": "LineString", "coordinates": [ [ 103.847528105582157, 1.338408663146364 ], [ 103.847546003059804, 1.338266668152229 ] ] } },
{ "type": "Feature", "properties": { "access": null, "area": null, "bicycle": null, "bridge": null, "busway": null, "cycleway": null, "est_width": null, "foot": null, "footway": null, "highway": null, "junction": null, "lanes": null, "lit": null, "maxspeed": null, "motorcar": null, "motor_vehicle": null, "name": null, "oneway": null, "oneway:bicycle": null, "psv": null, "ref": null, "service": null, "segregated": null, "sidewalk": null, "smoothness": null, "surface": null, "tracktype": null, "tunnel": null, "turn": null, "width": null, "id": null, "timestamp": null, "version": null, "tags": null, "osm_type": null, "u": -1, "v": -1, "length": 22.154933848383944, "is_covered": 1, "is_synthesized": 1.0, "length_m": 22.154933848383944 }, "geometry": { "type": "LineString", "coordinates": [ [ 103.839811554208609, 1.336754078087774 ], [ 103.839779559060744, 1.336951834791285 ] ] } },
{ "type": "Feature", "properties": { "access": null, "area": null, "bicycle": null, "bridge": null, "busway": null, "cycleway": null, "est_width": null, "foot": null, "footway": null, "highway": null, "junction": null, "lanes": null, "lit": null, "maxspeed": null, "motorcar": null, "motor_vehicle": null, "name": null, "oneway": null, "oneway:bicycle": null, "psv": null, "ref": null, "service": null, "segregated": null, "sidewalk": null, "smoothness": null, "surface": null, "tracktype": null, "tunnel": null, "turn": null, "width": null, "id": null, "timestamp": null, "version": null, "tags": null, "osm_type": null, "u": -1, "v": -1, "length": 25.500482791189008, "is_covered": 1, "is_synthesized": 1.0, "length_m": 25.500482791189008 }, "geometry": { "type": "LineString", "coordinates": [ [ 103.839783147480233, 1.336951554958045 ], [ 103.839760147025984, 1.337181007499475 ] ] } },
{ "type": "Feature", "properties": { "access": null, "area": null, "bicycle": null, "bridge": null, "busway": null, "cycleway": null, "est_width": null, "foot": null, "footway": null, "highway": null, "junction": null, "lanes": null, "lit": null, "maxspeed": null, "motorcar": null, "motor_vehicle": null, "name": null, "oneway": null, "oneway:bicycle": null, "psv": null, "ref": null, "service": null, "segregated": null, "sidewalk": null, "smoothness": null, "surface": null, "tracktype": null, "tunnel": null, "turn": null, "width": null, "id": null, "timestamp": null, "version": null, "tags": null, "osm_type": null, "u": -1, "v": -1, "length": 26.82900963127766, "is_covered": 1, "is_synthesized": 1.0, "length_m": 26.82900963127766 }, "geometry": { "type": "LineString", "coordinates": [ [ 103.839517580738843, 1.336968209982445 ], [ 103.839499197126344, 1.33721013553069 ] ] } },
{ "type": "Feature", "properties": { "access": null, "area": null, "bicycle": null, "bridge": null, "busway": null, "cycleway": null, "est_width": null, "foot": null, "footway": null, "highway": null, "junction": null, "lanes": null, "lit": null, "maxspeed": null, "motorcar": null, "motor_vehicle": null, "name": null, "oneway": null, "oneway:bicycle": null, "psv": null, "ref": null, "service": null, "segregated": null, "sidewalk": null, "smoothness": null, "surface": null, "tracktype": null, "tunnel": null, "turn": null, "width": null, "id": null, "timestamp": null, "version": null, "tags": null, "osm_type": null, "u": -1, "v": -1, "length": 8.1294345193069546, "is_covered": 1, "is_synthesized": 1.0, "length_m": 8.1294345193069546 }, "geometry": { "type": "LineString", "coordinates": [ [ 103.839489697412489, 1.33727951590946 ], [ 103.839495425539369, 1.337206222576362 ] ] } },
{ "type": "Feature", "properties": { "access": null, "area": null, "bicycle": null, "bridge": null, "busway": null, "cycleway": null, "est_width": null, "foot": null, "footway": null, "highway": null, "junction": null, "lanes": null, "lit": null, "maxspeed": null, "motorcar": null, "motor_vehicle": null, "name": null, "oneway": null, "oneway:bicycle": null, "psv": null, "ref": null, "service": null, "segregated": null, "sidewalk": null, "smoothness": null, "surface": null, "tracktype": null, "tunnel": null, "turn": null, "width": null, "id": null, "timestamp": null, "version": null, "tags": null, "osm_type": null, "u": -1, "v": -1, "length": 5.7988081725341178, "is_covered": 1, "is_synthesized": 1.0, "length_m": 5.7988081725341178 }, "geometry": { "type": "LineString", "coordinates": [ [ 103.839495428343554, 1.337286148531623 ], [ 103.83944350048516, 1.33728181968663 ] ] } },
{ "type": "Feature", "properties": { "access": null, "area": null, "bicycle": null, "bridge": null, "busway": null, "cycleway": null, "est_width": null, "foot": null, "footway": null, "highway": null, "junction": null, "lanes": null, "lit": null, "maxspeed": null, "motorcar": null, "motor_vehicle": null, "name": null, "oneway": null, "oneway:bicycle": null, "psv": null, "ref": null, "service": null, "segregated": null, "sidewalk": null, "smoothness": null, "surface": null, "tracktype": null, "tunnel": null, "turn": null, "width": null, "id": null, "timestamp": null, "version": null, "tags": null, "osm_type": null, "u": -1, "v": -1, "length": 82.211567830641073, "is_covered": 1, "is_synthesized": 1.0, "length_m": 82.211567830641073 }, "geometry": { "type": "LineString", "coordinates": [ [ 103.839140827000961, 1.337959966865045 ], [ 103.839608879847134, 1.337384756428295 ] ] } },
{ "type": "Feature", "properties": { "access": null, "area": null, "bicycle": null, "bridge": null, "busway": null, "cycleway": null, "est_width": null, "foot": null, "footway": null, "highway": null, "junction": null, "lanes": null, "lit": null, "maxspeed": null, "motorcar": null, "motor_vehicle": null, "name": null, "oneway": null, "oneway:bicycle": null, "psv": null, "ref": null, "service": null, "segregated": null, "sidewalk": null, "smoothness": null, "surface": null, "tracktype": null, "tunnel": null, "turn": null, "width": null, "id": null, "timestamp": null, "version": null, "tags": null, "osm_type": null, "u": -1, "v": -1, "length": 68.617757879389103, "is_covered": 1, "is_synthesized": 1.0, "length_m": 68.617757879389103 }, "geometry": { "type": "LineString", "coordinates": [ [ 103.840232423626063, 1.337906442647752 ], [ 103.840848101912869, 1.337939819579904 ] ] } },
{ "type": "Feature", "properties": { "access": null, "area": null, "bicycle": null, "bridge": null, "busway": null, "cycleway": null, "est_width": null, "foot": null, "footway": null, "highway": null, "junction": null, "lanes": null, "lit": null, "maxspeed": null, "motorcar": null, "motor_vehicle": null, "name": null, "oneway": null, "oneway:bicycle": null, "psv": null, "ref": null, "service": null, "segregated": null, "sidewalk": null, "smoothness": null, "surface": null, "tracktype": null, "tunnel": null, "turn": null, "width": null, "id": null, "timestamp": null, "version": null, "tags": null, "osm_type": null, "u": -1, "v": -1, "length": 4.0634045587552698, "is_covered": 1, "is_synthesized": 1.0, "length_m": 4.0634045587552698 }, "geometry": { "type": "LineString", "coordinates": [ [ 103.839438151088217, 1.338093993298154 ], [ 103.839434187181112, 1.338130524085746 ] ] } },
{ "type": "Feature", "properties": { "access": null, "area": null, "bicycle": null, "bridge": null, "busway": null, "cycleway": null, "est_width": null, "foot": null, "footway": null, "highway": null, "junction": null, "lanes": null, "lit": null, "maxspeed": null, "motorcar": null, "motor_vehicle": null, "name": null, "oneway": null, "oneway:bicycle": null, "psv": null, "ref": null, "service": null, "segregated": null, "sidewalk": null, "smoothness": null, "surface": null, "tracktype": null, "tunnel": null, "turn": null, "width": null, "id": null, "timestamp": null, "version": null, "tags": null, "osm_type": null, "u": -1, "v": -1, "length": 104.85266902404562, "is_covered": 1, "is_synthesized": 1.0, "length_m": 104.85266902404562 }, "geometry": { "type": "LineString", "coordinates": [ [ 103.841721673332984, 1.338276044550156 ], [ 103.840858365336302, 1.337896287166681 ] ] } },
{ "type": "Feature", "properties": { "access": null, "area": null, "bicycle": null, "bridge": null, "busway": null, "cycleway": null, "est_width": null, "foot": null, "footway": null, "highway": null, "junction": null, "lanes": null, "lit": null, "maxspeed": null, "motorcar": null, "motor_vehicle": null, "name": null, "oneway": null, "oneway:bicycle": null, "psv": null, "ref": null, "service": null, "segregated": null, "sidewalk": null, "smoothness": null, "surface": null, "tracktype": null, "tunnel": null, "turn": null, "width": null, "id": null, "timestamp": null, "version": null, "tags": null, "osm_type": null, "u": -1, "v": -1, "length": 61.750659578226099, "is_covered": 1, "is_synthesized": 1.0, "length_m": 61.750659578226099 }, "geometry": { "type": "LineString", "coordinates": [ [ 103.840002730891783, 1.338124536110667 ], [ 103.839448000944017, 1.338112174020477 ] ] } },
{ "type": "Feature", "properties": { "access": null, "area": null, "bicycle": null, "bridge": null, "busway": null, "cycleway": null, "est_width": null, "foot": null, "footway": null, "highway": null, "junction": null, "lanes": null, "lit": null, "maxspeed": null, "motorcar": null, "motor_vehicle": null, "name": null, "oneway": null, "oneway:bicycle": null, "psv": null, "ref": null, "service": null, "segregated": null, "sidewalk": null, "smoothness": null, "surface": null, "tracktype": null, "tunnel": null, "turn": null, "width": null, "id": null, "timestamp": null, "version": null, "tags": null, "osm_type": null, "u": -1, "v": -1, "length": 15.069419726768002, "is_covered": 1, "is_synthesized": 1.0, "length_m": 15.069419726768002 }, "geometry": { "type": "LineString", "coordinates": [ [ 103.840128218560181, 1.338128462249623 ], [ 103.839993016686464, 1.338120953084702 ] ] } },
{ "type": "Feature", "properties": { "access": null, "area": null, "bicycle": null, "bridge": null, "busway": null, "cycleway": null, "est_width": null, "foot": null, "footway": null, "highway": null, "junction": null, "lanes": null, "lit": null, "maxspeed": null, "motorcar": null, "motor_vehicle": null, "name": null, "oneway": null, "oneway:bicycle": null, "psv": null, "ref": null, "service": null, "segregated": null, "sidewalk": null, "smoothness": null, "surface": null, "tracktype": null, "tunnel": null, "turn": null, "width": null, "id": null, "timestamp": null, "version": null, "tags": null, "osm_type": null, "u": -1, "v": -1, "length": 6.5348558065991478, "is_covered": 1, "is_synthesized": 1.0, "length_m": 6.5348558065991478 }, "geometry": { "type": "LineString", "coordinates": [ [ 103.840175190082789, 1.338143937613127 ], [ 103.840117107371, 1.338135257505569 ] ] } },
{ "type": "Feature", "properties": { "access": null, "area": null, "bicycle": null, "bridge": null, "busway": null, "cycleway": null, "est_width": null, "foot": null, "footway": null, "highway": null, "junction": null, "lanes": null, "lit": null, "maxspeed": null, "motorcar": null, "motor_vehicle": null, "name": null, "oneway": null, "oneway:bicycle": null, "psv": null, "ref": null, "service": null, "segregated": null, "sidewalk": null, "smoothness": null, "surface": null, "tracktype": null, "tunnel": null, "turn": null, "width": null, "id": null, "timestamp": null, "version": null, "tags": null, "osm_type": null, "u": -1, "v": -1, "length": 12.528428015909549, "is_covered": 1, "is_synthesized": 1.0, "length_m": 12.528428015909549 }, "geometry": { "type": "LineString", "coordinates": [ [ 103.84016667452353, 1.338132611420233 ], [ 103.840278372604715, 1.33814672816366 ] ] } },
{ "type": "Feature", "properties": { "access": null, "area": null, "bicycle": null, "bridge": null, "busway": null, "cycleway": null, "est_width": null, "foot": null, "footway": null, "highway": null, "junction": null, "lanes": null, "lit": null, "maxspeed": null, "motorcar": null, "motor_vehicle": null, "name": null, "oneway": null, "oneway:bicycle": null, "psv": null, "ref": null, "service": null, "segregated": null, "sidewalk": null, "smoothness": null, "surface": null, "tracktype": null, "tunnel": null, "turn": null, "width": null, "id": null, "timestamp": null, "version": null, "tags": null, "osm_type": null, "u": -1, "v": -1, "length": 19.784086239842498, "is_covered": 1, "is_synthesized": 1.0, "length_m": 19.784086239842498 }, "geometry": { "type": "LineString", "coordinates": [ [ 103.840443826017179, 1.33818078312793 ], [ 103.84026901671443, 1.338148256218522 ] ] } },
{ "type": "Feature", "properties": { "access": null, "area": null, "bicycle": null, "bridge": null, "busway": null, "cycleway": null, "est_width": null, "foot": null, "footway": null, "highway": null, "junction": null, "lanes": null, "lit": null, "maxspeed": null, "motorcar": null, "motor_vehicle": null, "name": null, "oneway": null, "oneway:bicycle": null, "psv": null, "ref": null, "service": null, "segregated": null, "sidewalk": null, "smoothness": null, "surface": null, "tracktype": null, "tunnel": null, "turn": null, "width": null, "id": null, "timestamp": null, "version": null, "tags": null, "osm_type": null, "u": -1, "v": -1, "length": 13.193697021177593, "is_covered": 1, "is_synthesized": 1.0, "length_m": 13.193697021177593 }, "geometry": { "type": "LineString", "coordinates": [ [ 103.840443028851851, 1.3381818625775 ], [ 103.840561188835309, 1.338191571611711 ] ] } },
{ "type": "Feature", "properties": { "access": null, "area": null, "bicycle": null, "bridge": null, "busway": null, "cycleway": null, "est_width": null, "foot": null, "footway": null, "highway": null, "junction": null, "lanes": null, "lit": null, "maxspeed": null, "motorcar": null, "motor_vehicle": null, "name": null, "oneway": null, "oneway:bicycle": null, "psv": null, "ref": null, "service": null, "segregated": null, "sidewalk": null, "smoothness": null, "surface": null, "tracktype": null, "tunnel": null, "turn": null, "width": null, "id": null, "timestamp": null, "version": null, "tags": null, "osm_type": null, "u": -1, "v": -1, "length": 19.254403143419221, "is_covered": 1, "is_synthesized": 1.0, "length_m": 19.254403143419221 }, "geometry": { "type": "LineString", "coordinates": [ [ 103.840732590528432, 1.338205280292286 ], [ 103.840560086086711, 1.338191950476836 ] ] } },
{ "type": "Feature", "properties": { "access": null, "area": null, "bicycle": null, "bridge": null, "busway": null, "cycleway": null, "est_width": null, "foot": null, "footway": null, "highway": null, "junction": null, "lanes": null, "lit": null, "maxspeed": null, "motorcar": null, "motor_vehicle": null, "name": null, "oneway": null, "oneway:bicycle": null, "psv": null, "ref": null, "service": null, "segregated": null, "sidewalk": null, "smoothness": null, "surface": null, "tracktype": null, "tunnel": null, "turn": null, "width": null, "id": null, "timestamp": null, "version": null, "tags": null, "osm_type": null, "u": -1, "v": -1, "length": 49.273292310022846, "is_covered": 1, "is_synthesized": 1.0, "length_m": 49.273292310022846 }, "geometry": { "type": "LineString", "coordinates": [ [ 103.8411648391547, 1.338266756751478 ], [ 103.840729007311069, 1.338188293484701 ] ] } },
{ "type": "Feature", "properties": { "access": null, "area": null, "bicycle": null, "bridge": null, "busway": null, "cycleway": null, "est_width": null, "foot": null, "footway": null, "highway": null, "junction": null, "lanes": null, "lit": null, "maxspeed": null, "motorcar": null, "motor_vehicle": null, "name": null, "oneway": null, "oneway:bicycle": null, "psv": null, "ref": null, "service": null, "segregated": null, "sidewalk": null, "smoothness": null, "surface": null, "tracktype": null, "tunnel": null, "turn": null, "width": null, "id": null, "timestamp": null, "version": null, "tags": null, "osm_type": null, "u": -1, "v": -1, "length": 19.264102164854137, "is_covered": 1, "is_synthesized": 1.0, "length_m": 19.264102164854137 }, "geometry": { "type": "LineString", "coordinates": [ [ 103.841309540111283, 1.338355036898525 ], [ 103.841155000733352, 1.338276552670685 ] ] } },
{ "type": "Feature", "properties": { "access": null, "area": null, "bicycle": null, "bridge": null, "busway": null, "cycleway": null, "est_width": null, "foot": null, "footway": null, "highway": null, "junction": null, "lanes": null, "lit": null, "maxspeed": null, "motorcar": null, "motor_vehicle": null, "name": null, "oneway": null, "oneway:bicycle": null, "psv": null, "ref": null, "service": null, "segregated": null, "sidewalk": null, "smoothness": null, "surface": null, "tracktype": null, "tunnel": null, "turn": null, "width": null, "id": null, "timestamp": null, "version": null, "tags": null, "osm_type": null, "u": -1, "v": -1, "length": 23.706903648681738, "is_covered": 1, "is_synthesized": 1.0, "length_m": 23.706903648681738 }, "geometry": { "type": "LineString", "coordinates": [ [ 103.841777891620268, 1.338360424249647 ], [ 103.841946122750954, 1.338491943753333 ] ] } },
{ "type": "Feature", "properties": { "access": null, "area": null, "bicycle": null, "bridge": null, "busway": null, "cycleway": null, "est_width": null, "foot": null, "footway": null, "highway": null, "junction": null, "lanes": null, "lit": null, "maxspeed": null, "motorcar": null, "motor_vehicle": null, "name": null, "oneway": null, "oneway:bicycle": null, "psv": null, "ref": null, "service": null, "segregated": null, "sidewalk": null, "smoothness": null, "surface": null, "tracktype": null, "tunnel": null, "turn": null, "width": null, "id": null, "timestamp": null, "version": null, "tags": null, "osm_type": null, "u": -1, "v": -1, "length": 44.45750989192657, "is_covered": 1, "is_synthesized": 1.0, "length_m": 44.45750989192657 }, "geometry": { "type": "LineString", "coordinates": [ [ 103.841301926638536, 1.338353788477621 ], [ 103.841612032100841, 1.338607241635222 ] ] } },
{ "type": "Feature", "properties": { "access": null, "area": null, "bicycle": null, "bridge": null, "busway": null, "cycleway": null, "est_width": null, "foot": null, "footway": null, "highway": null, "junction": null, "lanes": null, "lit": null, "maxspeed": null, "motorcar": null, "motor_vehicle": null, "name": null, "oneway": null, "oneway:bicycle": null, "psv": null, "ref": null, "service": null, "segregated": null, "sidewalk": null, "smoothness": null, "surface": null, "tracktype": null, "tunnel": null, "turn": null, "width": null, "id": null, "timestamp": null, "version": null, "tags": null, "osm_type": null, "u": -1, "v": -1, "length": 3.7643742210658337, "is_covered": 1, "is_synthesized": 1.0, "length_m": 3.7643742210658337 }, "geometry": { "type": "LineString", "coordinates": [ [ 103.846491058756087, 1.338392669069008 ], [ 103.846476160235227, 1.338423232569423 ] ] } },
{ "type": "Feature", "properties": { "access": null, "area": null, "bicycle": null, "bridge": null, "busway": null, "cycleway": null, "est_width": null, "foot": null, "footway": null, "highway": null, "junction": null, "lanes": null, "lit": null, "maxspeed": null, "motorcar": null, "motor_vehicle": null, "name": null, "oneway": null, "oneway:bicycle": null, "psv": null, "ref": null, "service": null, "segregated": null, "sidewalk": null, "smoothness": null, "surface": null, "tracktype": null, "tunnel": null, "turn": null, "width": null, "id": null, "timestamp": null, "version": null, "tags": null, "osm_type": null, "u": -1, "v": -1, "length": 3.4855162563943214, "is_covered": 1, "is_synthesized": 1.0, "length_m": 3.4855162563943214 }, "geometry": { "type": "LineString", "coordinates": [ [ 103.846280473858116, 1.338528716688762 ], [ 103.846269124007819, 1.338499337563928 ] ] } },
{ "type": "Feature", "properties": { "access": null, "area": null, "bicycle": null, "bridge": null, "busway": null, "cycleway": null, "est_width": null, "foot": null, "footway": null, "highway": null, "junction": null, "lanes": null, "lit": null, "maxspeed": null, "motorcar": null, "motor_vehicle": null, "name": null, "oneway": null, "oneway:bicycle": null, "psv": null, "ref": null, "service": null, "segregated": null, "sidewalk": null, "smoothness": null, "surface": null, "tracktype": null, "tunnel": null, "turn": null, "width": null, "id": null, "timestamp": null, "version": null, "tags": null, "osm_type": null, "u": -1, "v": -1, "length": 8.201963200152818, "is_covered": 1, "is_synthesized": 1.0, "length_m": 8.201963200152818 }, "geometry": { "type": "LineString", "coordinates": [ [ 103.846305785513536, 1.338597351081719 ], [ 103.84627928036052, 1.338528138398891 ] ] } },
{ "type": "Feature", "properties": { "access": null, "area": null, "bicycle": null, "bridge": null, "busway": null, "cycleway": null, "est_width": null, "foot": null, "footway": null, "highway": null, "junction": null, "lanes": null, "lit": null, "maxspeed": null, "motorcar": null, "motor_vehicle": null, "name": null, "oneway": null, "oneway:bicycle": null, "psv": null, "ref": null, "service": null, "segregated": null, "sidewalk": null, "smoothness": null, "surface": null, "tracktype": null, "tunnel": null, "turn": null, "width": null, "id": null, "timestamp": null, "version": null, "tags": null, "osm_type": null, "u": -1, "v": -1, "length": 10.792247960580804, "is_covered": 1, "is_synthesized": 1.0, "length_m": 10.792247960580804 }, "geometry": { "type": "LineString", "coordinates": [ [ 103.846201099644858, 1.338609073805351 ], [ 103.84629673528444, 1.338592910263196 ] ] } },
{ "type": "Feature", "properties": { "access": null, "area": null, "bicycle": null, "bridge": null, "busway": null, "cycleway": null, "est_width": null, "foot": null, "footway": null, "highway": null, "junction": null, "lanes": null, "lit": null, "maxspeed": null, "motorcar": null, "motor_vehicle": null, "name": null, "oneway": null, "oneway:bicycle": null, "psv": null, "ref": null, "service": null, "segregated": null, "sidewalk": null, "smoothness": null, "surface": null, "tracktype": null, "tunnel": null, "turn": null, "width": null, "id": null, "timestamp": null, "version": null, "tags": null, "osm_type": null, "u": -1, "v": -1, "length": 20.985548280613344, "is_covered": 1, "is_synthesized": 1.0, "length_m": 20.985548280613344 }, "geometry": { "type": "LineString", "coordinates": [ [ 103.842316589196685, 1.338678463288588 ], [ 103.842136135700898, 1.338623390093294 ] ] } },
{ "type": "Feature", "properties": { "access": null, "area": null, "bicycle": null, "bridge": null, "busway": null, "cycleway": null, "est_width": null, "foot": null, "footway": null, "highway": null, "junction": null, "lanes": null, "lit": null, "maxspeed": null, "motorcar": null, "motor_vehicle": null, "name": null, "oneway": null, "oneway:bicycle": null, "psv": null, "ref": null, "service": null, "segregated": null, "sidewalk": null, "smoothness": null, "surface": null, "tracktype": null, "tunnel": null, "turn": null, "width": null, "id": null, "timestamp": null, "version": null, "tags": null, "osm_type": null, "u": -1, "v": -1, "length": 8.0138556631175444, "is_covered": 1, "is_synthesized": 1.0, "length_m": 8.0138556631175444 }, "geometry": { "type": "LineString", "coordinates": [ [ 103.846228175492442, 1.338617145583398 ], [ 103.846226680663804, 1.338689604431518 ] ] } },
{ "type": "Feature", "properties": { "access": null, "area": null, "bicycle": null, "bridge": null, "busway": null, "cycleway": null, "est_width": null, "foot": null, "footway": null, "highway": null, "junction": null, "lanes": null, "lit": null, "maxspeed": null, "motorcar": null, "motor_vehicle": null, "name": null, "oneway": null, "oneway:bicycle": null, "psv": null, "ref": null, "service": null, "segregated": null, "sidewalk": null, "smoothness": null, "surface": null, "tracktype": null, "tunnel": null, "turn": null, "width": null, "id": null, "timestamp": null, "version": null, "tags": null, "osm_type": null, "u": -1, "v": -1, "length": 55.081731732270157, "is_covered": 1, "is_synthesized": 1.0, "length_m": 55.081731732270157 }, "geometry": { "type": "LineString", "coordinates": [ [ 103.843009400332448, 1.344249165477185 ], [ 103.843451255106913, 1.344024716552561 ] ] } },
{ "type": "Feature", "properties": { "access": null, "area": null, "bicycle": null, "bridge": null, "busway": null, "cycleway": null, "est_width": null, "foot": null, "footway": null, "highway": null, "junction": null, "lanes": null, "lit": null, "maxspeed": null, "motorcar": null, "motor_vehicle": null, "name": null, "oneway": null, "oneway:bicycle": null, "psv": null, "ref": null, "service": null, "segregated": null, "sidewalk": null, "smoothness": null, "surface": null, "tracktype": null, "tunnel": null, "turn": null, "width": null, "id": null, "timestamp": null, "version": null, "tags": null, "osm_type": null, "u": -1, "v": -1, "length": 29.762187451892395, "is_covered": 1, "is_synthesized": 1.0, "length_m": 29.762187451892395 }, "geometry": { "type": "LineString", "coordinates": [ [ 103.841690231986135, 1.338664687631893 ], [ 103.841910446689582, 1.338817406971175 ] ] } },
{ "type": "Feature", "properties": { "access": null, "area": null, "bicycle": null, "bridge": null, "busway": null, "cycleway": null, "est_width": null, "foot": null, "footway": null, "highway": null, "junction": null, "lanes": null, "lit": null, "maxspeed": null, "motorcar": null, "motor_vehicle": null, "name": null, "oneway": null, "oneway:bicycle": null, "psv": null, "ref": null, "service": null, "segregated": null, "sidewalk": null, "smoothness": null, "surface": null, "tracktype": null, "tunnel": null, "turn": null, "width": null, "id": null, "timestamp": null, "version": null, "tags": null, "osm_type": null, "u": -1, "v": -1, "length": 19.19452637655413, "is_covered": 1, "is_synthesized": 1.0, "length_m": 19.19452637655413 }, "geometry": { "type": "LineString", "coordinates": [ [ 103.858322691552431, 1.343129482411751 ], [ 103.85849400273311, 1.343109355642805 ] ] } },
{ "type": "Feature", "properties": { "access": null, "area": null, "bicycle": null, "bridge": null, "busway": null, "cycleway": null, "est_width": null, "foot": null, "footway": null, "highway": null, "junction": null, "lanes": null, "lit": null, "maxspeed": null, "motorcar": null, "motor_vehicle": null, "name": null, "oneway": null, "oneway:bicycle": null, "psv": null, "ref": null, "service": null, "segregated": null, "sidewalk": null, "smoothness": null, "surface": null, "tracktype": null, "tunnel": null, "turn": null, "width": null, "id": null, "timestamp": null, "version": null, "tags": null, "osm_type": null, "u": -1, "v": -1, "length": 6.2742002576229758, "is_covered": 1, "is_synthesized": 1.0, "length_m": 6.2742002576229758 }, "geometry": { "type": "LineString", "coordinates": [ [ 103.858047268473072, 1.343118411290336 ], [ 103.857990890994856, 1.343118427467315 ] ] } },
{ "type": "Feature", "properties": { "access": null, "area": null, "bicycle": null, "bridge": null, "busway": null, "cycleway": null, "est_width": null, "foot": null, "footway": null, "highway": null, "junction": null, "lanes": null, "lit": null, "maxspeed": null, "motorcar": null, "motor_vehicle": null, "name": null, "oneway": null, "oneway:bicycle": null, "psv": null, "ref": null, "service": null, "segregated": null, "sidewalk": null, "smoothness": null, "surface": null, "tracktype": null, "tunnel": null, "turn": null, "width": null, "id": null, "timestamp": null, "version": null, "tags": null, "osm_type": null, "u": -1, "v": -1, "length": 38.373556966415279, "is_covered": 1, "is_synthesized": 1.0, "length_m": 38.373556966415279 }, "geometry": { "type": "LineString", "coordinates": [ [ 103.807549029627594, 1.326622318363149 ], [ 103.807758285853055, 1.326898141309842 ] ] } },
{ "type": "Feature", "properties": { "access": null, "area": null, "bicycle": null, "bridge": null, "busway": null, "cycleway": null, "est_width": null, "foot": null, "footway": null, "highway": null, "junction": null, "lanes": null, "lit": null, "maxspeed": null, "motorcar": null, "motor_vehicle": null, "name": null, "oneway": null, "oneway:bicycle": null, "psv": null, "ref": null, "service": null, "segregated": null, "sidewalk": null, "smoothness": null, "surface": null, "tracktype": null, "tunnel": null, "turn": null, "width": null, "id": null, "timestamp": null, "version": null, "tags": null, "osm_type": null, "u": -1, "v": -1, "length": 105.22436825946858, "is_covered": 1, "is_synthesized": 1.0, "length_m": 105.22436825946858 }, "geometry": { "type": "LineString", "coordinates": [ [ 103.807370660489568, 1.326668948207139 ], [ 103.806573977858577, 1.32718142013576 ] ] } },
{ "type": "Feature", "properties": { "access": null, "area": null, "bicycle": null, "bridge": null, "busway": null, "cycleway": null, "est_width": null, "foot": null, "footway": null, "highway": null, "junction": null, "lanes": null, "lit": null, "maxspeed": null, "motorcar": null, "motor_vehicle": null, "name": null, "oneway": null, "oneway:bicycle": null, "psv": null, "ref": null, "service": null, "segregated": null, "sidewalk": null, "smoothness": null, "surface": null, "tracktype": null, "tunnel": null, "turn": null, "width": null, "id": null, "timestamp": null, "version": null, "tags": null, "osm_type": null, "u": -1, "v": -1, "length": 6.0695979827395803, "is_covered": 1, "is_synthesized": 1.0, "length_m": 6.0695979827395803 }, "geometry": { "type": "LineString", "coordinates": [ [ 103.806589262868144, 1.327191139393587 ], [ 103.806580238684973, 1.327245274052677 ] ] } },
{ "type": "Feature", "properties": { "access": null, "area": null, "bicycle": null, "bridge": null, "busway": null, "cycleway": null, "est_width": null, "foot": null, "footway": null, "highway": null, "junction": null, "lanes": null, "lit": null, "maxspeed": null, "motorcar": null, "motor_vehicle": null, "name": null, "oneway": null, "oneway:bicycle": null, "psv": null, "ref": null, "service": null, "segregated": null, "sidewalk": null, "smoothness": null, "surface": null, "tracktype": null, "tunnel": null, "turn": null, "width": null, "id": null, "timestamp": null, "version": null, "tags": null, "osm_type": null, "u": -1, "v": -1, "length": 83.383278255075979, "is_covered": 1, "is_synthesized": 1.0, "length_m": 83.383278255075979 }, "geometry": { "type": "LineString", "coordinates": [ [ 103.806087310556677, 1.327621382476615 ], [ 103.805650274491342, 1.327008870079024 ] ] } },
{ "type": "Feature", "properties": { "access": null, "area": null, "bicycle": null, "bridge": null, "busway": null, "cycleway": null, "est_width": null, "foot": null, "footway": null, "highway": null, "junction": null, "lanes": null, "lit": null, "maxspeed": null, "motorcar": null, "motor_vehicle": null, "name": null, "oneway": null, "oneway:bicycle": null, "psv": null, "ref": null, "service": null, "segregated": null, "sidewalk": null, "smoothness": null, "surface": null, "tracktype": null, "tunnel": null, "turn": null, "width": null, "id": null, "timestamp": null, "version": null, "tags": null, "osm_type": null, "u": -1, "v": -1, "length": 66.003048338356805, "is_covered": 1, "is_synthesized": 1.0, "length_m": 66.003048338356805 }, "geometry": { "type": "LineString", "coordinates": [ [ 103.806457397202252, 1.32728826844555 ], [ 103.80597374231931, 1.327633728378469 ] ] } },
{ "type": "Feature", "properties": { "access": null, "area": null, "bicycle": null, "bridge": null, "busway": null, "cycleway": null, "est_width": null, "foot": null, "footway": null, "highway": null, "junction": null, "lanes": null, "lit": null, "maxspeed": null, "motorcar": null, "motor_vehicle": null, "name": null, "oneway": null, "oneway:bicycle": null, "psv": null, "ref": null, "service": null, "segregated": null, "sidewalk": null, "smoothness": null, "surface": null, "tracktype": null, "tunnel": null, "turn": null, "width": null, "id": null, "timestamp": null, "version": null, "tags": null, "osm_type": null, "u": -1, "v": -1, "length": 5.195037480145432, "is_covered": 1, "is_synthesized": 1.0, "length_m": 5.195037480145432 }, "geometry": { "type": "LineString", "coordinates": [ [ 103.806148388358295, 1.327547273724052 ], [ 103.806121183287033, 1.327509095224588 ] ] } },
{ "type": "Feature", "properties": { "access": null, "area": null, "bicycle": null, "bridge": null, "busway": null, "cycleway": null, "est_width": null, "foot": null, "footway": null, "highway": null, "junction": null, "lanes": null, "lit": null, "maxspeed": null, "motorcar": null, "motor_vehicle": null, "name": null, "oneway": null, "oneway:bicycle": null, "psv": null, "ref": null, "service": null, "segregated": null, "sidewalk": null, "smoothness": null, "surface": null, "tracktype": null, "tunnel": null, "turn": null, "width": null, "id": null, "timestamp": null, "version": null, "tags": null, "osm_type": null, "u": -1, "v": -1, "length": 158.63689658644626, "is_covered": 1, "is_synthesized": 1.0, "length_m": 158.63689658644626 }, "geometry": { "type": "LineString", "coordinates": [ [ 103.805868222450769, 1.327674931276666 ], [ 103.804660690111319, 1.328437287404242 ] ] } },
{ "type": "Feature", "properties": { "access": null, "area": null, "bicycle": null, "bridge": null, "busway": null, "cycleway": null, "est_width": null, "foot": null, "footway": null, "highway": null, "junction": null, "lanes": null, "lit": null, "maxspeed": null, "motorcar": null, "motor_vehicle": null, "name": null, "oneway": null, "oneway:bicycle": null, "psv": null, "ref": null, "service": null, "segregated": null, "sidewalk": null, "smoothness": null, "surface": null, "tracktype": null, "tunnel": null, "turn": null, "width": null, "id": null, "timestamp": null, "version": null, "tags": null, "osm_type": null, "u": -1, "v": -1, "length": 9.0640002181102197, "is_covered": 1, "is_synthesized": 1.0, "length_m": 9.0640002181102197 }, "geometry": { "type": "LineString", "coordinates": [ [ 103.804654168379386, 1.328435988130881 ], [ 103.804650658660336, 1.328517883582857 ] ] } },
{ "type": "Feature", "properties": { "access": null, "area": null, "bicycle": null, "bridge": null, "busway": null, "cycleway": null, "est_width": null, "foot": null, "footway": null, "highway": null, "junction": null, "lanes": null, "lit": null, "maxspeed": null, "motorcar": null, "motor_vehicle": null, "name": null, "oneway": null, "oneway:bicycle": null, "psv": null, "ref": null, "service": null, "segregated": null, "sidewalk": null, "smoothness": null, "surface": null, "tracktype": null, "tunnel": null, "turn": null, "width": null, "id": null, "timestamp": null, "version": null, "tags": null, "osm_type": null, "u": -1, "v": -1, "length": 12.85251668742074, "is_covered": 1, "is_synthesized": 1.0, "length_m": 12.85251668742074 }, "geometry": { "type": "LineString", "coordinates": [ [ 103.804544290957622, 1.3285533979536 ], [ 103.804641518495416, 1.328490672959105 ] ] } },
{ "type": "Feature", "properties": { "access": null, "area": null, "bicycle": null, "bridge": null, "busway": null, "cycleway": null, "est_width": null, "foot": null, "footway": null, "highway": null, "junction": null, "lanes": null, "lit": null, "maxspeed": null, "motorcar": null, "motor_vehicle": null, "name": null, "oneway": null, "oneway:bicycle": null, "psv": null, "ref": null, "service": null, "segregated": null, "sidewalk": null, "smoothness": null, "surface": null, "tracktype": null, "tunnel": null, "turn": null, "width": null, "id": null, "timestamp": null, "version": null, "tags": null, "osm_type": null, "u": -1, "v": -1, "length": 64.577182362854813, "is_covered": 1, "is_synthesized": 1.0, "length_m": 64.577182362854813 }, "geometry": { "type": "LineString", "coordinates": [ [ 103.804076445419483, 1.328889307139641 ], [ 103.804555262114221, 1.328559410477581 ] ] } },
{ "type": "Feature", "properties": { "access": null, "area": null, "bicycle": null, "bridge": null, "busway": null, "cycleway": null, "est_width": null, "foot": null, "footway": null, "highway": null, "junction": null, "lanes": null, "lit": null, "maxspeed": null, "motorcar": null, "motor_vehicle": null, "name": null, "oneway": null, "oneway:bicycle": null, "psv": null, "ref": null, "service": null, "segregated": null, "sidewalk": null, "smoothness": null, "surface": null, "tracktype": null, "tunnel": null, "turn": null, "width": null, "id": null, "timestamp": null, "version": null, "tags": null, "osm_type": null, "u": -1, "v": -1, "length": 9.9656823739744489, "is_covered": 1, "is_synthesized": 1.0, "length_m": 9.9656823739744489 }, "geometry": { "type": "LineString", "coordinates": [ [ 103.802698543409434, 1.328831129270693 ], [ 103.80273106412632, 1.328915101860767 ] ] } },
{ "type": "Feature", "properties": { "access": null, "area": null, "bicycle": null, "bridge": null, "busway": null, "cycleway": null, "est_width": null, "foot": null, "footway": null, "highway": null, "junction": null, "lanes": null, "lit": null, "maxspeed": null, "motorcar": null, "motor_vehicle": null, "name": null, "oneway": null, "oneway:bicycle": null, "psv": null, "ref": null, "service": null, "segregated": null, "sidewalk": null, "smoothness": null, "surface": null, "tracktype": null, "tunnel": null, "turn": null, "width": null, "id": null, "timestamp": null, "version": null, "tags": null, "osm_type": null, "u": -1, "v": -1, "length": 9.9656823739744489, "is_covered": 1, "is_synthesized": 1.0, "length_m": 9.9656823739744489 }, "geometry": { "type": "LineString", "coordinates": [ [ 103.802698543409434, 1.328831129270693 ], [ 103.80273106412632, 1.328915101860767 ] ] } },
{ "type": "Feature", "properties": { "access": null, "area": null, "bicycle": null, "bridge": null, "busway": null, "cycleway": null, "est_width": null, "foot": null, "footway": null, "highway": null, "junction": null, "lanes": null, "lit": null, "maxspeed": null, "motorcar": null, "motor_vehicle": null, "name": null, "oneway": null, "oneway:bicycle": null, "psv": null, "ref": null, "service": null, "segregated": null, "sidewalk": null, "smoothness": null, "surface": null, "tracktype": null, "tunnel": null, "turn": null, "width": null, "id": null, "timestamp": null, "version": null, "tags": null, "osm_type": null, "u": -1, "v": -1, "length": 4.2981584485372908, "is_covered": 1, "is_synthesized": 1.0, "length_m": 4.2981584485372908 }, "geometry": { "type": "LineString", "coordinates": [ [ 103.804067752484784, 1.328874471918002 ], [ 103.804036076033242, 1.328896710226867 ] ] } },
{ "type": "Feature", "properties": { "access": null, "area": null, "bicycle": null, "bridge": null, "busway": null, "cycleway": null, "est_width": null, "foot": null, "footway": null, "highway": null, "junction": null, "lanes": null, "lit": null, "maxspeed": null, "motorcar": null, "motor_vehicle": null, "name": null, "oneway": null, "oneway:bicycle": null, "psv": null, "ref": null, "service": null, "segregated": null, "sidewalk": null, "smoothness": null, "surface": null, "tracktype": null, "tunnel": null, "turn": null, "width": null, "id": null, "timestamp": null, "version": null, "tags": null, "osm_type": null, "u": -1, "v": -1, "length": 11.892086020316038, "is_covered": 1, "is_synthesized": 1.0, "length_m": 11.892086020316038 }, "geometry": { "type": "LineString", "coordinates": [ [ 103.803945065952661, 1.328936453089512 ], [ 103.804035282311844, 1.328878816650072 ] ] } },
{ "type": "Feature", "properties": { "access": null, "area": null, "bicycle": null, "bridge": null, "busway": null, "cycleway": null, "est_width": null, "foot": null, "footway": null, "highway": null, "junction": null, "lanes": null, "lit": null, "maxspeed": null, "motorcar": null, "motor_vehicle": null, "name": null, "oneway": null, "oneway:bicycle": null, "psv": null, "ref": null, "service": null, "segregated": null, "sidewalk": null, "smoothness": null, "surface": null, "tracktype": null, "tunnel": null, "turn": null, "width": null, "id": null, "timestamp": null, "version": null, "tags": null, "osm_type": null, "u": -1, "v": -1, "length": 12.659438759894945, "is_covered": 1, "is_synthesized": 1.0, "length_m": 12.659438759894945 }, "geometry": { "type": "LineString", "coordinates": [ [ 103.802485175449817, 1.328989608408301 ], [ 103.802595511829892, 1.328961763461377 ] ] } },
{ "type": "Feature", "properties": { "access": null, "area": null, "bicycle": null, "bridge": null, "busway": null, "cycleway": null, "est_width": null, "foot": null, "footway": null, "highway": null, "junction": null, "lanes": null, "lit": null, "maxspeed": null, "motorcar": null, "motor_vehicle": null, "name": null, "oneway": null, "oneway:bicycle": null, "psv": null, "ref": null, "service": null, "segregated": null, "sidewalk": null, "smoothness": null, "surface": null, "tracktype": null, "tunnel": null, "turn": null, "width": null, "id": null, "timestamp": null, "version": null, "tags": null, "osm_type": null, "u": -1, "v": -1, "length": 12.659438759894945, "is_covered": 1, "is_synthesized": 1.0, "length_m": 12.659438759894945 }, "geometry": { "type": "LineString", "coordinates": [ [ 103.802485175449817, 1.328989608408301 ], [ 103.802595511829892, 1.328961763461377 ] ] } },
{ "type": "Feature", "properties": { "access": null, "area": null, "bicycle": null, "bridge": null, "busway": null, "cycleway": null, "est_width": null, "foot": null, "footway": null, "highway": null, "junction": null, "lanes": null, "lit": null, "maxspeed": null, "motorcar": null, "motor_vehicle": null, "name": null, "oneway": null, "oneway:bicycle": null, "psv": null, "ref": null, "service": null, "segregated": null, "sidewalk": null, "smoothness": null, "surface": null, "tracktype": null, "tunnel": null, "turn": null, "width": null, "id": null, "timestamp": null, "version": null, "tags": null, "osm_type": null, "u": -1, "v": -1, "length": 7.7328043916610651, "is_covered": 1, "is_synthesized": 1.0, "length_m": 7.7328043916610651 }, "geometry": { "type": "LineString", "coordinates": [ [ 103.802422624802347, 1.329011570630019 ], [ 103.802488157623841, 1.328988325670363 ] ] } },
{ "type": "Feature", "properties": { "access": null, "area": null, "bicycle": null, "bridge": null, "busway": null, "cycleway": null, "est_width": null, "foot": null, "footway": null, "highway": null, "junction": null, "lanes": null, "lit": null, "maxspeed": null, "motorcar": null, "motor_vehicle": null, "name": null, "oneway": null, "oneway:bicycle": null, "psv": null, "ref": null, "service": null, "segregated": null, "sidewalk": null, "smoothness": null, "surface": null, "tracktype": null, "tunnel": null, "turn": null, "width": null, "id": null, "timestamp": null, "version": null, "tags": null, "osm_type": null, "u": -1, "v": -1, "length": 7.7328043916610651, "is_covered": 1, "is_synthesized": 1.0, "length_m": 7.7328043916610651 }, "geometry": { "type": "LineString", "coordinates": [ [ 103.802422624802347, 1.329011570630019 ], [ 103.802488157623841, 1.328988325670363 ] ] } },
{ "type": "Feature", "properties": { "access": null, "area": null, "bicycle": null, "bridge": null, "busway": null, "cycleway": null, "est_width": null, "foot": null, "footway": null, "highway": null, "junction": null, "lanes": null, "lit": null, "maxspeed": null, "motorcar": null, "motor_vehicle": null, "name": null, "oneway": null, "oneway:bicycle": null, "psv": null, "ref": null, "service": null, "segregated": null, "sidewalk": null, "smoothness": null, "surface": null, "tracktype": null, "tunnel": null, "turn": null, "width": null, "id": null, "timestamp": null, "version": null, "tags": null, "osm_type": null, "u": -1, "v": -1, "length": 110.914876148587, "is_covered": 1, "is_synthesized": 1.0, "length_m": 110.914876148587 }, "geometry": { "type": "LineString", "coordinates": [ [ 103.803084335497275, 1.329428618286042 ], [ 103.803966829122231, 1.328962505016531 ] ] } },
{ "type": "Feature", "properties": { "access": null, "area": null, "bicycle": null, "bridge": null, "busway": null, "cycleway": null, "est_width": null, "foot": null, "footway": null, "highway": null, "junction": null, "lanes": null, "lit": null, "maxspeed": null, "motorcar": null, "motor_vehicle": null, "name": null, "oneway": null, "oneway:bicycle": null, "psv": null, "ref": null, "service": null, "segregated": null, "sidewalk": null, "smoothness": null, "surface": null, "tracktype": null, "tunnel": null, "turn": null, "width": null, "id": null, "timestamp": null, "version": null, "tags": null, "osm_type": null, "u": -1, "v": -1, "length": 38.339822813140053, "is_covered": 1, "is_synthesized": 1.0, "length_m": 38.339822813140053 }, "geometry": { "type": "LineString", "coordinates": [ [ 103.802651218810709, 1.329609912328896 ], [ 103.802969653935094, 1.329477599643113 ] ] } },
{ "type": "Feature", "properties": { "access": null, "area": null, "bicycle": null, "bridge": null, "busway": null, "cycleway": null, "est_width": null, "foot": null, "footway": null, "highway": null, "junction": null, "lanes": null, "lit": null, "maxspeed": null, "motorcar": null, "motor_vehicle": null, "name": null, "oneway": null, "oneway:bicycle": null, "psv": null, "ref": null, "service": null, "segregated": null, "sidewalk": null, "smoothness": null, "surface": null, "tracktype": null, "tunnel": null, "turn": null, "width": null, "id": null, "timestamp": null, "version": null, "tags": null, "osm_type": null, "u": -1, "v": -1, "length": 4.6729817537962077, "is_covered": 1, "is_synthesized": 1.0, "length_m": 4.6729817537962077 }, "geometry": { "type": "LineString", "coordinates": [ [ 103.81457931153254, 1.329850277579046 ], [ 103.814605639803887, 1.329883198774949 ] ] } },
{ "type": "Feature", "properties": { "access": null, "area": null, "bicycle": null, "bridge": null, "busway": null, "cycleway": null, "est_width": null, "foot": null, "footway": null, "highway": null, "junction": null, "lanes": null, "lit": null, "maxspeed": null, "motorcar": null, "motor_vehicle": null, "name": null, "oneway": null, "oneway:bicycle": null, "psv": null, "ref": null, "service": null, "segregated": null, "sidewalk": null, "smoothness": null, "surface": null, "tracktype": null, "tunnel": null, "turn": null, "width": null, "id": null, "timestamp": null, "version": null, "tags": null, "osm_type": null, "u": -1, "v": -1, "length": 38.339822813140053, "is_covered": 1, "is_synthesized": 1.0, "length_m": 38.339822813140053 }, "geometry": { "type": "LineString", "coordinates": [ [ 103.802651218810709, 1.329609912328896 ], [ 103.802969653935094, 1.329477599643113 ] ] } },
{ "type": "Feature", "properties": { "access": null, "area": null, "bicycle": null, "bridge": null, "busway": null, "cycleway": null, "est_width": null, "foot": null, "footway": null, "highway": null, "junction": null, "lanes": null, "lit": null, "maxspeed": null, "motorcar": null, "motor_vehicle": null, "name": null, "oneway": null, "oneway:bicycle": null, "psv": null, "ref": null, "service": null, "segregated": null, "sidewalk": null, "smoothness": null, "surface": null, "tracktype": null, "tunnel": null, "turn": null, "width": null, "id": null, "timestamp": null, "version": null, "tags": null, "osm_type": null, "u": -1, "v": -1, "length": 38.339822813140053, "is_covered": 1, "is_synthesized": 1.0, "length_m": 38.339822813140053 }, "geometry": { "type": "LineString", "coordinates": [ [ 103.802651218810709, 1.329609912328896 ], [ 103.802969653935094, 1.329477599643113 ] ] } },
{ "type": "Feature", "properties": { "access": null, "area": null, "bicycle": null, "bridge": null, "busway": null, "cycleway": null, "est_width": null, "foot": null, "footway": null, "highway": null, "junction": null, "lanes": null, "lit": null, "maxspeed": null, "motorcar": null, "motor_vehicle": null, "name": null, "oneway": null, "oneway:bicycle": null, "psv": null, "ref": null, "service": null, "segregated": null, "sidewalk": null, "smoothness": null, "surface": null, "tracktype": null, "tunnel": null, "turn": null, "width": null, "id": null, "timestamp": null, "version": null, "tags": null, "osm_type": null, "u": -1, "v": -1, "length": 38.339822813140053, "is_covered": 1, "is_synthesized": 1.0, "length_m": 38.339822813140053 }, "geometry": { "type": "LineString", "coordinates": [ [ 103.802651218810709, 1.329609912328896 ], [ 103.802969653935094, 1.329477599643113 ] ] } },
{ "type": "Feature", "properties": { "access": null, "area": null, "bicycle": null, "bridge": null, "busway": null, "cycleway": null, "est_width": null, "foot": null, "footway": null, "highway": null, "junction": null, "lanes": null, "lit": null, "maxspeed": null, "motorcar": null, "motor_vehicle": null, "name": null, "oneway": null, "oneway:bicycle": null, "psv": null, "ref": null, "service": null, "segregated": null, "sidewalk": null, "smoothness": null, "surface": null, "tracktype": null, "tunnel": null, "turn": null, "width": null, "id": null, "timestamp": null, "version": null, "tags": null, "osm_type": null, "u": -1, "v": -1, "length": 10.714074433801795, "is_covered": 1, "is_synthesized": 1.0, "length_m": 10.714074433801795 }, "geometry": { "type": "LineString", "coordinates": [ [ 103.8027618368898, 1.329509511576116 ], [ 103.802669455143246, 1.329536777140954 ] ] } },
{ "type": "Feature", "properties": { "access": null, "area": null, "bicycle": null, "bridge": null, "busway": null, "cycleway": null, "est_width": null, "foot": null, "footway": null, "highway": null, "junction": null, "lanes": null, "lit": null, "maxspeed": null, "motorcar": null, "motor_vehicle": null, "name": null, "oneway": null, "oneway:bicycle": null, "psv": null, "ref": null, "service": null, "segregated": null, "sidewalk": null, "smoothness": null, "surface": null, "tracktype": null, "tunnel": null, "turn": null, "width": null, "id": null, "timestamp": null, "version": null, "tags": null, "osm_type": null, "u": -1, "v": -1, "length": 14.82515192971368, "is_covered": 1, "is_synthesized": 1.0, "length_m": 14.82515192971368 }, "geometry": { "type": "LineString", "coordinates": [ [ 103.811370472990262, 1.329720885451928 ], [ 103.811386556531133, 1.329587792835098 ] ] } },
{ "type": "Feature", "properties": { "access": null, "area": null, "bicycle": null, "bridge": null, "busway": null, "cycleway": null, "est_width": null, "foot": null, "footway": null, "highway": null, "junction": null, "lanes": null, "lit": null, "maxspeed": null, "motorcar": null, "motor_vehicle": null, "name": null, "oneway": null, "oneway:bicycle": null, "psv": null, "ref": null, "service": null, "segregated": null, "sidewalk": null, "smoothness": null, "surface": null, "tracktype": null, "tunnel": null, "turn": null, "width": null, "id": null, "timestamp": null, "version": null, "tags": null, "osm_type": null, "u": -1, "v": -1, "length": 42.214806929966983, "is_covered": 1, "is_synthesized": 1.0, "length_m": 42.214806929966983 }, "geometry": { "type": "LineString", "coordinates": [ [ 103.808088129998197, 1.330935557532417 ], [ 103.808286415023858, 1.331261019978485 ] ] } },
{ "type": "Feature", "properties": { "access": null, "area": null, "bicycle": null, "bridge": null, "busway": null, "cycleway": null, "est_width": null, "foot": null, "footway": null, "highway": null, "junction": null, "lanes": null, "lit": null, "maxspeed": null, "motorcar": null, "motor_vehicle": null, "name": null, "oneway": null, "oneway:bicycle": null, "psv": null, "ref": null, "service": null, "segregated": null, "sidewalk": null, "smoothness": null, "surface": null, "tracktype": null, "tunnel": null, "turn": null, "width": null, "id": null, "timestamp": null, "version": null, "tags": null, "osm_type": null, "u": -1, "v": -1, "length": 3.4537569570156426, "is_covered": 1, "is_synthesized": 1.0, "length_m": 3.4537569570156426 }, "geometry": { "type": "LineString", "coordinates": [ [ 103.781270861089112, 1.336534431592659 ], [ 103.781242079185233, 1.336546113108217 ] ] } },
{ "type": "Feature", "properties": { "access": null, "area": null, "bicycle": null, "bridge": null, "busway": null, "cycleway": null, "est_width": null, "foot": null, "footway": null, "highway": null, "junction": null, "lanes": null, "lit": null, "maxspeed": null, "motorcar": null, "motor_vehicle": null, "name": null, "oneway": null, "oneway:bicycle": null, "psv": null, "ref": null, "service": null, "segregated": null, "sidewalk": null, "smoothness": null, "surface": null, "tracktype": null, "tunnel": null, "turn": null, "width": null, "id": null, "timestamp": null, "version": null, "tags": null, "osm_type": null, "u": -1, "v": -1, "length": 6.4608816579758921, "is_covered": 1, "is_synthesized": 1.0, "length_m": 6.4608816579758921 }, "geometry": { "type": "LineString", "coordinates": [ [ 103.781247134674942, 1.336548603417897 ], [ 103.781193206815217, 1.336570239780114 ] ] } },
{ "type": "Feature", "properties": { "access": null, "area": null, "bicycle": null, "bridge": null, "busway": null, "cycleway": null, "est_width": null, "foot": null, "footway": null, "highway": null, "junction": null, "lanes": null, "lit": null, "maxspeed": null, "motorcar": null, "motor_vehicle": null, "name": null, "oneway": null, "oneway:bicycle": null, "psv": null, "ref": null, "service": null, "segregated": null, "sidewalk": null, "smoothness": null, "surface": null, "tracktype": null, "tunnel": null, "turn": null, "width": null, "id": null, "timestamp": null, "version": null, "tags": null, "osm_type": null, "u": -1, "v": -1, "length": 26.165984162853135, "is_covered": 1, "is_synthesized": 1.0, "length_m": 26.165984162853135 }, "geometry": { "type": "LineString", "coordinates": [ [ 103.780977479212495, 1.336652201624155 ], [ 103.781198701899413, 1.33657206119615 ] ] } },
{ "type": "Feature", "properties": { "access": null, "area": null, "bicycle": null, "bridge": null, "busway": null, "cycleway": null, "est_width": null, "foot": null, "footway": null, "highway": null, "junction": null, "lanes": null, "lit": null, "maxspeed": null, "motorcar": null, "motor_vehicle": null, "name": null, "oneway": null, "oneway:bicycle": null, "psv": null, "ref": null, "service": null, "segregated": null, "sidewalk": null, "smoothness": null, "surface": null, "tracktype": null, "tunnel": null, "turn": null, "width": null, "id": null, "timestamp": null, "version": null, "tags": null, "osm_type": null, "u": -1, "v": -1, "length": 6.6072995563798473, "is_covered": 1, "is_synthesized": 1.0, "length_m": 6.6072995563798473 }, "geometry": { "type": "LineString", "coordinates": [ [ 103.780923627289667, 1.336667121322847 ], [ 103.78098032495275, 1.336649394449412 ] ] } },
{ "type": "Feature", "properties": { "access": null, "area": null, "bicycle": null, "bridge": null, "busway": null, "cycleway": null, "est_width": null, "foot": null, "footway": null, "highway": null, "junction": null, "lanes": null, "lit": null, "maxspeed": null, "motorcar": null, "motor_vehicle": null, "name": null, "oneway": null, "oneway:bicycle": null, "psv": null, "ref": null, "service": null, "segregated": null, "sidewalk": null, "smoothness": null, "surface": null, "tracktype": null, "tunnel": null, "turn": null, "width": null, "id": null, "timestamp": null, "version": null, "tags": null, "osm_type": null, "u": -1, "v": -1, "length": 55.279649912065778, "is_covered": 1, "is_synthesized": 1.0, "length_m": 55.279649912065778 }, "geometry": { "type": "LineString", "coordinates": [ [ 103.780928525376922, 1.336665088344949 ], [ 103.78044767442789, 1.336790443285705 ] ] } },
{ "type": "Feature", "properties": { "access": null, "area": null, "bicycle": null, "bridge": null, "busway": null, "cycleway": null, "est_width": null, "foot": null, "footway": null, "highway": null, "junction": null, "lanes": null, "lit": null, "maxspeed": null, "motorcar": null, "motor_vehicle": null, "name": null, "oneway": null, "oneway:bicycle": null, "psv": null, "ref": null, "service": null, "segregated": null, "sidewalk": null, "smoothness": null, "surface": null, "tracktype": null, "tunnel": null, "turn": null, "width": null, "id": null, "timestamp": null, "version": null, "tags": null, "osm_type": null, "u": -1, "v": -1, "length": 23.289556822949208, "is_covered": 1, "is_synthesized": 1.0, "length_m": 23.289556822949208 }, "geometry": { "type": "LineString", "coordinates": [ [ 103.779060692152356, 1.33973070814056 ], [ 103.778974272671718, 1.339922532680862 ] ] } },
{ "type": "Feature", "properties": { "access": null, "area": null, "bicycle": null, "bridge": null, "busway": null, "cycleway": null, "est_width": null, "foot": null, "footway": null, "highway": null, "junction": null, "lanes": null, "lit": null, "maxspeed": null, "motorcar": null, "motor_vehicle": null, "name": null, "oneway": null, "oneway:bicycle": null, "psv": null, "ref": null, "service": null, "segregated": null, "sidewalk": null, "smoothness": null, "surface": null, "tracktype": null, "tunnel": null, "turn": null, "width": null, "id": null, "timestamp": null, "version": null, "tags": null, "osm_type": null, "u": -1, "v": -1, "length": 32.764462085861815, "is_covered": 1, "is_synthesized": 1.0, "length_m": 32.764462085861815 }, "geometry": { "type": "LineString", "coordinates": [ [ 103.77876316174212, 1.340119654998646 ], [ 103.778995265729463, 1.339937366644227 ] ] } },
{ "type": "Feature", "properties": { "access": null, "area": null, "bicycle": null, "bridge": null, "busway": null, "cycleway": null, "est_width": null, "foot": null, "footway": null, "highway": null, "junction": null, "lanes": null, "lit": null, "maxspeed": null, "motorcar": null, "motor_vehicle": null, "name": null, "oneway": null, "oneway:bicycle": null, "psv": null, "ref": null, "service": null, "segregated": null, "sidewalk": null, "smoothness": null, "surface": null, "tracktype": null, "tunnel": null, "turn": null, "width": null, "id": null, "timestamp": null, "version": null, "tags": null, "osm_type": null, "u": -1, "v": -1, "length": 19.116460013980351, "is_covered": 1, "is_synthesized": 1.0, "length_m": 19.116460013980351 }, "geometry": { "type": "LineString", "coordinates": [ [ 103.778613417480372, 1.340012065699886 ], [ 103.778770811760609, 1.340081306156852 ] ] } },
{ "type": "Feature", "properties": { "access": null, "area": null, "bicycle": null, "bridge": null, "busway": null, "cycleway": null, "est_width": null, "foot": null, "footway": null, "highway": null, "junction": null, "lanes": null, "lit": null, "maxspeed": null, "motorcar": null, "motor_vehicle": null, "name": null, "oneway": null, "oneway:bicycle": null, "psv": null, "ref": null, "service": null, "segregated": null, "sidewalk": null, "smoothness": null, "surface": null, "tracktype": null, "tunnel": null, "turn": null, "width": null, "id": null, "timestamp": null, "version": null, "tags": null, "osm_type": null, "u": -1, "v": -1, "length": 84.797546725192873, "is_covered": 1, "is_synthesized": 1.0, "length_m": 84.797546725192873 }, "geometry": { "type": "LineString", "coordinates": [ [ 103.775710182985861, 1.341014932033534 ], [ 103.775588958202647, 1.341772042817053 ] ] } },
{ "type": "Feature", "properties": { "access": null, "area": null, "bicycle": null, "bridge": null, "busway": null, "cycleway": null, "est_width": null, "foot": null, "footway": null, "highway": null, "junction": null, "lanes": null, "lit": null, "maxspeed": null, "motorcar": null, "motor_vehicle": null, "name": null, "oneway": null, "oneway:bicycle": null, "psv": null, "ref": null, "service": null, "segregated": null, "sidewalk": null, "smoothness": null, "surface": null, "tracktype": null, "tunnel": null, "turn": null, "width": null, "id": null, "timestamp": null, "version": null, "tags": null, "osm_type": null, "u": -1, "v": -1, "length": 34.936710530025998, "is_covered": 1, "is_synthesized": 1.0, "length_m": 34.936710530025998 }, "geometry": { "type": "LineString", "coordinates": [ [ 103.774554248088208, 1.341266160307099 ], [ 103.774559152365399, 1.34158207678942 ] ] } },
{ "type": "Feature", "properties": { "access": null, "area": null, "bicycle": null, "bridge": null, "busway": null, "cycleway": null, "est_width": null, "foot": null, "footway": null, "highway": null, "junction": null, "lanes": null, "lit": null, "maxspeed": null, "motorcar": null, "motor_vehicle": null, "name": null, "oneway": null, "oneway:bicycle": null, "psv": null, "ref": null, "service": null, "segregated": null, "sidewalk": null, "smoothness": null, "surface": null, "tracktype": null, "tunnel": null, "turn": null, "width": null, "id": null, "timestamp": null, "version": null, "tags": null, "osm_type": null, "u": -1, "v": -1, "length": 45.252107733601697, "is_covered": 1, "is_synthesized": 1.0, "length_m": 45.252107733601697 }, "geometry": { "type": "LineString", "coordinates": [ [ 103.774637141071167, 1.341468339996198 ], [ 103.774668024340855, 1.341876401675174 ] ] } },
{ "type": "Feature", "properties": { "access": null, "area": null, "bicycle": null, "bridge": null, "busway": null, "cycleway": null, "est_width": null, "foot": null, "footway": null, "highway": null, "junction": null, "lanes": null, "lit": null, "maxspeed": null, "motorcar": null, "motor_vehicle": null, "name": null, "oneway": null, "oneway:bicycle": null, "psv": null, "ref": null, "service": null, "segregated": null, "sidewalk": null, "smoothness": null, "surface": null, "tracktype": null, "tunnel": null, "turn": null, "width": null, "id": null, "timestamp": null, "version": null, "tags": null, "osm_type": null, "u": -1, "v": -1, "length": 10.958933502045278, "is_covered": 1, "is_synthesized": 1.0, "length_m": 10.958933502045278 }, "geometry": { "type": "LineString", "coordinates": [ [ 103.772261618398247, 1.34163714120902 ], [ 103.772257854964053, 1.341736177449665 ] ] } },
{ "type": "Feature", "properties": { "access": null, "area": null, "bicycle": null, "bridge": null, "busway": null, "cycleway": null, "est_width": null, "foot": null, "footway": null, "highway": null, "junction": null, "lanes": null, "lit": null, "maxspeed": null, "motorcar": null, "motor_vehicle": null, "name": null, "oneway": null, "oneway:bicycle": null, "psv": null, "ref": null, "service": null, "segregated": null, "sidewalk": null, "smoothness": null, "surface": null, "tracktype": null, "tunnel": null, "turn": null, "width": null, "id": null, "timestamp": null, "version": null, "tags": null, "osm_type": null, "u": -1, "v": -1, "length": 22.324245550503214, "is_covered": 1, "is_synthesized": 1.0, "length_m": 22.324245550503214 }, "geometry": { "type": "LineString", "coordinates": [ [ 103.775426873953407, 1.341858296300748 ], [ 103.775613354958466, 1.341783900956815 ] ] } },
{ "type": "Feature", "properties": { "access": null, "area": null, "bicycle": null, "bridge": null, "busway": null, "cycleway": null, "est_width": null, "foot": null, "footway": null, "highway": null, "junction": null, "lanes": null, "lit": null, "maxspeed": null, "motorcar": null, "motor_vehicle": null, "name": null, "oneway": null, "oneway:bicycle": null, "psv": null, "ref": null, "service": null, "segregated": null, "sidewalk": null, "smoothness": null, "surface": null, "tracktype": null, "tunnel": null, "turn": null, "width": null, "id": null, "timestamp": null, "version": null, "tags": null, "osm_type": null, "u": -1, "v": -1, "length": 20.671993336129127, "is_covered": 1, "is_synthesized": 1.0, "length_m": 20.671993336129127 }, "geometry": { "type": "LineString", "coordinates": [ [ 103.772271934789998, 1.341729602584114 ], [ 103.772236833519685, 1.341913184328614 ] ] } },
{ "type": "Feature", "properties": { "access": null, "area": null, "bicycle": null, "bridge": null, "busway": null, "cycleway": null, "est_width": null, "foot": null, "footway": null, "highway": null, "junction": null, "lanes": null, "lit": null, "maxspeed": null, "motorcar": null, "motor_vehicle": null, "name": null, "oneway": null, "oneway:bicycle": null, "psv": null, "ref": null, "service": null, "segregated": null, "sidewalk": null, "smoothness": null, "surface": null, "tracktype": null, "tunnel": null, "turn": null, "width": null, "id": null, "timestamp": null, "version": null, "tags": null, "osm_type": null, "u": -1, "v": -1, "length": 78.266029092304464, "is_covered": 1, "is_synthesized": 1.0, "length_m": 78.266029092304464 }, "geometry": { "type": "LineString", "coordinates": [ [ 103.775388687718092, 1.341845567496121 ], [ 103.77468559476246, 1.341861309213112 ] ] } },
{ "type": "Feature", "properties": { "access": null, "area": null, "bicycle": null, "bridge": null, "busway": null, "cycleway": null, "est_width": null, "foot": null, "footway": null, "highway": null, "junction": null, "lanes": null, "lit": null, "maxspeed": null, "motorcar": null, "motor_vehicle": null, "name": null, "oneway": null, "oneway:bicycle": null, "psv": null, "ref": null, "service": null, "segregated": null, "sidewalk": null, "smoothness": null, "surface": null, "tracktype": null, "tunnel": null, "turn": null, "width": null, "id": null, "timestamp": null, "version": null, "tags": null, "osm_type": null, "u": -1, "v": -1, "length": 24.205192143236214, "is_covered": 1, "is_synthesized": 1.0, "length_m": 24.205192143236214 }, "geometry": { "type": "LineString", "coordinates": [ [ 103.776033782369538, 1.341880468981014 ], [ 103.775821052111155, 1.341834885682857 ] ] } },
{ "type": "Feature", "properties": { "access": null, "area": null, "bicycle": null, "bridge": null, "busway": null, "cycleway": null, "est_width": null, "foot": null, "footway": null, "highway": null, "junction": null, "lanes": null, "lit": null, "maxspeed": null, "motorcar": null, "motor_vehicle": null, "name": null, "oneway": null, "oneway:bicycle": null, "psv": null, "ref": null, "service": null, "segregated": null, "sidewalk": null, "smoothness": null, "surface": null, "tracktype": null, "tunnel": null, "turn": null, "width": null, "id": null, "timestamp": null, "version": null, "tags": null, "osm_type": null, "u": -1, "v": -1, "length": 13.169041156465436, "is_covered": 1, "is_synthesized": 1.0, "length_m": 13.169041156465436 }, "geometry": { "type": "LineString", "coordinates": [ [ 103.77540464009887, 1.34182096600163 ], [ 103.775407180221521, 1.341940034630605 ] ] } },
{ "type": "Feature", "properties": { "access": null, "area": null, "bicycle": null, "bridge": null, "busway": null, "cycleway": null, "est_width": null, "foot": null, "footway": null, "highway": null, "junction": null, "lanes": null, "lit": null, "maxspeed": null, "motorcar": null, "motor_vehicle": null, "name": null, "oneway": null, "oneway:bicycle": null, "psv": null, "ref": null, "service": null, "segregated": null, "sidewalk": null, "smoothness": null, "surface": null, "tracktype": null, "tunnel": null, "turn": null, "width": null, "id": null, "timestamp": null, "version": null, "tags": null, "osm_type": null, "u": -1, "v": -1, "length": 4.3886082924729601, "is_covered": 1, "is_synthesized": 1.0, "length_m": 4.3886082924729601 }, "geometry": { "type": "LineString", "coordinates": [ [ 103.77598836264572, 1.34189910892046 ], [ 103.775949819580674, 1.341890718817349 ] ] } },
{ "type": "Feature", "properties": { "access": null, "area": null, "bicycle": null, "bridge": null, "busway": null, "cycleway": null, "est_width": null, "foot": null, "footway": null, "highway": null, "junction": null, "lanes": null, "lit": null, "maxspeed": null, "motorcar": null, "motor_vehicle": null, "name": null, "oneway": null, "oneway:bicycle": null, "psv": null, "ref": null, "service": null, "segregated": null, "sidewalk": null, "smoothness": null, "surface": null, "tracktype": null, "tunnel": null, "turn": null, "width": null, "id": null, "timestamp": null, "version": null, "tags": null, "osm_type": null, "u": -1, "v": -1, "length": 13.780011538884105, "is_covered": 1, "is_synthesized": 1.0, "length_m": 13.780011538884105 }, "geometry": { "type": "LineString", "coordinates": [ [ 103.77597151034108, 1.34188328383068 ], [ 103.775945645998888, 1.342005156205921 ] ] } },
{ "type": "Feature", "properties": { "access": null, "area": null, "bicycle": null, "bridge": null, "busway": null, "cycleway": null, "est_width": null, "foot": null, "footway": null, "highway": null, "junction": null, "lanes": null, "lit": null, "maxspeed": null, "motorcar": null, "motor_vehicle": null, "name": null, "oneway": null, "oneway:bicycle": null, "psv": null, "ref": null, "service": null, "segregated": null, "sidewalk": null, "smoothness": null, "surface": null, "tracktype": null, "tunnel": null, "turn": null, "width": null, "id": null, "timestamp": null, "version": null, "tags": null, "osm_type": null, "u": -1, "v": -1, "length": 28.071450270892779, "is_covered": 1, "is_synthesized": 1.0, "length_m": 28.071450270892779 }, "geometry": { "type": "LineString", "coordinates": [ [ 103.775863315059141, 1.342241317745872 ], [ 103.775961415814919, 1.342007436319729 ] ] } },
{ "type": "Feature", "properties": { "access": null, "area": null, "bicycle": null, "bridge": null, "busway": null, "cycleway": null, "est_width": null, "foot": null, "footway": null, "highway": null, "junction": null, "lanes": null, "lit": null, "maxspeed": null, "motorcar": null, "motor_vehicle": null, "name": null, "oneway": null, "oneway:bicycle": null, "psv": null, "ref": null, "service": null, "segregated": null, "sidewalk": null, "smoothness": null, "surface": null, "tracktype": null, "tunnel": null, "turn": null, "width": null, "id": null, "timestamp": null, "version": null, "tags": null, "osm_type": null, "u": -1, "v": -1, "length": 29.087670037387287, "is_covered": 1, "is_synthesized": 1.0, "length_m": 29.087670037387287 }, "geometry": { "type": "LineString", "coordinates": [ [ 103.775870214967654, 1.342425620304493 ], [ 103.775828931119577, 1.342165864092055 ] ] } },
{ "type": "Feature", "properties": { "access": null, "area": null, "bicycle": null, "bridge": null, "busway": null, "cycleway": null, "est_width": null, "foot": null, "footway": null, "highway": null, "junction": null, "lanes": null, "lit": null, "maxspeed": null, "motorcar": null, "motor_vehicle": null, "name": null, "oneway": null, "oneway:bicycle": null, "psv": null, "ref": null, "service": null, "segregated": null, "sidewalk": null, "smoothness": null, "surface": null, "tracktype": null, "tunnel": null, "turn": null, "width": null, "id": null, "timestamp": null, "version": null, "tags": null, "osm_type": null, "u": -1, "v": -1, "length": 9.8919651893379186, "is_covered": 1, "is_synthesized": 1.0, "length_m": 9.8919651893379186 }, "geometry": { "type": "LineString", "coordinates": [ [ 103.775893086561609, 1.342402836028344 ], [ 103.77590049396926, 1.342313687842452 ] ] } },
{ "type": "Feature", "properties": { "access": null, "area": null, "bicycle": null, "bridge": null, "busway": null, "cycleway": null, "est_width": null, "foot": null, "footway": null, "highway": null, "junction": null, "lanes": null, "lit": null, "maxspeed": null, "motorcar": null, "motor_vehicle": null, "name": null, "oneway": null, "oneway:bicycle": null, "psv": null, "ref": null, "service": null, "segregated": null, "sidewalk": null, "smoothness": null, "surface": null, "tracktype": null, "tunnel": null, "turn": null, "width": null, "id": null, "timestamp": null, "version": null, "tags": null, "osm_type": null, "u": -1, "v": -1, "length": 54.547675813511894, "is_covered": 1, "is_synthesized": 1.0, "length_m": 54.547675813511894 }, "geometry": { "type": "LineString", "coordinates": [ [ 103.77083662692506, 1.342251238492361 ], [ 103.771206481938847, 1.342574949195314 ] ] } },
{ "type": "Feature", "properties": { "access": null, "area": null, "bicycle": null, "bridge": null, "busway": null, "cycleway": null, "est_width": null, "foot": null, "footway": null, "highway": null, "junction": null, "lanes": null, "lit": null, "maxspeed": null, "motorcar": null, "motor_vehicle": null, "name": null, "oneway": null, "oneway:bicycle": null, "psv": null, "ref": null, "service": null, "segregated": null, "sidewalk": null, "smoothness": null, "surface": null, "tracktype": null, "tunnel": null, "turn": null, "width": null, "id": null, "timestamp": null, "version": null, "tags": null, "osm_type": null, "u": -1, "v": -1, "length": 8.9930425566681258, "is_covered": 1, "is_synthesized": 1.0, "length_m": 8.9930425566681258 }, "geometry": { "type": "LineString", "coordinates": [ [ 103.775898310255641, 1.342401875480235 ], [ 103.775884094616032, 1.342481936954932 ] ] } },
{ "type": "Feature", "properties": { "access": null, "area": null, "bicycle": null, "bridge": null, "busway": null, "cycleway": null, "est_width": null, "foot": null, "footway": null, "highway": null, "junction": null, "lanes": null, "lit": null, "maxspeed": null, "motorcar": null, "motor_vehicle": null, "name": null, "oneway": null, "oneway:bicycle": null, "psv": null, "ref": null, "service": null, "segregated": null, "sidewalk": null, "smoothness": null, "surface": null, "tracktype": null, "tunnel": null, "turn": null, "width": null, "id": null, "timestamp": null, "version": null, "tags": null, "osm_type": null, "u": -1, "v": -1, "length": 75.109215582592981, "is_covered": 1, "is_synthesized": 1.0, "length_m": 75.109215582592981 }, "geometry": { "type": "LineString", "coordinates": [ [ 103.775385285810998, 1.342854830725137 ], [ 103.775539742391203, 1.342193597709205 ] ] } },
{ "type": "Feature", "properties": { "access": null, "area": null, "bicycle": null, "bridge": null, "busway": null, "cycleway": null, "est_width": null, "foot": null, "footway": null, "highway": null, "junction": null, "lanes": null, "lit": null, "maxspeed": null, "motorcar": null, "motor_vehicle": null, "name": null, "oneway": null, "oneway:bicycle": null, "psv": null, "ref": null, "service": null, "segregated": null, "sidewalk": null, "smoothness": null, "surface": null, "tracktype": null, "tunnel": null, "turn": null, "width": null, "id": null, "timestamp": null, "version": null, "tags": null, "osm_type": null, "u": -1, "v": -1, "length": 38.731436897075604, "is_covered": 1, "is_synthesized": 1.0, "length_m": 38.731436897075604 }, "geometry": { "type": "LineString", "coordinates": [ [ 103.775874490108635, 1.342471121625769 ], [ 103.775801683940003, 1.342813644421339 ] ] } },
{ "type": "Feature", "properties": { "access": null, "area": null, "bicycle": null, "bridge": null, "busway": null, "cycleway": null, "est_width": null, "foot": null, "footway": null, "highway": null, "junction": null, "lanes": null, "lit": null, "maxspeed": null, "motorcar": null, "motor_vehicle": null, "name": null, "oneway": null, "oneway:bicycle": null, "psv": null, "ref": null, "service": null, "segregated": null, "sidewalk": null, "smoothness": null, "surface": null, "tracktype": null, "tunnel": null, "turn": null, "width": null, "id": null, "timestamp": null, "version": null, "tags": null, "osm_type": null, "u": -1, "v": -1, "length": 31.260561531934151, "is_covered": 1, "is_synthesized": 1.0, "length_m": 31.260561531934151 }, "geometry": { "type": "LineString", "coordinates": [ [ 103.775815761935007, 1.342807796916695 ], [ 103.775755278098401, 1.343083874490394 ] ] } },
{ "type": "Feature", "properties": { "access": null, "area": null, "bicycle": null, "bridge": null, "busway": null, "cycleway": null, "est_width": null, "foot": null, "footway": null, "highway": null, "junction": null, "lanes": null, "lit": null, "maxspeed": null, "motorcar": null, "motor_vehicle": null, "name": null, "oneway": null, "oneway:bicycle": null, "psv": null, "ref": null, "service": null, "segregated": null, "sidewalk": null, "smoothness": null, "surface": null, "tracktype": null, "tunnel": null, "turn": null, "width": null, "id": null, "timestamp": null, "version": null, "tags": null, "osm_type": null, "u": -1, "v": -1, "length": 24.436995492056607, "is_covered": 1, "is_synthesized": 1.0, "length_m": 24.436995492056607 }, "geometry": { "type": "LineString", "coordinates": [ [ 103.775332310923019, 1.343179143475612 ], [ 103.77536364730588, 1.342960406104873 ] ] } },
{ "type": "Feature", "properties": { "access": null, "area": null, "bicycle": null, "bridge": null, "busway": null, "cycleway": null, "est_width": null, "foot": null, "footway": null, "highway": null, "junction": null, "lanes": null, "lit": null, "maxspeed": null, "motorcar": null, "motor_vehicle": null, "name": null, "oneway": null, "oneway:bicycle": null, "psv": null, "ref": null, "service": null, "segregated": null, "sidewalk": null, "smoothness": null, "surface": null, "tracktype": null, "tunnel": null, "turn": null, "width": null, "id": null, "timestamp": null, "version": null, "tags": null, "osm_type": null, "u": -1, "v": -1, "length": 9.9842408012940904, "is_covered": 1, "is_synthesized": 1.0, "length_m": 9.9842408012940904 }, "geometry": { "type": "LineString", "coordinates": [ [ 103.776346301516142, 1.343228623202198 ], [ 103.776287886369445, 1.343297153722376 ] ] } },
{ "type": "Feature", "properties": { "access": null, "area": null, "bicycle": null, "bridge": null, "busway": null, "cycleway": null, "est_width": null, "foot": null, "footway": null, "highway": null, "junction": null, "lanes": null, "lit": null, "maxspeed": null, "motorcar": null, "motor_vehicle": null, "name": null, "oneway": null, "oneway:bicycle": null, "psv": null, "ref": null, "service": null, "segregated": null, "sidewalk": null, "smoothness": null, "surface": null, "tracktype": null, "tunnel": null, "turn": null, "width": null, "id": null, "timestamp": null, "version": null, "tags": null, "osm_type": null, "u": -1, "v": -1, "length": 4.0898732640362834, "is_covered": 1, "is_synthesized": 1.0, "length_m": 4.0898732640362834 }, "geometry": { "type": "LineString", "coordinates": [ [ 103.77256616857845, 1.345844664792629 ], [ 103.772597937606918, 1.345826071402365 ] ] } },
{ "type": "Feature", "properties": { "access": null, "area": null, "bicycle": null, "bridge": null, "busway": null, "cycleway": null, "est_width": null, "foot": null, "footway": null, "highway": null, "junction": null, "lanes": null, "lit": null, "maxspeed": null, "motorcar": null, "motor_vehicle": null, "name": null, "oneway": null, "oneway:bicycle": null, "psv": null, "ref": null, "service": null, "segregated": null, "sidewalk": null, "smoothness": null, "surface": null, "tracktype": null, "tunnel": null, "turn": null, "width": null, "id": null, "timestamp": null, "version": null, "tags": null, "osm_type": null, "u": -1, "v": -1, "length": 42.224915271342859, "is_covered": 1, "is_synthesized": 1.0, "length_m": 42.224915271342859 }, "geometry": { "type": "LineString", "coordinates": [ [ 103.770932328030511, 1.347674310387552 ], [ 103.771196512490945, 1.34740022166592 ] ] } },
{ "type": "Feature", "properties": { "access": null, "area": null, "bicycle": null, "bridge": null, "busway": null, "cycleway": null, "est_width": null, "foot": null, "footway": null, "highway": null, "junction": null, "lanes": null, "lit": null, "maxspeed": null, "motorcar": null, "motor_vehicle": null, "name": null, "oneway": null, "oneway:bicycle": null, "psv": null, "ref": null, "service": null, "segregated": null, "sidewalk": null, "smoothness": null, "surface": null, "tracktype": null, "tunnel": null, "turn": null, "width": null, "id": null, "timestamp": null, "version": null, "tags": null, "osm_type": null, "u": -1, "v": -1, "length": 9.5478199446808016, "is_covered": 1, "is_synthesized": 1.0, "length_m": 9.5478199446808016 }, "geometry": { "type": "LineString", "coordinates": [ [ 103.770921295606669, 1.347655525760563 ], [ 103.770854211706251, 1.34770935191431 ] ] } },
{ "type": "Feature", "properties": { "access": null, "area": null, "bicycle": null, "bridge": null, "busway": null, "cycleway": null, "est_width": null, "foot": null, "footway": null, "highway": null, "junction": null, "lanes": null, "lit": null, "maxspeed": null, "motorcar": null, "motor_vehicle": null, "name": null, "oneway": null, "oneway:bicycle": null, "psv": null, "ref": null, "service": null, "segregated": null, "sidewalk": null, "smoothness": null, "surface": null, "tracktype": null, "tunnel": null, "turn": null, "width": null, "id": null, "timestamp": null, "version": null, "tags": null, "osm_type": null, "u": -1, "v": -1, "length": 95.222151748054145, "is_covered": 1, "is_synthesized": 1.0, "length_m": 95.222151748054145 }, "geometry": { "type": "LineString", "coordinates": [ [ 103.770388848341568, 1.348423115789437 ], [ 103.770888266853689, 1.347723875320854 ] ] } },
{ "type": "Feature", "properties": { "access": null, "area": null, "bicycle": null, "bridge": null, "busway": null, "cycleway": null, "est_width": null, "foot": null, "footway": null, "highway": null, "junction": null, "lanes": null, "lit": null, "maxspeed": null, "motorcar": null, "motor_vehicle": null, "name": null, "oneway": null, "oneway:bicycle": null, "psv": null, "ref": null, "service": null, "segregated": null, "sidewalk": null, "smoothness": null, "surface": null, "tracktype": null, "tunnel": null, "turn": null, "width": null, "id": null, "timestamp": null, "version": null, "tags": null, "osm_type": null, "u": -1, "v": -1, "length": 5.3187701443681901, "is_covered": 1, "is_synthesized": 1.0, "length_m": 5.3187701443681901 }, "geometry": { "type": "LineString", "coordinates": [ [ 103.792392062565995, 1.332535484060849 ], [ 103.792438075665459, 1.332522482188413 ] ] } },
{ "type": "Feature", "properties": { "access": null, "area": null, "bicycle": null, "bridge": null, "busway": null, "cycleway": null, "est_width": null, "foot": null, "footway": null, "highway": null, "junction": null, "lanes": null, "lit": null, "maxspeed": null, "motorcar": null, "motor_vehicle": null, "name": null, "oneway": null, "oneway:bicycle": null, "psv": null, "ref": null, "service": null, "segregated": null, "sidewalk": null, "smoothness": null, "surface": null, "tracktype": null, "tunnel": null, "turn": null, "width": null, "id": null, "timestamp": null, "version": null, "tags": null, "osm_type": null, "u": -1, "v": -1, "length": 120.21718549676599, "is_covered": 1, "is_synthesized": 1.0, "length_m": 120.21718549676599 }, "geometry": { "type": "LineString", "coordinates": [ [ 103.791319839243513, 1.332899870114267 ], [ 103.792349784111067, 1.332572054324149 ] ] } },
{ "type": "Feature", "properties": { "access": null, "area": null, "bicycle": null, "bridge": null, "busway": null, "cycleway": null, "est_width": null, "foot": null, "footway": null, "highway": null, "junction": null, "lanes": null, "lit": null, "maxspeed": null, "motorcar": null, "motor_vehicle": null, "name": null, "oneway": null, "oneway:bicycle": null, "psv": null, "ref": null, "service": null, "segregated": null, "sidewalk": null, "smoothness": null, "surface": null, "tracktype": null, "tunnel": null, "turn": null, "width": null, "id": null, "timestamp": null, "version": null, "tags": null, "osm_type": null, "u": -1, "v": -1, "length": 29.392490403977085, "is_covered": 1, "is_synthesized": 1.0, "length_m": 29.392490403977085 }, "geometry": { "type": "LineString", "coordinates": [ [ 103.7918011898348, 1.333352955954452 ], [ 103.792056796835908, 1.333286056808722 ] ] } },
{ "type": "Feature", "properties": { "access": null, "area": null, "bicycle": null, "bridge": null, "busway": null, "cycleway": null, "est_width": null, "foot": null, "footway": null, "highway": null, "junction": null, "lanes": null, "lit": null, "maxspeed": null, "motorcar": null, "motor_vehicle": null, "name": null, "oneway": null, "oneway:bicycle": null, "psv": null, "ref": null, "service": null, "segregated": null, "sidewalk": null, "smoothness": null, "surface": null, "tracktype": null, "tunnel": null, "turn": null, "width": null, "id": null, "timestamp": null, "version": null, "tags": null, "osm_type": null, "u": -1, "v": -1, "length": 12.04420673976591, "is_covered": 1, "is_synthesized": 1.0, "length_m": 12.04420673976591 }, "geometry": { "type": "LineString", "coordinates": [ [ 103.791708150032377, 1.333387460797702 ], [ 103.791809462041599, 1.333349158062756 ] ] } },
{ "type": "Feature", "properties": { "access": null, "area": null, "bicycle": null, "bridge": null, "busway": null, "cycleway": null, "est_width": null, "foot": null, "footway": null, "highway": null, "junction": null, "lanes": null, "lit": null, "maxspeed": null, "motorcar": null, "motor_vehicle": null, "name": null, "oneway": null, "oneway:bicycle": null, "psv": null, "ref": null, "service": null, "segregated": null, "sidewalk": null, "smoothness": null, "surface": null, "tracktype": null, "tunnel": null, "turn": null, "width": null, "id": null, "timestamp": null, "version": null, "tags": null, "osm_type": null, "u": -1, "v": -1, "length": 23.62852134549377, "is_covered": 1, "is_synthesized": 1.0, "length_m": 23.62852134549377 }, "geometry": { "type": "LineString", "coordinates": [ [ 103.791524435041481, 1.333470925805633 ], [ 103.791726100656945, 1.333404096917545 ] ] } },
{ "type": "Feature", "properties": { "access": null, "area": null, "bicycle": null, "bridge": null, "busway": null, "cycleway": null, "est_width": null, "foot": null, "footway": null, "highway": null, "junction": null, "lanes": null, "lit": null, "maxspeed": null, "motorcar": null, "motor_vehicle": null, "name": null, "oneway": null, "oneway:bicycle": null, "psv": null, "ref": null, "service": null, "segregated": null, "sidewalk": null, "smoothness": null, "surface": null, "tracktype": null, "tunnel": null, "turn": null, "width": null, "id": null, "timestamp": null, "version": null, "tags": null, "osm_type": null, "u": -1, "v": -1, "length": 52.901618433876799, "is_covered": 1, "is_synthesized": 1.0, "length_m": 52.901618433876799 }, "geometry": { "type": "LineString", "coordinates": [ [ 103.782721352878752, 1.336464843042411 ], [ 103.782270693899434, 1.336617034011984 ] ] } },
{ "type": "Feature", "properties": { "access": null, "area": null, "bicycle": null, "bridge": null, "busway": null, "cycleway": null, "est_width": null, "foot": null, "footway": null, "highway": null, "junction": null, "lanes": null, "lit": null, "maxspeed": null, "motorcar": null, "motor_vehicle": null, "name": null, "oneway": null, "oneway:bicycle": null, "psv": null, "ref": null, "service": null, "segregated": null, "sidewalk": null, "smoothness": null, "surface": null, "tracktype": null, "tunnel": null, "turn": null, "width": null, "id": null, "timestamp": null, "version": null, "tags": null, "osm_type": null, "u": -1, "v": -1, "length": 4.5623520641629458, "is_covered": 1, "is_synthesized": 1.0, "length_m": 4.5623520641629458 }, "geometry": { "type": "LineString", "coordinates": [ [ 103.782260495515331, 1.336613529491025 ], [ 103.782273704691363, 1.336652589264638 ] ] } },
{ "type": "Feature", "properties": { "access": null, "area": null, "bicycle": null, "bridge": null, "busway": null, "cycleway": null, "est_width": null, "foot": null, "footway": null, "highway": null, "junction": null, "lanes": null, "lit": null, "maxspeed": null, "motorcar": null, "motor_vehicle": null, "name": null, "oneway": null, "oneway:bicycle": null, "psv": null, "ref": null, "service": null, "segregated": null, "sidewalk": null, "smoothness": null, "surface": null, "tracktype": null, "tunnel": null, "turn": null, "width": null, "id": null, "timestamp": null, "version": null, "tags": null, "osm_type": null, "u": -1, "v": -1, "length": 9.7366719390074827, "is_covered": 1, "is_synthesized": 1.0, "length_m": 9.7366719390074827 }, "geometry": { "type": "LineString", "coordinates": [ [ 103.782183110054504, 1.336685300804972 ], [ 103.782265410874189, 1.336655427198949 ] ] } },
{ "type": "Feature", "properties": { "access": null, "area": null, "bicycle": null, "bridge": null, "busway": null, "cycleway": null, "est_width": null, "foot": null, "footway": null, "highway": null, "junction": null, "lanes": null, "lit": null, "maxspeed": null, "motorcar": null, "motor_vehicle": null, "name": null, "oneway": null, "oneway:bicycle": null, "psv": null, "ref": null, "service": null, "segregated": null, "sidewalk": null, "smoothness": null, "surface": null, "tracktype": null, "tunnel": null, "turn": null, "width": null, "id": null, "timestamp": null, "version": null, "tags": null, "osm_type": null, "u": -1, "v": -1, "length": 10.294878177167229, "is_covered": 1, "is_synthesized": 1.0, "length_m": 10.294878177167229 }, "geometry": { "type": "LineString", "coordinates": [ [ 103.782204873951301, 1.33675302159391 ], [ 103.782172681449083, 1.336665738090967 ] ] } },
{ "type": "Feature", "properties": { "access": null, "area": null, "bicycle": null, "bridge": null, "busway": null, "cycleway": null, "est_width": null, "foot": null, "footway": null, "highway": null, "junction": null, "lanes": null, "lit": null, "maxspeed": null, "motorcar": null, "motor_vehicle": null, "name": null, "oneway": null, "oneway:bicycle": null, "psv": null, "ref": null, "service": null, "segregated": null, "sidewalk": null, "smoothness": null, "surface": null, "tracktype": null, "tunnel": null, "turn": null, "width": null, "id": null, "timestamp": null, "version": null, "tags": null, "osm_type": null, "u": -1, "v": -1, "length": 8.3811326048956438, "is_covered": 1, "is_synthesized": 1.0, "length_m": 8.3811326048956438 }, "geometry": { "type": "LineString", "coordinates": [ [ 103.787276600620572, 1.336703203868361 ], [ 103.78725313932695, 1.336775227889302 ] ] } },
{ "type": "Feature", "properties": { "access": null, "area": null, "bicycle": null, "bridge": null, "busway": null, "cycleway": null, "est_width": null, "foot": null, "footway": null, "highway": null, "junction": null, "lanes": null, "lit": null, "maxspeed": null, "motorcar": null, "motor_vehicle": null, "name": null, "oneway": null, "oneway:bicycle": null, "psv": null, "ref": null, "service": null, "segregated": null, "sidewalk": null, "smoothness": null, "surface": null, "tracktype": null, "tunnel": null, "turn": null, "width": null, "id": null, "timestamp": null, "version": null, "tags": null, "osm_type": null, "u": -1, "v": -1, "length": 28.530671909853865, "is_covered": 1, "is_synthesized": 1.0, "length_m": 28.530671909853865 }, "geometry": { "type": "LineString", "coordinates": [ [ 103.786826295599624, 1.336777280457411 ], [ 103.787072356295241, 1.336704864538334 ] ] } },
{ "type": "Feature", "properties": { "access": null, "area": null, "bicycle": null, "bridge": null, "busway": null, "cycleway": null, "est_width": null, "foot": null, "footway": null, "highway": null, "junction": null, "lanes": null, "lit": null, "maxspeed": null, "motorcar": null, "motor_vehicle": null, "name": null, "oneway": null, "oneway:bicycle": null, "psv": null, "ref": null, "service": null, "segregated": null, "sidewalk": null, "smoothness": null, "surface": null, "tracktype": null, "tunnel": null, "turn": null, "width": null, "id": null, "timestamp": null, "version": null, "tags": null, "osm_type": null, "u": -1, "v": -1, "length": 6.599467670177745, "is_covered": 1, "is_synthesized": 1.0, "length_m": 6.599467670177745 }, "geometry": { "type": "LineString", "coordinates": [ [ 103.782595223688489, 1.339592556064273 ], [ 103.782654484645988, 1.339594724286191 ] ] } }
]
}
