{
  "features": [
    {
      "geometry": {
        "coordinates": [
          [
            103.6566431,
            1.4176909
          ],
          [
            103.84447479248047,
            1.277801752090454
          ]
        ],
        "type": "LineString"
      },
      "properties": {
        "address_rows": 1,
        "current_address": null,
        "current_source": "osm_addr_postcode",
        "delta_m": 26004.4,
        "evidence_status": "coordinate_outlier_review_not_scoring",
        "overture_source": "OpenAddresses/Singapore Land Authority",
        "postcode": "079000"
      },
      "type": "Feature"
    },
    {
      "geometry": {
        "coordinates": [
          [
            103.6523701,
            1.317113
          ],
          [
            103.88194274902344,
            1.354876160621643
          ]
        ],
        "type": "LineString"
      },
      "properties": {
        "address_rows": 1,
        "current_address": null,
        "current_source": "osm_addr_postcode",
        "delta_m": 25888.0,
        "evidence_status": "coordinate_outlier_review_not_scoring",
        "overture_source": "OpenAddresses/Singapore Land Authority",
        "postcode": "539591"
      },
      "type": "Feature"
    },
    {
      "geometry": {
        "coordinates": [
          [
            103.9895289,
            1.3598546
          ],
          [
            103.85584259033203,
            1.309092402458191
          ]
        ],
        "type": "LineString"
      },
      "properties": {
        "address_rows": 1,
        "current_address": null,
        "current_source": "osm_addr_postcode",
        "delta_m": 15901.5,
        "evidence_status": "coordinate_outlier_review_not_scoring",
        "overture_source": "OpenAddresses/Singapore Land Authority",
        "postcode": "207663"
      },
      "type": "Feature"
    },
    {
      "geometry": {
        "coordinates": [
          [
            103.9061342,
            1.3065462
          ],
          [
            103.83556365966797,
            1.3531949520111084
          ]
        ],
        "type": "LineString"
      },
      "properties": {
        "address_rows": 1,
        "current_address": null,
        "current_source": "osm_addr_postcode",
        "delta_m": 9396.2,
        "evidence_status": "coordinate_outlier_review_not_scoring",
        "overture_source": "OpenAddresses/Singapore Land Authority",
        "postcode": "575630"
      },
      "type": "Feature"
    },
    {
      "geometry": {
        "coordinates": [
          [
            103.948936209,
            1.33389765
          ],
          [
            103.87718963623047,
            1.3128025531768799
          ]
        ],
        "type": "LineString"
      },
      "properties": {
        "address_rows": 2,
        "current_address": null,
        "current_source": "osm_addr_postcode",
        "delta_m": 8318.4,
        "evidence_status": "coordinate_outlier_review_not_scoring",
        "overture_source": "OpenAddresses/Singapore Land Authority",
        "postcode": "388700"
      },
      "type": "Feature"
    },
    {
      "geometry": {
        "coordinates": [
          [
            103.825256898,
            1.44370525
          ],
          [
            103.8278579711914,
            1.375694990158081
          ]
        ],
        "type": "LineString"
      },
      "properties": {
        "address_rows": 1,
        "current_address": null,
        "current_source": "osm_addr_postcode",
        "delta_m": 7525.8,
        "evidence_status": "coordinate_outlier_review_not_scoring",
        "overture_source": "OpenAddresses/Singapore Land Authority",
        "postcode": "579479"
      },
      "type": "Feature"
    },
    {
      "geometry": {
        "coordinates": [
          [
            103.941316568,
            1.339767991
          ],
          [
            103.91693115234375,
            1.3941963911056519
          ]
        ],
        "type": "LineString"
      },
      "properties": {
        "address_rows": 1,
        "current_address": null,
        "current_source": "osm_addr_postcode",
        "delta_m": 6602.0,
        "evidence_status": "coordinate_outlier_review_not_scoring",
        "overture_source": "OpenAddresses/Singapore Land Authority",
        "postcode": "828837"
      },
      "type": "Feature"
    },
    {
      "geometry": {
        "coordinates": [
          [
            103.901499214,
            1.30241435
          ],
          [
            103.95266723632812,
            1.3272480964660645
          ]
        ],
        "type": "LineString"
      },
      "properties": {
        "address_rows": 1,
        "current_address": null,
        "current_source": "osm_addr_postcode",
        "delta_m": 6322.0,
        "evidence_status": "coordinate_outlier_review_not_scoring",
        "overture_source": "OpenAddresses/Singapore Land Authority",
        "postcode": "489886"
      },
      "type": "Feature"
    },
    {
      "geometry": {
        "coordinates": [
          [
            103.90359093,
            1.3169294
          ],
          [
            103.85602569580078,
            1.2965803146362305
          ]
        ],
        "type": "LineString"
      },
      "properties": {
        "address_rows": 1,
        "current_address": null,
        "current_source": "osm_addr_postcode",
        "delta_m": 5751.9,
        "evidence_status": "coordinate_outlier_review_not_scoring",
        "overture_source": "OpenAddresses/Singapore Land Authority",
        "postcode": "189685"
      },
      "type": "Feature"
    },
    {
      "geometry": {
        "coordinates": [
          [
            103.933539059,
            1.347502
          ],
          [
            103.8838119506836,
            1.3426899909973145
          ]
        ],
        "type": "LineString"
      },
      "properties": {
        "address_rows": 1,
        "current_address": null,
        "current_source": "osm_addr_postcode",
        "delta_m": 5559.6,
        "evidence_status": "coordinate_outlier_review_not_scoring",
        "overture_source": "OpenAddresses/Singapore Land Authority",
        "postcode": "534890"
      },
      "type": "Feature"
    },
    {
      "geometry": {
        "coordinates": [
          [
            103.752738,
            1.430328
          ],
          [
            103.79598236083984,
            1.4515553712844849
          ]
        ],
        "type": "LineString"
      },
      "properties": {
        "address_rows": 1,
        "current_address": null,
        "current_source": "osm_addr_postcode",
        "delta_m": 5354.3,
        "evidence_status": "coordinate_outlier_review_not_scoring",
        "overture_source": "OpenAddresses/Singapore Land Authority",
        "postcode": "757869"
      },
      "type": "Feature"
    },
    {
      "geometry": {
        "coordinates": [
          [
            103.8344782,
            1.3029159
          ],
          [
            103.87438201904297,
            1.329297661781311
          ]
        ],
        "type": "LineString"
      },
      "properties": {
        "address_rows": 1,
        "current_address": null,
        "current_source": "osm_addr_postcode",
        "delta_m": 5313.3,
        "evidence_status": "coordinate_outlier_review_not_scoring",
        "overture_source": "OpenAddresses/Singapore Land Authority",
        "postcode": "348548"
      },
      "type": "Feature"
    },
    {
      "geometry": {
        "coordinates": [
          [
            103.841419946,
            1.31241995
          ],
          [
            103.80237579345703,
            1.3342089653015137
          ]
        ],
        "type": "LineString"
      },
      "properties": {
        "address_rows": 1,
        "current_address": null,
        "current_source": "osm_addr_postcode",
        "delta_m": 4968.5,
        "evidence_status": "coordinate_outlier_review_not_scoring",
        "overture_source": "OpenAddresses/Singapore Land Authority",
        "postcode": "288606"
      },
      "type": "Feature"
    },
    {
      "geometry": {
        "coordinates": [
          [
            103.840811036,
            1.3127569
          ],
          [
            103.80240631103516,
            1.333967685699463
          ]
        ],
        "type": "LineString"
      },
      "properties": {
        "address_rows": 1,
        "current_address": null,
        "current_source": "osm_addr_postcode",
        "delta_m": 4875.3,
        "evidence_status": "coordinate_outlier_review_not_scoring",
        "overture_source": "OpenAddresses/Singapore Land Authority",
        "postcode": "288607"
      },
      "type": "Feature"
    },
    {
      "geometry": {
        "coordinates": [
          [
            103.9319755,
            1.3725856
          ],
          [
            103.96084594726562,
            1.3495914936065674
          ]
        ],
        "type": "LineString"
      },
      "properties": {
        "address_rows": 1,
        "current_address": null,
        "current_source": "osm_addr_postcode",
        "delta_m": 4097.3,
        "evidence_status": "coordinate_outlier_review_not_scoring",
        "overture_source": "OpenAddresses/Singapore Land Authority",
        "postcode": "528795"
      },
      "type": "Feature"
    },
    {
      "geometry": {
        "coordinates": [
          [
            103.699040826,
            1.339265915
          ],
          [
            103.73304748535156,
            1.3485255241394043
          ]
        ],
        "type": "LineString"
      },
      "properties": {
        "address_rows": 2,
        "current_address": null,
        "current_source": "osm_addr_postcode",
        "delta_m": 3920.6,
        "evidence_status": "coordinate_outlier_review_not_scoring",
        "overture_source": "OpenAddresses/Singapore Land Authority",
        "postcode": "609476"
      },
      "type": "Feature"
    },
    {
      "geometry": {
        "coordinates": [
          [
            103.8133082,
            1.4622585
          ],
          [
            103.78226470947266,
            1.4486430883407593
          ]
        ],
        "type": "LineString"
      },
      "properties": {
        "address_rows": 1,
        "current_address": null,
        "current_source": "osm_addr_postcode",
        "delta_m": 3768.4,
        "evidence_status": "coordinate_outlier_review_not_scoring",
        "overture_source": "OpenAddresses/Singapore Land Authority",
        "postcode": "757698"
      },
      "type": "Feature"
    },
    {
      "geometry": {
        "coordinates": [
          [
            103.860110761,
            1.408225352
          ],
          [
            103.8787612915039,
            1.385528564453125
          ]
        ],
        "type": "LineString"
      },
      "properties": {
        "address_rows": 1,
        "current_address": null,
        "current_source": "osm_addr_postcode",
        "delta_m": 3256.8,
        "evidence_status": "coordinate_outlier_review_not_scoring",
        "overture_source": "OpenAddresses/Singapore Land Authority",
        "postcode": "798552"
      },
      "type": "Feature"
    },
    {
      "geometry": {
        "coordinates": [
          [
            103.896606792,
            1.369627351
          ],
          [
            103.88502502441406,
            1.345398187637329
          ]
        ],
        "type": "LineString"
      },
      "properties": {
        "address_rows": 1,
        "current_address": null,
        "current_source": "osm_addr_postcode",
        "delta_m": 2973.1,
        "evidence_status": "coordinate_outlier_review_not_scoring",
        "overture_source": "OpenAddresses/Singapore Land Authority",
        "postcode": "534365"
      },
      "type": "Feature"
    },
    {
      "geometry": {
        "coordinates": [
          [
            104.032565915,
            1.40472655
          ],
          [
            104.05895233154297,
            1.4014062285423279
          ]
        ],
        "type": "LineString"
      },
      "properties": {
        "address_rows": 2,
        "current_address": null,
        "current_source": "osm_addr_postcode",
        "delta_m": 2959.3,
        "evidence_status": "coordinate_outlier_review_not_scoring",
        "overture_source": "OpenAddresses/Singapore Land Authority",
        "postcode": "508450"
      },
      "type": "Feature"
    },
    {
      "geometry": {
        "coordinates": [
          [
            103.661382076,
            1.329592502
          ],
          [
            103.64200592041016,
            1.3457260131835938
          ]
        ],
        "type": "LineString"
      },
      "properties": {
        "address_rows": 1,
        "current_address": null,
        "current_source": "osm_addr_postcode",
        "delta_m": 2798.7,
        "evidence_status": "coordinate_outlier_review_not_scoring",
        "overture_source": "OpenAddresses/Singapore Land Authority",
        "postcode": "639932"
      },
      "type": "Feature"
    },
    {
      "geometry": {
        "coordinates": [
          [
            103.8377816,
            1.3003475
          ],
          [
            103.84310150146484,
            1.2775568962097168
          ]
        ],
        "type": "LineString"
      },
      "properties": {
        "address_rows": 3,
        "current_address": null,
        "current_source": "osm_addr_postcode",
        "delta_m": 2588.7,
        "evidence_status": "coordinate_outlier_review_not_scoring",
        "overture_source": "OpenAddresses/Singapore Land Authority",
        "postcode": "089665"
      },
      "type": "Feature"
    },
    {
      "geometry": {
        "coordinates": [
          [
            103.850249,
            1.2976617
          ],
          [
            103.84725189208984,
            1.2757225036621094
          ]
        ],
        "type": "LineString"
      },
      "properties": {
        "address_rows": 1,
        "current_address": null,
        "current_source": "osm_addr_postcode",
        "delta_m": 2448.7,
        "evidence_status": "coordinate_outlier_review_not_scoring",
        "overture_source": "OpenAddresses/Singapore Land Authority",
        "postcode": "068811"
      },
      "type": "Feature"
    },
    {
      "geometry": {
        "coordinates": [
          [
            103.8716613,
            1.406284
          ],
          [
            103.8783950805664,
            1.3857463598251343
          ]
        ],
        "type": "LineString"
      },
      "properties": {
        "address_rows": 1,
        "current_address": null,
        "current_source": "osm_addr_postcode",
        "delta_m": 2391.4,
        "evidence_status": "coordinate_outlier_review_not_scoring",
        "overture_source": "OpenAddresses/Singapore Land Authority",
        "postcode": "798535"
      },
      "type": "Feature"
    },
    {
      "geometry": {
        "coordinates": [
          [
            103.7719445,
            1.3070777
          ],
          [
            103.791015625,
            1.2975449562072754
          ]
        ],
        "type": "LineString"
      },
      "properties": {
        "address_rows": 1,
        "current_address": null,
        "current_source": "osm_addr_postcode",
        "delta_m": 2369.8,
        "evidence_status": "coordinate_outlier_review_not_scoring",
        "overture_source": "OpenAddresses/Singapore Land Authority",
        "postcode": "138538"
      },
      "type": "Feature"
    },
    {
      "geometry": {
        "coordinates": [
          [
            103.7622254,
            1.2924754
          ],
          [
            103.77865600585938,
            1.2821764945983887
          ]
        ],
        "type": "LineString"
      },
      "properties": {
        "address_rows": 1,
        "current_address": null,
        "current_source": "osm_addr_postcode",
        "delta_m": 2154.2,
        "evidence_status": "coordinate_outlier_review_not_scoring",
        "overture_source": "OpenAddresses/Singapore Land Authority",
        "postcode": "117403"
      },
      "type": "Feature"
    },
    {
      "geometry": {
        "coordinates": [
          [
            103.875599834,
            1.3126929
          ],
          [
            103.87445831298828,
            1.331236720085144
          ]
        ],
        "type": "LineString"
      },
      "properties": {
        "address_rows": 1,
        "current_address": null,
        "current_source": "osm_addr_postcode",
        "delta_m": 2054.4,
        "evidence_status": "coordinate_outlier_review_not_scoring",
        "overture_source": "OpenAddresses/Singapore Land Authority",
        "postcode": "349979"
      },
      "type": "Feature"
    },
    {
      "geometry": {
        "coordinates": [
          [
            103.6861364,
            1.27258412
          ],
          [
            103.702392578125,
            1.2789878845214844
          ]
        ],
        "type": "LineString"
      },
      "properties": {
        "address_rows": 1,
        "current_address": "1 AYER CHAWAN PLACE SINGAPORE 627871",
        "current_source": "postal_universe_onemap_2020",
        "delta_m": 1942.8,
        "evidence_status": "coordinate_outlier_review_not_scoring",
        "overture_source": "OpenAddresses/Singapore Land Authority",
        "postcode": "627871"
      },
      "type": "Feature"
    },
    {
      "geometry": {
        "coordinates": [
          [
            103.68709,
            1.3173153
          ],
          [
            103.67686462402344,
            1.3048468828201294
          ]
        ],
        "type": "LineString"
      },
      "properties": {
        "address_rows": 1,
        "current_address": null,
        "current_source": "osm_addr_postcode",
        "delta_m": 1787.7,
        "evidence_status": "coordinate_outlier_review_not_scoring",
        "overture_source": "OpenAddresses/Singapore Land Authority",
        "postcode": "629893"
      },
      "type": "Feature"
    },
    {
      "geometry": {
        "coordinates": [
          [
            103.80246051,
            1.3069315
          ],
          [
            103.80107879638672,
            1.2912518978118896
          ]
        ],
        "type": "LineString"
      },
      "properties": {
        "address_rows": 1,
        "current_address": null,
        "current_source": "osm_addr_postcode",
        "delta_m": 1740.6,
        "evidence_status": "coordinate_outlier_review_not_scoring",
        "overture_source": "OpenAddresses/Singapore Land Authority",
        "postcode": "149061"
      },
      "type": "Feature"
    },
    {
      "geometry": {
        "coordinates": [
          [
            103.865344636,
            1.304222697
          ],
          [
            103.85445404052734,
            1.2948013544082642
          ]
        ],
        "type": "LineString"
      },
      "properties": {
        "address_rows": 1,
        "current_address": null,
        "current_source": "osm_addr_postcode",
        "delta_m": 1598.2,
        "evidence_status": "coordinate_outlier_review_not_scoring",
        "overture_source": "OpenAddresses/Singapore Land Authority",
        "postcode": "189674"
      },
      "type": "Feature"
    },
    {
      "geometry": {
        "coordinates": [
          [
            103.8437231,
            1.4105438
          ],
          [
            103.83119583129883,
            1.4119024276733398
          ]
        ],
        "type": "LineString"
      },
      "properties": {
        "address_rows": 2,
        "current_address": null,
        "current_source": "osm_addr_postcode",
        "delta_m": 1402.2,
        "evidence_status": "coordinate_outlier_review_not_scoring",
        "overture_source": "OpenAddresses/Singapore Land Authority",
        "postcode": "769130"
      },
      "type": "Feature"
    },
    {
      "geometry": {
        "coordinates": [
          [
            103.8402815,
            1.429343
          ],
          [
            103.83313751220703,
            1.4391655921936035
          ]
        ],
        "type": "LineString"
      },
      "properties": {
        "address_rows": 1,
        "current_address": null,
        "current_source": "osm_addr_postcode",
        "delta_m": 1346.0,
        "evidence_status": "coordinate_outlier_review_not_scoring",
        "overture_source": "OpenAddresses/Singapore Land Authority",
        "postcode": "768927"
      },
      "type": "Feature"
    },
    {
      "geometry": {
        "coordinates": [
          [
            103.9529336,
            1.33332845
          ],
          [
            103.95675659179688,
            1.3221683502197266
          ]
        ],
        "type": "LineString"
      },
      "properties": {
        "address_rows": 1,
        "current_address": null,
        "current_source": "osm_addr_postcode",
        "delta_m": 1305.3,
        "evidence_status": "coordinate_outlier_review_not_scoring",
        "overture_source": "OpenAddresses/Singapore Land Authority",
        "postcode": "486405"
      },
      "type": "Feature"
    },
    {
      "geometry": {
        "coordinates": [
          [
            103.861196948,
            1.3863137
          ],
          [
            103.8726577758789,
            1.3842982053756714
          ]
        ],
        "type": "LineString"
      },
      "properties": {
        "address_rows": 1,
        "current_address": null,
        "current_source": "osm_addr_postcode",
        "delta_m": 1294.8,
        "evidence_status": "coordinate_outlier_review_not_scoring",
        "overture_source": "OpenAddresses/Singapore Land Authority",
        "postcode": "805831"
      },
      "type": "Feature"
    },
    {
      "geometry": {
        "coordinates": [
          [
            103.830316912,
            1.36535055
          ],
          [
            103.83319854736328,
            1.3550382852554321
          ]
        ],
        "type": "LineString"
      },
      "properties": {
        "address_rows": 1,
        "current_address": null,
        "current_source": "osm_addr_postcode",
        "delta_m": 1184.5,
        "evidence_status": "coordinate_outlier_review_not_scoring",
        "overture_source": "OpenAddresses/Singapore Land Authority",
        "postcode": "573904"
      },
      "type": "Feature"
    },
    {
      "geometry": {
        "coordinates": [
          [
            103.830254319,
            1.36523915
          ],
          [
            103.83331298828125,
            1.3552621603012085
          ]
        ],
        "type": "LineString"
      },
      "properties": {
        "address_rows": 1,
        "current_address": null,
        "current_source": "osm_addr_postcode",
        "delta_m": 1154.5,
        "evidence_status": "coordinate_outlier_review_not_scoring",
        "overture_source": "OpenAddresses/Singapore Land Authority",
        "postcode": "573906"
      },
      "type": "Feature"
    },
    {
      "geometry": {
        "coordinates": [
          [
            103.737012565,
            1.2742288
          ],
          [
            103.72686767578125,
            1.2758923768997192
          ]
        ],
        "type": "LineString"
      },
      "properties": {
        "address_rows": 1,
        "current_address": null,
        "current_source": "osm_addr_postcode",
        "delta_m": 1143.9,
        "evidence_status": "coordinate_outlier_review_not_scoring",
        "overture_source": "OpenAddresses/Singapore Land Authority",
        "postcode": "628208"
      },
      "type": "Feature"
    },
    {
      "geometry": {
        "coordinates": [
          [
            103.795538994,
            1.31177835
          ],
          [
            103.78697204589844,
            1.3174262046813965
          ]
        ],
        "type": "LineString"
      },
      "properties": {
        "address_rows": 1,
        "current_address": null,
        "current_source": "osm_addr_postcode",
        "delta_m": 1139.7,
        "evidence_status": "coordinate_outlier_review_not_scoring",
        "overture_source": "OpenAddresses/Singapore Land Authority",
        "postcode": "278621"
      },
      "type": "Feature"
    },
    {
      "geometry": {
        "coordinates": [
          [
            103.8271086,
            1.3256945
          ],
          [
            103.83695983886719,
            1.3262579441070557
          ]
        ],
        "type": "LineString"
      },
      "properties": {
        "address_rows": 1,
        "current_address": null,
        "current_source": "osm_addr_postcode",
        "delta_m": 1098.1,
        "evidence_status": "coordinate_outlier_review_not_scoring",
        "overture_source": "OpenAddresses/Singapore Land Authority",
        "postcode": "297834"
      },
      "type": "Feature"
    },
    {
      "geometry": {
        "coordinates": [
          [
            103.8454229,
            1.2888591
          ],
          [
            103.85336303710938,
            1.2932685613632202
          ]
        ],
        "type": "LineString"
      },
      "properties": {
        "address_rows": 1,
        "current_address": null,
        "current_source": "osm_addr_postcode",
        "delta_m": 1009.3,
        "evidence_status": "coordinate_outlier_review_not_scoring",
        "overture_source": "OpenAddresses/Singapore Land Authority",
        "postcode": "178882"
      },
      "type": "Feature"
    },
    {
      "geometry": {
        "coordinates": [
          [
            103.670132182,
            1.295564
          ],
          [
            103.66546630859375,
            1.2878957986831665
          ]
        ],
        "type": "LineString"
      },
      "properties": {
        "address_rows": 1,
        "current_address": null,
        "current_source": "osm_addr_postcode",
        "delta_m": 994.3,
        "evidence_status": "coordinate_outlier_review_not_scoring",
        "overture_source": "OpenAddresses/Singapore Land Authority",
        "postcode": "629351"
      },
      "type": "Feature"
    },
    {
      "geometry": {
        "coordinates": [
          [
            103.887693954,
            1.302084349
          ],
          [
            103.89627075195312,
            1.3033643960952759
          ]
        ],
        "type": "LineString"
      },
      "properties": {
        "address_rows": 1,
        "current_address": null,
        "current_source": "osm_addr_postcode",
        "delta_m": 965.0,
        "evidence_status": "coordinate_outlier_review_not_scoring",
        "overture_source": "OpenAddresses/Singapore Land Authority",
        "postcode": "436659"
      },
      "type": "Feature"
    },
    {
      "geometry": {
        "coordinates": [
          [
            103.776825106,
            1.338608354
          ],
          [
            103.77208709716797,
            1.3459045886993408
          ]
        ],
        "type": "LineString"
      },
      "properties": {
        "address_rows": 1,
        "current_address": null,
        "current_source": "osm_addr_postcode",
        "delta_m": 963.8,
        "evidence_status": "coordinate_outlier_review_not_scoring",
        "overture_source": "OpenAddresses/Singapore Land Authority",
        "postcode": "588186"
      },
      "type": "Feature"
    },
    {
      "geometry": {
        "coordinates": [
          [
            103.7132483,
            1.29012464
          ],
          [
            103.71393585205078,
            1.281636357307434
          ]
        ],
        "type": "LineString"
      },
      "properties": {
        "address_rows": 1,
        "current_address": "1 MERLIMAU ROAD SINGAPORE 628260",
        "current_source": "postal_universe_onemap_2020",
        "delta_m": 941.7,
        "evidence_status": "coordinate_outlier_review_not_scoring",
        "overture_source": "OpenAddresses/Singapore Land Authority",
        "postcode": "628260"
      },
      "type": "Feature"
    },
    {
      "geometry": {
        "coordinates": [
          [
            103.7840262,
            1.2862269
          ],
          [
            103.78776550292969,
            1.2786684036254883
          ]
        ],
        "type": "LineString"
      },
      "properties": {
        "address_rows": 1,
        "current_address": null,
        "current_source": "osm_addr_postcode",
        "delta_m": 933.7,
        "evidence_status": "coordinate_outlier_review_not_scoring",
        "overture_source": "OpenAddresses/Singapore Land Authority",
        "postcode": "117526"
      },
      "type": "Feature"
    },
    {
      "geometry": {
        "coordinates": [
          [
            103.7652329,
            1.3143706
          ],
          [
            103.766845703125,
            1.306290864944458
          ]
        ],
        "type": "LineString"
      },
      "properties": {
        "address_rows": 1,
        "current_address": null,
        "current_source": "osm_addr_postcode",
        "delta_m": 911.3,
        "evidence_status": "coordinate_outlier_review_not_scoring",
        "overture_source": "OpenAddresses/Singapore Land Authority",
        "postcode": "128581"
      },
      "type": "Feature"
    },
    {
      "geometry": {
        "coordinates": [
          [
            103.9032941,
            1.3050004
          ],
          [
            103.91031646728516,
            1.308942198753357
          ]
        ],
        "type": "LineString"
      },
      "properties": {
        "address_rows": 1,
        "current_address": null,
        "current_source": "osm_addr_postcode",
        "delta_m": 894.9,
        "evidence_status": "coordinate_outlier_review_not_scoring",
        "overture_source": "OpenAddresses/Singapore Land Authority",
        "postcode": "428970"
      },
      "type": "Feature"
    },
    {
      "geometry": {
        "coordinates": [
          [
            103.828477046,
            1.251860903
          ],
          [
            103.8293228149414,
            1.2438970804214478
          ]
        ],
        "type": "LineString"
      },
      "properties": {
        "address_rows": 1,
        "current_address": null,
        "current_source": "osm_addr_postcode",
        "delta_m": 885.6,
        "evidence_status": "coordinate_outlier_review_not_scoring",
        "overture_source": "OpenAddresses/Singapore Land Authority",
        "postcode": "099892"
      },
      "type": "Feature"
    },
    {
      "geometry": {
        "coordinates": [
          [
            103.8130298,
            1.325513643
          ],
          [
            103.80585479736328,
            1.3285031914710999
          ]
        ],
        "type": "LineString"
      },
      "properties": {
        "address_rows": 2,
        "current_address": "13 ADAM ROAD SINGAPORE BIBLE COLLEGE SINGAPORE 289888",
        "current_source": "postal_universe_onemap_2020",
        "delta_m": 864.2,
        "evidence_status": "coordinate_outlier_review_not_scoring",
        "overture_source": "OpenAddresses/Singapore Land Authority",
        "postcode": "289888"
      },
      "type": "Feature"
    },
    {
      "geometry": {
        "coordinates": [
          [
            103.806765511,
            1.323737151
          ],
          [
            103.80225372314453,
            1.3173895478248596
          ]
        ],
        "type": "LineString"
      },
      "properties": {
        "address_rows": 2,
        "current_address": null,
        "current_source": "osm_addr_postcode",
        "delta_m": 863.0,
        "evidence_status": "coordinate_outlier_review_not_scoring",
        "overture_source": "OpenAddresses/Singapore Land Authority",
        "postcode": "268029"
      },
      "type": "Feature"
    },
    {
      "geometry": {
        "coordinates": [
          [
            103.9994677,
            1.38266465
          ],
          [
            104.00338745117188,
            1.3761568069458008
          ]
        ],
        "type": "LineString"
      },
      "properties": {
        "address_rows": 1,
        "current_address": null,
        "current_source": "osm_addr_postcode",
        "delta_m": 841.5,
        "evidence_status": "coordinate_outlier_review_not_scoring",
        "overture_source": "OpenAddresses/Singapore Land Authority",
        "postcode": "499804"
      },
      "type": "Feature"
    },
    {
      "geometry": {
        "coordinates": [
          [
            103.7979537,
            1.204652067
          ],
          [
            103.79263305664062,
            1.2098041772842407
          ]
        ],
        "type": "LineString"
      },
      "properties": {
        "address_rows": 1,
        "current_address": "1 PULAU SEBAROK SINGAPORE 118326",
        "current_source": "postal_universe_onemap_2020",
        "delta_m": 821.7,
        "evidence_status": "coordinate_outlier_review_not_scoring",
        "overture_source": "OpenAddresses/Singapore Land Authority",
        "postcode": "118326"
      },
      "type": "Feature"
    },
    {
      "geometry": {
        "coordinates": [
          [
            103.823541359,
            1.364658931
          ],
          [
            103.81886291503906,
            1.35919189453125
          ]
        ],
        "type": "LineString"
      },
      "properties": {
        "address_rows": 1,
        "current_address": null,
        "current_source": "osm_addr_postcode",
        "delta_m": 797.8,
        "evidence_status": "coordinate_outlier_review_not_scoring",
        "overture_source": "OpenAddresses/Singapore Land Authority",
        "postcode": "578774"
      },
      "type": "Feature"
    },
    {
      "geometry": {
        "coordinates": [
          [
            103.61421475,
            1.2453257
          ],
          [
            103.61368942260742,
            1.2524551153182983
          ]
        ],
        "type": "LineString"
      },
      "properties": {
        "address_rows": 2,
        "current_address": null,
        "current_source": "osm_addr_postcode",
        "delta_m": 790.5,
        "evidence_status": "coordinate_outlier_review_not_scoring",
        "overture_source": "OpenAddresses/Singapore Land Authority",
        "postcode": "637051"
      },
      "type": "Feature"
    },
    {
      "geometry": {
        "coordinates": [
          [
            103.888285365,
            1.349120351
          ],
          [
            103.88130950927734,
            1.3503226041793823
          ]
        ],
        "type": "LineString"
      },
      "properties": {
        "address_rows": 1,
        "current_address": null,
        "current_source": "osm_addr_postcode",
        "delta_m": 787.6,
        "evidence_status": "coordinate_outlier_review_not_scoring",
        "overture_source": "OpenAddresses/Singapore Land Authority",
        "postcode": "534174"
      },
      "type": "Feature"
    },
    {
      "geometry": {
        "coordinates": [
          [
            103.767883172,
            1.339895553
          ],
          [
            103.77259063720703,
            1.3451714515686035
          ]
        ],
        "type": "LineString"
      },
      "properties": {
        "address_rows": 1,
        "current_address": null,
        "current_source": "osm_addr_postcode",
        "delta_m": 784.1,
        "evidence_status": "coordinate_outlier_review_not_scoring",
        "overture_source": "OpenAddresses/Singapore Land Authority",
        "postcode": "596210"
      },
      "type": "Feature"
    },
    {
      "geometry": {
        "coordinates": [
          [
            103.909440645,
            1.32427385
          ],
          [
            103.91455078125,
            1.319395661354065
          ]
        ],
        "type": "LineString"
      },
      "properties": {
        "address_rows": 1,
        "current_address": null,
        "current_source": "osm_addr_postcode",
        "delta_m": 783.8,
        "evidence_status": "coordinate_outlier_review_not_scoring",
        "overture_source": "OpenAddresses/Singapore Land Authority",
        "postcode": "419910"
      },
      "type": "Feature"
    },
    {
      "geometry": {
        "coordinates": [
          [
            103.7262913,
            1.301464724
          ],
          [
            103.72109905042146,
            1.3062509863000167
          ]
        ],
        "type": "LineString"
      },
      "properties": {
        "address_rows": 19,
        "current_address": "37 JURONG PORT ROAD J4 (JURONG PORT) SINGAPORE 619110",
        "current_source": "postal_universe_onemap_2020",
        "delta_m": 783.6,
        "evidence_status": "coordinate_outlier_review_not_scoring",
        "overture_source": "OpenAddresses/Singapore Land Authority",
        "postcode": "619110"
      },
      "type": "Feature"
    },
    {
      "geometry": {
        "coordinates": [
          [
            103.974164501,
            1.333442639
          ],
          [
            103.970703125,
            1.327576756477356
          ]
        ],
        "type": "LineString"
      },
      "properties": {
        "address_rows": 1,
        "current_address": null,
        "current_source": "osm_addr_postcode",
        "delta_m": 754.4,
        "evidence_status": "coordinate_outlier_review_not_scoring",
        "overture_source": "OpenAddresses/Singapore Land Authority",
        "postcode": "486798"
      },
      "type": "Feature"
    },
    {
      "geometry": {
        "coordinates": [
          [
            103.801034,
            1.448068
          ],
          [
            103.80644226074219,
            1.4445403814315796
          ]
        ],
        "type": "LineString"
      },
      "properties": {
        "address_rows": 1,
        "current_address": null,
        "current_source": "osm_addr_postcode",
        "delta_m": 717.2,
        "evidence_status": "coordinate_outlier_review_not_scoring",
        "overture_source": "OpenAddresses/Singapore Land Authority",
        "postcode": "738082"
      },
      "type": "Feature"
    },
    {
      "geometry": {
        "coordinates": [
          [
            103.6777787,
            1.298129147
          ],
          [
            103.67566680908203,
            1.3041141033172607
          ]
        ],
        "type": "LineString"
      },
      "properties": {
        "address_rows": 1,
        "current_address": "15 BENOI ROAD SINGAPORE 629888",
        "current_source": "postal_universe_onemap_2020",
        "delta_m": 702.3,
        "evidence_status": "coordinate_outlier_review_not_scoring",
        "overture_source": "OpenAddresses/Singapore Land Authority",
        "postcode": "629888"
      },
      "type": "Feature"
    },
    {
      "geometry": {
        "coordinates": [
          [
            103.7798069,
            1.371680646
          ],
          [
            103.77743530273438,
            1.3774958848953247
          ]
        ],
        "type": "LineString"
      },
      "properties": {
        "address_rows": 1,
        "current_address": "201 CHESTNUT AVENUE SINGAPORE 679525",
        "current_source": "postal_universe_onemap_2020",
        "delta_m": 695.1,
        "evidence_status": "coordinate_outlier_review_not_scoring",
        "overture_source": "OpenAddresses/Singapore Land Authority",
        "postcode": "679525"
      },
      "type": "Feature"
    },
    {
      "geometry": {
        "coordinates": [
          [
            103.98478311,
            1.38594965
          ],
          [
            103.98505401611328,
            1.3921312093734741
          ]
        ],
        "type": "LineString"
      },
      "properties": {
        "address_rows": 1,
        "current_address": null,
        "current_source": "osm_addr_postcode",
        "delta_m": 684.2,
        "evidence_status": "coordinate_outlier_review_not_scoring",
        "overture_source": "OpenAddresses/Singapore Land Authority",
        "postcode": "508505"
      },
      "type": "Feature"
    },
    {
      "geometry": {
        "coordinates": [
          [
            103.898039122,
            1.38914535
          ],
          [
            103.90330505371094,
            1.391804814338684
          ]
        ],
        "type": "LineString"
      },
      "properties": {
        "address_rows": 1,
        "current_address": null,
        "current_source": "osm_addr_postcode",
        "delta_m": 655.7,
        "evidence_status": "coordinate_outlier_review_not_scoring",
        "overture_source": "OpenAddresses/Singapore Land Authority",
        "postcode": "545224"
      },
      "type": "Feature"
    },
    {
      "geometry": {
        "coordinates": [
          [
            103.724287626,
            1.444940551
          ],
          [
            103.72998301188152,
            1.4458693265914917
          ]
        ],
        "type": "LineString"
      },
      "properties": {
        "address_rows": 3,
        "current_address": null,
        "current_source": "osm_addr_postcode",
        "delta_m": 642.1,
        "evidence_status": "coordinate_outlier_review_not_scoring",
        "overture_source": "OpenAddresses/Singapore Land Authority",
        "postcode": "718925"
      },
      "type": "Feature"
    },
    {
      "geometry": {
        "coordinates": [
          [
            103.66472805,
            1.30872795
          ],
          [
            103.6597671508789,
            1.311681866645813
          ]
        ],
        "type": "LineString"
      },
      "properties": {
        "address_rows": 1,
        "current_address": null,
        "current_source": "osm_addr_postcode",
        "delta_m": 641.5,
        "evidence_status": "coordinate_outlier_review_not_scoring",
        "overture_source": "OpenAddresses/Singapore Land Authority",
        "postcode": "629414"
      },
      "type": "Feature"
    },
    {
      "geometry": {
        "coordinates": [
          [
            103.8944786,
            1.42155562
          ],
          [
            103.88973236083984,
            1.4242713451385498
          ]
        ],
        "type": "LineString"
      },
      "properties": {
        "address_rows": 1,
        "current_address": "84 SELETAR NORTH LINK SINGAPORE 797615",
        "current_source": "postal_universe_onemap_2020",
        "delta_m": 607.6,
        "evidence_status": "coordinate_outlier_review_not_scoring",
        "overture_source": "OpenAddresses/Singapore Land Authority",
        "postcode": "797615"
      },
      "type": "Feature"
    },
    {
      "geometry": {
        "coordinates": [
          [
            103.704046539,
            1.254763089
          ],
          [
            103.70149230957031,
            1.2595065832138062
          ]
        ],
        "type": "LineString"
      },
      "properties": {
        "address_rows": 1,
        "current_address": null,
        "current_source": "osm_addr_postcode",
        "delta_m": 596.6,
        "evidence_status": "coordinate_outlier_review_not_scoring",
        "overture_source": "OpenAddresses/Singapore Land Authority",
        "postcode": "627876"
      },
      "type": "Feature"
    },
    {
      "geometry": {
        "coordinates": [
          [
            103.864784106,
            1.38281085
          ],
          [
            103.86022186279297,
            1.3855459690093994
          ]
        ],
        "type": "LineString"
      },
      "properties": {
        "address_rows": 1,
        "current_address": null,
        "current_source": "osm_addr_postcode",
        "delta_m": 591.0,
        "evidence_status": "coordinate_outlier_review_not_scoring",
        "overture_source": "OpenAddresses/Singapore Land Authority",
        "postcode": "805698"
      },
      "type": "Feature"
    },
    {
      "geometry": {
        "coordinates": [
          [
            103.732819099,
            1.427247858
          ],
          [
            103.72855377197266,
            1.4242690801620483
          ]
        ],
        "type": "LineString"
      },
      "properties": {
        "address_rows": 1,
        "current_address": null,
        "current_source": "osm_addr_postcode",
        "delta_m": 577.8,
        "evidence_status": "coordinate_outlier_review_not_scoring",
        "overture_source": "OpenAddresses/Singapore Land Authority",
        "postcode": "718828"
      },
      "type": "Feature"
    },
    {
      "geometry": {
        "coordinates": [
          [
            103.873602722,
            1.288039903
          ],
          [
            103.87245178222656,
            1.2930428981781006
          ]
        ],
        "type": "LineString"
      },
      "properties": {
        "address_rows": 1,
        "current_address": null,
        "current_source": "osm_addr_postcode",
        "delta_m": 567.8,
        "evidence_status": "coordinate_outlier_review_not_scoring",
        "overture_source": "OpenAddresses/Singapore Land Authority",
        "postcode": "437437"
      },
      "type": "Feature"
    },
    {
      "geometry": {
        "coordinates": [
          [
            103.8950272,
            1.3258016
          ],
          [
            103.89645385742188,
            1.3307114839553833
          ]
        ],
        "type": "LineString"
      },
      "properties": {
        "address_rows": 1,
        "current_address": null,
        "current_source": "osm_addr_postcode",
        "delta_m": 565.7,
        "evidence_status": "coordinate_outlier_review_not_scoring",
        "overture_source": "OpenAddresses/Singapore Land Authority",
        "postcode": "408654"
      },
      "type": "Feature"
    },
    {
      "geometry": {
        "coordinates": [
          [
            103.8369151,
            1.257060179
          ],
          [
            103.83199310302734,
            1.257807453473409
          ]
        ],
        "type": "LineString"
      },
      "properties": {
        "address_rows": 3,
        "current_address": "200 BRANI TERMINAL AVENUE SINGAPORE 098675",
        "current_source": "postal_universe_onemap_2020",
        "delta_m": 554.0,
        "evidence_status": "coordinate_outlier_review_not_scoring",
        "overture_source": "OpenAddresses/Singapore Land Authority",
        "postcode": "098675"
      },
      "type": "Feature"
    },
    {
      "geometry": {
        "coordinates": [
          [
            103.8364719,
            1.3021141
          ],
          [
            103.83188374837239,
            1.3040377298990886
          ]
        ],
        "type": "LineString"
      },
      "properties": {
        "address_rows": 3,
        "current_address": null,
        "current_source": "osm_addr_postcode",
        "delta_m": 553.2,
        "evidence_status": "coordinate_outlier_review_not_scoring",
        "overture_source": "OpenAddresses/Singapore Land Authority",
        "postcode": "238801"
      },
      "type": "Feature"
    },
    {
      "geometry": {
        "coordinates": [
          [
            104.017164094,
            1.316650849
          ],
          [
            104.0217514038086,
            1.3167645931243896
          ]
        ],
        "type": "LineString"
      },
      "properties": {
        "address_rows": 1,
        "current_address": null,
        "current_source": "osm_addr_postcode",
        "delta_m": 510.7,
        "evidence_status": "coordinate_outlier_review_not_scoring",
        "overture_source": "OpenAddresses/Singapore Land Authority",
        "postcode": "498794"
      },
      "type": "Feature"
    },
    {
      "geometry": {
        "coordinates": [
          [
            103.642430295,
            1.289150151
          ],
          [
            103.64644622802734,
            1.287581205368042
          ]
        ],
        "type": "LineString"
      },
      "properties": {
        "address_rows": 1,
        "current_address": null,
        "current_source": "osm_addr_postcode",
        "delta_m": 479.4,
        "evidence_status": "coordinate_outlier_review_not_scoring",
        "overture_source": "OpenAddresses/Singapore Land Authority",
        "postcode": "637607"
      },
      "type": "Feature"
    },
    {
      "geometry": {
        "coordinates": [
          [
            103.855554431,
            1.352556011
          ],
          [
            103.85333251953125,
            1.3562471866607666
          ]
        ],
        "type": "LineString"
      },
      "properties": {
        "address_rows": 1,
        "current_address": null,
        "current_source": "osm_addr_postcode",
        "delta_m": 477.2,
        "evidence_status": "coordinate_outlier_review_not_scoring",
        "overture_source": "OpenAddresses/Singapore Land Authority",
        "postcode": "579828"
      },
      "type": "Feature"
    },
    {
      "geometry": {
        "coordinates": [
          [
            103.6847995,
            1.342801854
          ],
          [
            103.68552652994792,
            1.3470472892125447
          ]
        ],
        "type": "LineString"
      },
      "properties": {
        "address_rows": 3,
        "current_address": "50 NANYANG CRESCENT THE OLD NANYANG UNIVERSITY MEMORIAL AND ARCH SINGAPORE 637598",
        "current_source": "postal_universe_onemap_2020",
        "delta_m": 476.4,
        "evidence_status": "coordinate_outlier_review_not_scoring",
        "overture_source": "OpenAddresses/Singapore Land Authority",
        "postcode": "637598"
      },
      "type": "Feature"
    },
    {
      "geometry": {
        "coordinates": [
          [
            103.8895123,
            1.3215306
          ],
          [
            103.89272689819336,
            1.3242711424827576
          ]
        ],
        "type": "LineString"
      },
      "properties": {
        "address_rows": 2,
        "current_address": null,
        "current_source": "osm_addr_postcode",
        "delta_m": 468.8,
        "evidence_status": "coordinate_outlier_review_not_scoring",
        "overture_source": "OpenAddresses/Singapore Land Authority",
        "postcode": "408942"
      },
      "type": "Feature"
    },
    {
      "geometry": {
        "coordinates": [
          [
            103.7925443,
            1.4539568
          ],
          [
            103.78984832763672,
            1.457060694694519
          ]
        ],
        "type": "LineString"
      },
      "properties": {
        "address_rows": 1,
        "current_address": null,
        "current_source": "osm_addr_postcode",
        "delta_m": 455.9,
        "evidence_status": "coordinate_outlier_review_not_scoring",
        "overture_source": "OpenAddresses/Singapore Land Authority",
        "postcode": "757432"
      },
      "type": "Feature"
    },
    {
      "geometry": {
        "coordinates": [
          [
            103.8983102,
            1.3268759
          ],
          [
            103.89422607421875,
            1.3269199132919312
          ]
        ],
        "type": "LineString"
      },
      "properties": {
        "address_rows": 1,
        "current_address": null,
        "current_source": "osm_addr_postcode",
        "delta_m": 454.5,
        "evidence_status": "coordinate_outlier_review_not_scoring",
        "overture_source": "OpenAddresses/Singapore Land Authority",
        "postcode": "408574"
      },
      "type": "Feature"
    },
    {
      "geometry": {
        "coordinates": [
          [
            103.86189261,
            1.38301105
          ],
          [
            103.861572265625,
            1.387032151222229
          ]
        ],
        "type": "LineString"
      },
      "properties": {
        "address_rows": 1,
        "current_address": null,
        "current_source": "osm_addr_postcode",
        "delta_m": 446.1,
        "evidence_status": "coordinate_outlier_review_not_scoring",
        "overture_source": "OpenAddresses/Singapore Land Authority",
        "postcode": "805800"
      },
      "type": "Feature"
    },
    {
      "geometry": {
        "coordinates": [
          [
            103.792063149,
            1.276595
          ],
          [
            103.79035186767578,
            1.2800389528274536
          ]
        ],
        "type": "LineString"
      },
      "properties": {
        "address_rows": 1,
        "current_address": null,
        "current_source": "osm_addr_postcode",
        "delta_m": 425.8,
        "evidence_status": "coordinate_outlier_review_not_scoring",
        "overture_source": "OpenAddresses/Singapore Land Authority",
        "postcode": "119553"
      },
      "type": "Feature"
    },
    {
      "geometry": {
        "coordinates": [
          [
            103.9858694,
            1.318452002
          ],
          [
            103.98750305175781,
            1.3218775987625122
          ]
        ],
        "type": "LineString"
      },
      "properties": {
        "address_rows": 1,
        "current_address": "31A TANAH MERAH COAST ROAD TEMPORARY SITE OFFICE SINGAPORE 498720",
        "current_source": "postal_universe_onemap_2020",
        "delta_m": 420.2,
        "evidence_status": "coordinate_outlier_review_not_scoring",
        "overture_source": "OpenAddresses/Singapore Land Authority",
        "postcode": "498720"
      },
      "type": "Feature"
    },
    {
      "geometry": {
        "coordinates": [
          [
            103.7731797,
            1.2908229
          ],
          [
            103.77655029296875,
            1.292148470878601
          ]
        ],
        "type": "LineString"
      },
      "properties": {
        "address_rows": 1,
        "current_address": null,
        "current_source": "osm_addr_postcode",
        "delta_m": 402.7,
        "evidence_status": "coordinate_outlier_review_not_scoring",
        "overture_source": "OpenAddresses/Singapore Land Authority",
        "postcode": "119615"
      },
      "type": "Feature"
    },
    {
      "geometry": {
        "coordinates": [
          [
            103.7750993,
            1.3668022
          ],
          [
            103.77175903320312,
            1.3654652833938599
          ]
        ],
        "type": "LineString"
      },
      "properties": {
        "address_rows": 1,
        "current_address": null,
        "current_source": "osm_addr_postcode",
        "delta_m": 400.0,
        "evidence_status": "coordinate_outlier_review_not_scoring",
        "overture_source": "OpenAddresses/Singapore Land Authority",
        "postcode": "677662"
      },
      "type": "Feature"
    },
    {
      "geometry": {
        "coordinates": [
          [
            103.7051225,
            1.311369517
          ],
          [
            103.70745849609375,
            1.3087061643600464
          ]
        ],
        "type": "LineString"
      },
      "properties": {
        "address_rows": 1,
        "current_address": "11 JURONG PIER ROAD JURONG SHIPBREAKER SINGAPORE 619165",
        "current_source": "postal_universe_onemap_2020",
        "delta_m": 392.8,
        "evidence_status": "coordinate_outlier_review_not_scoring",
        "overture_source": "OpenAddresses/Singapore Land Authority",
        "postcode": "619165"
      },
      "type": "Feature"
    },
    {
      "geometry": {
        "coordinates": [
          [
            103.88718469,
            1.2989308
          ],
          [
            103.88377380371094,
            1.299622893333435
          ]
        ],
        "type": "LineString"
      },
      "properties": {
        "address_rows": 1,
        "current_address": null,
        "current_source": "osm_addr_postcode",
        "delta_m": 387.2,
        "evidence_status": "coordinate_outlier_review_not_scoring",
        "overture_source": "OpenAddresses/Singapore Land Authority",
        "postcode": "436892"
      },
      "type": "Feature"
    },
    {
      "geometry": {
        "coordinates": [
          [
            103.902010203,
            1.40642655
          ],
          [
            103.9041748046875,
            1.4037392139434814
          ]
        ],
        "type": "LineString"
      },
      "properties": {
        "address_rows": 1,
        "current_address": null,
        "current_source": "osm_addr_postcode",
        "delta_m": 382.5,
        "evidence_status": "coordinate_outlier_review_not_scoring",
        "overture_source": "OpenAddresses/Singapore Land Authority",
        "postcode": "828763"
      },
      "type": "Feature"
    },
    {
      "geometry": {
        "coordinates": [
          [
            103.6939449,
            1.3376567
          ],
          [
            103.69731903076172,
            1.3375869989395142
          ]
        ],
        "type": "LineString"
      },
      "properties": {
        "address_rows": 1,
        "current_address": null,
        "current_source": "osm_addr_postcode",
        "delta_m": 375.6,
        "evidence_status": "coordinate_outlier_review_not_scoring",
        "overture_source": "OpenAddresses/Singapore Land Authority",
        "postcode": "648310"
      },
      "type": "Feature"
    },
    {
      "geometry": {
        "coordinates": [
          [
            103.8445417,
            1.3263255
          ],
          [
            103.84781646728516,
            1.3263232707977295
          ]
        ],
        "type": "LineString"
      },
      "properties": {
        "address_rows": 4,
        "current_address": null,
        "current_source": "osm_addr_postcode",
        "delta_m": 364.4,
        "evidence_status": "coordinate_outlier_review_not_scoring",
        "overture_source": "OpenAddresses/Singapore Land Authority",
        "postcode": "329842"
      },
      "type": "Feature"
    },
    {
      "geometry": {
        "coordinates": [
          [
            103.926049299,
            1.40460717
          ],
          [
            103.92890930175781,
            1.403031587600708
          ]
        ],
        "type": "LineString"
      },
      "properties": {
        "address_rows": 1,
        "current_address": null,
        "current_source": "osm_addr_postcode",
        "delta_m": 362.8,
        "evidence_status": "coordinate_outlier_review_not_scoring",
        "overture_source": "OpenAddresses/Singapore Land Authority",
        "postcode": "519465"
      },
      "type": "Feature"
    },
    {
      "geometry": {
        "coordinates": [
          [
            103.6746359,
            1.265019656
          ],
          [
            103.67250061035156,
            1.2674640417099
          ]
        ],
        "type": "LineString"
      },
      "properties": {
        "address_rows": 1,
        "current_address": "2 TEMBUSU DRIVE SINGAPORE 627621",
        "current_source": "postal_universe_onemap_2020",
        "delta_m": 359.9,
        "evidence_status": "coordinate_outlier_review_not_scoring",
        "overture_source": "OpenAddresses/Singapore Land Authority",
        "postcode": "627621"
      },
      "type": "Feature"
    },
    {
      "geometry": {
        "coordinates": [
          [
            103.7328764,
            1.302178167
          ],
          [
            103.73516845703125,
            1.304405689239502
          ]
        ],
        "type": "LineString"
      },
      "properties": {
        "address_rows": 1,
        "current_address": "59 PENJURU ROAD SINGAPORE 609142",
        "current_source": "postal_universe_onemap_2020",
        "delta_m": 354.6,
        "evidence_status": "coordinate_outlier_review_not_scoring",
        "overture_source": "OpenAddresses/Singapore Land Authority",
        "postcode": "609142"
      },
      "type": "Feature"
    },
    {
      "geometry": {
        "coordinates": [
          [
            103.7856401,
            1.442324
          ],
          [
            103.78437042236328,
            1.445198893547058
          ]
        ],
        "type": "LineString"
      },
      "properties": {
        "address_rows": 3,
        "current_address": null,
        "current_source": "osm_addr_postcode",
        "delta_m": 347.9,
        "evidence_status": "coordinate_outlier_review_not_scoring",
        "overture_source": "OpenAddresses/Singapore Land Authority",
        "postcode": "738964"
      },
      "type": "Feature"
    },
    {
      "geometry": {
        "coordinates": [
          [
            103.9858733,
            1.320002127
          ],
          [
            103.98298645019531,
            1.3211463689804077
          ]
        ],
        "type": "LineString"
      },
      "properties": {
        "address_rows": 2,
        "current_address": "21 TANAH MERAH COAST ROAD SINGAPORE 498721",
        "current_source": "postal_universe_onemap_2020",
        "delta_m": 345.3,
        "evidence_status": "coordinate_outlier_review_not_scoring",
        "overture_source": "OpenAddresses/Singapore Land Authority",
        "postcode": "498721"
      },
      "type": "Feature"
    },
    {
      "geometry": {
        "coordinates": [
          [
            103.8745764,
            1.3132997
          ],
          [
            103.87738037109375,
            1.3146162033081055
          ]
        ],
        "type": "LineString"
      },
      "properties": {
        "address_rows": 1,
        "current_address": null,
        "current_source": "osm_addr_postcode",
        "delta_m": 344.3,
        "evidence_status": "coordinate_outlier_review_not_scoring",
        "overture_source": "OpenAddresses/Singapore Land Authority",
        "postcode": "387429"
      },
      "type": "Feature"
    },
    {
      "geometry": {
        "coordinates": [
          [
            103.85514626,
            1.409541601
          ],
          [
            103.85821914672852,
            1.409457802772522
          ]
        ],
        "type": "LineString"
      },
      "properties": {
        "address_rows": 2,
        "current_address": null,
        "current_source": "osm_addr_postcode",
        "delta_m": 342.1,
        "evidence_status": "coordinate_outlier_review_not_scoring",
        "overture_source": "OpenAddresses/Singapore Land Authority",
        "postcode": "798273"
      },
      "type": "Feature"
    },
    {
      "geometry": {
        "coordinates": [
          [
            103.8318075,
            1.273822878
          ],
          [
            103.83486938476562,
            1.2737053632736206
          ]
        ],
        "type": "LineString"
      },
      "properties": {
        "address_rows": 2,
        "current_address": "30 KEPPEL ROAD SINGAPORE 089059",
        "current_source": "postal_universe_onemap_2020",
        "delta_m": 341.0,
        "evidence_status": "coordinate_outlier_review_not_scoring",
        "overture_source": "OpenAddresses/Singapore Land Authority",
        "postcode": "089059"
      },
      "type": "Feature"
    },
    {
      "geometry": {
        "coordinates": [
          [
            103.7676476,
            1.228748692
          ],
          [
            103.7684097290039,
            1.2258177995681763
          ]
        ],
        "type": "LineString"
      },
      "properties": {
        "address_rows": 1,
        "current_address": "1 PULAU BUKOM KECHIL MASJID PULAU BUKOM SINGAPORE 118382",
        "current_source": "postal_universe_onemap_2020",
        "delta_m": 335.0,
        "evidence_status": "coordinate_outlier_review_not_scoring",
        "overture_source": "OpenAddresses/Singapore Land Authority",
        "postcode": "118382"
      },
      "type": "Feature"
    },
    {
      "geometry": {
        "coordinates": [
          [
            103.8480603,
            1.3406363
          ],
          [
            103.84507751464844,
            1.3402678966522217
          ]
        ],
        "type": "LineString"
      },
      "properties": {
        "address_rows": 1,
        "current_address": null,
        "current_source": "osm_addr_postcode",
        "delta_m": 334.4,
        "evidence_status": "coordinate_outlier_review_not_scoring",
        "overture_source": "OpenAddresses/Singapore Land Authority",
        "postcode": "319758"
      },
      "type": "Feature"
    },
    {
      "geometry": {
        "coordinates": [
          [
            103.7633679,
            1.40864662
          ],
          [
            103.76303100585938,
            1.405663013458252
          ]
        ],
        "type": "LineString"
      },
      "properties": {
        "address_rows": 1,
        "current_address": "1 MANDAI QUARRY ROAD HOME TEAM TACTICAL CENTRE SINGAPORE 728635",
        "current_source": "postal_universe_onemap_2020",
        "delta_m": 332.0,
        "evidence_status": "coordinate_outlier_review_not_scoring",
        "overture_source": "OpenAddresses/Singapore Land Authority",
        "postcode": "728635"
      },
      "type": "Feature"
    },
    {
      "geometry": {
        "coordinates": [
          [
            103.7776923,
            1.2832506
          ],
          [
            103.77540842692058,
            1.2813543279965718
          ]
        ],
        "type": "LineString"
      },
      "properties": {
        "address_rows": 6,
        "current_address": null,
        "current_source": "osm_addr_postcode",
        "delta_m": 329.5,
        "evidence_status": "coordinate_outlier_review_not_scoring",
        "overture_source": "OpenAddresses/Singapore Land Authority",
        "postcode": "117606"
      },
      "type": "Feature"
    },
    {
      "geometry": {
        "coordinates": [
          [
            103.6385732,
            1.2823023
          ],
          [
            103.64015197753906,
            1.2798194885253906
          ]
        ],
        "type": "LineString"
      },
      "properties": {
        "address_rows": 1,
        "current_address": null,
        "current_source": "osm_addr_postcode",
        "delta_m": 326.0,
        "evidence_status": "coordinate_outlier_review_not_scoring",
        "overture_source": "OpenAddresses/Singapore Land Authority",
        "postcode": "637302"
      },
      "type": "Feature"
    },
    {
      "geometry": {
        "coordinates": [
          [
            103.7771778,
            1.426533203
          ],
          [
            103.77449798583984,
            1.4253830909729004
          ]
        ],
        "type": "LineString"
      },
      "properties": {
        "address_rows": 1,
        "current_address": "40 WOODLANDS STREET 41 DBS SINGAPORE AMERICAN SCHOOL SINGAPORE 738547",
        "current_source": "postal_universe_onemap_2020",
        "delta_m": 324.2,
        "evidence_status": "coordinate_outlier_review_not_scoring",
        "overture_source": "OpenAddresses/Singapore Land Authority",
        "postcode": "738547"
      },
      "type": "Feature"
    },
    {
      "geometry": {
        "coordinates": [
          [
            103.886652734,
            1.340297644
          ],
          [
            103.88905334472656,
            1.3418216705322266
          ]
        ],
        "type": "LineString"
      },
      "properties": {
        "address_rows": 1,
        "current_address": null,
        "current_source": "osm_addr_postcode",
        "delta_m": 315.9,
        "evidence_status": "coordinate_outlier_review_not_scoring",
        "overture_source": "OpenAddresses/Singapore Land Authority",
        "postcode": "537065"
      },
      "type": "Feature"
    },
    {
      "geometry": {
        "coordinates": [
          [
            103.8153732,
            1.3149885
          ],
          [
            103.81633934607872,
            1.3123109478216906
          ]
        ],
        "type": "LineString"
      },
      "properties": {
        "address_rows": 26,
        "current_address": null,
        "current_source": "osm_addr_postcode",
        "delta_m": 315.0,
        "evidence_status": "coordinate_outlier_review_not_scoring",
        "overture_source": "OpenAddresses/Singapore Land Authority",
        "postcode": "259569"
      },
      "type": "Feature"
    },
    {
      "geometry": {
        "coordinates": [
          [
            103.728463751,
            1.279274023
          ],
          [
            103.72590637207031,
            1.2804181575775146
          ]
        ],
        "type": "LineString"
      },
      "properties": {
        "address_rows": 1,
        "current_address": null,
        "current_source": "osm_addr_postcode",
        "delta_m": 311.5,
        "evidence_status": "coordinate_outlier_review_not_scoring",
        "overture_source": "OpenAddresses/Singapore Land Authority",
        "postcode": "628209"
      },
      "type": "Feature"
    },
    {
      "geometry": {
        "coordinates": [
          [
            103.8022703,
            1.3286488
          ],
          [
            103.80103302001953,
            1.326189398765564
          ]
        ],
        "type": "LineString"
      },
      "properties": {
        "address_rows": 1,
        "current_address": null,
        "current_source": "osm_addr_postcode",
        "delta_m": 304.8,
        "evidence_status": "coordinate_outlier_review_not_scoring",
        "overture_source": "OpenAddresses/Singapore Land Authority",
        "postcode": "269783"
      },
      "type": "Feature"
    },
    {
      "geometry": {
        "coordinates": [
          [
            103.7230274,
            1.289467426
          ],
          [
            103.72039031982422,
            1.2889562845230103
          ]
        ],
        "type": "LineString"
      },
      "properties": {
        "address_rows": 1,
        "current_address": "21 JURONG ISLAND HIGHWAY SINGAPORE 627803",
        "current_source": "postal_universe_onemap_2020",
        "delta_m": 298.9,
        "evidence_status": "coordinate_outlier_review_not_scoring",
        "overture_source": "OpenAddresses/Singapore Land Authority",
        "postcode": "627803"
      },
      "type": "Feature"
    },
    {
      "geometry": {
        "coordinates": [
          [
            103.833755295,
            1.25605295
          ],
          [
            103.83173370361328,
            1.2577963471412659
          ]
        ],
        "type": "LineString"
      },
      "properties": {
        "address_rows": 2,
        "current_address": null,
        "current_source": "osm_addr_postcode",
        "delta_m": 296.3,
        "evidence_status": "coordinate_outlier_review_not_scoring",
        "overture_source": "OpenAddresses/Singapore Land Authority",
        "postcode": "098658"
      },
      "type": "Feature"
    },
    {
      "geometry": {
        "coordinates": [
          [
            103.7062312,
            1.3208582
          ],
          [
            103.70768737792969,
            1.3186404705047607
          ]
        ],
        "type": "LineString"
      },
      "properties": {
        "address_rows": 1,
        "current_address": null,
        "current_source": "osm_addr_postcode",
        "delta_m": 293.9,
        "evidence_status": "coordinate_outlier_review_not_scoring",
        "overture_source": "OpenAddresses/Singapore Land Authority",
        "postcode": "628925"
      },
      "type": "Feature"
    },
    {
      "geometry": {
        "coordinates": [
          [
            103.869614312,
            1.28840845
          ],
          [
            103.8687515258789,
            1.2909022569656372
          ]
        ],
        "type": "LineString"
      },
      "properties": {
        "address_rows": 1,
        "current_address": null,
        "current_source": "osm_addr_postcode",
        "delta_m": 292.0,
        "evidence_status": "coordinate_outlier_review_not_scoring",
        "overture_source": "OpenAddresses/Singapore Land Authority",
        "postcode": "438663"
      },
      "type": "Feature"
    },
    {
      "geometry": {
        "coordinates": [
          [
            103.6600925,
            1.308329745
          ],
          [
            103.66212463378906,
            1.3067677021026611
          ]
        ],
        "type": "LineString"
      },
      "properties": {
        "address_rows": 1,
        "current_address": "1 PIONEER SECTOR 1 SINGAPORE 628413",
        "current_source": "postal_universe_onemap_2020",
        "delta_m": 284.6,
        "evidence_status": "coordinate_outlier_review_not_scoring",
        "overture_source": "OpenAddresses/Singapore Land Authority",
        "postcode": "628413"
      },
      "type": "Feature"
    },
    {
      "geometry": {
        "coordinates": [
          [
            103.8601111,
            1.2855822
          ],
          [
            103.8582992553711,
            1.2837786674499512
          ]
        ],
        "type": "LineString"
      },
      "properties": {
        "address_rows": 2,
        "current_address": null,
        "current_source": "osm_addr_postcode",
        "delta_m": 283.6,
        "evidence_status": "coordinate_outlier_review_not_scoring",
        "overture_source": "OpenAddresses/Singapore Land Authority",
        "postcode": "018972"
      },
      "type": "Feature"
    },
    {
      "geometry": {
        "coordinates": [
          [
            103.7102274,
            1.257417354
          ],
          [
            103.70954132080078,
            1.2598857879638672
          ]
        ],
        "type": "LineString"
      },
      "properties": {
        "address_rows": 1,
        "current_address": "1 SAKRA AVENUE SINGAPORE 628225",
        "current_source": "postal_universe_onemap_2020",
        "delta_m": 283.4,
        "evidence_status": "coordinate_outlier_review_not_scoring",
        "overture_source": "OpenAddresses/Singapore Land Authority",
        "postcode": "628225"
      },
      "type": "Feature"
    },
    {
      "geometry": {
        "coordinates": [
          [
            103.799439474,
            1.291826351
          ],
          [
            103.7995376586914,
            1.2892814874649048
          ]
        ],
        "type": "LineString"
      },
      "properties": {
        "address_rows": 1,
        "current_address": null,
        "current_source": "osm_addr_postcode",
        "delta_m": 281.6,
        "evidence_status": "coordinate_outlier_review_not_scoring",
        "overture_source": "OpenAddresses/Singapore Land Authority",
        "postcode": "140203"
      },
      "type": "Feature"
    },
    {
      "geometry": {
        "coordinates": [
          [
            103.777218743,
            1.2869266
          ],
          [
            103.77910232543945,
            1.28525710105896
          ]
        ],
        "type": "LineString"
      },
      "properties": {
        "address_rows": 2,
        "current_address": null,
        "current_source": "osm_addr_postcode",
        "delta_m": 279.3,
        "evidence_status": "coordinate_outlier_review_not_scoring",
        "overture_source": "OpenAddresses/Singapore Land Authority",
        "postcode": "110001"
      },
      "type": "Feature"
    },
    {
      "geometry": {
        "coordinates": [
          [
            103.7972076,
            1.279516489
          ],
          [
            103.79968070983887,
            1.2792329788208008
          ]
        ],
        "type": "LineString"
      },
      "properties": {
        "address_rows": 4,
        "current_address": "33 HYDERABAD ROAD SINGAPORE 119578",
        "current_source": "postal_universe_onemap_2020",
        "delta_m": 277.0,
        "evidence_status": "coordinate_outlier_review_not_scoring",
        "overture_source": "OpenAddresses/Singapore Land Authority",
        "postcode": "119578"
      },
      "type": "Feature"
    },
    {
      "geometry": {
        "coordinates": [
          [
            103.967516366,
            1.341363741
          ],
          [
            103.96686553955078,
            1.3389898538589478
          ]
        ],
        "type": "LineString"
      },
      "properties": {
        "address_rows": 1,
        "current_address": null,
        "current_source": "osm_addr_postcode",
        "delta_m": 272.3,
        "evidence_status": "coordinate_outlier_review_not_scoring",
        "overture_source": "OpenAddresses/Singapore Land Authority",
        "postcode": "489722"
      },
      "type": "Feature"
    },
    {
      "geometry": {
        "coordinates": [
          [
            103.7126053,
            1.444920957
          ],
          [
            103.7117691040039,
            1.4472224712371826
          ]
        ],
        "type": "LineString"
      },
      "properties": {
        "address_rows": 1,
        "current_address": "1 LIM CHU KANG LANE 9A SINGAPORE 718845",
        "current_source": "postal_universe_onemap_2020",
        "delta_m": 271.0,
        "evidence_status": "coordinate_outlier_review_not_scoring",
        "overture_source": "OpenAddresses/Singapore Land Authority",
        "postcode": "718845"
      },
      "type": "Feature"
    },
    {
      "geometry": {
        "coordinates": [
          [
            103.9713059,
            1.35859611
          ],
          [
            103.97338104248047,
            1.357458233833313
          ]
        ],
        "type": "LineString"
      },
      "properties": {
        "address_rows": 2,
        "current_address": "984 UPPER CHANGI ROAD NORTH CHANGI PRISON COMPLEX SINGAPORE 506969",
        "current_source": "postal_universe_onemap_2020",
        "delta_m": 263.0,
        "evidence_status": "coordinate_outlier_review_not_scoring",
        "overture_source": "OpenAddresses/Singapore Land Authority",
        "postcode": "506969"
      },
      "type": "Feature"
    },
    {
      "geometry": {
        "coordinates": [
          [
            103.776897601,
            1.296201811
          ],
          [
            103.7791748046875,
            1.2968187440525403
          ]
        ],
        "type": "LineString"
      },
      "properties": {
        "address_rows": 11,
        "current_address": null,
        "current_source": "osm_addr_postcode",
        "delta_m": 262.5,
        "evidence_status": "coordinate_outlier_review_not_scoring",
        "overture_source": "OpenAddresses/Singapore Land Authority",
        "postcode": "119077"
      },
      "type": "Feature"
    },
    {
      "geometry": {
        "coordinates": [
          [
            103.850043665,
            1.296167954
          ],
          [
            103.85222244262695,
            1.2968631982803345
          ]
        ],
        "type": "LineString"
      },
      "properties": {
        "address_rows": 2,
        "current_address": null,
        "current_source": "osm_addr_postcode",
        "delta_m": 254.4,
        "evidence_status": "coordinate_outlier_review_not_scoring",
        "overture_source": "OpenAddresses/Singapore Land Authority",
        "postcode": "188065"
      },
      "type": "Feature"
    },
    {
      "geometry": {
        "coordinates": [
          [
            103.6986312,
            1.301858981
          ],
          [
            103.6963882446289,
            1.3016548156738281
          ]
        ],
        "type": "LineString"
      },
      "properties": {
        "address_rows": 1,
        "current_address": "5 JALAN SAMULUN SINGAPORE 629122",
        "current_source": "postal_universe_onemap_2020",
        "delta_m": 250.6,
        "evidence_status": "coordinate_outlier_review_not_scoring",
        "overture_source": "OpenAddresses/Singapore Land Authority",
        "postcode": "629122"
      },
      "type": "Feature"
    },
    {
      "geometry": {
        "coordinates": [
          [
            103.849163578,
            1.28838855
          ],
          [
            103.84767150878906,
            1.2866994142532349
          ]
        ],
        "type": "LineString"
      },
      "properties": {
        "address_rows": 1,
        "current_address": null,
        "current_source": "osm_addr_postcode",
        "delta_m": 249.9,
        "evidence_status": "coordinate_outlier_review_not_scoring",
        "overture_source": "OpenAddresses/Singapore Land Authority",
        "postcode": "058716"
      },
      "type": "Feature"
    },
    {
      "geometry": {
        "coordinates": [
          [
            103.713508037,
            1.361352739
          ],
          [
            103.71290588378906,
            1.3635092973709106
          ]
        ],
        "type": "LineString"
      },
      "properties": {
        "address_rows": 1,
        "current_address": null,
        "current_source": "osm_addr_postcode",
        "delta_m": 247.7,
        "evidence_status": "coordinate_outlier_review_not_scoring",
        "overture_source": "OpenAddresses/Singapore Land Authority",
        "postcode": "699859"
      },
      "type": "Feature"
    },
    {
      "geometry": {
        "coordinates": [
          [
            103.7538269,
            1.331341796
          ],
          [
            103.7523422241211,
            1.3296769857406616
          ]
        ],
        "type": "LineString"
      },
      "properties": {
        "address_rows": 1,
        "current_address": "51 OLD TOH TUCK ROAD ULU PANDAN WATER RECLAMATION PLANT SINGAPORE 597652",
        "current_source": "postal_universe_onemap_2020",
        "delta_m": 247.4,
        "evidence_status": "coordinate_outlier_review_not_scoring",
        "overture_source": "OpenAddresses/Singapore Land Authority",
        "postcode": "597652"
      },
      "type": "Feature"
    },
    {
      "geometry": {
        "coordinates": [
          [
            103.906692548,
            1.32775
          ],
          [
            103.90843963623047,
            1.3291157484054565
          ]
        ],
        "type": "LineString"
      },
      "properties": {
        "address_rows": 1,
        "current_address": null,
        "current_source": "osm_addr_postcode",
        "delta_m": 246.2,
        "evidence_status": "coordinate_outlier_review_not_scoring",
        "overture_source": "OpenAddresses/Singapore Land Authority",
        "postcode": "418730"
      },
      "type": "Feature"
    },
    {
      "geometry": {
        "coordinates": [
          [
            103.7724207,
            1.319766516
          ],
          [
            103.77326965332031,
            1.321799397468567
          ]
        ],
        "type": "LineString"
      },
      "properties": {
        "address_rows": 1,
        "current_address": "300 ULU PANDAN ROAD PROTECTIVE SECURITY COMMAND SINGAPORE 596472",
        "current_source": "postal_universe_onemap_2020",
        "delta_m": 243.8,
        "evidence_status": "coordinate_outlier_review_not_scoring",
        "overture_source": "OpenAddresses/Singapore Land Authority",
        "postcode": "596472"
      },
      "type": "Feature"
    },
    {
      "geometry": {
        "coordinates": [
          [
            103.711270811,
            1.374462863
          ],
          [
            103.71064758300781,
            1.3723499774932861
          ]
        ],
        "type": "LineString"
      },
      "properties": {
        "address_rows": 1,
        "current_address": null,
        "current_source": "osm_addr_postcode",
        "delta_m": 243.7,
        "evidence_status": "coordinate_outlier_review_not_scoring",
        "overture_source": "OpenAddresses/Singapore Land Authority",
        "postcode": "698923"
      },
      "type": "Feature"
    },
    {
      "geometry": {
        "coordinates": [
          [
            103.8534123,
            1.2928749
          ],
          [
            103.85124969482422,
            1.2930787801742554
          ]
        ],
        "type": "LineString"
      },
      "properties": {
        "address_rows": 1,
        "current_address": null,
        "current_source": "osm_addr_postcode",
        "delta_m": 241.7,
        "evidence_status": "coordinate_outlier_review_not_scoring",
        "overture_source": "OpenAddresses/Singapore Land Authority",
        "postcode": "178905"
      },
      "type": "Feature"
    },
    {
      "geometry": {
        "coordinates": [
          [
            103.8774438,
            1.3391341
          ],
          [
            103.87940979003906,
            1.3382701873779297
          ]
        ],
        "type": "LineString"
      },
      "properties": {
        "address_rows": 1,
        "current_address": null,
        "current_source": "osm_addr_postcode",
        "delta_m": 238.7,
        "evidence_status": "coordinate_outlier_review_not_scoring",
        "overture_source": "OpenAddresses/Singapore Land Authority",
        "postcode": "367822"
      },
      "type": "Feature"
    },
    {
      "geometry": {
        "coordinates": [
          [
            103.820019,
            1.256334
          ],
          [
            103.82203674316406,
            1.2570385932922363
          ]
        ],
        "type": "LineString"
      },
      "properties": {
        "address_rows": 1,
        "current_address": null,
        "current_source": "osm_addr_postcode",
        "delta_m": 237.7,
        "evidence_status": "coordinate_outlier_review_not_scoring",
        "overture_source": "OpenAddresses/Singapore Land Authority",
        "postcode": "098138"
      },
      "type": "Feature"
    },
    {
      "geometry": {
        "coordinates": [
          [
            103.723076449,
            1.283409864
          ],
          [
            103.72492218017578,
            1.2844552993774414
          ]
        ],
        "type": "LineString"
      },
      "properties": {
        "address_rows": 1,
        "current_address": null,
        "current_source": "osm_addr_postcode",
        "delta_m": 235.7,
        "evidence_status": "coordinate_outlier_review_not_scoring",
        "overture_source": "OpenAddresses/Singapore Land Authority",
        "postcode": "627626"
      },
      "type": "Feature"
    },
    {
      "geometry": {
        "coordinates": [
          [
            103.6806197,
            1.3471517
          ],
          [
            103.68128418922424,
            1.3451319746673107
          ]
        ],
        "type": "LineString"
      },
      "properties": {
        "address_rows": 32,
        "current_address": null,
        "current_source": "osm_addr_postcode",
        "delta_m": 235.3,
        "evidence_status": "coordinate_outlier_review_not_scoring",
        "overture_source": "OpenAddresses/Singapore Land Authority",
        "postcode": "639798"
      },
      "type": "Feature"
    },
    {
      "geometry": {
        "coordinates": [
          [
            103.974036084,
            1.319232929
          ],
          [
            103.97195053100586,
            1.3189164996147156
          ]
        ],
        "type": "LineString"
      },
      "properties": {
        "address_rows": 2,
        "current_address": null,
        "current_source": "osm_addr_postcode",
        "delta_m": 234.7,
        "evidence_status": "coordinate_outlier_review_not_scoring",
        "overture_source": "OpenAddresses/Singapore Land Authority",
        "postcode": "499739"
      },
      "type": "Feature"
    },
    {
      "geometry": {
        "coordinates": [
          [
            103.713008413,
            1.339905307
          ],
          [
            103.71106719970703,
            1.3390872478485107
          ]
        ],
        "type": "LineString"
      },
      "properties": {
        "address_rows": 2,
        "current_address": null,
        "current_source": "osm_addr_postcode",
        "delta_m": 234.2,
        "evidence_status": "coordinate_outlier_review_not_scoring",
        "overture_source": "OpenAddresses/Singapore Land Authority",
        "postcode": "619523"
      },
      "type": "Feature"
    },
    {
      "geometry": {
        "coordinates": [
          [
            103.6682859,
            1.266197408
          ],
          [
            103.66902923583984,
            1.2681761980056763
          ]
        ],
        "type": "LineString"
      },
      "properties": {
        "address_rows": 1,
        "current_address": "1 TEMBUSU ROAD SINGAPORE 627595",
        "current_source": "postal_universe_onemap_2020",
        "delta_m": 233.9,
        "evidence_status": "coordinate_outlier_review_not_scoring",
        "overture_source": "OpenAddresses/Singapore Land Authority",
        "postcode": "627595"
      },
      "type": "Feature"
    },
    {
      "geometry": {
        "coordinates": [
          [
            103.6229351,
            1.29463543
          ],
          [
            103.6229248046875,
            1.29253089427948
          ]
        ],
        "type": "LineString"
      },
      "properties": {
        "address_rows": 1,
        "current_address": "51 TUAS SOUTH STREET 5 SINGAPORE 637644",
        "current_source": "postal_universe_onemap_2020",
        "delta_m": 232.7,
        "evidence_status": "coordinate_outlier_review_not_scoring",
        "overture_source": "OpenAddresses/Singapore Land Authority",
        "postcode": "637644"
      },
      "type": "Feature"
    },
    {
      "geometry": {
        "coordinates": [
          [
            103.7657473,
            1.3736751
          ],
          [
            103.76417541503906,
            1.372333288192749
          ]
        ],
        "type": "LineString"
      },
      "properties": {
        "address_rows": 1,
        "current_address": null,
        "current_source": "osm_addr_postcode",
        "delta_m": 229.4,
        "evidence_status": "coordinate_outlier_review_not_scoring",
        "overture_source": "OpenAddresses/Singapore Land Authority",
        "postcode": "678943"
      },
      "type": "Feature"
    },
    {
      "geometry": {
        "coordinates": [
          [
            103.7347859,
            1.31689891
          ],
          [
            103.7346420288086,
            1.3189351558685303
          ]
        ],
        "type": "LineString"
      },
      "properties": {
        "address_rows": 1,
        "current_address": "14 PENJURU ROAD SINGAPORE 609125",
        "current_source": "postal_universe_onemap_2020",
        "delta_m": 225.7,
        "evidence_status": "coordinate_outlier_review_not_scoring",
        "overture_source": "OpenAddresses/Singapore Land Authority",
        "postcode": "609125"
      },
      "type": "Feature"
    },
    {
      "geometry": {
        "coordinates": [
          [
            103.84522,
            1.34042
          ],
          [
            103.84722900390625,
            1.3406046628952026
          ]
        ],
        "type": "LineString"
      },
      "properties": {
        "address_rows": 1,
        "current_address": null,
        "current_source": "osm_addr_postcode",
        "delta_m": 224.5,
        "evidence_status": "coordinate_outlier_review_not_scoring",
        "overture_source": "OpenAddresses/Singapore Land Authority",
        "postcode": "319757"
      },
      "type": "Feature"
    },
    {
      "geometry": {
        "coordinates": [
          [
            103.801468752,
            1.2856591
          ],
          [
            103.7998046875,
            1.2868016362190247
          ]
        ],
        "type": "LineString"
      },
      "properties": {
        "address_rows": 2,
        "current_address": null,
        "current_source": "osm_addr_postcode",
        "delta_m": 224.2,
        "evidence_status": "coordinate_outlier_review_not_scoring",
        "overture_source": "OpenAddresses/Singapore Land Authority",
        "postcode": "159964"
      },
      "type": "Feature"
    },
    {
      "geometry": {
        "coordinates": [
          [
            103.8838529,
            1.389873124
          ],
          [
            103.88459014892578,
            1.3879859447479248
          ]
        ],
        "type": "LineString"
      },
      "properties": {
        "address_rows": 1,
        "current_address": "95 SENGKANG EAST AVENUE LRT DEPOT SINGAPORE 545051",
        "current_source": "postal_universe_onemap_2020",
        "delta_m": 224.2,
        "evidence_status": "coordinate_outlier_review_not_scoring",
        "overture_source": "OpenAddresses/Singapore Land Authority",
        "postcode": "545051"
      },
      "type": "Feature"
    },
    {
      "geometry": {
        "coordinates": [
          [
            103.7020276,
            1.440183546
          ],
          [
            103.70052337646484,
            1.4388411045074463
          ]
        ],
        "type": "LineString"
      },
      "properties": {
        "address_rows": 1,
        "current_address": "71 JALAN BAHTERA SINGAPORE GIRL GUIDES ASSOCIATION CAMP CHRISTINE CAMPSITE SINGAPORE 719922",
        "current_source": "postal_universe_onemap_2020",
        "delta_m": 223.7,
        "evidence_status": "coordinate_outlier_review_not_scoring",
        "overture_source": "OpenAddresses/Singapore Land Authority",
        "postcode": "719922"
      },
      "type": "Feature"
    },
    {
      "geometry": {
        "coordinates": [
          [
            103.809205972,
            1.342812404
          ],
          [
            103.8105239868164,
            1.3412880897521973
          ]
        ],
        "type": "LineString"
      },
      "properties": {
        "address_rows": 1,
        "current_address": null,
        "current_source": "osm_addr_postcode",
        "delta_m": 223.4,
        "evidence_status": "coordinate_outlier_review_not_scoring",
        "overture_source": "OpenAddresses/Singapore Land Authority",
        "postcode": "288303"
      },
      "type": "Feature"
    },
    {
      "geometry": {
        "coordinates": [
          [
            103.763333562,
            1.321444519
          ],
          [
            103.7625503540039,
            1.3232930898666382
          ]
        ],
        "type": "LineString"
      },
      "properties": {
        "address_rows": 1,
        "current_address": null,
        "current_source": "hdb_existing_building",
        "delta_m": 222.2,
        "evidence_status": "coordinate_outlier_review_not_scoring",
        "overture_source": "OpenAddresses/Singapore Land Authority",
        "postcode": "120210"
      },
      "type": "Feature"
    },
    {
      "geometry": {
        "coordinates": [
          [
            103.7285195,
            1.400763754
          ],
          [
            103.72859191894531,
            1.4027626514434814
          ]
        ],
        "type": "LineString"
      },
      "properties": {
        "address_rows": 1,
        "current_address": "109 SUNGEI TENGAH ROAD SINGAPORE 698991",
        "current_source": "postal_universe_onemap_2020",
        "delta_m": 221.2,
        "evidence_status": "coordinate_outlier_review_not_scoring",
        "overture_source": "OpenAddresses/Singapore Land Authority",
        "postcode": "698991"
      },
      "type": "Feature"
    },
    {
      "geometry": {
        "coordinates": [
          [
            103.7432397,
            1.326559645
          ],
          [
            103.74408721923828,
            1.3247507810592651
          ]
        ],
        "type": "LineString"
      },
      "properties": {
        "address_rows": 1,
        "current_address": "9 SCIENCE CENTRE ROAD SINGAPORE 609078",
        "current_source": "postal_universe_onemap_2020",
        "delta_m": 221.1,
        "evidence_status": "coordinate_outlier_review_not_scoring",
        "overture_source": "OpenAddresses/Singapore Land Authority",
        "postcode": "609078"
      },
      "type": "Feature"
    },
    {
      "geometry": {
        "coordinates": [
          [
            103.8143166,
            1.256955894
          ],
          [
            103.81274922688802,
            1.2557304700215657
          ]
        ],
        "type": "LineString"
      },
      "properties": {
        "address_rows": 3,
        "current_address": "10A SILOSO BEACH WALK SINGAPORE 099008",
        "current_source": "postal_universe_onemap_2020",
        "delta_m": 220.9,
        "evidence_status": "coordinate_outlier_review_not_scoring",
        "overture_source": "OpenAddresses/Singapore Land Authority",
        "postcode": "099008"
      },
      "type": "Feature"
    },
    {
      "geometry": {
        "coordinates": [
          [
            103.7585992,
            1.3661129
          ],
          [
            103.7574691772461,
            1.3677548170089722
          ]
        ],
        "type": "LineString"
      },
      "properties": {
        "address_rows": 1,
        "current_address": null,
        "current_source": "osm_addr_postcode",
        "delta_m": 220.9,
        "evidence_status": "coordinate_outlier_review_not_scoring",
        "overture_source": "OpenAddresses/Singapore Land Authority",
        "postcode": "667988"
      },
      "type": "Feature"
    },
    {
      "geometry": {
        "coordinates": [
          [
            103.7017148,
            1.323120207
          ],
          [
            103.70366668701172,
            1.3234494924545288
          ]
        ],
        "type": "LineString"
      },
      "properties": {
        "address_rows": 1,
        "current_address": "322 JALAN AHMAD IBRAHIM SINGAPORE 629151",
        "current_source": "postal_universe_onemap_2020",
        "delta_m": 220.3,
        "evidence_status": "coordinate_outlier_review_not_scoring",
        "overture_source": "OpenAddresses/Singapore Land Authority",
        "postcode": "629151"
      },
      "type": "Feature"
    },
    {
      "geometry": {
        "coordinates": [
          [
            103.7235772,
            1.285542844
          ],
          [
            103.72554016113281,
            1.285783290863037
          ]
        ],
        "type": "LineString"
      },
      "properties": {
        "address_rows": 1,
        "current_address": "10 SERAYA PLACE SINGAPORE 627843",
        "current_source": "postal_universe_onemap_2020",
        "delta_m": 220.1,
        "evidence_status": "coordinate_outlier_review_not_scoring",
        "overture_source": "OpenAddresses/Singapore Land Authority",
        "postcode": "627843"
      },
      "type": "Feature"
    },
    {
      "geometry": {
        "coordinates": [
          [
            103.793919053,
            1.3431956
          ],
          [
            103.79265594482422,
            1.3416677713394165
          ]
        ],
        "type": "LineString"
      },
      "properties": {
        "address_rows": 1,
        "current_address": null,
        "current_source": "osm_addr_postcode",
        "delta_m": 219.8,
        "evidence_status": "coordinate_outlier_review_not_scoring",
        "overture_source": "OpenAddresses/Singapore Land Authority",
        "postcode": "288001"
      },
      "type": "Feature"
    },
    {
      "geometry": {
        "coordinates": [
          [
            103.866468207,
            1.369727765
          ],
          [
            103.86758422851562,
            1.3713643550872803
          ]
        ],
        "type": "LineString"
      },
      "properties": {
        "address_rows": 1,
        "current_address": null,
        "current_source": "osm_addr_postcode",
        "delta_m": 219.5,
        "evidence_status": "coordinate_outlier_review_not_scoring",
        "overture_source": "OpenAddresses/Singapore Land Authority",
        "postcode": "569928"
      },
      "type": "Feature"
    },
    {
      "geometry": {
        "coordinates": [
          [
            103.78768595,
            1.427309533
          ],
          [
            103.78944396972656,
            1.4264113903045654
          ]
        ],
        "type": "LineString"
      },
      "properties": {
        "address_rows": 1,
        "current_address": null,
        "current_source": "osm_addr_postcode",
        "delta_m": 219.4,
        "evidence_status": "coordinate_outlier_review_not_scoring",
        "overture_source": "OpenAddresses/Singapore Land Authority",
        "postcode": "737913"
      },
      "type": "Feature"
    },
    {
      "geometry": {
        "coordinates": [
          [
            103.7328409,
            1.318177
          ],
          [
            103.73130226135254,
            1.3194003105163574
          ]
        ],
        "type": "LineString"
      },
      "properties": {
        "address_rows": 4,
        "current_address": null,
        "current_source": "osm_addr_postcode",
        "delta_m": 218.2,
        "evidence_status": "coordinate_outlier_review_not_scoring",
        "overture_source": "OpenAddresses/Singapore Land Authority",
        "postcode": "608538"
      },
      "type": "Feature"
    },
    {
      "geometry": {
        "coordinates": [
          [
            103.835805059,
            1.3081847
          ],
          [
            103.83627700805664,
            1.306282877922058
          ]
        ],
        "type": "LineString"
      },
      "properties": {
        "address_rows": 2,
        "current_address": null,
        "current_source": "osm_addr_postcode",
        "delta_m": 216.8,
        "evidence_status": "coordinate_outlier_review_not_scoring",
        "overture_source": "OpenAddresses/Singapore Land Authority",
        "postcode": "228512"
      },
      "type": "Feature"
    },
    {
      "geometry": {
        "coordinates": [
          [
            103.7007055,
            1.256938065
          ],
          [
            103.70018768310547,
            1.255048394203186
          ]
        ],
        "type": "LineString"
      },
      "properties": {
        "address_rows": 1,
        "current_address": "21 SAKRA ROAD SINGAPORE 627890",
        "current_source": "postal_universe_onemap_2020",
        "delta_m": 216.8,
        "evidence_status": "coordinate_outlier_review_not_scoring",
        "overture_source": "OpenAddresses/Singapore Land Authority",
        "postcode": "627890"
      },
      "type": "Feature"
    },
    {
      "geometry": {
        "coordinates": [
          [
            103.7679244,
            1.357945
          ],
          [
            103.76756286621094,
            1.359860897064209
          ]
        ],
        "type": "LineString"
      },
      "properties": {
        "address_rows": 1,
        "current_address": null,
        "current_source": "osm_addr_postcode",
        "delta_m": 215.6,
        "evidence_status": "coordinate_outlier_review_not_scoring",
        "overture_source": "OpenAddresses/Singapore Land Authority",
        "postcode": "678072"
      },
      "type": "Feature"
    },
    {
      "geometry": {
        "coordinates": [
          [
            103.822667003,
            1.254200951
          ],
          [
            103.82252502441406,
            1.2561208009719849
          ]
        ],
        "type": "LineString"
      },
      "properties": {
        "address_rows": 1,
        "current_address": null,
        "current_source": "osm_addr_postcode",
        "delta_m": 212.9,
        "evidence_status": "coordinate_outlier_review_not_scoring",
        "overture_source": "OpenAddresses/Singapore Land Authority",
        "postcode": "098140"
      },
      "type": "Feature"
    },
    {
      "geometry": {
        "coordinates": [
          [
            103.6973672,
            1.389761131
          ],
          [
            103.69551849365234,
            1.389294147491455
          ]
        ],
        "type": "LineString"
      },
      "properties": {
        "address_rows": 1,
        "current_address": "20 MURAI FARMWAY SINGAPORE 709153",
        "current_source": "postal_universe_onemap_2020",
        "delta_m": 212.1,
        "evidence_status": "coordinate_outlier_review_not_scoring",
        "overture_source": "OpenAddresses/Singapore Land Authority",
        "postcode": "709153"
      },
      "type": "Feature"
    },
    {
      "geometry": {
        "coordinates": [
          [
            103.622260855,
            1.302379556
          ],
          [
            103.62115478515625,
            1.3008311986923218
          ]
        ],
        "type": "LineString"
      },
      "properties": {
        "address_rows": 1,
        "current_address": null,
        "current_source": "osm_addr_postcode",
        "delta_m": 210.9,
        "evidence_status": "coordinate_outlier_review_not_scoring",
        "overture_source": "OpenAddresses/Singapore Land Authority",
        "postcode": "637368"
      },
      "type": "Feature"
    },
    {
      "geometry": {
        "coordinates": [
          [
            103.8612366,
            1.3963604
          ],
          [
            103.86312103271484,
            1.396216869354248
          ]
        ],
        "type": "LineString"
      },
      "properties": {
        "address_rows": 1,
        "current_address": null,
        "current_source": "osm_addr_postcode",
        "delta_m": 210.3,
        "evidence_status": "coordinate_outlier_review_not_scoring",
        "overture_source": "OpenAddresses/Singapore Land Authority",
        "postcode": "798061"
      },
      "type": "Feature"
    },
    {
      "geometry": {
        "coordinates": [
          [
            103.7800556,
            1.408357183
          ],
          [
            103.77970123291016,
            1.406490683555603
          ]
        ],
        "type": "LineString"
      },
      "properties": {
        "address_rows": 1,
        "current_address": "20 MANDAI LAKE ROAD SINGAPORE 729825",
        "current_source": "postal_universe_onemap_2020",
        "delta_m": 210.1,
        "evidence_status": "coordinate_outlier_review_not_scoring",
        "overture_source": "OpenAddresses/Singapore Land Authority",
        "postcode": "729825"
      },
      "type": "Feature"
    },
    {
      "geometry": {
        "coordinates": [
          [
            103.731468849,
            1.393020641
          ],
          [
            103.7324447631836,
            1.3914377689361572
          ]
        ],
        "type": "LineString"
      },
      "properties": {
        "address_rows": 1,
        "current_address": null,
        "current_source": "osm_addr_postcode",
        "delta_m": 206.0,
        "evidence_status": "coordinate_outlier_review_not_scoring",
        "overture_source": "OpenAddresses/Singapore Land Authority",
        "postcode": "698986"
      },
      "type": "Feature"
    },
    {
      "geometry": {
        "coordinates": [
          [
            103.830446,
            1.4599782
          ],
          [
            103.83181762695312,
            1.4612159729003906
          ]
        ],
        "type": "LineString"
      },
      "properties": {
        "address_rows": 1,
        "current_address": null,
        "current_source": "osm_addr_postcode",
        "delta_m": 205.0,
        "evidence_status": "coordinate_outlier_review_not_scoring",
        "overture_source": "OpenAddresses/Singapore Land Authority",
        "postcode": "759660"
      },
      "type": "Feature"
    },
    {
      "geometry": {
        "coordinates": [
          [
            103.8015578,
            1.463762313
          ],
          [
            103.79973220825195,
            1.4638829827308655
          ]
        ],
        "type": "LineString"
      },
      "properties": {
        "address_rows": 2,
        "current_address": "31 SENOKO ROAD SINGAPORE 758103",
        "current_source": "postal_universe_onemap_2020",
        "delta_m": 203.6,
        "evidence_status": "coordinate_outlier_review_not_scoring",
        "overture_source": "OpenAddresses/Singapore Land Authority",
        "postcode": "758103"
      },
      "type": "Feature"
    },
    {
      "geometry": {
        "coordinates": [
          [
            103.9371951,
            1.415885256
          ],
          [
            103.93872833251953,
            1.4168802499771118
          ]
        ],
        "type": "LineString"
      },
      "properties": {
        "address_rows": 1,
        "current_address": "2003 PULAU UBIN OUTWARD BOUND SINGAPORE (PULAU UBIN CAMP 2) SINGAPORE 508417",
        "current_source": "postal_universe_onemap_2020",
        "delta_m": 203.0,
        "evidence_status": "coordinate_outlier_review_not_scoring",
        "overture_source": "OpenAddresses/Singapore Land Authority",
        "postcode": "508417"
      },
      "type": "Feature"
    },
    {
      "geometry": {
        "coordinates": [
          [
            103.87618,
            1.306213574
          ],
          [
            103.87487284342448,
            1.3049540917078655
          ]
        ],
        "type": "LineString"
      },
      "properties": {
        "address_rows": 3,
        "current_address": "1 STADIUM DRIVE ENERGY CENTRE SINGAPORE 397629",
        "current_source": "postal_universe_onemap_2020",
        "delta_m": 201.4,
        "evidence_status": "coordinate_outlier_review_not_scoring",
        "overture_source": "OpenAddresses/Singapore Land Authority",
        "postcode": "397629"
      },
      "type": "Feature"
    },
    {
      "geometry": {
        "coordinates": [
          [
            103.862523121,
            1.38949575
          ],
          [
            103.86075592041016,
            1.3892719745635986
          ]
        ],
        "type": "LineString"
      },
      "properties": {
        "address_rows": 1,
        "current_address": null,
        "current_source": "osm_addr_postcode",
        "delta_m": 198.2,
        "evidence_status": "coordinate_outlier_review_not_scoring",
        "overture_source": "OpenAddresses/Singapore Land Authority",
        "postcode": "806054"
      },
      "type": "Feature"
    },
    {
      "geometry": {
        "coordinates": [
          [
            103.641125,
            1.3368311
          ],
          [
            103.64280700683594,
            1.3362464904785156
          ]
        ],
        "type": "LineString"
      },
      "properties": {
        "address_rows": 1,
        "current_address": null,
        "current_source": "osm_addr_postcode",
        "delta_m": 198.0,
        "evidence_status": "coordinate_outlier_review_not_scoring",
        "overture_source": "OpenAddresses/Singapore Land Authority",
        "postcode": "637321"
      },
      "type": "Feature"
    },
    {
      "geometry": {
        "coordinates": [
          [
            103.7077465,
            1.429765722
          ],
          [
            103.70679473876953,
            1.4282580614089966
          ]
        ],
        "type": "LineString"
      },
      "properties": {
        "address_rows": 1,
        "current_address": "2 LIM CHU KANG LANE 3A AVIFAUNA BREEDING & RESEARCH SINGAPORE 719842",
        "current_source": "postal_universe_onemap_2020",
        "delta_m": 197.5,
        "evidence_status": "coordinate_outlier_review_not_scoring",
        "overture_source": "OpenAddresses/Singapore Land Authority",
        "postcode": "719842"
      },
      "type": "Feature"
    },
    {
      "geometry": {
        "coordinates": [
          [
            103.7789699,
            1.336948
          ],
          [
            103.77967834472656,
            1.3385634422302246
          ]
        ],
        "type": "LineString"
      },
      "properties": {
        "address_rows": 1,
        "current_address": null,
        "current_source": "osm_addr_postcode",
        "delta_m": 195.3,
        "evidence_status": "coordinate_outlier_review_not_scoring",
        "overture_source": "OpenAddresses/Singapore Land Authority",
        "postcode": "589474"
      },
      "type": "Feature"
    },
    {
      "geometry": {
        "coordinates": [
          [
            103.777505819,
            1.301903764
          ],
          [
            103.77613067626953,
            1.3029997944831848
          ]
        ],
        "type": "LineString"
      },
      "properties": {
        "address_rows": 2,
        "current_address": null,
        "current_source": "osm_addr_postcode",
        "delta_m": 195.2,
        "evidence_status": "coordinate_outlier_review_not_scoring",
        "overture_source": "OpenAddresses/Singapore Land Authority",
        "postcode": "139654"
      },
      "type": "Feature"
    },
    {
      "geometry": {
        "coordinates": [
          [
            103.8454824,
            1.2910606
          ],
          [
            103.8470458984375,
            1.2902731895446777
          ]
        ],
        "type": "LineString"
      },
      "properties": {
        "address_rows": 1,
        "current_address": null,
        "current_source": "osm_addr_postcode",
        "delta_m": 194.6,
        "evidence_status": "coordinate_outlier_review_not_scoring",
        "overture_source": "OpenAddresses/Singapore Land Authority",
        "postcode": "179019"
      },
      "type": "Feature"
    },
    {
      "geometry": {
        "coordinates": [
          [
            103.776980072,
            1.3518655
          ],
          [
            103.77682876586914,
            1.3501285314559937
          ]
        ],
        "type": "LineString"
      },
      "properties": {
        "address_rows": 2,
        "current_address": null,
        "current_source": "osm_addr_postcode",
        "delta_m": 192.8,
        "evidence_status": "coordinate_outlier_review_not_scoring",
        "overture_source": "OpenAddresses/Singapore Land Authority",
        "postcode": "589333"
      },
      "type": "Feature"
    },
    {
      "geometry": {
        "coordinates": [
          [
            103.8582598,
            1.2930432
          ],
          [
            103.8598403930664,
            1.2923425436019897
          ]
        ],
        "type": "LineString"
      },
      "properties": {
        "address_rows": 2,
        "current_address": null,
        "current_source": "osm_addr_postcode",
        "delta_m": 192.2,
        "evidence_status": "coordinate_outlier_review_not_scoring",
        "overture_source": "OpenAddresses/Singapore Land Authority",
        "postcode": "039596"
      },
      "type": "Feature"
    },
    {
      "geometry": {
        "coordinates": [
          [
            103.997679741,
            1.37526885
          ],
          [
            103.99771499633789,
            1.3770025968551636
          ]
        ],
        "type": "LineString"
      },
      "properties": {
        "address_rows": 2,
        "current_address": null,
        "current_source": "osm_addr_postcode",
        "delta_m": 191.8,
        "evidence_status": "coordinate_outlier_review_not_scoring",
        "overture_source": "OpenAddresses/Singapore Land Authority",
        "postcode": "819831"
      },
      "type": "Feature"
    },
    {
      "geometry": {
        "coordinates": [
          [
            103.8640308,
            1.2848639
          ],
          [
            103.86434795238354,
            1.283166938357883
          ]
        ],
        "type": "LineString"
      },
      "properties": {
        "address_rows": 27,
        "current_address": null,
        "current_source": "osm_addr_postcode",
        "delta_m": 190.9,
        "evidence_status": "coordinate_outlier_review_not_scoring",
        "overture_source": "OpenAddresses/Singapore Land Authority",
        "postcode": "018953"
      },
      "type": "Feature"
    },
    {
      "geometry": {
        "coordinates": [
          [
            103.8863161,
            1.381697623
          ],
          [
            103.88473154703776,
            1.3823247353235881
          ]
        ],
        "type": "LineString"
      },
      "properties": {
        "address_rows": 15,
        "current_address": "10 BUANGKOK VIEW BUANGKOK GREEN MEDICAL PARK (BLOCK 9) SINGAPORE 539747",
        "current_source": "postal_universe_onemap_2020",
        "delta_m": 189.5,
        "evidence_status": "coordinate_outlier_review_not_scoring",
        "overture_source": "OpenAddresses/Singapore Land Authority",
        "postcode": "539747"
      },
      "type": "Feature"
    },
    {
      "geometry": {
        "coordinates": [
          [
            103.6808092,
            1.25610853
          ],
          [
            103.67951202392578,
            1.2572180032730103
          ]
        ],
        "type": "LineString"
      },
      "properties": {
        "address_rows": 1,
        "current_address": "121 BANYAN DRIVE SINGAPORE 627570",
        "current_source": "postal_universe_onemap_2020",
        "delta_m": 189.5,
        "evidence_status": "coordinate_outlier_review_not_scoring",
        "overture_source": "OpenAddresses/Singapore Land Authority",
        "postcode": "627570"
      },
      "type": "Feature"
    },
    {
      "geometry": {
        "coordinates": [
          [
            103.7769601,
            1.3095202
          ],
          [
            103.77865589686803,
            1.3094337940216065
          ]
        ],
        "type": "LineString"
      },
      "properties": {
        "address_rows": 70,
        "current_address": null,
        "current_source": "osm_addr_postcode",
        "delta_m": 189.0,
        "evidence_status": "coordinate_outlier_review_not_scoring",
        "overture_source": "OpenAddresses/Singapore Land Authority",
        "postcode": "139651"
      },
      "type": "Feature"
    },
    {
      "geometry": {
        "coordinates": [
          [
            103.9877937,
            1.318818427
          ],
          [
            103.98709869384766,
            1.3203736543655396
          ]
        ],
        "type": "LineString"
      },
      "properties": {
        "address_rows": 1,
        "current_address": "33A TANAH MERAH COAST ROAD TEMPORARY SITE OFFICE SINGAPORE 498715",
        "current_source": "postal_universe_onemap_2020",
        "delta_m": 188.6,
        "evidence_status": "coordinate_outlier_review_not_scoring",
        "overture_source": "OpenAddresses/Singapore Land Authority",
        "postcode": "498715"
      },
      "type": "Feature"
    },
    {
      "geometry": {
        "coordinates": [
          [
            103.7116394,
            1.3295296
          ],
          [
            103.71194458007812,
            1.3312054872512817
          ]
        ],
        "type": "LineString"
      },
      "properties": {
        "address_rows": 1,
        "current_address": null,
        "current_source": "osm_addr_postcode",
        "delta_m": 188.4,
        "evidence_status": "coordinate_outlier_review_not_scoring",
        "overture_source": "OpenAddresses/Singapore Land Authority",
        "postcode": "619625"
      },
      "type": "Feature"
    },
    {
      "geometry": {
        "coordinates": [
          [
            103.7275821,
            1.441094886
          ],
          [
            103.7284164428711,
            1.442564606666565
          ]
        ],
        "type": "LineString"
      },
      "properties": {
        "address_rows": 1,
        "current_address": "281 NEO TIEW CRESCENT SINGAPORE 718901",
        "current_source": "postal_universe_onemap_2020",
        "delta_m": 187.2,
        "evidence_status": "coordinate_outlier_review_not_scoring",
        "overture_source": "OpenAddresses/Singapore Land Authority",
        "postcode": "718901"
      },
      "type": "Feature"
    },
    {
      "geometry": {
        "coordinates": [
          [
            103.7568896,
            1.428501675
          ],
          [
            103.75810623168945,
            1.427343487739563
          ]
        ],
        "type": "LineString"
      },
      "properties": {
        "address_rows": 2,
        "current_address": "10 KRANJI ROAD KRANJI WATER RECLAMATION PLANT SINGAPORE 739520",
        "current_source": "postal_universe_onemap_2020",
        "delta_m": 186.4,
        "evidence_status": "coordinate_outlier_review_not_scoring",
        "overture_source": "OpenAddresses/Singapore Land Authority",
        "postcode": "739520"
      },
      "type": "Feature"
    },
    {
      "geometry": {
        "coordinates": [
          [
            103.873586231,
            1.30740895
          ],
          [
            103.87381744384766,
            1.3090627193450928
          ]
        ],
        "type": "LineString"
      },
      "properties": {
        "address_rows": 1,
        "current_address": null,
        "current_source": "osm_addr_postcode",
        "delta_m": 184.7,
        "evidence_status": "coordinate_outlier_review_not_scoring",
        "overture_source": "OpenAddresses/Singapore Land Authority",
        "postcode": "397750"
      },
      "type": "Feature"
    },
    {
      "geometry": {
        "coordinates": [
          [
            103.695923,
            1.259358463
          ],
          [
            103.69755554199219,
            1.2596575021743774
          ]
        ],
        "type": "LineString"
      },
      "properties": {
        "address_rows": 1,
        "current_address": "20 SAKRA ROAD SINGAPORE 627889",
        "current_source": "postal_universe_onemap_2020",
        "delta_m": 184.7,
        "evidence_status": "coordinate_outlier_review_not_scoring",
        "overture_source": "OpenAddresses/Singapore Land Authority",
        "postcode": "627889"
      },
      "type": "Feature"
    },
    {
      "geometry": {
        "coordinates": [
          [
            103.709178,
            1.3511502
          ],
          [
            103.7105941772461,
            1.3520210981369019
          ]
        ],
        "type": "LineString"
      },
      "properties": {
        "address_rows": 1,
        "current_address": null,
        "current_source": "osm_addr_postcode",
        "delta_m": 184.7,
        "evidence_status": "coordinate_outlier_review_not_scoring",
        "overture_source": "OpenAddresses/Singapore Land Authority",
        "postcode": "648195"
      },
      "type": "Feature"
    },
    {
      "geometry": {
        "coordinates": [
          [
            103.8836743,
            1.3135688
          ],
          [
            103.88533020019531,
            1.3135102987289429
          ]
        ],
        "type": "LineString"
      },
      "properties": {
        "address_rows": 1,
        "current_address": null,
        "current_source": "osm_addr_postcode",
        "delta_m": 184.4,
        "evidence_status": "coordinate_outlier_review_not_scoring",
        "overture_source": "OpenAddresses/Singapore Land Authority",
        "postcode": "389466"
      },
      "type": "Feature"
    },
    {
      "geometry": {
        "coordinates": [
          [
            103.8600277,
            1.2826411
          ],
          [
            103.85839080810547,
            1.282396912574768
          ]
        ],
        "type": "LineString"
      },
      "properties": {
        "address_rows": 1,
        "current_address": null,
        "current_source": "osm_addr_postcode",
        "delta_m": 184.2,
        "evidence_status": "coordinate_outlier_review_not_scoring",
        "overture_source": "OpenAddresses/Singapore Land Authority",
        "postcode": "018956"
      },
      "type": "Feature"
    },
    {
      "geometry": {
        "coordinates": [
          [
            103.9175663,
            1.325270892
          ],
          [
            103.91916275024414,
            1.3248907327651978
          ]
        ],
        "type": "LineString"
      },
      "properties": {
        "address_rows": 2,
        "current_address": "71 CHAI CHEE STREET SINGAPORE 468981",
        "current_source": "postal_universe_onemap_2020",
        "delta_m": 182.6,
        "evidence_status": "coordinate_outlier_review_not_scoring",
        "overture_source": "OpenAddresses/Singapore Land Authority",
        "postcode": "468981"
      },
      "type": "Feature"
    },
    {
      "geometry": {
        "coordinates": [
          [
            103.930676048,
            1.378671005
          ],
          [
            103.93226623535156,
            1.3790287971496582
          ]
        ],
        "type": "LineString"
      },
      "properties": {
        "address_rows": 1,
        "current_address": null,
        "current_source": "osm_addr_postcode",
        "delta_m": 181.3,
        "evidence_status": "coordinate_outlier_review_not_scoring",
        "overture_source": "OpenAddresses/Singapore Land Authority",
        "postcode": "519528"
      },
      "type": "Feature"
    },
    {
      "geometry": {
        "coordinates": [
          [
            103.955461,
            1.3791325
          ],
          [
            103.95510959625244,
            1.3775413781404495
          ]
        ],
        "type": "LineString"
      },
      "properties": {
        "address_rows": 8,
        "current_address": null,
        "current_source": "osm_addr_postcode",
        "delta_m": 180.2,
        "evidence_status": "coordinate_outlier_review_not_scoring",
        "overture_source": "OpenAddresses/Singapore Land Authority",
        "postcode": "519599"
      },
      "type": "Feature"
    },
    {
      "geometry": {
        "coordinates": [
          [
            103.63113681,
            1.327965183
          ],
          [
            103.63195037841797,
            1.3293728828430176
          ]
        ],
        "type": "LineString"
      },
      "properties": {
        "address_rows": 1,
        "current_address": null,
        "current_source": "osm_addr_postcode",
        "delta_m": 180.1,
        "evidence_status": "coordinate_outlier_review_not_scoring",
        "overture_source": "OpenAddresses/Singapore Land Authority",
        "postcode": "638413"
      },
      "type": "Feature"
    },
    {
      "geometry": {
        "coordinates": [
          [
            103.809804783,
            1.402727317
          ],
          [
            103.80968475341797,
            1.4011048078536987
          ]
        ],
        "type": "LineString"
      },
      "properties": {
        "address_rows": 1,
        "current_address": null,
        "current_source": "osm_addr_postcode",
        "delta_m": 179.9,
        "evidence_status": "coordinate_outlier_review_not_scoring",
        "overture_source": "OpenAddresses/Singapore Land Authority",
        "postcode": "779384"
      },
      "type": "Feature"
    },
    {
      "geometry": {
        "coordinates": [
          [
            103.9891935,
            1.3536458
          ],
          [
            103.98902002970378,
            1.3552437822024028
          ]
        ],
        "type": "LineString"
      },
      "properties": {
        "address_rows": 6,
        "current_address": null,
        "current_source": "osm_addr_postcode",
        "delta_m": 177.7,
        "evidence_status": "coordinate_outlier_review_not_scoring",
        "overture_source": "OpenAddresses/Singapore Land Authority",
        "postcode": "819643"
      },
      "type": "Feature"
    },
    {
      "geometry": {
        "coordinates": [
          [
            103.8760074,
            1.3824371
          ],
          [
            103.87443542480469,
            1.382706880569458
          ]
        ],
        "type": "LineString"
      },
      "properties": {
        "address_rows": 1,
        "current_address": null,
        "current_source": "osm_addr_postcode",
        "delta_m": 177.5,
        "evidence_status": "coordinate_outlier_review_not_scoring",
        "overture_source": "OpenAddresses/Singapore Land Authority",
        "postcode": "808399"
      },
      "type": "Feature"
    },
    {
      "geometry": {
        "coordinates": [
          [
            103.615989512,
            1.250916811
          ],
          [
            103.61598205566406,
            1.252518892288208
          ]
        ],
        "type": "LineString"
      },
      "properties": {
        "address_rows": 1,
        "current_address": null,
        "current_source": "osm_addr_postcode",
        "delta_m": 177.2,
        "evidence_status": "coordinate_outlier_review_not_scoring",
        "overture_source": "OpenAddresses/Singapore Land Authority",
        "postcode": "637065"
      },
      "type": "Feature"
    },
    {
      "geometry": {
        "coordinates": [
          [
            104.0313297,
            1.360033437
          ],
          [
            104.02983093261719,
            1.360541820526123
          ]
        ],
        "type": "LineString"
      },
      "properties": {
        "address_rows": 1,
        "current_address": "21A AVIATION PARK ROAD TEMPORARY SITE OFFICE SINGAPORE 498762",
        "current_source": "postal_universe_onemap_2020",
        "delta_m": 176.0,
        "evidence_status": "coordinate_outlier_review_not_scoring",
        "overture_source": "OpenAddresses/Singapore Land Authority",
        "postcode": "498762"
      },
      "type": "Feature"
    },
    {
      "geometry": {
        "coordinates": [
          [
            103.8603049,
            1.37493579
          ],
          [
            103.8612060546875,
            1.3736311435699462
          ]
        ],
        "type": "LineString"
      },
      "properties": {
        "address_rows": 5,
        "current_address": "5058 ANG MO KIO INDUSTRIAL PARK 2 ANG MO KIO INDUSTRIAL PARK 2 SINGAPORE 569561",
        "current_source": "postal_universe_onemap_2020",
        "delta_m": 175.7,
        "evidence_status": "coordinate_outlier_review_not_scoring",
        "overture_source": "OpenAddresses/Singapore Land Authority",
        "postcode": "569561"
      },
      "type": "Feature"
    },
    {
      "geometry": {
        "coordinates": [
          [
            103.7643794,
            1.3636865
          ],
          [
            103.76557922363281,
            1.3647019863128662
          ]
        ],
        "type": "LineString"
      },
      "properties": {
        "address_rows": 1,
        "current_address": null,
        "current_source": "osm_addr_postcode",
        "delta_m": 174.5,
        "evidence_status": "coordinate_outlier_review_not_scoring",
        "overture_source": "OpenAddresses/Singapore Land Authority",
        "postcode": "669554"
      },
      "type": "Feature"
    },
    {
      "geometry": {
        "coordinates": [
          [
            103.712223436,
            1.311434357
          ],
          [
            103.71066284179688,
            1.311313271522522
          ]
        ],
        "type": "LineString"
      },
      "properties": {
        "address_rows": 1,
        "current_address": null,
        "current_source": "osm_addr_postcode",
        "delta_m": 174.2,
        "evidence_status": "coordinate_outlier_review_not_scoring",
        "overture_source": "OpenAddresses/Singapore Land Authority",
        "postcode": "619175"
      },
      "type": "Feature"
    },
    {
      "geometry": {
        "coordinates": [
          [
            103.66711857,
            1.253897005
          ],
          [
            103.66557312011719,
            1.2537586688995361
          ]
        ],
        "type": "LineString"
      },
      "properties": {
        "address_rows": 1,
        "current_address": null,
        "current_source": "osm_addr_postcode",
        "delta_m": 172.7,
        "evidence_status": "coordinate_outlier_review_not_scoring",
        "overture_source": "OpenAddresses/Singapore Land Authority",
        "postcode": "627722"
      },
      "type": "Feature"
    },
    {
      "geometry": {
        "coordinates": [
          [
            103.7688104,
            1.3028641
          ],
          [
            103.76731872558594,
            1.302445650100708
          ]
        ],
        "type": "LineString"
      },
      "properties": {
        "address_rows": 1,
        "current_address": null,
        "current_source": "osm_addr_postcode",
        "delta_m": 172.3,
        "evidence_status": "coordinate_outlier_review_not_scoring",
        "overture_source": "OpenAddresses/Singapore Land Authority",
        "postcode": "129790"
      },
      "type": "Feature"
    },
    {
      "geometry": {
        "coordinates": [
          [
            103.8917216,
            1.345793924
          ],
          [
            103.89324951171875,
            1.3460367918014526
          ]
        ],
        "type": "LineString"
      },
      "properties": {
        "address_rows": 1,
        "current_address": "4 DEFU AVENUE 1 SINGAPORE 539536",
        "current_source": "postal_universe_onemap_2020",
        "delta_m": 172.1,
        "evidence_status": "coordinate_outlier_review_not_scoring",
        "overture_source": "OpenAddresses/Singapore Land Authority",
        "postcode": "539536"
      },
      "type": "Feature"
    },
    {
      "geometry": {
        "coordinates": [
          [
            103.9683767,
            1.418147693
          ],
          [
            103.96990966796875,
            1.4182969331741333
          ]
        ],
        "type": "LineString"
      },
      "properties": {
        "address_rows": 2,
        "current_address": "80 JALAN NOORDIN NATIONAL POLICE CADET CORPS CAMPSITE SINGAPORE 506995",
        "current_source": "postal_universe_onemap_2020",
        "delta_m": 171.4,
        "evidence_status": "coordinate_outlier_review_not_scoring",
        "overture_source": "OpenAddresses/Singapore Land Authority",
        "postcode": "506995"
      },
      "type": "Feature"
    },
    {
      "geometry": {
        "coordinates": [
          [
            103.8017633,
            1.3173771
          ],
          [
            103.80162811279297,
            1.3189177513122559
          ]
        ],
        "type": "LineString"
      },
      "properties": {
        "address_rows": 1,
        "current_address": null,
        "current_source": "osm_addr_postcode",
        "delta_m": 171.0,
        "evidence_status": "coordinate_outlier_review_not_scoring",
        "overture_source": "OpenAddresses/Singapore Land Authority",
        "postcode": "269672"
      },
      "type": "Feature"
    },
    {
      "geometry": {
        "coordinates": [
          [
            103.7120358,
            1.278948409
          ],
          [
            103.71292877197266,
            1.280200481414795
          ]
        ],
        "type": "LineString"
      },
      "properties": {
        "address_rows": 1,
        "current_address": "21 MERLIMAU PLACE SINGAPORE 627840",
        "current_source": "postal_universe_onemap_2020",
        "delta_m": 170.4,
        "evidence_status": "coordinate_outlier_review_not_scoring",
        "overture_source": "OpenAddresses/Singapore Land Authority",
        "postcode": "627840"
      },
      "type": "Feature"
    },
    {
      "geometry": {
        "coordinates": [
          [
            103.7231769,
            1.385189288
          ],
          [
            103.72392272949219,
            1.3838438987731934
          ]
        ],
        "type": "LineString"
      },
      "properties": {
        "address_rows": 1,
        "current_address": "60 JALAN LEKAR SINGAPORE 698947",
        "current_source": "postal_universe_onemap_2020",
        "delta_m": 170.4,
        "evidence_status": "coordinate_outlier_review_not_scoring",
        "overture_source": "OpenAddresses/Singapore Land Authority",
        "postcode": "698947"
      },
      "type": "Feature"
    },
    {
      "geometry": {
        "coordinates": [
          [
            103.89334376,
            1.395603173
          ],
          [
            103.89187367757161,
            1.3960005044937134
          ]
        ],
        "type": "LineString"
      },
      "properties": {
        "address_rows": 3,
        "current_address": null,
        "current_source": "osm_addr_postcode",
        "delta_m": 169.4,
        "evidence_status": "coordinate_outlier_review_not_scoring",
        "overture_source": "OpenAddresses/Singapore Land Authority",
        "postcode": "544835"
      },
      "type": "Feature"
    },
    {
      "geometry": {
        "coordinates": [
          [
            103.802088023,
            1.28341755
          ],
          [
            103.80300903320312,
            1.2822012901306152
          ]
        ],
        "type": "LineString"
      },
      "properties": {
        "address_rows": 1,
        "current_address": null,
        "current_source": "osm_addr_postcode",
        "delta_m": 169.1,
        "evidence_status": "coordinate_outlier_review_not_scoring",
        "overture_source": "OpenAddresses/Singapore Land Authority",
        "postcode": "109691"
      },
      "type": "Feature"
    },
    {
      "geometry": {
        "coordinates": [
          [
            103.6845489,
            1.317434027
          ],
          [
            103.68489074707031,
            1.3159459829330444
          ]
        ],
        "type": "LineString"
      },
      "properties": {
        "address_rows": 2,
        "current_address": "20 PIONEER ROAD SINGAPORE 628507",
        "current_source": "postal_universe_onemap_2020",
        "delta_m": 168.9,
        "evidence_status": "coordinate_outlier_review_not_scoring",
        "overture_source": "OpenAddresses/Singapore Land Authority",
        "postcode": "628507"
      },
      "type": "Feature"
    },
    {
      "geometry": {
        "coordinates": [
          [
            103.6646515,
            1.273296878
          ],
          [
            103.66324615478516,
            1.2727502584457397
          ]
        ],
        "type": "LineString"
      },
      "properties": {
        "address_rows": 1,
        "current_address": "22 TEMBUSU CRESCENT SINGAPORE 627611",
        "current_source": "postal_universe_onemap_2020",
        "delta_m": 167.7,
        "evidence_status": "coordinate_outlier_review_not_scoring",
        "overture_source": "OpenAddresses/Singapore Land Authority",
        "postcode": "627611"
      },
      "type": "Feature"
    },
    {
      "geometry": {
        "coordinates": [
          [
            103.6926761,
            1.308543512
          ],
          [
            103.69290924072266,
            1.3100416660308838
          ]
        ],
        "type": "LineString"
      },
      "properties": {
        "address_rows": 1,
        "current_address": "2 REFINERY ROAD SINGAPORE 628191",
        "current_source": "postal_universe_onemap_2020",
        "delta_m": 167.7,
        "evidence_status": "coordinate_outlier_review_not_scoring",
        "overture_source": "OpenAddresses/Singapore Land Authority",
        "postcode": "628191"
      },
      "type": "Feature"
    },
    {
      "geometry": {
        "coordinates": [
          [
            103.8682864,
            1.337486887
          ],
          [
            103.86969757080078,
            1.3369746208190918
          ]
        ],
        "type": "LineString"
      },
      "properties": {
        "address_rows": 1,
        "current_address": "1 WOODLEIGH LANE STAMFORD AMERICAN INTERNATIONAL SCHOOL SINGAPORE 357684",
        "current_source": "postal_universe_onemap_2020",
        "delta_m": 167.0,
        "evidence_status": "coordinate_outlier_review_not_scoring",
        "overture_source": "OpenAddresses/Singapore Land Authority",
        "postcode": "357684"
      },
      "type": "Feature"
    },
    {
      "geometry": {
        "coordinates": [
          [
            103.6940775,
            1.3285419
          ],
          [
            103.69300079345703,
            1.3295882940292358
          ]
        ],
        "type": "LineString"
      },
      "properties": {
        "address_rows": 1,
        "current_address": null,
        "current_source": "osm_addr_postcode",
        "delta_m": 166.6,
        "evidence_status": "coordinate_outlier_review_not_scoring",
        "overture_source": "OpenAddresses/Singapore Land Authority",
        "postcode": "628776"
      },
      "type": "Feature"
    },
    {
      "geometry": {
        "coordinates": [
          [
            103.8724202,
            1.3283843
          ],
          [
            103.87372589111328,
            1.3291149139404297
          ]
        ],
        "type": "LineString"
      },
      "properties": {
        "address_rows": 1,
        "current_address": null,
        "current_source": "osm_addr_postcode",
        "delta_m": 166.3,
        "evidence_status": "coordinate_outlier_review_not_scoring",
        "overture_source": "OpenAddresses/Singapore Land Authority",
        "postcode": "348528"
      },
      "type": "Feature"
    },
    {
      "geometry": {
        "coordinates": [
          [
            103.899839943,
            1.32413885
          ],
          [
            103.90128326416016,
            1.3244752883911133
          ]
        ],
        "type": "LineString"
      },
      "properties": {
        "address_rows": 1,
        "current_address": null,
        "current_source": "osm_addr_postcode",
        "delta_m": 164.9,
        "evidence_status": "coordinate_outlier_review_not_scoring",
        "overture_source": "OpenAddresses/Singapore Land Authority",
        "postcode": "409496"
      },
      "type": "Feature"
    },
    {
      "geometry": {
        "coordinates": [
          [
            103.700656,
            1.437960068
          ],
          [
            103.7017822265625,
            1.4389228820800781
          ]
        ],
        "type": "LineString"
      },
      "properties": {
        "address_rows": 1,
        "current_address": "70 JALAN BAHTERA SINGAPORE SCOUT ASSOCIATION SARIMBUN CAMPSITE SINGAPORE 719921",
        "current_source": "postal_universe_onemap_2020",
        "delta_m": 164.4,
        "evidence_status": "coordinate_outlier_review_not_scoring",
        "overture_source": "OpenAddresses/Singapore Land Authority",
        "postcode": "719921"
      },
      "type": "Feature"
    },
    {
      "geometry": {
        "coordinates": [
          [
            103.9129616,
            1.3011048
          ],
          [
            103.91413116455078,
            1.3020004034042358
          ]
        ],
        "type": "LineString"
      },
      "properties": {
        "address_rows": 1,
        "current_address": null,
        "current_source": "osm_addr_postcode",
        "delta_m": 163.6,
        "evidence_status": "coordinate_outlier_review_not_scoring",
        "overture_source": "OpenAddresses/Singapore Land Authority",
        "postcode": "449876"
      },
      "type": "Feature"
    },
    {
      "geometry": {
        "coordinates": [
          [
            103.918567096,
            1.396587213
          ],
          [
            103.91761779785156,
            1.395459771156311
          ]
        ],
        "type": "LineString"
      },
      "properties": {
        "address_rows": 1,
        "current_address": null,
        "current_source": "osm_addr_postcode",
        "delta_m": 163.4,
        "evidence_status": "coordinate_outlier_review_not_scoring",
        "overture_source": "OpenAddresses/Singapore Land Authority",
        "postcode": "828825"
      },
      "type": "Feature"
    },
    {
      "geometry": {
        "coordinates": [
          [
            103.8706689,
            1.3640732
          ],
          [
            103.87210083007812,
            1.3643953800201416
          ]
        ],
        "type": "LineString"
      },
      "properties": {
        "address_rows": 1,
        "current_address": null,
        "current_source": "osm_addr_postcode",
        "delta_m": 163.3,
        "evidence_status": "coordinate_outlier_review_not_scoring",
        "overture_source": "OpenAddresses/Singapore Land Authority",
        "postcode": "556200"
      },
      "type": "Feature"
    },
    {
      "geometry": {
        "coordinates": [
          [
            103.6666224,
            1.275017102
          ],
          [
            103.66532897949219,
            1.2757130861282349
          ]
        ],
        "type": "LineString"
      },
      "properties": {
        "address_rows": 1,
        "current_address": "20A TEMBUSU CRESCENT SINGAPORE 627613",
        "current_source": "postal_universe_onemap_2020",
        "delta_m": 163.2,
        "evidence_status": "coordinate_outlier_review_not_scoring",
        "overture_source": "OpenAddresses/Singapore Land Authority",
        "postcode": "627613"
      },
      "type": "Feature"
    },
    {
      "geometry": {
        "coordinates": [
          [
            103.887556099,
            1.381756604
          ],
          [
            103.88673400878906,
            1.3805372714996338
          ]
        ],
        "type": "LineString"
      },
      "properties": {
        "address_rows": 1,
        "current_address": null,
        "current_source": "osm_addr_postcode",
        "delta_m": 162.9,
        "evidence_status": "coordinate_outlier_review_not_scoring",
        "overture_source": "OpenAddresses/Singapore Land Authority",
        "postcode": "539755"
      },
      "type": "Feature"
    },
    {
      "geometry": {
        "coordinates": [
          [
            103.862443829,
            1.3895179
          ],
          [
            103.86101531982422,
            1.3891992568969727
          ]
        ],
        "type": "LineString"
      },
      "properties": {
        "address_rows": 1,
        "current_address": null,
        "current_source": "osm_addr_postcode",
        "delta_m": 162.8,
        "evidence_status": "coordinate_outlier_review_not_scoring",
        "overture_source": "OpenAddresses/Singapore Land Authority",
        "postcode": "806052"
      },
      "type": "Feature"
    },
    {
      "geometry": {
        "coordinates": [
          [
            103.8535632,
            1.2926202
          ],
          [
            103.85501098632812,
            1.2924153804779053
          ]
        ],
        "type": "LineString"
      },
      "properties": {
        "address_rows": 2,
        "current_address": null,
        "current_source": "osm_addr_postcode",
        "delta_m": 162.7,
        "evidence_status": "coordinate_outlier_review_not_scoring",
        "overture_source": "OpenAddresses/Singapore Land Authority",
        "postcode": "039393"
      },
      "type": "Feature"
    },
    {
      "geometry": {
        "coordinates": [
          [
            103.6683952,
            1.321165912
          ],
          [
            103.6696548461914,
            1.3204493522644043
          ]
        ],
        "type": "LineString"
      },
      "properties": {
        "address_rows": 1,
        "current_address": "4 GUL WAY SINGAPORE 629192",
        "current_source": "postal_universe_onemap_2020",
        "delta_m": 161.0,
        "evidence_status": "coordinate_outlier_review_not_scoring",
        "overture_source": "OpenAddresses/Singapore Land Authority",
        "postcode": "629192"
      },
      "type": "Feature"
    },
    {
      "geometry": {
        "coordinates": [
          [
            103.8749495,
            1.322172092
          ],
          [
            103.87606048583984,
            1.3212517499923706
          ]
        ],
        "type": "LineString"
      },
      "properties": {
        "address_rows": 1,
        "current_address": "161 KALLANG WAY SINGAPORE 349247",
        "current_source": "postal_universe_onemap_2020",
        "delta_m": 160.1,
        "evidence_status": "coordinate_outlier_review_not_scoring",
        "overture_source": "OpenAddresses/Singapore Land Authority",
        "postcode": "349247"
      },
      "type": "Feature"
    },
    {
      "geometry": {
        "coordinates": [
          [
            103.7309446,
            1.311463284
          ],
          [
            103.73053741455078,
            1.3100746870040894
          ]
        ],
        "type": "LineString"
      },
      "properties": {
        "address_rows": 1,
        "current_address": "38 PENJURU LANE SINGAPORE 609204",
        "current_source": "postal_universe_onemap_2020",
        "delta_m": 160.1,
        "evidence_status": "coordinate_outlier_review_not_scoring",
        "overture_source": "OpenAddresses/Singapore Land Authority",
        "postcode": "609204"
      },
      "type": "Feature"
    },
    {
      "geometry": {
        "coordinates": [
          [
            103.8578065,
            1.3007562
          ],
          [
            103.85812759399414,
            1.2993485927581787
          ]
        ],
        "type": "LineString"
      },
      "properties": {
        "address_rows": 2,
        "current_address": null,
        "current_source": "osm_addr_postcode",
        "delta_m": 159.7,
        "evidence_status": "coordinate_outlier_review_not_scoring",
        "overture_source": "OpenAddresses/Singapore Land Authority",
        "postcode": "189356"
      },
      "type": "Feature"
    },
    {
      "geometry": {
        "coordinates": [
          [
            103.808284073,
            1.45405945
          ],
          [
            103.80953216552734,
            1.4547549486160278
          ]
        ],
        "type": "LineString"
      },
      "properties": {
        "address_rows": 1,
        "current_address": null,
        "current_source": "osm_addr_postcode",
        "delta_m": 158.8,
        "evidence_status": "coordinate_outlier_review_not_scoring",
        "overture_source": "OpenAddresses/Singapore Land Authority",
        "postcode": "738068"
      },
      "type": "Feature"
    },
    {
      "geometry": {
        "coordinates": [
          [
            103.80188325,
            1.28308155
          ],
          [
            103.80300903320312,
            1.2822012901306152
          ]
        ],
        "type": "LineString"
      },
      "properties": {
        "address_rows": 1,
        "current_address": null,
        "current_source": "osm_addr_postcode",
        "delta_m": 158.7,
        "evidence_status": "coordinate_outlier_review_not_scoring",
        "overture_source": "OpenAddresses/Singapore Land Authority",
        "postcode": "109690"
      },
      "type": "Feature"
    },
    {
      "geometry": {
        "coordinates": [
          [
            103.6975809,
            1.263913407
          ],
          [
            103.69895935058594,
            1.263559103012085
          ]
        ],
        "type": "LineString"
      },
      "properties": {
        "address_rows": 1,
        "current_address": "50 SAKRA AVENUE SINGAPORE 627891",
        "current_source": "postal_universe_onemap_2020",
        "delta_m": 158.3,
        "evidence_status": "coordinate_outlier_review_not_scoring",
        "overture_source": "OpenAddresses/Singapore Land Authority",
        "postcode": "627891"
      },
      "type": "Feature"
    },
    {
      "geometry": {
        "coordinates": [
          [
            103.8258047,
            1.460501377
          ],
          [
            103.82493209838867,
            1.4593703150749207
          ]
        ],
        "type": "LineString"
      },
      "properties": {
        "address_rows": 2,
        "current_address": "90 ADMIRALTY ROAD WEST SINGAPORE 759957",
        "current_source": "postal_universe_onemap_2020",
        "delta_m": 158.3,
        "evidence_status": "coordinate_outlier_review_not_scoring",
        "overture_source": "OpenAddresses/Singapore Land Authority",
        "postcode": "759957"
      },
      "type": "Feature"
    },
    {
      "geometry": {
        "coordinates": [
          [
            103.8818654,
            1.3517688
          ],
          [
            103.88091278076172,
            1.3528306484222412
          ]
        ],
        "type": "LineString"
      },
      "properties": {
        "address_rows": 1,
        "current_address": null,
        "current_source": "osm_addr_postcode",
        "delta_m": 158.2,
        "evidence_status": "coordinate_outlier_review_not_scoring",
        "overture_source": "OpenAddresses/Singapore Land Authority",
        "postcode": "534075"
      },
      "type": "Feature"
    },
    {
      "geometry": {
        "coordinates": [
          [
            103.732740178,
            1.377581412
          ],
          [
            103.73136138916016,
            1.3772332668304443
          ]
        ],
        "type": "LineString"
      },
      "properties": {
        "address_rows": 1,
        "current_address": null,
        "current_source": "osm_addr_postcode",
        "delta_m": 158.2,
        "evidence_status": "coordinate_outlier_review_not_scoring",
        "overture_source": "OpenAddresses/Singapore Land Authority",
        "postcode": "699969"
      },
      "type": "Feature"
    },
    {
      "geometry": {
        "coordinates": [
          [
            103.8883225,
            1.3708523
          ],
          [
            103.88751220703125,
            1.3696873188018799
          ]
        ],
        "type": "LineString"
      },
      "properties": {
        "address_rows": 1,
        "current_address": null,
        "current_source": "osm_addr_postcode",
        "delta_m": 157.2,
        "evidence_status": "coordinate_outlier_review_not_scoring",
        "overture_source": "OpenAddresses/Singapore Land Authority",
        "postcode": "538830"
      },
      "type": "Feature"
    },
    {
      "geometry": {
        "coordinates": [
          [
            103.7031076,
            1.256143565
          ],
          [
            103.70242309570312,
            1.2573866844177246
          ]
        ],
        "type": "LineString"
      },
      "properties": {
        "address_rows": 1,
        "current_address": "31 SAKRA AVENUE SINGAPORE 627801",
        "current_source": "postal_universe_onemap_2020",
        "delta_m": 157.2,
        "evidence_status": "coordinate_outlier_review_not_scoring",
        "overture_source": "OpenAddresses/Singapore Land Authority",
        "postcode": "627801"
      },
      "type": "Feature"
    },
    {
      "geometry": {
        "coordinates": [
          [
            103.8428133,
            1.2792088
          ],
          [
            103.84178924560547,
            1.2782423496246338
          ]
        ],
        "type": "LineString"
      },
      "properties": {
        "address_rows": 4,
        "current_address": null,
        "current_source": "osm_addr_postcode",
        "delta_m": 156.2,
        "evidence_status": "coordinate_outlier_review_not_scoring",
        "overture_source": "OpenAddresses/Singapore Land Authority",
        "postcode": "089676"
      },
      "type": "Feature"
    },
    {
      "geometry": {
        "coordinates": [
          [
            103.693498492,
            1.367247053
          ],
          [
            103.69210052490234,
            1.3673375844955444
          ]
        ],
        "type": "LineString"
      },
      "properties": {
        "address_rows": 1,
        "current_address": null,
        "current_source": "osm_addr_postcode",
        "delta_m": 155.9,
        "evidence_status": "coordinate_outlier_review_not_scoring",
        "overture_source": "OpenAddresses/Singapore Land Authority",
        "postcode": "649734"
      },
      "type": "Feature"
    },
    {
      "geometry": {
        "coordinates": [
          [
            103.9612915,
            1.336967998
          ],
          [
            103.9623779296875,
            1.3378429889678956
          ]
        ],
        "type": "LineString"
      },
      "properties": {
        "address_rows": 5,
        "current_address": "9 SOMAPAH ROAD SINGAPORE EXPO (FOYER 3) SINGAPORE 487370",
        "current_source": "postal_universe_onemap_2020",
        "delta_m": 154.9,
        "evidence_status": "coordinate_outlier_review_not_scoring",
        "overture_source": "OpenAddresses/Singapore Land Authority",
        "postcode": "487370"
      },
      "type": "Feature"
    },
    {
      "geometry": {
        "coordinates": [
          [
            103.6836254,
            1.31784662
          ],
          [
            103.68388366699219,
            1.3192156553268433
          ]
        ],
        "type": "LineString"
      },
      "properties": {
        "address_rows": 1,
        "current_address": "14 BENOI SECTOR SINGAPORE 629847",
        "current_source": "postal_universe_onemap_2020",
        "delta_m": 154.1,
        "evidence_status": "coordinate_outlier_review_not_scoring",
        "overture_source": "OpenAddresses/Singapore Land Authority",
        "postcode": "629847"
      },
      "type": "Feature"
    },
    {
      "geometry": {
        "coordinates": [
          [
            103.68031,
            1.304015123
          ],
          [
            103.6797103881836,
            1.305270791053772
          ]
        ],
        "type": "LineString"
      },
      "properties": {
        "address_rows": 1,
        "current_address": "5 BENOI ROAD SINGAPORE 629879",
        "current_source": "postal_universe_onemap_2020",
        "delta_m": 154.0,
        "evidence_status": "coordinate_outlier_review_not_scoring",
        "overture_source": "OpenAddresses/Singapore Land Authority",
        "postcode": "629879"
      },
      "type": "Feature"
    },
    {
      "geometry": {
        "coordinates": [
          [
            103.8249382,
            1.294141109
          ],
          [
            103.8257064819336,
            1.2952868938446045
          ]
        ],
        "type": "LineString"
      },
      "properties": {
        "address_rows": 1,
        "current_address": "301 JERVOIS ROAD HIGH COMMISSION OF MALAYSIA SINGAPORE 249077",
        "current_source": "postal_universe_onemap_2020",
        "delta_m": 152.8,
        "evidence_status": "coordinate_outlier_review_not_scoring",
        "overture_source": "OpenAddresses/Singapore Land Authority",
        "postcode": "249077"
      },
      "type": "Feature"
    },
    {
      "geometry": {
        "coordinates": [
          [
            103.8024012,
            1.2834319
          ],
          [
            103.80300903320312,
            1.2822012901306152
          ]
        ],
        "type": "LineString"
      },
      "properties": {
        "address_rows": 1,
        "current_address": null,
        "current_source": "osm_addr_postcode",
        "delta_m": 152.0,
        "evidence_status": "coordinate_outlier_review_not_scoring",
        "overture_source": "OpenAddresses/Singapore Land Authority",
        "postcode": "109692"
      },
      "type": "Feature"
    },
    {
      "geometry": {
        "coordinates": [
          [
            103.933055605,
            1.345022142
          ],
          [
            103.93194805492054,
            1.3458217572082172
          ]
        ],
        "type": "LineString"
      },
      "properties": {
        "address_rows": 44,
        "current_address": null,
        "current_source": "osm_addr_postcode",
        "delta_m": 151.7,
        "evidence_status": "coordinate_outlier_review_not_scoring",
        "overture_source": "OpenAddresses/Singapore Land Authority",
        "postcode": "529757"
      },
      "type": "Feature"
    },
    {
      "geometry": {
        "coordinates": [
          [
            103.842859935,
            1.383200599
          ],
          [
            103.84264882405598,
            1.3818569580713909
          ]
        ],
        "type": "LineString"
      },
      "properties": {
        "address_rows": 3,
        "current_address": null,
        "current_source": "osm_addr_postcode",
        "delta_m": 150.4,
        "evidence_status": "coordinate_outlier_review_not_scoring",
        "overture_source": "OpenAddresses/Singapore Land Authority",
        "postcode": "569845"
      },
      "type": "Feature"
    },
    {
      "geometry": {
        "coordinates": [
          [
            103.998427611,
            1.37954195
          ],
          [
            103.998779296875,
            1.380851149559021
          ]
        ],
        "type": "LineString"
      },
      "properties": {
        "address_rows": 1,
        "current_address": null,
        "current_source": "osm_addr_postcode",
        "delta_m": 150.0,
        "evidence_status": "coordinate_outlier_review_not_scoring",
        "overture_source": "OpenAddresses/Singapore Land Authority",
        "postcode": "819828"
      },
      "type": "Feature"
    },
    {
      "geometry": {
        "coordinates": [
          [
            103.9477469,
            1.3264829
          ],
          [
            103.94892883300781,
            1.327133059501648
          ]
        ],
        "type": "LineString"
      },
      "properties": {
        "address_rows": 1,
        "current_address": null,
        "current_source": "osm_addr_postcode",
        "delta_m": 149.9,
        "evidence_status": "coordinate_outlier_review_not_scoring",
        "overture_source": "OpenAddresses/Singapore Land Authority",
        "postcode": "469597"
      },
      "type": "Feature"
    },
    {
      "geometry": {
        "coordinates": [
          [
            103.8873743,
            1.309254021
          ],
          [
            103.88603973388672,
            1.3093208074569702
          ]
        ],
        "type": "LineString"
      },
      "properties": {
        "address_rows": 1,
        "current_address": "1A JALAN DUA SINGAPORE 886127",
        "current_source": "postal_universe_onemap_2020",
        "delta_m": 148.7,
        "evidence_status": "coordinate_outlier_review_not_scoring",
        "overture_source": "OpenAddresses/Singapore Land Authority",
        "postcode": "886127"
      },
      "type": "Feature"
    },
    {
      "geometry": {
        "coordinates": [
          [
            103.692833962,
            1.329588496
          ],
          [
            103.69254302978516,
            1.3282817602157593
          ]
        ],
        "type": "LineString"
      },
      "properties": {
        "address_rows": 1,
        "current_address": null,
        "current_source": "osm_addr_postcode",
        "delta_m": 148.1,
        "evidence_status": "coordinate_outlier_review_not_scoring",
        "overture_source": "OpenAddresses/Singapore Land Authority",
        "postcode": "628763"
      },
      "type": "Feature"
    },
    {
      "geometry": {
        "coordinates": [
          [
            103.8565155,
            1.295688
          ],
          [
            103.85588836669922,
            1.294508934020996
          ]
        ],
        "type": "LineString"
      },
      "properties": {
        "address_rows": 2,
        "current_address": null,
        "current_source": "osm_addr_postcode",
        "delta_m": 147.9,
        "evidence_status": "coordinate_outlier_review_not_scoring",
        "overture_source": "OpenAddresses/Singapore Land Authority",
        "postcode": "189767"
      },
      "type": "Feature"
    },
    {
      "geometry": {
        "coordinates": [
          [
            103.7645777,
            1.3634687
          ],
          [
            103.76476287841797,
            1.3647863864898682
          ]
        ],
        "type": "LineString"
      },
      "properties": {
        "address_rows": 1,
        "current_address": null,
        "current_source": "osm_addr_postcode",
        "delta_m": 147.2,
        "evidence_status": "coordinate_outlier_review_not_scoring",
        "overture_source": "OpenAddresses/Singapore Land Authority",
        "postcode": "667981"
      },
      "type": "Feature"
    },
    {
      "geometry": {
        "coordinates": [
          [
            103.836301528,
            1.3248286
          ],
          [
            103.83501434326172,
            1.3245559930801392
          ]
        ],
        "type": "LineString"
      },
      "properties": {
        "address_rows": 1,
        "current_address": null,
        "current_source": "osm_addr_postcode",
        "delta_m": 146.4,
        "evidence_status": "coordinate_outlier_review_not_scoring",
        "overture_source": "OpenAddresses/Singapore Land Authority",
        "postcode": "297821"
      },
      "type": "Feature"
    },
    {
      "geometry": {
        "coordinates": [
          [
            103.735269252,
            1.351653451
          ],
          [
            103.73652648925781,
            1.3520135879516602
          ]
        ],
        "type": "LineString"
      },
      "properties": {
        "address_rows": 1,
        "current_address": null,
        "current_source": "osm_addr_postcode",
        "delta_m": 145.5,
        "evidence_status": "coordinate_outlier_review_not_scoring",
        "overture_source": "OpenAddresses/Singapore Land Authority",
        "postcode": "690110"
      },
      "type": "Feature"
    },
    {
      "geometry": {
        "coordinates": [
          [
            103.6362292,
            1.301090575
          ],
          [
            103.63638305664062,
            1.299785852432251
          ]
        ],
        "type": "LineString"
      },
      "properties": {
        "address_rows": 1,
        "current_address": "31 TUAS SOUTH AVENUE 6 TUAS BIOMEDICAL PARK I SINGAPORE 637578",
        "current_source": "postal_universe_onemap_2020",
        "delta_m": 145.3,
        "evidence_status": "coordinate_outlier_review_not_scoring",
        "overture_source": "OpenAddresses/Singapore Land Authority",
        "postcode": "637578"
      },
      "type": "Feature"
    },
    {
      "geometry": {
        "coordinates": [
          [
            103.872689678,
            1.4046937
          ],
          [
            103.87246704101562,
            1.4034028053283691
          ]
        ],
        "type": "LineString"
      },
      "properties": {
        "address_rows": 1,
        "current_address": null,
        "current_source": "osm_addr_postcode",
        "delta_m": 144.9,
        "evidence_status": "coordinate_outlier_review_not_scoring",
        "overture_source": "OpenAddresses/Singapore Land Authority",
        "postcode": "797644"
      },
      "type": "Feature"
    },
    {
      "geometry": {
        "coordinates": [
          [
            103.74114,
            1.33392
          ],
          [
            103.74176788330078,
            1.33277428150177
          ]
        ],
        "type": "LineString"
      },
      "properties": {
        "address_rows": 2,
        "current_address": null,
        "current_source": "osm_addr_postcode",
        "delta_m": 144.7,
        "evidence_status": "coordinate_outlier_review_not_scoring",
        "overture_source": "OpenAddresses/Singapore Land Authority",
        "postcode": "608548"
      },
      "type": "Feature"
    },
    {
      "geometry": {
        "coordinates": [
          [
            103.8416434,
            1.3211611
          ],
          [
            103.8410415649414,
            1.3200021982192993
          ]
        ],
        "type": "LineString"
      },
      "properties": {
        "address_rows": 1,
        "current_address": null,
        "current_source": "osm_addr_postcode",
        "delta_m": 144.6,
        "evidence_status": "coordinate_outlier_review_not_scoring",
        "overture_source": "OpenAddresses/Singapore Land Authority",
        "postcode": "309194"
      },
      "type": "Feature"
    },
    {
      "geometry": {
        "coordinates": [
          [
            103.825945199,
            1.44175985
          ],
          [
            103.82577514648438,
            1.440463662147522
          ]
        ],
        "type": "LineString"
      },
      "properties": {
        "address_rows": 1,
        "current_address": null,
        "current_source": "osm_addr_postcode",
        "delta_m": 144.6,
        "evidence_status": "coordinate_outlier_review_not_scoring",
        "overture_source": "OpenAddresses/Singapore Land Authority",
        "postcode": "769632"
      },
      "type": "Feature"
    },
    {
      "geometry": {
        "coordinates": [
          [
            103.795973547,
            1.301782849
          ],
          [
            103.79631805419922,
            1.3005245923995972
          ]
        ],
        "type": "LineString"
      },
      "properties": {
        "address_rows": 1,
        "current_address": null,
        "current_source": "osm_addr_postcode",
        "delta_m": 144.3,
        "evidence_status": "coordinate_outlier_review_not_scoring",
        "overture_source": "OpenAddresses/Singapore Land Authority",
        "postcode": "140074"
      },
      "type": "Feature"
    },
    {
      "geometry": {
        "coordinates": [
          [
            103.7502041,
            1.430863633
          ],
          [
            103.75051879882812,
            1.429598093032837
          ]
        ],
        "type": "LineString"
      },
      "properties": {
        "address_rows": 1,
        "current_address": "19 SUNGEI KADUT STREET 6 SINGAPORE 728864",
        "current_source": "postal_universe_onemap_2020",
        "delta_m": 144.3,
        "evidence_status": "coordinate_outlier_review_not_scoring",
        "overture_source": "OpenAddresses/Singapore Land Authority",
        "postcode": "728864"
      },
      "type": "Feature"
    },
    {
      "geometry": {
        "coordinates": [
          [
            103.72532935,
            1.3866529
          ],
          [
            103.7243423461914,
            1.3874953985214233
          ]
        ],
        "type": "LineString"
      },
      "properties": {
        "address_rows": 1,
        "current_address": null,
        "current_source": "osm_addr_postcode",
        "delta_m": 144.0,
        "evidence_status": "coordinate_outlier_review_not_scoring",
        "overture_source": "OpenAddresses/Singapore Land Authority",
        "postcode": "698953"
      },
      "type": "Feature"
    },
    {
      "geometry": {
        "coordinates": [
          [
            103.8562965,
            1.3003076
          ],
          [
            103.85712432861328,
            1.2993133068084717
          ]
        ],
        "type": "LineString"
      },
      "properties": {
        "address_rows": 1,
        "current_address": null,
        "current_source": "osm_addr_postcode",
        "delta_m": 143.4,
        "evidence_status": "coordinate_outlier_review_not_scoring",
        "overture_source": "OpenAddresses/Singapore Land Authority",
        "postcode": "188476"
      },
      "type": "Feature"
    },
    {
      "geometry": {
        "coordinates": [
          [
            103.632867919,
            1.315735703
          ],
          [
            103.63175201416016,
            1.3150931596755981
          ]
        ],
        "type": "LineString"
      },
      "properties": {
        "address_rows": 1,
        "current_address": null,
        "current_source": "osm_addr_postcode",
        "delta_m": 143.1,
        "evidence_status": "coordinate_outlier_review_not_scoring",
        "overture_source": "OpenAddresses/Singapore Land Authority",
        "postcode": "637548"
      },
      "type": "Feature"
    },
    {
      "geometry": {
        "coordinates": [
          [
            103.7198753,
            1.313241711
          ],
          [
            103.72013854980469,
            1.3119761943817139
          ]
        ],
        "type": "LineString"
      },
      "properties": {
        "address_rows": 1,
        "current_address": "31 JURONG PORT ROAD JURONG LOGISTICS HUB SINGAPORE 619115",
        "current_source": "postal_universe_onemap_2020",
        "delta_m": 143.0,
        "evidence_status": "coordinate_outlier_review_not_scoring",
        "overture_source": "OpenAddresses/Singapore Land Authority",
        "postcode": "619115"
      },
      "type": "Feature"
    },
    {
      "geometry": {
        "coordinates": [
          [
            103.7867602,
            1.4350439
          ],
          [
            103.78598022460938,
            1.4360700845718384
          ]
        ],
        "type": "LineString"
      },
      "properties": {
        "address_rows": 1,
        "current_address": null,
        "current_source": "osm_addr_postcode",
        "delta_m": 142.9,
        "evidence_status": "coordinate_outlier_review_not_scoring",
        "overture_source": "OpenAddresses/Singapore Land Authority",
        "postcode": "738099"
      },
      "type": "Feature"
    },
    {
      "geometry": {
        "coordinates": [
          [
            103.7922142,
            1.208418061
          ],
          [
            103.79293823242188,
            1.2073525190353394
          ]
        ],
        "type": "LineString"
      },
      "properties": {
        "address_rows": 1,
        "current_address": "5 PULAU SEBAROK SINGAPORE 118328",
        "current_source": "postal_universe_onemap_2020",
        "delta_m": 142.7,
        "evidence_status": "coordinate_outlier_review_not_scoring",
        "overture_source": "OpenAddresses/Singapore Land Authority",
        "postcode": "118328"
      },
      "type": "Feature"
    },
    {
      "geometry": {
        "coordinates": [
          [
            103.8747812,
            1.333498246
          ],
          [
            103.87360382080078,
            1.33298921585083
          ]
        ],
        "type": "LineString"
      },
      "properties": {
        "address_rows": 1,
        "current_address": "69 WAN THO AVENUE SAINT JOHN'S HOME FOR THE AGED SINGAPORE 347601",
        "current_source": "postal_universe_onemap_2020",
        "delta_m": 142.6,
        "evidence_status": "coordinate_outlier_review_not_scoring",
        "overture_source": "OpenAddresses/Singapore Land Authority",
        "postcode": "347601"
      },
      "type": "Feature"
    },
    {
      "geometry": {
        "coordinates": [
          [
            103.7486346,
            1.3216459
          ],
          [
            103.74751281738281,
            1.322266697883606
          ]
        ],
        "type": "LineString"
      },
      "properties": {
        "address_rows": 1,
        "current_address": null,
        "current_source": "osm_addr_postcode",
        "delta_m": 142.5,
        "evidence_status": "coordinate_outlier_review_not_scoring",
        "overture_source": "OpenAddresses/Singapore Land Authority",
        "postcode": "609339"
      },
      "type": "Feature"
    },
    {
      "geometry": {
        "coordinates": [
          [
            103.746021254,
            1.336741751
          ],
          [
            103.74475860595703,
            1.3366398811340332
          ]
        ],
        "type": "LineString"
      },
      "properties": {
        "address_rows": 1,
        "current_address": null,
        "current_source": "osm_addr_postcode",
        "delta_m": 141.0,
        "evidence_status": "coordinate_outlier_review_not_scoring",
        "overture_source": "OpenAddresses/Singapore Land Authority",
        "postcode": "608512"
      },
      "type": "Feature"
    },
    {
      "geometry": {
        "coordinates": [
          [
            103.6355297,
            1.3426928
          ],
          [
            103.63522720336914,
            1.341455340385437
          ]
        ],
        "type": "LineString"
      },
      "properties": {
        "address_rows": 2,
        "current_address": null,
        "current_source": "osm_addr_postcode",
        "delta_m": 140.9,
        "evidence_status": "coordinate_outlier_review_not_scoring",
        "overture_source": "OpenAddresses/Singapore Land Authority",
        "postcode": "638404"
      },
      "type": "Feature"
    },
    {
      "geometry": {
        "coordinates": [
          [
            103.6600806,
            1.316089816
          ],
          [
            103.66017150878906,
            1.3173513412475586
          ]
        ],
        "type": "LineString"
      },
      "properties": {
        "address_rows": 1,
        "current_address": "61 GUL CIRCLE SINGAPORE 629585",
        "current_source": "postal_universe_onemap_2020",
        "delta_m": 139.9,
        "evidence_status": "coordinate_outlier_review_not_scoring",
        "overture_source": "OpenAddresses/Singapore Land Authority",
        "postcode": "629585"
      },
      "type": "Feature"
    },
    {
      "geometry": {
        "coordinates": [
          [
            103.769919295,
            1.441556024
          ],
          [
            103.77061462402344,
            1.4426097869873047
          ]
        ],
        "type": "LineString"
      },
      "properties": {
        "address_rows": 1,
        "current_address": null,
        "current_source": "osm_addr_postcode",
        "delta_m": 139.9,
        "evidence_status": "coordinate_outlier_review_not_scoring",
        "overture_source": "OpenAddresses/Singapore Land Authority",
        "postcode": "739342"
      },
      "type": "Feature"
    },
    {
      "geometry": {
        "coordinates": [
          [
            103.8497361,
            1.381118751
          ],
          [
            103.84967803955078,
            1.38238126039505
          ]
        ],
        "type": "LineString"
      },
      "properties": {
        "address_rows": 2,
        "current_address": "150 ANG MO KIO AVENUE 8 NANYANG POLYTECHNIC SINGAPORE 569815",
        "current_source": "postal_universe_onemap_2020",
        "delta_m": 139.8,
        "evidence_status": "coordinate_outlier_review_not_scoring",
        "overture_source": "OpenAddresses/Singapore Land Authority",
        "postcode": "569815"
      },
      "type": "Feature"
    },
    {
      "geometry": {
        "coordinates": [
          [
            103.865552795,
            1.4027556
          ],
          [
            103.86675262451172,
            1.4023905992507935
          ]
        ],
        "type": "LineString"
      },
      "properties": {
        "address_rows": 1,
        "current_address": null,
        "current_source": "osm_addr_postcode",
        "delta_m": 139.5,
        "evidence_status": "coordinate_outlier_review_not_scoring",
        "overture_source": "OpenAddresses/Singapore Land Authority",
        "postcode": "797575"
      },
      "type": "Feature"
    },
    {
      "geometry": {
        "coordinates": [
          [
            103.7283032,
            1.377411216
          ],
          [
            103.72740173339844,
            1.3765387535095215
          ]
        ],
        "type": "LineString"
      },
      "properties": {
        "address_rows": 1,
        "current_address": "50 CHOA CHU KANG ROAD - TRACK 14 SINGAPORE 698940",
        "current_source": "postal_universe_onemap_2020",
        "delta_m": 139.2,
        "evidence_status": "coordinate_outlier_review_not_scoring",
        "overture_source": "OpenAddresses/Singapore Land Authority",
        "postcode": "698940"
      },
      "type": "Feature"
    },
    {
      "geometry": {
        "coordinates": [
          [
            103.794694956,
            1.463287816
          ],
          [
            103.79460906982422,
            1.4620338678359985
          ]
        ],
        "type": "LineString"
      },
      "properties": {
        "address_rows": 1,
        "current_address": null,
        "current_source": "osm_addr_postcode",
        "delta_m": 139.0,
        "evidence_status": "coordinate_outlier_review_not_scoring",
        "overture_source": "OpenAddresses/Singapore Land Authority",
        "postcode": "759907"
      },
      "type": "Feature"
    },
    {
      "geometry": {
        "coordinates": [
          [
            104.0037489,
            1.3752618
          ],
          [
            104.00251007080078,
            1.3754119873046875
          ]
        ],
        "type": "LineString"
      },
      "properties": {
        "address_rows": 1,
        "current_address": null,
        "current_source": "osm_addr_postcode",
        "delta_m": 138.9,
        "evidence_status": "coordinate_outlier_review_not_scoring",
        "overture_source": "OpenAddresses/Singapore Land Authority",
        "postcode": "498793"
      },
      "type": "Feature"
    },
    {
      "geometry": {
        "coordinates": [
          [
            103.6570551,
            1.300599219
          ],
          [
            103.6559829711914,
            1.301236907641093
          ]
        ],
        "type": "LineString"
      },
      "properties": {
        "address_rows": 3,
        "current_address": "51 PIONEER SECTOR 1 SINGAPORE 628437",
        "current_source": "postal_universe_onemap_2020",
        "delta_m": 138.6,
        "evidence_status": "coordinate_outlier_review_not_scoring",
        "overture_source": "OpenAddresses/Singapore Land Authority",
        "postcode": "628437"
      },
      "type": "Feature"
    },
    {
      "geometry": {
        "coordinates": [
          [
            103.8581409,
            1.2943874
          ],
          [
            103.85902404785156,
            1.295270323753357
          ]
        ],
        "type": "LineString"
      },
      "properties": {
        "address_rows": 3,
        "current_address": null,
        "current_source": "osm_addr_postcode",
        "delta_m": 138.5,
        "evidence_status": "coordinate_outlier_review_not_scoring",
        "overture_source": "OpenAddresses/Singapore Land Authority",
        "postcode": "038983"
      },
      "type": "Feature"
    },
    {
      "geometry": {
        "coordinates": [
          [
            103.8537584,
            1.3144696
          ],
          [
            103.8529052734375,
            1.313563585281372
          ]
        ],
        "type": "LineString"
      },
      "properties": {
        "address_rows": 3,
        "current_address": null,
        "current_source": "osm_addr_postcode",
        "delta_m": 138.0,
        "evidence_status": "coordinate_outlier_review_not_scoring",
        "overture_source": "OpenAddresses/Singapore Land Authority",
        "postcode": "218914"
      },
      "type": "Feature"
    },
    {
      "geometry": {
        "coordinates": [
          [
            103.8867746,
            1.3156925
          ],
          [
            103.88652801513672,
            1.3144696950912476
          ]
        ],
        "type": "LineString"
      },
      "properties": {
        "address_rows": 1,
        "current_address": null,
        "current_source": "osm_addr_postcode",
        "delta_m": 138.0,
        "evidence_status": "coordinate_outlier_review_not_scoring",
        "overture_source": "OpenAddresses/Singapore Land Authority",
        "postcode": "388021"
      },
      "type": "Feature"
    },
    {
      "geometry": {
        "coordinates": [
          [
            103.999981452,
            1.383925899
          ],
          [
            103.9994125366211,
            1.3828184604644775
          ]
        ],
        "type": "LineString"
      },
      "properties": {
        "address_rows": 1,
        "current_address": null,
        "current_source": "osm_addr_postcode",
        "delta_m": 137.9,
        "evidence_status": "coordinate_outlier_review_not_scoring",
        "overture_source": "OpenAddresses/Singapore Land Authority",
        "postcode": "819827"
      },
      "type": "Feature"
    },
    {
      "geometry": {
        "coordinates": [
          [
            103.866867601,
            1.3670068
          ],
          [
            103.86688995361328,
            1.3657616972923279
          ]
        ],
        "type": "LineString"
      },
      "properties": {
        "address_rows": 2,
        "current_address": null,
        "current_source": "osm_addr_postcode",
        "delta_m": 137.7,
        "evidence_status": "coordinate_outlier_review_not_scoring",
        "overture_source": "OpenAddresses/Singapore Land Authority",
        "postcode": "557271"
      },
      "type": "Feature"
    },
    {
      "geometry": {
        "coordinates": [
          [
            103.7593032,
            1.3714967
          ],
          [
            103.7586441040039,
            1.3704498410224915
          ]
        ],
        "type": "LineString"
      },
      "properties": {
        "address_rows": 2,
        "current_address": null,
        "current_source": "osm_addr_postcode",
        "delta_m": 137.0,
        "evidence_status": "coordinate_outlier_review_not_scoring",
        "overture_source": "OpenAddresses/Singapore Land Authority",
        "postcode": "669645"
      },
      "type": "Feature"
    },
    {
      "geometry": {
        "coordinates": [
          [
            103.7245126,
            1.428494014
          ],
          [
            103.72479248046875,
            1.4272886514663696
          ]
        ],
        "type": "LineString"
      },
      "properties": {
        "address_rows": 1,
        "current_address": "150 NEO TIEW ROAD SINGAPORE 719032",
        "current_source": "postal_universe_onemap_2020",
        "delta_m": 136.9,
        "evidence_status": "coordinate_outlier_review_not_scoring",
        "overture_source": "OpenAddresses/Singapore Land Authority",
        "postcode": "719032"
      },
      "type": "Feature"
    },
    {
      "geometry": {
        "coordinates": [
          [
            103.6994147,
            1.3187794
          ],
          [
            103.69915771484375,
            1.3199890851974487
          ]
        ],
        "type": "LineString"
      },
      "properties": {
        "address_rows": 1,
        "current_address": null,
        "current_source": "osm_addr_postcode",
        "delta_m": 136.8,
        "evidence_status": "coordinate_outlier_review_not_scoring",
        "overture_source": "OpenAddresses/Singapore Land Authority",
        "postcode": "627540"
      },
      "type": "Feature"
    },
    {
      "geometry": {
        "coordinates": [
          [
            103.6747646,
            1.260480868
          ],
          [
            103.67566680908203,
            1.2596460580825806
          ]
        ],
        "type": "LineString"
      },
      "properties": {
        "address_rows": 1,
        "current_address": "100 BANYAN DRIVE SINGAPORE 627571",
        "current_source": "postal_universe_onemap_2020",
        "delta_m": 136.4,
        "evidence_status": "coordinate_outlier_review_not_scoring",
        "overture_source": "OpenAddresses/Singapore Land Authority",
        "postcode": "627571"
      },
      "type": "Feature"
    },
    {
      "geometry": {
        "coordinates": [
          [
            103.7679375,
            1.369162953
          ],
          [
            103.76674906412761,
            1.3688642581303914
          ]
        ],
        "type": "LineString"
      },
      "properties": {
        "address_rows": 3,
        "current_address": "622 UPPER BUKIT TIMAH ROAD BOYS' TOWN SINGAPORE SINGAPORE 678117",
        "current_source": "postal_universe_onemap_2020",
        "delta_m": 136.3,
        "evidence_status": "coordinate_outlier_review_not_scoring",
        "overture_source": "OpenAddresses/Singapore Land Authority",
        "postcode": "678117"
      },
      "type": "Feature"
    },
    {
      "geometry": {
        "coordinates": [
          [
            103.8002586,
            1.2745103
          ],
          [
            103.79908752441406,
            1.2748644351959229
          ]
        ],
        "type": "LineString"
      },
      "properties": {
        "address_rows": 2,
        "current_address": null,
        "current_source": "osm_addr_postcode",
        "delta_m": 136.1,
        "evidence_status": "coordinate_outlier_review_not_scoring",
        "overture_source": "OpenAddresses/Singapore Land Authority",
        "postcode": "117439"
      },
      "type": "Feature"
    },
    {
      "geometry": {
        "coordinates": [
          [
            103.684419353,
            1.25575992
          ],
          [
            103.68487548828125,
            1.2569020986557007
          ]
        ],
        "type": "LineString"
      },
      "properties": {
        "address_rows": 1,
        "current_address": null,
        "current_source": "osm_addr_postcode",
        "delta_m": 136.1,
        "evidence_status": "coordinate_outlier_review_not_scoring",
        "overture_source": "OpenAddresses/Singapore Land Authority",
        "postcode": "627521"
      },
      "type": "Feature"
    },
    {
      "geometry": {
        "coordinates": [
          [
            103.8579369,
            1.4051959
          ],
          [
            103.85698699951172,
            1.4044212102890015
          ]
        ],
        "type": "LineString"
      },
      "properties": {
        "address_rows": 1,
        "current_address": null,
        "current_source": "osm_addr_postcode",
        "delta_m": 136.1,
        "evidence_status": "coordinate_outlier_review_not_scoring",
        "overture_source": "OpenAddresses/Singapore Land Authority",
        "postcode": "797553"
      },
      "type": "Feature"
    },
    {
      "geometry": {
        "coordinates": [
          [
            103.950553663,
            1.31365877
          ],
          [
            103.9503402709961,
            1.3148643970489502
          ]
        ],
        "type": "LineString"
      },
      "properties": {
        "address_rows": 1,
        "current_address": null,
        "current_source": "osm_addr_postcode",
        "delta_m": 135.4,
        "evidence_status": "coordinate_outlier_review_not_scoring",
        "overture_source": "OpenAddresses/Singapore Land Authority",
        "postcode": "465404"
      },
      "type": "Feature"
    },
    {
      "geometry": {
        "coordinates": [
          [
            103.83928,
            1.28111
          ],
          [
            103.8397445678711,
            1.279981017112732
          ]
        ],
        "type": "LineString"
      },
      "properties": {
        "address_rows": 2,
        "current_address": null,
        "current_source": "osm_addr_postcode",
        "delta_m": 135.1,
        "evidence_status": "coordinate_outlier_review_not_scoring",
        "overture_source": "OpenAddresses/Singapore Land Authority",
        "postcode": "059816"
      },
      "type": "Feature"
    },
    {
      "geometry": {
        "coordinates": [
          [
            103.807546556,
            1.315569299
          ],
          [
            103.80824279785156,
            1.3145712614059448
          ]
        ],
        "type": "LineString"
      },
      "properties": {
        "address_rows": 1,
        "current_address": null,
        "current_source": "osm_addr_postcode",
        "delta_m": 134.8,
        "evidence_status": "coordinate_outlier_review_not_scoring",
        "overture_source": "OpenAddresses/Singapore Land Authority",
        "postcode": "268853"
      },
      "type": "Feature"
    },
    {
      "geometry": {
        "coordinates": [
          [
            103.622817723,
            1.272391
          ],
          [
            103.62281036376953,
            1.2736098766326904
          ]
        ],
        "type": "LineString"
      },
      "properties": {
        "address_rows": 1,
        "current_address": null,
        "current_source": "osm_addr_postcode",
        "delta_m": 134.8,
        "evidence_status": "coordinate_outlier_review_not_scoring",
        "overture_source": "OpenAddresses/Singapore Land Authority",
        "postcode": "637312"
      },
      "type": "Feature"
    },
    {
      "geometry": {
        "coordinates": [
          [
            103.76418216,
            1.422055119
          ],
          [
            103.76309458414714,
            1.4215243260065715
          ]
        ],
        "type": "LineString"
      },
      "properties": {
        "address_rows": 3,
        "current_address": null,
        "current_source": "osm_addr_postcode",
        "delta_m": 134.5,
        "evidence_status": "coordinate_outlier_review_not_scoring",
        "overture_source": "OpenAddresses/Singapore Land Authority",
        "postcode": "738078"
      },
      "type": "Feature"
    },
    {
      "geometry": {
        "coordinates": [
          [
            103.725152812,
            1.439471863
          ],
          [
            103.72423553466797,
            1.4402514696121216
          ]
        ],
        "type": "LineString"
      },
      "properties": {
        "address_rows": 1,
        "current_address": null,
        "current_source": "osm_addr_postcode",
        "delta_m": 133.6,
        "evidence_status": "coordinate_outlier_review_not_scoring",
        "overture_source": "OpenAddresses/Singapore Land Authority",
        "postcode": "718835"
      },
      "type": "Feature"
    },
    {
      "geometry": {
        "coordinates": [
          [
            103.778780124,
            1.296927395
          ],
          [
            103.77972030639648,
            1.2961779832839966
          ]
        ],
        "type": "LineString"
      },
      "properties": {
        "address_rows": 2,
        "current_address": null,
        "current_source": "osm_addr_postcode",
        "delta_m": 133.5,
        "evidence_status": "coordinate_outlier_review_not_scoring",
        "overture_source": "OpenAddresses/Singapore Land Authority",
        "postcode": "117542"
      },
      "type": "Feature"
    },
    {
      "geometry": {
        "coordinates": [
          [
            103.736174584,
            1.384878873
          ],
          [
            103.73713684082031,
            1.3841596841812134
          ]
        ],
        "type": "LineString"
      },
      "properties": {
        "address_rows": 1,
        "current_address": null,
        "current_source": "osm_addr_postcode",
        "delta_m": 133.4,
        "evidence_status": "coordinate_outlier_review_not_scoring",
        "overture_source": "OpenAddresses/Singapore Land Authority",
        "postcode": "688263"
      },
      "type": "Feature"
    },
    {
      "geometry": {
        "coordinates": [
          [
            103.7308095,
            1.394952041
          ],
          [
            103.72986602783203,
            1.395696759223938
          ]
        ],
        "type": "LineString"
      },
      "properties": {
        "address_rows": 1,
        "current_address": "96 SUNGEI TENGAH ROAD SINGAPORE 698992",
        "current_source": "postal_universe_onemap_2020",
        "delta_m": 133.4,
        "evidence_status": "coordinate_outlier_review_not_scoring",
        "overture_source": "OpenAddresses/Singapore Land Authority",
        "postcode": "698992"
      },
      "type": "Feature"
    },
    {
      "geometry": {
        "coordinates": [
          [
            103.9423232,
            1.381132345
          ],
          [
            103.94137573242188,
            1.3803945779800415
          ]
        ],
        "type": "LineString"
      },
      "properties": {
        "address_rows": 1,
        "current_address": "81 PASIR RIS HEIGHTS OVERSEAS FAMILY SCHOOL SINGAPORE SINGAPORE 519292",
        "current_source": "postal_universe_onemap_2020",
        "delta_m": 133.3,
        "evidence_status": "coordinate_outlier_review_not_scoring",
        "overture_source": "OpenAddresses/Singapore Land Authority",
        "postcode": "519292"
      },
      "type": "Feature"
    },
    {
      "geometry": {
        "coordinates": [
          [
            103.738193567,
            1.352673901
          ],
          [
            103.73837280273438,
            1.3514817953109741
          ]
        ],
        "type": "LineString"
      },
      "properties": {
        "address_rows": 1,
        "current_address": null,
        "current_source": "osm_addr_postcode",
        "delta_m": 133.3,
        "evidence_status": "coordinate_outlier_review_not_scoring",
        "overture_source": "OpenAddresses/Singapore Land Authority",
        "postcode": "658966"
      },
      "type": "Feature"
    },
    {
      "geometry": {
        "coordinates": [
          [
            103.709305801,
            1.3433748
          ],
          [
            103.70859146118164,
            1.3443368673324585
          ]
        ],
        "type": "LineString"
      },
      "properties": {
        "address_rows": 2,
        "current_address": null,
        "current_source": "osm_addr_postcode",
        "delta_m": 132.8,
        "evidence_status": "coordinate_outlier_review_not_scoring",
        "overture_source": "OpenAddresses/Singapore Land Authority",
        "postcode": "649961"
      },
      "type": "Feature"
    },
    {
      "geometry": {
        "coordinates": [
          [
            103.759731914,
            1.430826455
          ],
          [
            103.7598648071289,
            1.4320170879364014
          ]
        ],
        "type": "LineString"
      },
      "properties": {
        "address_rows": 1,
        "current_address": null,
        "current_source": "osm_addr_postcode",
        "delta_m": 132.5,
        "evidence_status": "coordinate_outlier_review_not_scoring",
        "overture_source": "OpenAddresses/Singapore Land Authority",
        "postcode": "739522"
      },
      "type": "Feature"
    },
    {
      "geometry": {
        "coordinates": [
          [
            103.72935,
            1.438310796
          ],
          [
            103.7304916381836,
            1.4386475682258606
          ]
        ],
        "type": "LineString"
      },
      "properties": {
        "address_rows": 2,
        "current_address": "219 NEO TIEW ROAD SINGAPORE 719031",
        "current_source": "postal_universe_onemap_2020",
        "delta_m": 132.4,
        "evidence_status": "coordinate_outlier_review_not_scoring",
        "overture_source": "OpenAddresses/Singapore Land Authority",
        "postcode": "719031"
      },
      "type": "Feature"
    },
    {
      "geometry": {
        "coordinates": [
          [
            103.7904212,
            1.403653
          ],
          [
            103.79051971435547,
            1.4048462850706918
          ]
        ],
        "type": "LineString"
      },
      "properties": {
        "address_rows": 14,
        "current_address": null,
        "current_source": "osm_addr_postcode",
        "delta_m": 132.4,
        "evidence_status": "coordinate_outlier_review_not_scoring",
        "overture_source": "OpenAddresses/Singapore Land Authority",
        "postcode": "729826"
      },
      "type": "Feature"
    },
    {
      "geometry": {
        "coordinates": [
          [
            103.7383542,
            1.273428702
          ],
          [
            103.73716735839844,
            1.2733869552612305
          ]
        ],
        "type": "LineString"
      },
      "properties": {
        "address_rows": 1,
        "current_address": "11 SERAYA AVENUE SINGAPORE 627834",
        "current_source": "postal_universe_onemap_2020",
        "delta_m": 132.2,
        "evidence_status": "coordinate_outlier_review_not_scoring",
        "overture_source": "OpenAddresses/Singapore Land Authority",
        "postcode": "627834"
      },
      "type": "Feature"
    },
    {
      "geometry": {
        "coordinates": [
          [
            103.8935675,
            1.3727201
          ],
          [
            103.89423370361328,
            1.3717350959777832
          ]
        ],
        "type": "LineString"
      },
      "properties": {
        "address_rows": 1,
        "current_address": null,
        "current_source": "osm_addr_postcode",
        "delta_m": 131.8,
        "evidence_status": "coordinate_outlier_review_not_scoring",
        "overture_source": "OpenAddresses/Singapore Land Authority",
        "postcode": "538767"
      },
      "type": "Feature"
    },
    {
      "geometry": {
        "coordinates": [
          [
            103.6204317,
            1.274834635
          ],
          [
            103.62043762207031,
            1.273642897605896
          ]
        ],
        "type": "LineString"
      },
      "properties": {
        "address_rows": 1,
        "current_address": "150 TUAS SOUTH AVENUE 5 SINOPEC LUBRICANT SINGAPORE COMPANY SINGAPORE 637363",
        "current_source": "postal_universe_onemap_2020",
        "delta_m": 131.8,
        "evidence_status": "coordinate_outlier_review_not_scoring",
        "overture_source": "OpenAddresses/Singapore Land Authority",
        "postcode": "637363"
      },
      "type": "Feature"
    },
    {
      "geometry": {
        "coordinates": [
          [
            103.6949312,
            1.273774505
          ],
          [
            103.69444274902344,
            1.2748574018478394
          ]
        ],
        "type": "LineString"
      },
      "properties": {
        "address_rows": 1,
        "current_address": "3 AYER CHAWAN PLACE SINGAPORE 627870",
        "current_source": "postal_universe_onemap_2020",
        "delta_m": 131.5,
        "evidence_status": "coordinate_outlier_review_not_scoring",
        "overture_source": "OpenAddresses/Singapore Land Authority",
        "postcode": "627870"
      },
      "type": "Feature"
    },
    {
      "geometry": {
        "coordinates": [
          [
            103.8600499,
            1.352564
          ],
          [
            103.86099497477214,
            1.3518563111623128
          ]
        ],
        "type": "LineString"
      },
      "properties": {
        "address_rows": 3,
        "current_address": null,
        "current_source": "osm_addr_postcode",
        "delta_m": 131.1,
        "evidence_status": "coordinate_outlier_review_not_scoring",
        "overture_source": "OpenAddresses/Singapore Land Authority",
        "postcode": "556741"
      },
      "type": "Feature"
    },
    {
      "geometry": {
        "coordinates": [
          [
            103.6800367,
            1.303001497
          ],
          [
            103.68115997314453,
            1.3033517599105835
          ]
        ],
        "type": "LineString"
      },
      "properties": {
        "address_rows": 1,
        "current_address": "7 BENOI ROAD SINGAPORE 629882",
        "current_source": "postal_universe_onemap_2020",
        "delta_m": 130.9,
        "evidence_status": "coordinate_outlier_review_not_scoring",
        "overture_source": "OpenAddresses/Singapore Land Authority",
        "postcode": "629882"
      },
      "type": "Feature"
    },
    {
      "geometry": {
        "coordinates": [
          [
            103.7639776,
            1.3785209
          ],
          [
            103.76280721028645,
            1.378403862317403
          ]
        ],
        "type": "LineString"
      },
      "properties": {
        "address_rows": 3,
        "current_address": null,
        "current_source": "osm_addr_postcode",
        "delta_m": 130.9,
        "evidence_status": "coordinate_outlier_review_not_scoring",
        "overture_source": "OpenAddresses/Singapore Land Authority",
        "postcode": "678278"
      },
      "type": "Feature"
    },
    {
      "geometry": {
        "coordinates": [
          [
            103.6571433,
            1.307096262
          ],
          [
            103.65609741210938,
            1.307626485824585
          ]
        ],
        "type": "LineString"
      },
      "properties": {
        "address_rows": 1,
        "current_address": "8 PIONEER SECTOR 1 SINGAPORE 628420",
        "current_source": "postal_universe_onemap_2020",
        "delta_m": 130.3,
        "evidence_status": "coordinate_outlier_review_not_scoring",
        "overture_source": "OpenAddresses/Singapore Land Authority",
        "postcode": "628420"
      },
      "type": "Feature"
    },
    {
      "geometry": {
        "coordinates": [
          [
            103.7715153,
            1.2979465
          ],
          [
            103.77264404296875,
            1.2976387739181519
          ]
        ],
        "type": "LineString"
      },
      "properties": {
        "address_rows": 2,
        "current_address": null,
        "current_source": "osm_addr_postcode",
        "delta_m": 130.1,
        "evidence_status": "coordinate_outlier_review_not_scoring",
        "overture_source": "OpenAddresses/Singapore Land Authority",
        "postcode": "117584"
      },
      "type": "Feature"
    },
    {
      "geometry": {
        "coordinates": [
          [
            103.679603,
            1.306515472
          ],
          [
            103.68017578125,
            1.305489420890808
          ]
        ],
        "type": "LineString"
      },
      "properties": {
        "address_rows": 1,
        "current_address": "3 BENOI ROAD COSL (SINGAPORE) BASE SINGAPORE 629877",
        "current_source": "postal_universe_onemap_2020",
        "delta_m": 130.1,
        "evidence_status": "coordinate_outlier_review_not_scoring",
        "overture_source": "OpenAddresses/Singapore Land Authority",
        "postcode": "629877"
      },
      "type": "Feature"
    },
    {
      "geometry": {
        "coordinates": [
          [
            103.8103589,
            1.4633265
          ],
          [
            103.80970001220703,
            1.4642971754074097
          ]
        ],
        "type": "LineString"
      },
      "properties": {
        "address_rows": 1,
        "current_address": null,
        "current_source": "osm_addr_postcode",
        "delta_m": 130.0,
        "evidence_status": "coordinate_outlier_review_not_scoring",
        "overture_source": "OpenAddresses/Singapore Land Authority",
        "postcode": "758057"
      },
      "type": "Feature"
    },
    {
      "geometry": {
        "coordinates": [
          [
            103.7232912,
            1.309246623
          ],
          [
            103.72402954101562,
            1.3083362579345703
          ]
        ],
        "type": "LineString"
      },
      "properties": {
        "address_rows": 1,
        "current_address": "35 FISHERY PORT ROAD JURONG FISHERY PORT SINGAPORE 619742",
        "current_source": "postal_universe_onemap_2020",
        "delta_m": 129.9,
        "evidence_status": "coordinate_outlier_review_not_scoring",
        "overture_source": "OpenAddresses/Singapore Land Authority",
        "postcode": "619742"
      },
      "type": "Feature"
    },
    {
      "geometry": {
        "coordinates": [
          [
            103.885665834,
            1.349931937
          ],
          [
            103.88511657714844,
            1.3509674072265625
          ]
        ],
        "type": "LineString"
      },
      "properties": {
        "address_rows": 1,
        "current_address": null,
        "current_source": "osm_addr_postcode",
        "delta_m": 129.8,
        "evidence_status": "coordinate_outlier_review_not_scoring",
        "overture_source": "OpenAddresses/Singapore Land Authority",
        "postcode": "536742"
      },
      "type": "Feature"
    },
    {
      "geometry": {
        "coordinates": [
          [
            103.6481373,
            1.318077316
          ],
          [
            103.64901733398438,
            1.31731379032135
          ]
        ],
        "type": "LineString"
      },
      "properties": {
        "address_rows": 1,
        "current_address": "11 TUAS CRESCENT SINGAPORE 638705",
        "current_source": "postal_universe_onemap_2020",
        "delta_m": 129.3,
        "evidence_status": "coordinate_outlier_review_not_scoring",
        "overture_source": "OpenAddresses/Singapore Land Authority",
        "postcode": "638705"
      },
      "type": "Feature"
    },
    {
      "geometry": {
        "coordinates": [
          [
            103.753923612,
            1.385451879
          ],
          [
            103.7543716430664,
            1.3843739032745361
          ]
        ],
        "type": "LineString"
      },
      "properties": {
        "address_rows": 1,
        "current_address": null,
        "current_source": "osm_addr_postcode",
        "delta_m": 129.2,
        "evidence_status": "coordinate_outlier_review_not_scoring",
        "overture_source": "OpenAddresses/Singapore Land Authority",
        "postcode": "688258"
      },
      "type": "Feature"
    },
    {
      "geometry": {
        "coordinates": [
          [
            103.8352718,
            1.3517411
          ],
          [
            103.83529663085938,
            1.3529087901115417
          ]
        ],
        "type": "LineString"
      },
      "properties": {
        "address_rows": 2,
        "current_address": null,
        "current_source": "osm_addr_postcode",
        "delta_m": 129.1,
        "evidence_status": "coordinate_outlier_review_not_scoring",
        "overture_source": "OpenAddresses/Singapore Land Authority",
        "postcode": "574354"
      },
      "type": "Feature"
    },
    {
      "geometry": {
        "coordinates": [
          [
            103.713969,
            1.301873581
          ],
          [
            103.71281433105469,
            1.3019295930862427
          ]
        ],
        "type": "LineString"
      },
      "properties": {
        "address_rows": 1,
        "current_address": "150 PULAU DAMAR LAUT SINGAPORE 618298",
        "current_source": "postal_universe_onemap_2020",
        "delta_m": 128.7,
        "evidence_status": "coordinate_outlier_review_not_scoring",
        "overture_source": "OpenAddresses/Singapore Land Authority",
        "postcode": "618298"
      },
      "type": "Feature"
    },
    {
      "geometry": {
        "coordinates": [
          [
            103.6688886,
            1.300132794
          ],
          [
            103.66790008544922,
            1.300733208656311
          ]
        ],
        "type": "LineString"
      },
      "properties": {
        "address_rows": 1,
        "current_address": "59 GUL ROAD SINGAPORE 629354",
        "current_source": "postal_universe_onemap_2020",
        "delta_m": 128.5,
        "evidence_status": "coordinate_outlier_review_not_scoring",
        "overture_source": "OpenAddresses/Singapore Land Authority",
        "postcode": "629354"
      },
      "type": "Feature"
    },
    {
      "geometry": {
        "coordinates": [
          [
            103.7579509,
            1.4088342
          ],
          [
            103.75687408447266,
            1.4084393978118896
          ]
        ],
        "type": "LineString"
      },
      "properties": {
        "address_rows": 1,
        "current_address": null,
        "current_source": "osm_addr_postcode",
        "delta_m": 127.5,
        "evidence_status": "coordinate_outlier_review_not_scoring",
        "overture_source": "OpenAddresses/Singapore Land Authority",
        "postcode": "728653"
      },
      "type": "Feature"
    },
    {
      "geometry": {
        "coordinates": [
          [
            103.9620282,
            1.315391138
          ],
          [
            103.96099853515625,
            1.314910888671875
          ]
        ],
        "type": "LineString"
      },
      "properties": {
        "address_rows": 1,
        "current_address": "1500 EAST COAST PARKWAY NATIONAL SAILING CENTRE SINGAPORE 468963",
        "current_source": "postal_universe_onemap_2020",
        "delta_m": 126.3,
        "evidence_status": "coordinate_outlier_review_not_scoring",
        "overture_source": "OpenAddresses/Singapore Land Authority",
        "postcode": "468963"
      },
      "type": "Feature"
    },
    {
      "geometry": {
        "coordinates": [
          [
            103.9105577,
            1.339858452
          ],
          [
            103.91168212890625,
            1.340003252029419
          ]
        ],
        "type": "LineString"
      },
      "properties": {
        "address_rows": 1,
        "current_address": "21 KAKI BUKIT ROAD 4 SYNERGY @ KB SINGAPORE 417810",
        "current_source": "postal_universe_onemap_2020",
        "delta_m": 126.2,
        "evidence_status": "coordinate_outlier_review_not_scoring",
        "overture_source": "OpenAddresses/Singapore Land Authority",
        "postcode": "417810"
      },
      "type": "Feature"
    },
    {
      "geometry": {
        "coordinates": [
          [
            103.8698853,
            1.280884109
          ],
          [
            103.87046813964844,
            1.2799056768417358
          ]
        ],
        "type": "LineString"
      },
      "properties": {
        "address_rows": 1,
        "current_address": "8 MARINA GARDENS DRIVE MARINA BARRAGE SINGAPORE 018951",
        "current_source": "postal_universe_onemap_2020",
        "delta_m": 126.1,
        "evidence_status": "coordinate_outlier_review_not_scoring",
        "overture_source": "OpenAddresses/Singapore Land Authority",
        "postcode": "018951"
      },
      "type": "Feature"
    },
    {
      "geometry": {
        "coordinates": [
          [
            103.8600837,
            1.3111783
          ],
          [
            103.86008707682292,
            1.3100414673487346
          ]
        ],
        "type": "LineString"
      },
      "properties": {
        "address_rows": 3,
        "current_address": null,
        "current_source": "osm_addr_postcode",
        "delta_m": 125.7,
        "evidence_status": "coordinate_outlier_review_not_scoring",
        "overture_source": "OpenAddresses/Singapore Land Authority",
        "postcode": "207542"
      },
      "type": "Feature"
    },
    {
      "geometry": {
        "coordinates": [
          [
            103.863531301,
            1.331931857
          ],
          [
            103.86356353759766,
            1.333065152168274
          ]
        ],
        "type": "LineString"
      },
      "properties": {
        "address_rows": 1,
        "current_address": null,
        "current_source": "osm_addr_postcode",
        "delta_m": 125.4,
        "evidence_status": "coordinate_outlier_review_not_scoring",
        "overture_source": "OpenAddresses/Singapore Land Authority",
        "postcode": "357691"
      },
      "type": "Feature"
    },
    {
      "geometry": {
        "coordinates": [
          [
            103.8198417,
            1.2890508
          ],
          [
            103.82033793131511,
            1.2900675137837727
          ]
        ],
        "type": "LineString"
      },
      "properties": {
        "address_rows": 3,
        "current_address": null,
        "current_source": "osm_addr_postcode",
        "delta_m": 125.3,
        "evidence_status": "coordinate_outlier_review_not_scoring",
        "overture_source": "OpenAddresses/Singapore Land Authority",
        "postcode": "158790"
      },
      "type": "Feature"
    },
    {
      "geometry": {
        "coordinates": [
          [
            103.7526083,
            1.428167911
          ],
          [
            103.75225194295247,
            1.429239531358083
          ]
        ],
        "type": "LineString"
      },
      "properties": {
        "address_rows": 6,
        "current_address": "11 KRANJI CLOSE SINGAPORE 737673",
        "current_source": "postal_universe_onemap_2020",
        "delta_m": 125.0,
        "evidence_status": "coordinate_outlier_review_not_scoring",
        "overture_source": "OpenAddresses/Singapore Land Authority",
        "postcode": "737673"
      },
      "type": "Feature"
    },
    {
      "geometry": {
        "coordinates": [
          [
            103.865487552,
            1.37456076
          ],
          [
            103.8665542602539,
            1.3749055862426758
          ]
        ],
        "type": "LineString"
      },
      "properties": {
        "address_rows": 1,
        "current_address": null,
        "current_source": "osm_addr_postcode",
        "delta_m": 124.7,
        "evidence_status": "coordinate_outlier_review_not_scoring",
        "overture_source": "OpenAddresses/Singapore Land Authority",
        "postcode": "569709"
      },
      "type": "Feature"
    },
    {
      "geometry": {
        "coordinates": [
          [
            103.802984343,
            1.2831222
          ],
          [
            103.80364990234375,
            1.2822175025939941
          ]
        ],
        "type": "LineString"
      },
      "properties": {
        "address_rows": 1,
        "current_address": null,
        "current_source": "osm_addr_postcode",
        "delta_m": 124.5,
        "evidence_status": "coordinate_outlier_review_not_scoring",
        "overture_source": "OpenAddresses/Singapore Land Authority",
        "postcode": "109694"
      },
      "type": "Feature"
    },
    {
      "geometry": {
        "coordinates": [
          [
            103.9289705,
            1.322321681
          ],
          [
            103.92867279052734,
            1.321236491203308
          ]
        ],
        "type": "LineString"
      },
      "properties": {
        "address_rows": 1,
        "current_address": "1 BEDOK SOUTH ROAD SINGAPORE 469267",
        "current_source": "postal_universe_onemap_2020",
        "delta_m": 124.5,
        "evidence_status": "coordinate_outlier_review_not_scoring",
        "overture_source": "OpenAddresses/Singapore Land Authority",
        "postcode": "469267"
      },
      "type": "Feature"
    },
    {
      "geometry": {
        "coordinates": [
          [
            103.9697809,
            1.383560734
          ],
          [
            103.96990203857422,
            1.382441222667694
          ]
        ],
        "type": "LineString"
      },
      "properties": {
        "address_rows": 2,
        "current_address": "25 LOYANG CRESCENT LOYANG INDUSTRIAL ESTATE SINGAPORE 508988",
        "current_source": "postal_universe_onemap_2020",
        "delta_m": 124.5,
        "evidence_status": "coordinate_outlier_review_not_scoring",
        "overture_source": "OpenAddresses/Singapore Land Authority",
        "postcode": "508988"
      },
      "type": "Feature"
    },
    {
      "geometry": {
        "coordinates": [
          [
            103.938711559,
            1.367456048
          ],
          [
            103.93777465820312,
            1.366848349571228
          ]
        ],
        "type": "LineString"
      },
      "properties": {
        "address_rows": 1,
        "current_address": null,
        "current_source": "osm_addr_postcode",
        "delta_m": 124.0,
        "evidence_status": "coordinate_outlier_review_not_scoring",
        "overture_source": "OpenAddresses/Singapore Land Authority",
        "postcode": "529391"
      },
      "type": "Feature"
    },
    {
      "geometry": {
        "coordinates": [
          [
            103.6633025,
            1.269405714
          ],
          [
            103.6626205444336,
            1.2702915668487549
          ]
        ],
        "type": "LineString"
      },
      "properties": {
        "address_rows": 1,
        "current_address": "1 ANGSANA DRIVE SINGAPORE 627586",
        "current_source": "postal_universe_onemap_2020",
        "delta_m": 123.9,
        "evidence_status": "coordinate_outlier_review_not_scoring",
        "overture_source": "OpenAddresses/Singapore Land Authority",
        "postcode": "627586"
      },
      "type": "Feature"
    },
    {
      "geometry": {
        "coordinates": [
          [
            103.8776767,
            1.338454674
          ],
          [
            103.87852096557617,
            1.3391728401184082
          ]
        ],
        "type": "LineString"
      },
      "properties": {
        "address_rows": 2,
        "current_address": "9 VERNON PARK GURKHA CANTONMENT SINGAPORE 367828",
        "current_source": "postal_universe_onemap_2020",
        "delta_m": 123.0,
        "evidence_status": "coordinate_outlier_review_not_scoring",
        "overture_source": "OpenAddresses/Singapore Land Authority",
        "postcode": "367828"
      },
      "type": "Feature"
    },
    {
      "geometry": {
        "coordinates": [
          [
            103.918273502,
            1.318256981
          ],
          [
            103.91730117797852,
            1.3187863230705261
          ]
        ],
        "type": "LineString"
      },
      "properties": {
        "address_rows": 2,
        "current_address": null,
        "current_source": "osm_addr_postcode",
        "delta_m": 123.0,
        "evidence_status": "coordinate_outlier_review_not_scoring",
        "overture_source": "OpenAddresses/Singapore Land Authority",
        "postcode": "455789"
      },
      "type": "Feature"
    },
    {
      "geometry": {
        "coordinates": [
          [
            103.8274426,
            1.4449443
          ],
          [
            103.82649993896484,
            1.4455201625823975
          ]
        ],
        "type": "LineString"
      },
      "properties": {
        "address_rows": 1,
        "current_address": null,
        "current_source": "osm_addr_postcode",
        "delta_m": 122.7,
        "evidence_status": "coordinate_outlier_review_not_scoring",
        "overture_source": "OpenAddresses/Singapore Land Authority",
        "postcode": "768080"
      },
      "type": "Feature"
    },
    {
      "geometry": {
        "coordinates": [
          [
            103.83488444,
            1.38555915
          ],
          [
            103.83390808105469,
            1.3860704898834229
          ]
        ],
        "type": "LineString"
      },
      "properties": {
        "address_rows": 1,
        "current_address": null,
        "current_source": "osm_addr_postcode",
        "delta_m": 122.5,
        "evidence_status": "coordinate_outlier_review_not_scoring",
        "overture_source": "OpenAddresses/Singapore Land Authority",
        "postcode": "788888"
      },
      "type": "Feature"
    },
    {
      "geometry": {
        "coordinates": [
          [
            103.7072137,
            1.259414114
          ],
          [
            103.7064208984375,
            1.2601772546768188
          ]
        ],
        "type": "LineString"
      },
      "properties": {
        "address_rows": 1,
        "current_address": "1C SAKRA AVENUE SINGAPORE 627748",
        "current_source": "postal_universe_onemap_2020",
        "delta_m": 122.1,
        "evidence_status": "coordinate_outlier_review_not_scoring",
        "overture_source": "OpenAddresses/Singapore Land Authority",
        "postcode": "627748"
      },
      "type": "Feature"
    },
    {
      "geometry": {
        "coordinates": [
          [
            103.8323009,
            1.435230206
          ],
          [
            103.83196258544922,
            1.4362785816192627
          ]
        ],
        "type": "LineString"
      },
      "properties": {
        "address_rows": 1,
        "current_address": "165B YISHUN RING ROAD SINGAPORE 762165",
        "current_source": "postal_universe_onemap_2020",
        "delta_m": 121.9,
        "evidence_status": "coordinate_outlier_review_not_scoring",
        "overture_source": "OpenAddresses/Singapore Land Authority",
        "postcode": "762165"
      },
      "type": "Feature"
    },
    {
      "geometry": {
        "coordinates": [
          [
            103.7236552,
            1.312617066
          ],
          [
            103.72473907470703,
            1.3124712705612183
          ]
        ],
        "type": "LineString"
      },
      "properties": {
        "address_rows": 1,
        "current_address": "1 FISHERY PORT ROAD SINGAPORE 619729",
        "current_source": "postal_universe_onemap_2020",
        "delta_m": 121.7,
        "evidence_status": "coordinate_outlier_review_not_scoring",
        "overture_source": "OpenAddresses/Singapore Land Authority",
        "postcode": "619729"
      },
      "type": "Feature"
    },
    {
      "geometry": {
        "coordinates": [
          [
            103.6363411,
            1.271754397
          ],
          [
            103.6361312866211,
            1.270677089691162
          ]
        ],
        "type": "LineString"
      },
      "properties": {
        "address_rows": 1,
        "current_address": "6 TUAS SOUTH STREET 15 CDPL (TUAS) DORMITORY SINGAPORE 636906",
        "current_source": "postal_universe_onemap_2020",
        "delta_m": 121.4,
        "evidence_status": "coordinate_outlier_review_not_scoring",
        "overture_source": "OpenAddresses/Singapore Land Authority",
        "postcode": "636906"
      },
      "type": "Feature"
    },
    {
      "geometry": {
        "coordinates": [
          [
            103.857034138,
            1.299883109
          ],
          [
            103.85785675048828,
            1.2991629838943481
          ]
        ],
        "type": "LineString"
      },
      "properties": {
        "address_rows": 1,
        "current_address": null,
        "current_source": "osm_addr_postcode",
        "delta_m": 121.3,
        "evidence_status": "coordinate_outlier_review_not_scoring",
        "overture_source": "OpenAddresses/Singapore Land Authority",
        "postcode": "189350"
      },
      "type": "Feature"
    },
    {
      "geometry": {
        "coordinates": [
          [
            103.976643592,
            1.381506288
          ],
          [
            103.9766845703125,
            1.3804113864898682
          ]
        ],
        "type": "LineString"
      },
      "properties": {
        "address_rows": 1,
        "current_address": null,
        "current_source": "osm_addr_postcode",
        "delta_m": 121.2,
        "evidence_status": "coordinate_outlier_review_not_scoring",
        "overture_source": "OpenAddresses/Singapore Land Authority",
        "postcode": "508775"
      },
      "type": "Feature"
    },
    {
      "geometry": {
        "coordinates": [
          [
            103.759937339,
            1.436847341
          ],
          [
            103.75899505615234,
            1.4362977743148804
          ]
        ],
        "type": "LineString"
      },
      "properties": {
        "address_rows": 1,
        "current_address": null,
        "current_source": "osm_addr_postcode",
        "delta_m": 121.2,
        "evidence_status": "coordinate_outlier_review_not_scoring",
        "overture_source": "OpenAddresses/Singapore Land Authority",
        "postcode": "739571"
      },
      "type": "Feature"
    },
    {
      "geometry": {
        "coordinates": [
          [
            103.8397281,
            1.2456465
          ],
          [
            103.83892440795898,
            1.2463849782943726
          ]
        ],
        "type": "LineString"
      },
      "properties": {
        "address_rows": 2,
        "current_address": null,
        "current_source": "osm_addr_postcode",
        "delta_m": 121.1,
        "evidence_status": "coordinate_outlier_review_not_scoring",
        "overture_source": "OpenAddresses/Singapore Land Authority",
        "postcode": "098497"
      },
      "type": "Feature"
    },
    {
      "geometry": {
        "coordinates": [
          [
            103.908378169,
            1.4151991
          ],
          [
            103.90792083740234,
            1.4142063856124878
          ]
        ],
        "type": "LineString"
      },
      "properties": {
        "address_rows": 1,
        "current_address": null,
        "current_source": "osm_addr_postcode",
        "delta_m": 121.0,
        "evidence_status": "coordinate_outlier_review_not_scoring",
        "overture_source": "OpenAddresses/Singapore Land Authority",
        "postcode": "829858"
      },
      "type": "Feature"
    },
    {
      "geometry": {
        "coordinates": [
          [
            103.7518462,
            1.3286274
          ],
          [
            103.7529239654541,
            1.3284892290830612
          ]
        ],
        "type": "LineString"
      },
      "properties": {
        "address_rows": 8,
        "current_address": null,
        "current_source": "osm_addr_postcode",
        "delta_m": 120.9,
        "evidence_status": "coordinate_outlier_review_not_scoring",
        "overture_source": "OpenAddresses/Singapore Land Authority",
        "postcode": "609966"
      },
      "type": "Feature"
    },
    {
      "geometry": {
        "coordinates": [
          [
            103.85172272,
            1.375417054
          ],
          [
            103.8515396118164,
            1.3743398189544678
          ]
        ],
        "type": "LineString"
      },
      "properties": {
        "address_rows": 1,
        "current_address": null,
        "current_source": "osm_addr_postcode",
        "delta_m": 120.8,
        "evidence_status": "coordinate_outlier_review_not_scoring",
        "overture_source": "OpenAddresses/Singapore Land Authority",
        "postcode": "569206"
      },
      "type": "Feature"
    },
    {
      "geometry": {
        "coordinates": [
          [
            103.8598035,
            1.2826842
          ],
          [
            103.85907745361328,
            1.2818737030029297
          ]
        ],
        "type": "LineString"
      },
      "properties": {
        "address_rows": 1,
        "current_address": null,
        "current_source": "osm_addr_postcode",
        "delta_m": 120.7,
        "evidence_status": "coordinate_outlier_review_not_scoring",
        "overture_source": "OpenAddresses/Singapore Land Authority",
        "postcode": "018957"
      },
      "type": "Feature"
    },
    {
      "geometry": {
        "coordinates": [
          [
            103.7883825,
            1.3080015
          ],
          [
            103.78833770751953,
            1.3069104254245758
          ]
        ],
        "type": "LineString"
      },
      "properties": {
        "address_rows": 4,
        "current_address": null,
        "current_source": "osm_addr_postcode",
        "delta_m": 120.7,
        "evidence_status": "coordinate_outlier_review_not_scoring",
        "overture_source": "OpenAddresses/Singapore Land Authority",
        "postcode": "138617"
      },
      "type": "Feature"
    },
    {
      "geometry": {
        "coordinates": [
          [
            103.8604283,
            1.341039873
          ],
          [
            103.85981369018555,
            1.341935157775879
          ]
        ],
        "type": "LineString"
      },
      "properties": {
        "address_rows": 2,
        "current_address": "205 BRADDELL ROAD BRADDELL HEADQUARTER BUS DEPOT SINGAPORE 579701",
        "current_source": "postal_universe_onemap_2020",
        "delta_m": 120.3,
        "evidence_status": "coordinate_outlier_review_not_scoring",
        "overture_source": "OpenAddresses/Singapore Land Authority",
        "postcode": "579701"
      },
      "type": "Feature"
    },
    {
      "geometry": {
        "coordinates": [
          [
            103.632888195,
            1.332434989
          ],
          [
            103.63282012939453,
            1.3313524723052979
          ]
        ],
        "type": "LineString"
      },
      "properties": {
        "address_rows": 1,
        "current_address": null,
        "current_source": "osm_addr_postcode",
        "delta_m": 119.9,
        "evidence_status": "coordinate_outlier_review_not_scoring",
        "overture_source": "OpenAddresses/Singapore Land Authority",
        "postcode": "638408"
      },
      "type": "Feature"
    },
    {
      "geometry": {
        "coordinates": [
          [
            103.8610995,
            1.2932393
          ],
          [
            103.86033630371094,
            1.293997883796692
          ]
        ],
        "type": "LineString"
      },
      "properties": {
        "address_rows": 1,
        "current_address": null,
        "current_source": "osm_addr_postcode",
        "delta_m": 119.4,
        "evidence_status": "coordinate_outlier_review_not_scoring",
        "overture_source": "OpenAddresses/Singapore Land Authority",
        "postcode": "039193"
      },
      "type": "Feature"
    },
    {
      "geometry": {
        "coordinates": [
          [
            103.7845459,
            1.2940655
          ],
          [
            103.78428141276042,
            1.2930203676223755
          ]
        ],
        "type": "LineString"
      },
      "properties": {
        "address_rows": 3,
        "current_address": null,
        "current_source": "osm_addr_postcode",
        "delta_m": 119.3,
        "evidence_status": "coordinate_outlier_review_not_scoring",
        "overture_source": "OpenAddresses/Singapore Land Authority",
        "postcode": "119082"
      },
      "type": "Feature"
    },
    {
      "geometry": {
        "coordinates": [
          [
            103.6566891,
            1.32636532
          ],
          [
            103.65772247314453,
            1.3266454935073853
          ]
        ],
        "type": "LineString"
      },
      "properties": {
        "address_rows": 1,
        "current_address": "30 TUAS AVENUE 2 SINGAPORE 639461",
        "current_source": "postal_universe_onemap_2020",
        "delta_m": 119.1,
        "evidence_status": "coordinate_outlier_review_not_scoring",
        "overture_source": "OpenAddresses/Singapore Land Authority",
        "postcode": "639461"
      },
      "type": "Feature"
    },
    {
      "geometry": {
        "coordinates": [
          [
            103.7999441,
            1.289966
          ],
          [
            103.79993438720703,
            1.2910420894622803
          ]
        ],
        "type": "LineString"
      },
      "properties": {
        "address_rows": 1,
        "current_address": null,
        "current_source": "osm_addr_postcode",
        "delta_m": 119.0,
        "evidence_status": "coordinate_outlier_review_not_scoring",
        "overture_source": "OpenAddresses/Singapore Land Authority",
        "postcode": "140205"
      },
      "type": "Feature"
    },
    {
      "geometry": {
        "coordinates": [
          [
            103.725319915,
            1.3855109
          ],
          [
            103.72463989257812,
            1.384682297706604
          ]
        ],
        "type": "LineString"
      },
      "properties": {
        "address_rows": 1,
        "current_address": null,
        "current_source": "osm_addr_postcode",
        "delta_m": 118.8,
        "evidence_status": "coordinate_outlier_review_not_scoring",
        "overture_source": "OpenAddresses/Singapore Land Authority",
        "postcode": "698949"
      },
      "type": "Feature"
    },
    {
      "geometry": {
        "coordinates": [
          [
            103.8375032,
            1.31253585
          ],
          [
            103.83688354492188,
            1.3134013414382935
          ]
        ],
        "type": "LineString"
      },
      "properties": {
        "address_rows": 1,
        "current_address": "51 SCOTTS ROAD SINGAPORE 228241",
        "current_source": "postal_universe_onemap_2020",
        "delta_m": 118.0,
        "evidence_status": "coordinate_outlier_review_not_scoring",
        "overture_source": "OpenAddresses/Singapore Land Authority",
        "postcode": "228241"
      },
      "type": "Feature"
    },
    {
      "geometry": {
        "coordinates": [
          [
            103.6831699,
            1.318963355
          ],
          [
            103.6832275390625,
            1.3179012537002563
          ]
        ],
        "type": "LineString"
      },
      "properties": {
        "address_rows": 1,
        "current_address": "12 BENOI SECTOR SINGAPORE 629846",
        "current_source": "postal_universe_onemap_2020",
        "delta_m": 117.6,
        "evidence_status": "coordinate_outlier_review_not_scoring",
        "overture_source": "OpenAddresses/Singapore Land Authority",
        "postcode": "629846"
      },
      "type": "Feature"
    },
    {
      "geometry": {
        "coordinates": [
          [
            103.802112731,
            1.28276285
          ],
          [
            103.80300903320312,
            1.2822012901306152
          ]
        ],
        "type": "LineString"
      },
      "properties": {
        "address_rows": 1,
        "current_address": null,
        "current_source": "osm_addr_postcode",
        "delta_m": 117.5,
        "evidence_status": "coordinate_outlier_review_not_scoring",
        "overture_source": "OpenAddresses/Singapore Land Authority",
        "postcode": "109689"
      },
      "type": "Feature"
    },
    {
      "geometry": {
        "coordinates": [
          [
            103.6389239,
            1.325819605
          ],
          [
            103.63980102539062,
            1.326411247253418
          ]
        ],
        "type": "LineString"
      },
      "properties": {
        "address_rows": 1,
        "current_address": "11A TUAS AVENUE 20 SINGAPORE 638823",
        "current_source": "postal_universe_onemap_2020",
        "delta_m": 117.5,
        "evidence_status": "coordinate_outlier_review_not_scoring",
        "overture_source": "OpenAddresses/Singapore Land Authority",
        "postcode": "638823"
      },
      "type": "Feature"
    },
    {
      "geometry": {
        "coordinates": [
          [
            103.7310219,
            1.38329
          ],
          [
            103.73006439208984,
            1.3828456401824951
          ]
        ],
        "type": "LineString"
      },
      "properties": {
        "address_rows": 2,
        "current_address": null,
        "current_source": "osm_addr_postcode",
        "delta_m": 117.3,
        "evidence_status": "coordinate_outlier_review_not_scoring",
        "overture_source": "OpenAddresses/Singapore Land Authority",
        "postcode": "699005"
      },
      "type": "Feature"
    },
    {
      "geometry": {
        "coordinates": [
          [
            103.804114829,
            1.28316565
          ],
          [
            103.80364990234375,
            1.2822175025939941
          ]
        ],
        "type": "LineString"
      },
      "properties": {
        "address_rows": 1,
        "current_address": null,
        "current_source": "osm_addr_postcode",
        "delta_m": 116.9,
        "evidence_status": "coordinate_outlier_review_not_scoring",
        "overture_source": "OpenAddresses/Singapore Land Authority",
        "postcode": "109696"
      },
      "type": "Feature"
    },
    {
      "geometry": {
        "coordinates": [
          [
            103.858098649,
            1.317213499
          ],
          [
            103.85713195800781,
            1.317622184753418
          ]
        ],
        "type": "LineString"
      },
      "properties": {
        "address_rows": 1,
        "current_address": null,
        "current_source": "osm_addr_postcode",
        "delta_m": 116.7,
        "evidence_status": "coordinate_outlier_review_not_scoring",
        "overture_source": "OpenAddresses/Singapore Land Authority",
        "postcode": "320141"
      },
      "type": "Feature"
    },
    {
      "geometry": {
        "coordinates": [
          [
            103.934580332,
            1.3181342
          ],
          [
            103.9355697631836,
            1.3184773325920105
          ]
        ],
        "type": "LineString"
      },
      "properties": {
        "address_rows": 2,
        "current_address": null,
        "current_source": "osm_addr_postcode",
        "delta_m": 116.5,
        "evidence_status": "coordinate_outlier_review_not_scoring",
        "overture_source": "OpenAddresses/Singapore Land Authority",
        "postcode": "469278"
      },
      "type": "Feature"
    },
    {
      "geometry": {
        "coordinates": [
          [
            103.8929919,
            1.3716092
          ],
          [
            103.89231491088867,
            1.3708133101463318
          ]
        ],
        "type": "LineString"
      },
      "properties": {
        "address_rows": 2,
        "current_address": null,
        "current_source": "osm_addr_postcode",
        "delta_m": 115.8,
        "evidence_status": "coordinate_outlier_review_not_scoring",
        "overture_source": "OpenAddresses/Singapore Land Authority",
        "postcode": "538758"
      },
      "type": "Feature"
    },
    {
      "geometry": {
        "coordinates": [
          [
            103.794920415,
            1.318912101
          ],
          [
            103.79554748535156,
            1.3180785179138184
          ]
        ],
        "type": "LineString"
      },
      "properties": {
        "address_rows": 1,
        "current_address": null,
        "current_source": "osm_addr_postcode",
        "delta_m": 115.6,
        "evidence_status": "coordinate_outlier_review_not_scoring",
        "overture_source": "OpenAddresses/Singapore Land Authority",
        "postcode": "269264"
      },
      "type": "Feature"
    },
    {
      "geometry": {
        "coordinates": [
          [
            103.8429038,
            1.2806873
          ],
          [
            103.84188079833984,
            1.2805471420288086
          ]
        ],
        "type": "LineString"
      },
      "properties": {
        "address_rows": 3,
        "current_address": null,
        "current_source": "osm_addr_postcode",
        "delta_m": 114.9,
        "evidence_status": "coordinate_outlier_review_not_scoring",
        "overture_source": "OpenAddresses/Singapore Land Authority",
        "postcode": "088391"
      },
      "type": "Feature"
    },
    {
      "geometry": {
        "coordinates": [
          [
            103.6514241,
            1.310911204
          ],
          [
            103.65052032470703,
            1.311413288116455
          ]
        ],
        "type": "LineString"
      },
      "properties": {
        "address_rows": 1,
        "current_address": "46 TUAS ROAD SINGAPORE 638499",
        "current_source": "postal_universe_onemap_2020",
        "delta_m": 114.9,
        "evidence_status": "coordinate_outlier_review_not_scoring",
        "overture_source": "OpenAddresses/Singapore Land Authority",
        "postcode": "638499"
      },
      "type": "Feature"
    },
    {
      "geometry": {
        "coordinates": [
          [
            103.7971753,
            1.4487975
          ],
          [
            103.79712295532227,
            1.4498299360275269
          ]
        ],
        "type": "LineString"
      },
      "properties": {
        "address_rows": 2,
        "current_address": null,
        "current_source": "osm_addr_postcode",
        "delta_m": 114.3,
        "evidence_status": "coordinate_outlier_review_not_scoring",
        "overture_source": "OpenAddresses/Singapore Land Authority",
        "postcode": "757881"
      },
      "type": "Feature"
    },
    {
      "geometry": {
        "coordinates": [
          [
            103.914610343,
            1.402036071
          ],
          [
            103.91378784179688,
            1.4026553630828857
          ]
        ],
        "type": "LineString"
      },
      "properties": {
        "address_rows": 1,
        "current_address": null,
        "current_source": "osm_addr_postcode",
        "delta_m": 114.3,
        "evidence_status": "coordinate_outlier_review_not_scoring",
        "overture_source": "OpenAddresses/Singapore Land Authority",
        "postcode": "820667"
      },
      "type": "Feature"
    },
    {
      "geometry": {
        "coordinates": [
          [
            103.7584767,
            1.301505022
          ],
          [
            103.75897979736328,
            1.3024049997329712
          ]
        ],
        "type": "LineString"
      },
      "properties": {
        "address_rows": 1,
        "current_address": "11 PANDAN CRESCENT SINGAPORE 128467",
        "current_source": "postal_universe_onemap_2020",
        "delta_m": 114.2,
        "evidence_status": "coordinate_outlier_review_not_scoring",
        "overture_source": "OpenAddresses/Singapore Land Authority",
        "postcode": "128467"
      },
      "type": "Feature"
    },
    {
      "geometry": {
        "coordinates": [
          [
            103.7599384,
            1.317909951
          ],
          [
            103.7597885131836,
            1.3168911933898926
          ]
        ],
        "type": "LineString"
      },
      "properties": {
        "address_rows": 1,
        "current_address": "4 JALAN LEMPENG PARC CLEMATIS SINGAPORE 128794",
        "current_source": "postal_universe_onemap_2020",
        "delta_m": 113.9,
        "evidence_status": "coordinate_outlier_review_not_scoring",
        "overture_source": "OpenAddresses/Singapore Land Authority",
        "postcode": "128794"
      },
      "type": "Feature"
    },
    {
      "geometry": {
        "coordinates": [
          [
            103.948676461,
            1.373654402
          ],
          [
            103.94873809814453,
            1.372626781463623
          ]
        ],
        "type": "LineString"
      },
      "properties": {
        "address_rows": 1,
        "current_address": null,
        "current_source": "hdb_existing_building",
        "delta_m": 113.8,
        "evidence_status": "coordinate_outlier_review_not_scoring",
        "overture_source": "OpenAddresses/Singapore Land Authority",
        "postcode": "519613"
      },
      "type": "Feature"
    },
    {
      "geometry": {
        "coordinates": [
          [
            103.743409944,
            1.302263449
          ],
          [
            103.74332809448242,
            1.3032891750335693
          ]
        ],
        "type": "LineString"
      },
      "properties": {
        "address_rows": 2,
        "current_address": null,
        "current_source": "osm_addr_postcode",
        "delta_m": 113.8,
        "evidence_status": "coordinate_outlier_review_not_scoring",
        "overture_source": "OpenAddresses/Singapore Land Authority",
        "postcode": "609831"
      },
      "type": "Feature"
    },
    {
      "geometry": {
        "coordinates": [
          [
            103.812314737,
            1.45253665
          ],
          [
            103.81212615966797,
            1.4515271186828613
          ]
        ],
        "type": "LineString"
      },
      "properties": {
        "address_rows": 1,
        "current_address": null,
        "current_source": "osm_addr_postcode",
        "delta_m": 113.6,
        "evidence_status": "coordinate_outlier_review_not_scoring",
        "overture_source": "OpenAddresses/Singapore Land Authority",
        "postcode": "738734"
      },
      "type": "Feature"
    },
    {
      "geometry": {
        "coordinates": [
          [
            103.692681,
            1.303530749
          ],
          [
            103.69348907470703,
            1.3029119968414307
          ]
        ],
        "type": "LineString"
      },
      "properties": {
        "address_rows": 1,
        "current_address": "31 SHIPYARD ROAD SINGAPORE 628130",
        "current_source": "postal_universe_onemap_2020",
        "delta_m": 113.0,
        "evidence_status": "coordinate_outlier_review_not_scoring",
        "overture_source": "OpenAddresses/Singapore Land Authority",
        "postcode": "628130"
      },
      "type": "Feature"
    },
    {
      "geometry": {
        "coordinates": [
          [
            103.952971841,
            1.340493574
          ],
          [
            103.95323181152344,
            1.3395062685012817
          ]
        ],
        "type": "LineString"
      },
      "properties": {
        "address_rows": 1,
        "current_address": null,
        "current_source": "osm_addr_postcode",
        "delta_m": 112.9,
        "evidence_status": "coordinate_outlier_review_not_scoring",
        "overture_source": "OpenAddresses/Singapore Land Authority",
        "postcode": "529894"
      },
      "type": "Feature"
    },
    {
      "geometry": {
        "coordinates": [
          [
            103.864244706,
            1.320073242
          ],
          [
            103.86332702636719,
            1.320501685142517
          ]
        ],
        "type": "LineString"
      },
      "properties": {
        "address_rows": 1,
        "current_address": null,
        "current_source": "hdb_existing_building",
        "delta_m": 112.6,
        "evidence_status": "coordinate_outlier_review_not_scoring",
        "overture_source": "OpenAddresses/Singapore Land Authority",
        "postcode": "330034"
      },
      "type": "Feature"
    },
    {
      "geometry": {
        "coordinates": [
          [
            103.8279566,
            1.2862467
          ],
          [
            103.82696914672852,
            1.2864611744880676
          ]
        ],
        "type": "LineString"
      },
      "properties": {
        "address_rows": 2,
        "current_address": null,
        "current_source": "osm_addr_postcode",
        "delta_m": 112.4,
        "evidence_status": "coordinate_outlier_review_not_scoring",
        "overture_source": "OpenAddresses/Singapore Land Authority",
        "postcode": "168732"
      },
      "type": "Feature"
    },
    {
      "geometry": {
        "coordinates": [
          [
            103.83726143,
            1.429396601
          ],
          [
            103.8381118774414,
            1.4299449920654297
          ]
        ],
        "type": "LineString"
      },
      "properties": {
        "address_rows": 1,
        "current_address": null,
        "current_source": "osm_addr_postcode",
        "delta_m": 112.4,
        "evidence_status": "coordinate_outlier_review_not_scoring",
        "overture_source": "OpenAddresses/Singapore Land Authority",
        "postcode": "768830"
      },
      "type": "Feature"
    },
    {
      "geometry": {
        "coordinates": [
          [
            103.836044,
            1.323948495
          ],
          [
            103.83589935302734,
            1.3229461908340454
          ]
        ],
        "type": "LineString"
      },
      "properties": {
        "address_rows": 1,
        "current_address": "14 MOUNT ROSIE ROAD SINGAPORE 308050",
        "current_source": "postal_universe_onemap_2020",
        "delta_m": 112.0,
        "evidence_status": "coordinate_outlier_review_not_scoring",
        "overture_source": "OpenAddresses/Singapore Land Authority",
        "postcode": "308050"
      },
      "type": "Feature"
    },
    {
      "geometry": {
        "coordinates": [
          [
            103.7809593,
            1.2965347
          ],
          [
            103.77997970581055,
            1.2963128089904785
          ]
        ],
        "type": "LineString"
      },
      "properties": {
        "address_rows": 2,
        "current_address": null,
        "current_source": "osm_addr_postcode",
        "delta_m": 111.7,
        "evidence_status": "coordinate_outlier_review_not_scoring",
        "overture_source": "OpenAddresses/Singapore Land Authority",
        "postcode": "117541"
      },
      "type": "Feature"
    },
    {
      "geometry": {
        "coordinates": [
          [
            103.8455834,
            1.3220719
          ],
          [
            103.84606170654297,
            1.3211861508233207
          ]
        ],
        "type": "LineString"
      },
      "properties": {
        "address_rows": 7,
        "current_address": null,
        "current_source": "osm_addr_postcode",
        "delta_m": 111.5,
        "evidence_status": "coordinate_outlier_review_not_scoring",
        "overture_source": "OpenAddresses/Singapore Land Authority",
        "postcode": "308433"
      },
      "type": "Feature"
    },
    {
      "geometry": {
        "coordinates": [
          [
            103.847856141,
            1.333731805
          ],
          [
            103.84884262084961,
            1.333901286125183
          ]
        ],
        "type": "LineString"
      },
      "properties": {
        "address_rows": 2,
        "current_address": null,
        "current_source": "hdb_existing_building",
        "delta_m": 111.4,
        "evidence_status": "coordinate_outlier_review_not_scoring",
        "overture_source": "OpenAddresses/Singapore Land Authority",
        "postcode": "310177"
      },
      "type": "Feature"
    },
    {
      "geometry": {
        "coordinates": [
          [
            103.937303524,
            1.365959751
          ],
          [
            103.93777465820312,
            1.366848349571228
          ]
        ],
        "type": "LineString"
      },
      "properties": {
        "address_rows": 1,
        "current_address": null,
        "current_source": "osm_addr_postcode",
        "delta_m": 111.4,
        "evidence_status": "coordinate_outlier_review_not_scoring",
        "overture_source": "OpenAddresses/Singapore Land Authority",
        "postcode": "529412"
      },
      "type": "Feature"
    },
    {
      "geometry": {
        "coordinates": [
          [
            103.725479913,
            1.333303456
          ],
          [
            103.72542572021484,
            1.33430814743042
          ]
        ],
        "type": "LineString"
      },
      "properties": {
        "address_rows": 1,
        "current_address": null,
        "current_source": "osm_addr_postcode",
        "delta_m": 111.3,
        "evidence_status": "coordinate_outlier_review_not_scoring",
        "overture_source": "OpenAddresses/Singapore Land Authority",
        "postcode": "619601"
      },
      "type": "Feature"
    },
    {
      "geometry": {
        "coordinates": [
          [
            103.881072022,
            1.378358094
          ],
          [
            103.88084411621094,
            1.377378761768341
          ]
        ],
        "type": "LineString"
      },
      "properties": {
        "address_rows": 2,
        "current_address": null,
        "current_source": "osm_addr_postcode",
        "delta_m": 111.2,
        "evidence_status": "coordinate_outlier_review_not_scoring",
        "overture_source": "OpenAddresses/Singapore Land Authority",
        "postcode": "534238"
      },
      "type": "Feature"
    },
    {
      "geometry": {
        "coordinates": [
          [
            103.744361,
            1.3327225
          ],
          [
            103.74488067626953,
            1.3318650722503662
          ]
        ],
        "type": "LineString"
      },
      "properties": {
        "address_rows": 1,
        "current_address": null,
        "current_source": "osm_addr_postcode",
        "delta_m": 111.1,
        "evidence_status": "coordinate_outlier_review_not_scoring",
        "overture_source": "OpenAddresses/Singapore Land Authority",
        "postcode": "608521"
      },
      "type": "Feature"
    },
    {
      "geometry": {
        "coordinates": [
          [
            103.7071701,
            1.328955912
          ],
          [
            103.7061767578125,
            1.3288625478744507
          ]
        ],
        "type": "LineString"
      },
      "properties": {
        "address_rows": 1,
        "current_address": "348 JALAN BOON LAY PSC BUILDING SINGAPORE 619529",
        "current_source": "postal_universe_onemap_2020",
        "delta_m": 111.0,
        "evidence_status": "coordinate_outlier_review_not_scoring",
        "overture_source": "OpenAddresses/Singapore Land Authority",
        "postcode": "619529"
      },
      "type": "Feature"
    },
    {
      "geometry": {
        "coordinates": [
          [
            103.8390897,
            1.4244599
          ],
          [
            103.83821487426758,
            1.4239792823791504
          ]
        ],
        "type": "LineString"
      },
      "properties": {
        "address_rows": 2,
        "current_address": null,
        "current_source": "osm_addr_postcode",
        "delta_m": 110.9,
        "evidence_status": "coordinate_outlier_review_not_scoring",
        "overture_source": "OpenAddresses/Singapore Land Authority",
        "postcode": "768828"
      },
      "type": "Feature"
    },
    {
      "geometry": {
        "coordinates": [
          [
            103.961507571,
            1.380407281
          ],
          [
            103.96244430541992,
            1.3807470365004106
          ]
        ],
        "type": "LineString"
      },
      "properties": {
        "address_rows": 22,
        "current_address": null,
        "current_source": "osm_addr_postcode",
        "delta_m": 110.8,
        "evidence_status": "coordinate_outlier_review_not_scoring",
        "overture_source": "OpenAddresses/Singapore Land Authority",
        "postcode": "507020"
      },
      "type": "Feature"
    },
    {
      "geometry": {
        "coordinates": [
          [
            103.9884801,
            1.318575341
          ],
          [
            103.98908996582031,
            1.3193658590316772
          ]
        ],
        "type": "LineString"
      },
      "properties": {
        "address_rows": 1,
        "current_address": "35A TANAH MERAH COAST ROAD TEMPORARY SITE OFFICE SINGAPORE 498714",
        "current_source": "postal_universe_onemap_2020",
        "delta_m": 110.7,
        "evidence_status": "coordinate_outlier_review_not_scoring",
        "overture_source": "OpenAddresses/Singapore Land Authority",
        "postcode": "498714"
      },
      "type": "Feature"
    },
    {
      "geometry": {
        "coordinates": [
          [
            103.911532,
            1.3403463
          ],
          [
            103.91079711914062,
            1.339676856994629
          ]
        ],
        "type": "LineString"
      },
      "properties": {
        "address_rows": 1,
        "current_address": null,
        "current_source": "osm_addr_postcode",
        "delta_m": 110.3,
        "evidence_status": "coordinate_outlier_review_not_scoring",
        "overture_source": "OpenAddresses/Singapore Land Authority",
        "postcode": "417800"
      },
      "type": "Feature"
    },
    {
      "geometry": {
        "coordinates": [
          [
            103.6741631,
            1.319060155
          ],
          [
            103.67406463623047,
            1.320050597190857
          ]
        ],
        "type": "LineString"
      },
      "properties": {
        "address_rows": 1,
        "current_address": "156A GUL CIRCLE SINGAPORE 629614",
        "current_source": "postal_universe_onemap_2020",
        "delta_m": 110.1,
        "evidence_status": "coordinate_outlier_review_not_scoring",
        "overture_source": "OpenAddresses/Singapore Land Authority",
        "postcode": "629614"
      },
      "type": "Feature"
    },
    {
      "geometry": {
        "coordinates": [
          [
            103.810315,
            1.41465689
          ],
          [
            103.80936431884766,
            1.414384086926778
          ]
        ],
        "type": "LineString"
      },
      "properties": {
        "address_rows": 3,
        "current_address": "30 MANDAI AVENUE MANDAI CREMATORIUM AND COLUMBARIUM SINGAPORE 778782",
        "current_source": "postal_universe_onemap_2020",
        "delta_m": 110.0,
        "evidence_status": "coordinate_outlier_review_not_scoring",
        "overture_source": "OpenAddresses/Singapore Land Authority",
        "postcode": "778782"
      },
      "type": "Feature"
    },
    {
      "geometry": {
        "coordinates": [
          [
            103.6688033,
            1.262053487
          ],
          [
            103.66949462890625,
            1.2613472938537598
          ]
        ],
        "type": "LineString"
      },
      "properties": {
        "address_rows": 1,
        "current_address": "19 TEMBUSU ROAD SINGAPORE 627597",
        "current_source": "postal_universe_onemap_2020",
        "delta_m": 109.6,
        "evidence_status": "coordinate_outlier_review_not_scoring",
        "overture_source": "OpenAddresses/Singapore Land Authority",
        "postcode": "627597"
      },
      "type": "Feature"
    },
    {
      "geometry": {
        "coordinates": [
          [
            103.8639018,
            1.404660144
          ],
          [
            103.86488342285156,
            1.404574990272522
          ]
        ],
        "type": "LineString"
      },
      "properties": {
        "address_rows": 1,
        "current_address": "12 SELETAR AEROSPACE HEIGHTS SINGAPORE 797378",
        "current_source": "postal_universe_onemap_2020",
        "delta_m": 109.6,
        "evidence_status": "coordinate_outlier_review_not_scoring",
        "overture_source": "OpenAddresses/Singapore Land Authority",
        "postcode": "797378"
      },
      "type": "Feature"
    },
    {
      "geometry": {
        "coordinates": [
          [
            103.7785766,
            1.297054658
          ],
          [
            103.7791633605957,
            1.2962608337402344
          ]
        ],
        "type": "LineString"
      },
      "properties": {
        "address_rows": 2,
        "current_address": "2 SCIENCE DRIVE 3 NATIONAL UNIVERSITY OF SINGAPORE (S12) SINGAPORE 117551",
        "current_source": "postal_universe_onemap_2020",
        "delta_m": 109.4,
        "evidence_status": "coordinate_outlier_review_not_scoring",
        "overture_source": "OpenAddresses/Singapore Land Authority",
        "postcode": "117551"
      },
      "type": "Feature"
    },
    {
      "geometry": {
        "coordinates": [
          [
            103.929086837,
            1.309659983
          ],
          [
            103.92998123168945,
            1.3100698590278625
          ]
        ],
        "type": "LineString"
      },
      "properties": {
        "address_rows": 2,
        "current_address": null,
        "current_source": "osm_addr_postcode",
        "delta_m": 109.4,
        "evidence_status": "coordinate_outlier_review_not_scoring",
        "overture_source": "OpenAddresses/Singapore Land Authority",
        "postcode": "449969"
      },
      "type": "Feature"
    },
    {
      "geometry": {
        "coordinates": [
          [
            103.8731544,
            1.3502242
          ],
          [
            103.87228902180989,
            1.3506912589073181
          ]
        ],
        "type": "LineString"
      },
      "properties": {
        "address_rows": 6,
        "current_address": null,
        "current_source": "osm_addr_postcode",
        "delta_m": 109.3,
        "evidence_status": "coordinate_outlier_review_not_scoring",
        "overture_source": "OpenAddresses/Singapore Land Authority",
        "postcode": "556083"
      },
      "type": "Feature"
    },
    {
      "geometry": {
        "coordinates": [
          [
            103.8422026,
            1.4395011
          ],
          [
            103.84317016601562,
            1.4393455982208252
          ]
        ],
        "type": "LineString"
      },
      "properties": {
        "address_rows": 1,
        "current_address": null,
        "current_source": "osm_addr_postcode",
        "delta_m": 109.0,
        "evidence_status": "coordinate_outlier_review_not_scoring",
        "overture_source": "OpenAddresses/Singapore Land Authority",
        "postcode": "768442"
      },
      "type": "Feature"
    },
    {
      "geometry": {
        "coordinates": [
          [
            103.727182886,
            1.352784806
          ],
          [
            103.72686386108398,
            1.3518537282943726
          ]
        ],
        "type": "LineString"
      },
      "properties": {
        "address_rows": 2,
        "current_address": null,
        "current_source": "osm_addr_postcode",
        "delta_m": 108.9,
        "evidence_status": "coordinate_outlier_review_not_scoring",
        "overture_source": "OpenAddresses/Singapore Land Authority",
        "postcode": "649370"
      },
      "type": "Feature"
    },
    {
      "geometry": {
        "coordinates": [
          [
            103.7778304,
            1.295848853
          ],
          [
            103.77878952026367,
            1.2956579327583313
          ]
        ],
        "type": "LineString"
      },
      "properties": {
        "address_rows": 2,
        "current_address": "12 SCIENCE DRIVE 4 NATIONAL UNIVERSITY OF SINGAPORE (S1) SINGAPORE 117556",
        "current_source": "postal_universe_onemap_2020",
        "delta_m": 108.8,
        "evidence_status": "coordinate_outlier_review_not_scoring",
        "overture_source": "OpenAddresses/Singapore Land Authority",
        "postcode": "117556"
      },
      "type": "Feature"
    },
    {
      "geometry": {
        "coordinates": [
          [
            103.738359267,
            1.354373099
          ],
          [
            103.73743438720703,
            1.3546899557113647
          ]
        ],
        "type": "LineString"
      },
      "properties": {
        "address_rows": 1,
        "current_address": null,
        "current_source": "osm_addr_postcode",
        "delta_m": 108.7,
        "evidence_status": "coordinate_outlier_review_not_scoring",
        "overture_source": "OpenAddresses/Singapore Land Authority",
        "postcode": "651459"
      },
      "type": "Feature"
    },
    {
      "geometry": {
        "coordinates": [
          [
            103.8281623,
            1.297352347
          ],
          [
            103.82913208007812,
            1.2972458600997925
          ]
        ],
        "type": "LineString"
      },
      "properties": {
        "address_rows": 1,
        "current_address": "51 GRANGE ROAD MOE HQ (GRANGE ROAD) SINGAPORE 249564",
        "current_source": "postal_universe_onemap_2020",
        "delta_m": 108.6,
        "evidence_status": "coordinate_outlier_review_not_scoring",
        "overture_source": "OpenAddresses/Singapore Land Authority",
        "postcode": "249564"
      },
      "type": "Feature"
    },
    {
      "geometry": {
        "coordinates": [
          [
            103.7201569,
            1.310099974
          ],
          [
            103.72045135498047,
            1.3110339641571045
          ]
        ],
        "type": "LineString"
      },
      "properties": {
        "address_rows": 1,
        "current_address": "10 JALAN TEPONG SINGAPORE 619328",
        "current_source": "postal_universe_onemap_2020",
        "delta_m": 108.4,
        "evidence_status": "coordinate_outlier_review_not_scoring",
        "overture_source": "OpenAddresses/Singapore Land Authority",
        "postcode": "619328"
      },
      "type": "Feature"
    },
    {
      "geometry": {
        "coordinates": [
          [
            103.8798096,
            1.302025848
          ],
          [
            103.87910461425781,
            1.3013501167297363
          ]
        ],
        "type": "LineString"
      },
      "properties": {
        "address_rows": 1,
        "current_address": "34 JALAN BENAAN KAPAL KALLANG PARK SINGAPORE 399633",
        "current_source": "postal_universe_onemap_2020",
        "delta_m": 108.3,
        "evidence_status": "coordinate_outlier_review_not_scoring",
        "overture_source": "OpenAddresses/Singapore Land Authority",
        "postcode": "399633"
      },
      "type": "Feature"
    },
    {
      "geometry": {
        "coordinates": [
          [
            103.860933,
            1.2846154
          ],
          [
            103.86072322300502,
            1.2836631366184779
          ]
        ],
        "type": "LineString"
      },
      "properties": {
        "address_rows": 7,
        "current_address": null,
        "current_source": "osm_addr_postcode",
        "delta_m": 107.9,
        "evidence_status": "coordinate_outlier_review_not_scoring",
        "overture_source": "OpenAddresses/Singapore Land Authority",
        "postcode": "018971"
      },
      "type": "Feature"
    },
    {
      "geometry": {
        "coordinates": [
          [
            103.938287945,
            1.36767575
          ],
          [
            103.93777465820312,
            1.366848349571228
          ]
        ],
        "type": "LineString"
      },
      "properties": {
        "address_rows": 1,
        "current_address": null,
        "current_source": "osm_addr_postcode",
        "delta_m": 107.9,
        "evidence_status": "coordinate_outlier_review_not_scoring",
        "overture_source": "OpenAddresses/Singapore Land Authority",
        "postcode": "529390"
      },
      "type": "Feature"
    },
    {
      "geometry": {
        "coordinates": [
          [
            103.802669777,
            1.2831133
          ],
          [
            103.80300903320312,
            1.2822012901306152
          ]
        ],
        "type": "LineString"
      },
      "properties": {
        "address_rows": 1,
        "current_address": null,
        "current_source": "osm_addr_postcode",
        "delta_m": 107.7,
        "evidence_status": "coordinate_outlier_review_not_scoring",
        "overture_source": "OpenAddresses/Singapore Land Authority",
        "postcode": "109693"
      },
      "type": "Feature"
    },
    {
      "geometry": {
        "coordinates": [
          [
            103.938721553,
            1.367042805
          ],
          [
            103.93777465820312,
            1.366848349571228
          ]
        ],
        "type": "LineString"
      },
      "properties": {
        "address_rows": 1,
        "current_address": null,
        "current_source": "osm_addr_postcode",
        "delta_m": 107.5,
        "evidence_status": "coordinate_outlier_review_not_scoring",
        "overture_source": "OpenAddresses/Singapore Land Authority",
        "postcode": "529382"
      },
      "type": "Feature"
    },
    {
      "geometry": {
        "coordinates": [
          [
            103.83550651,
            1.35323995
          ],
          [
            103.83639526367188,
            1.3528636693954468
          ]
        ],
        "type": "LineString"
      },
      "properties": {
        "address_rows": 1,
        "current_address": null,
        "current_source": "osm_addr_postcode",
        "delta_m": 107.3,
        "evidence_status": "coordinate_outlier_review_not_scoring",
        "overture_source": "OpenAddresses/Singapore Land Authority",
        "postcode": "575585"
      },
      "type": "Feature"
    },
    {
      "geometry": {
        "coordinates": [
          [
            103.904632431,
            1.414476101
          ],
          [
            103.90554428100586,
            1.414789080619812
          ]
        ],
        "type": "LineString"
      },
      "properties": {
        "address_rows": 2,
        "current_address": null,
        "current_source": "osm_addr_postcode",
        "delta_m": 107.2,
        "evidence_status": "coordinate_outlier_review_not_scoring",
        "overture_source": "OpenAddresses/Singapore Land Authority",
        "postcode": "829645"
      },
      "type": "Feature"
    },
    {
      "geometry": {
        "coordinates": [
          [
            103.6780283,
            1.3273019
          ],
          [
            103.67833709716797,
            1.326389729976654
          ]
        ],
        "type": "LineString"
      },
      "properties": {
        "address_rows": 2,
        "current_address": null,
        "current_source": "osm_addr_postcode",
        "delta_m": 106.6,
        "evidence_status": "coordinate_outlier_review_not_scoring",
        "overture_source": "OpenAddresses/Singapore Land Authority",
        "postcode": "629117"
      },
      "type": "Feature"
    },
    {
      "geometry": {
        "coordinates": [
          [
            103.7694125,
            1.306620988
          ],
          [
            103.77014923095703,
            1.3060067892074585
          ]
        ],
        "type": "LineString"
      },
      "properties": {
        "address_rows": 1,
        "current_address": "20 CLEMENTI AVENUE 1 NUS HIGH SCHOOL OF MATHEMATICS AND SCIENCE SINGAPORE 129957",
        "current_source": "postal_universe_onemap_2020",
        "delta_m": 106.5,
        "evidence_status": "coordinate_outlier_review_not_scoring",
        "overture_source": "OpenAddresses/Singapore Land Authority",
        "postcode": "129957"
      },
      "type": "Feature"
    },
    {
      "geometry": {
        "coordinates": [
          [
            103.8953427,
            1.342334814
          ],
          [
            103.89611053466797,
            1.3417596817016602
          ]
        ],
        "type": "LineString"
      },
      "properties": {
        "address_rows": 1,
        "current_address": "101 BARTLEY ROAD EAST SINGAPORE 533951",
        "current_source": "postal_universe_onemap_2020",
        "delta_m": 106.5,
        "evidence_status": "coordinate_outlier_review_not_scoring",
        "overture_source": "OpenAddresses/Singapore Land Authority",
        "postcode": "533951"
      },
      "type": "Feature"
    },
    {
      "geometry": {
        "coordinates": [
          [
            103.7123101,
            1.43565274
          ],
          [
            103.71251678466797,
            1.4365928173065186
          ]
        ],
        "type": "LineString"
      },
      "properties": {
        "address_rows": 1,
        "current_address": "11 LIM CHU KANG LANE 6 SINGAPORE 718927",
        "current_source": "postal_universe_onemap_2020",
        "delta_m": 106.5,
        "evidence_status": "coordinate_outlier_review_not_scoring",
        "overture_source": "OpenAddresses/Singapore Land Authority",
        "postcode": "718927"
      },
      "type": "Feature"
    },
    {
      "geometry": {
        "coordinates": [
          [
            103.857439732,
            1.33022755
          ],
          [
            103.85652160644531,
            1.3299583792686462
          ]
        ],
        "type": "LineString"
      },
      "properties": {
        "address_rows": 2,
        "current_address": null,
        "current_source": "osm_addr_postcode",
        "delta_m": 106.4,
        "evidence_status": "coordinate_outlier_review_not_scoring",
        "overture_source": "OpenAddresses/Singapore Land Authority",
        "postcode": "319944"
      },
      "type": "Feature"
    },
    {
      "geometry": {
        "coordinates": [
          [
            103.753029,
            1.3196536
          ],
          [
            103.75215911865234,
            1.3200492858886719
          ]
        ],
        "type": "LineString"
      },
      "properties": {
        "address_rows": 1,
        "current_address": null,
        "current_source": "osm_addr_postcode",
        "delta_m": 106.2,
        "evidence_status": "coordinate_outlier_review_not_scoring",
        "overture_source": "OpenAddresses/Singapore Land Authority",
        "postcode": "126755"
      },
      "type": "Feature"
    },
    {
      "geometry": {
        "coordinates": [
          [
            103.853363286,
            1.37648295
          ],
          [
            103.8542251586914,
            1.3768962621688843
          ]
        ],
        "type": "LineString"
      },
      "properties": {
        "address_rows": 1,
        "current_address": null,
        "current_source": "osm_addr_postcode",
        "delta_m": 106.2,
        "evidence_status": "coordinate_outlier_review_not_scoring",
        "overture_source": "OpenAddresses/Singapore Land Authority",
        "postcode": "562809"
      },
      "type": "Feature"
    },
    {
      "geometry": {
        "coordinates": [
          [
            103.6720434,
            1.323195305
          ],
          [
            103.67123413085938,
            1.323704481124878
          ]
        ],
        "type": "LineString"
      },
      "properties": {
        "address_rows": 1,
        "current_address": "21 JOO KOON CIRCLE SINGAPORE 629053",
        "current_source": "postal_universe_onemap_2020",
        "delta_m": 106.2,
        "evidence_status": "coordinate_outlier_review_not_scoring",
        "overture_source": "OpenAddresses/Singapore Land Authority",
        "postcode": "629053"
      },
      "type": "Feature"
    },
    {
      "geometry": {
        "coordinates": [
          [
            103.667525,
            1.320717019
          ],
          [
            103.66657257080078,
            1.3206816911697388
          ]
        ],
        "type": "LineString"
      },
      "properties": {
        "address_rows": 1,
        "current_address": "273 JALAN AHMAD IBRAHIM SINGAPORE 629150",
        "current_source": "postal_universe_onemap_2020",
        "delta_m": 106.1,
        "evidence_status": "coordinate_outlier_review_not_scoring",
        "overture_source": "OpenAddresses/Singapore Land Authority",
        "postcode": "629150"
      },
      "type": "Feature"
    },
    {
      "geometry": {
        "coordinates": [
          [
            103.6552853,
            1.322362375
          ],
          [
            103.65447998046875,
            1.3218485116958618
          ]
        ],
        "type": "LineString"
      },
      "properties": {
        "address_rows": 1,
        "current_address": "15 TUAS AVENUE 3 SINGAPORE 639412",
        "current_source": "postal_universe_onemap_2020",
        "delta_m": 106.1,
        "evidence_status": "coordinate_outlier_review_not_scoring",
        "overture_source": "OpenAddresses/Singapore Land Authority",
        "postcode": "639412"
      },
      "type": "Feature"
    },
    {
      "geometry": {
        "coordinates": [
          [
            103.8496938,
            1.379236826
          ],
          [
            103.84905242919922,
            1.3785277605056763
          ]
        ],
        "type": "LineString"
      },
      "properties": {
        "address_rows": 2,
        "current_address": "160 ANG MO KIO AVENUE 8 NANYANG POLYTECHNIC (BLK L) SINGAPORE 569820",
        "current_source": "postal_universe_onemap_2020",
        "delta_m": 106.0,
        "evidence_status": "coordinate_outlier_review_not_scoring",
        "overture_source": "OpenAddresses/Singapore Land Authority",
        "postcode": "569820"
      },
      "type": "Feature"
    },
    {
      "geometry": {
        "coordinates": [
          [
            103.9723256,
            1.350649164
          ],
          [
            103.97140502929688,
            1.3504074811935425
          ]
        ],
        "type": "LineString"
      },
      "properties": {
        "address_rows": 1,
        "current_address": "8 CHANGI NORTH WAY SINGAPORE 499611",
        "current_source": "postal_universe_onemap_2020",
        "delta_m": 105.9,
        "evidence_status": "coordinate_outlier_review_not_scoring",
        "overture_source": "OpenAddresses/Singapore Land Authority",
        "postcode": "499611"
      },
      "type": "Feature"
    },
    {
      "geometry": {
        "coordinates": [
          [
            103.687771,
            1.316889709
          ],
          [
            103.68859100341797,
            1.3173681497573853
          ]
        ],
        "type": "LineString"
      },
      "properties": {
        "address_rows": 1,
        "current_address": "24 BENOI SECTOR SINGAPORE 629857",
        "current_source": "postal_universe_onemap_2020",
        "delta_m": 105.5,
        "evidence_status": "coordinate_outlier_review_not_scoring",
        "overture_source": "OpenAddresses/Singapore Land Authority",
        "postcode": "629857"
      },
      "type": "Feature"
    },
    {
      "geometry": {
        "coordinates": [
          [
            103.935858285,
            1.334060976
          ],
          [
            103.93502807617188,
            1.334519386291504
          ]
        ],
        "type": "LineString"
      },
      "properties": {
        "address_rows": 1,
        "current_address": null,
        "current_source": "osm_addr_postcode",
        "delta_m": 105.4,
        "evidence_status": "coordinate_outlier_review_not_scoring",
        "overture_source": "OpenAddresses/Singapore Land Authority",
        "postcode": "469722"
      },
      "type": "Feature"
    },
    {
      "geometry": {
        "coordinates": [
          [
            103.6591853,
            1.309341613
          ],
          [
            103.6589584350586,
            1.3102658987045288
          ]
        ],
        "type": "LineString"
      },
      "properties": {
        "address_rows": 1,
        "current_address": "2 PIONEER SECTOR 1 SINGAPORE 628414",
        "current_source": "postal_universe_onemap_2020",
        "delta_m": 105.3,
        "evidence_status": "coordinate_outlier_review_not_scoring",
        "overture_source": "OpenAddresses/Singapore Land Authority",
        "postcode": "628414"
      },
      "type": "Feature"
    },
    {
      "geometry": {
        "coordinates": [
          [
            103.6772491,
            1.308045242
          ],
          [
            103.67776489257812,
            1.3072495460510254
          ]
        ],
        "type": "LineString"
      },
      "properties": {
        "address_rows": 1,
        "current_address": "2 BENOI ROAD SINGAPORE 629876",
        "current_source": "postal_universe_onemap_2020",
        "delta_m": 105.1,
        "evidence_status": "coordinate_outlier_review_not_scoring",
        "overture_source": "OpenAddresses/Singapore Land Authority",
        "postcode": "629876"
      },
      "type": "Feature"
    },
    {
      "geometry": {
        "coordinates": [
          [
            103.803800072,
            1.2831541
          ],
          [
            103.80364990234375,
            1.2822175025939941
          ]
        ],
        "type": "LineString"
      },
      "properties": {
        "address_rows": 1,
        "current_address": null,
        "current_source": "osm_addr_postcode",
        "delta_m": 104.9,
        "evidence_status": "coordinate_outlier_review_not_scoring",
        "overture_source": "OpenAddresses/Singapore Land Authority",
        "postcode": "109695"
      },
      "type": "Feature"
    },
    {
      "geometry": {
        "coordinates": [
          [
            103.942000929,
            1.340654158
          ],
          [
            103.94135284423828,
            1.3399658203125
          ]
        ],
        "type": "LineString"
      },
      "properties": {
        "address_rows": 1,
        "current_address": null,
        "current_source": "osm_addr_postcode",
        "delta_m": 104.9,
        "evidence_status": "coordinate_outlier_review_not_scoring",
        "overture_source": "OpenAddresses/Singapore Land Authority",
        "postcode": "528837"
      },
      "type": "Feature"
    },
    {
      "geometry": {
        "coordinates": [
          [
            103.713843504,
            1.4447914
          ],
          [
            103.71476745605469,
            1.4449708461761475
          ]
        ],
        "type": "LineString"
      },
      "properties": {
        "address_rows": 1,
        "current_address": null,
        "current_source": "osm_addr_postcode",
        "delta_m": 104.7,
        "evidence_status": "coordinate_outlier_review_not_scoring",
        "overture_source": "OpenAddresses/Singapore Land Authority",
        "postcode": "718877"
      },
      "type": "Feature"
    },
    {
      "geometry": {
        "coordinates": [
          [
            103.8027576,
            1.462735784
          ],
          [
            103.80181884765625,
            1.4628007411956787
          ]
        ],
        "type": "LineString"
      },
      "properties": {
        "address_rows": 1,
        "current_address": "5 SENOKO ROAD SENOKO INDUSTRIAL ESTATE SINGAPORE 758137",
        "current_source": "postal_universe_onemap_2020",
        "delta_m": 104.7,
        "evidence_status": "coordinate_outlier_review_not_scoring",
        "overture_source": "OpenAddresses/Singapore Land Authority",
        "postcode": "758137"
      },
      "type": "Feature"
    },
    {
      "geometry": {
        "coordinates": [
          [
            103.7367004,
            1.307398063
          ],
          [
            103.7366714477539,
            1.3064537048339844
          ]
        ],
        "type": "LineString"
      },
      "properties": {
        "address_rows": 1,
        "current_address": "21 TANJONG PENJURU SINGAPORE 609022",
        "current_source": "postal_universe_onemap_2020",
        "delta_m": 104.5,
        "evidence_status": "coordinate_outlier_review_not_scoring",
        "overture_source": "OpenAddresses/Singapore Land Authority",
        "postcode": "609022"
      },
      "type": "Feature"
    },
    {
      "geometry": {
        "coordinates": [
          [
            103.683533348,
            1.34928756
          ],
          [
            103.68436431884766,
            1.3497250080108643
          ]
        ],
        "type": "LineString"
      },
      "properties": {
        "address_rows": 1,
        "current_address": null,
        "current_source": "osm_addr_postcode",
        "delta_m": 104.4,
        "evidence_status": "coordinate_outlier_review_not_scoring",
        "overture_source": "OpenAddresses/Singapore Land Authority",
        "postcode": "637458"
      },
      "type": "Feature"
    },
    {
      "geometry": {
        "coordinates": [
          [
            103.7123565,
            1.318805631
          ],
          [
            103.71295928955078,
            1.3180919885635376
          ]
        ],
        "type": "LineString"
      },
      "properties": {
        "address_rows": 1,
        "current_address": "2 JALAN PESAWAT SINGAPORE 619358",
        "current_source": "postal_universe_onemap_2020",
        "delta_m": 103.6,
        "evidence_status": "coordinate_outlier_review_not_scoring",
        "overture_source": "OpenAddresses/Singapore Land Authority",
        "postcode": "619358"
      },
      "type": "Feature"
    },
    {
      "geometry": {
        "coordinates": [
          [
            103.655616,
            1.311633175
          ],
          [
            103.65571594238281,
            1.312564492225647
          ]
        ],
        "type": "LineString"
      },
      "properties": {
        "address_rows": 1,
        "current_address": "19 TUAS ROAD SINGAPORE 638488",
        "current_source": "postal_universe_onemap_2020",
        "delta_m": 103.6,
        "evidence_status": "coordinate_outlier_review_not_scoring",
        "overture_source": "OpenAddresses/Singapore Land Authority",
        "postcode": "638488"
      },
      "type": "Feature"
    },
    {
      "geometry": {
        "coordinates": [
          [
            103.884563204,
            1.316462
          ],
          [
            103.88526916503906,
            1.3158553838729858
          ]
        ],
        "type": "LineString"
      },
      "properties": {
        "address_rows": 1,
        "current_address": null,
        "current_source": "osm_addr_postcode",
        "delta_m": 103.3,
        "evidence_status": "coordinate_outlier_review_not_scoring",
        "overture_source": "OpenAddresses/Singapore Land Authority",
        "postcode": "389780"
      },
      "type": "Feature"
    },
    {
      "geometry": {
        "coordinates": [
          [
            103.8531179,
            1.3028751
          ],
          [
            103.85266494750977,
            1.3036898374557495
          ]
        ],
        "type": "LineString"
      },
      "properties": {
        "address_rows": 2,
        "current_address": null,
        "current_source": "osm_addr_postcode",
        "delta_m": 103.2,
        "evidence_status": "coordinate_outlier_review_not_scoring",
        "overture_source": "OpenAddresses/Singapore Land Authority",
        "postcode": "188505"
      },
      "type": "Feature"
    },
    {
      "geometry": {
        "coordinates": [
          [
            103.7888524,
            1.3284278
          ],
          [
            103.78974151611328,
            1.3286908864974976
          ]
        ],
        "type": "LineString"
      },
      "properties": {
        "address_rows": 1,
        "current_address": null,
        "current_source": "osm_addr_postcode",
        "delta_m": 103.1,
        "evidence_status": "coordinate_outlier_review_not_scoring",
        "overture_source": "OpenAddresses/Singapore Land Authority",
        "postcode": "275764"
      },
      "type": "Feature"
    },
    {
      "geometry": {
        "coordinates": [
          [
            103.8805197,
            1.3091459
          ],
          [
            103.88074970245361,
            1.308242455124855
          ]
        ],
        "type": "LineString"
      },
      "properties": {
        "address_rows": 8,
        "current_address": null,
        "current_source": "osm_addr_postcode",
        "delta_m": 103.1,
        "evidence_status": "coordinate_outlier_review_not_scoring",
        "overture_source": "OpenAddresses/Singapore Land Authority",
        "postcode": "397999"
      },
      "type": "Feature"
    },
    {
      "geometry": {
        "coordinates": [
          [
            103.795689502,
            1.3459287
          ],
          [
            103.79654693603516,
            1.3455829620361328
          ]
        ],
        "type": "LineString"
      },
      "properties": {
        "address_rows": 1,
        "current_address": null,
        "current_source": "osm_addr_postcode",
        "delta_m": 102.8,
        "evidence_status": "coordinate_outlier_review_not_scoring",
        "overture_source": "OpenAddresses/Singapore Land Authority",
        "postcode": "286966"
      },
      "type": "Feature"
    },
    {
      "geometry": {
        "coordinates": [
          [
            103.6836196,
            1.308543918
          ],
          [
            103.68399047851562,
            1.3076928853988647
          ]
        ],
        "type": "LineString"
      },
      "properties": {
        "address_rows": 1,
        "current_address": "59 SHIPYARD ROAD SINGAPORE 628143",
        "current_source": "postal_universe_onemap_2020",
        "delta_m": 102.8,
        "evidence_status": "coordinate_outlier_review_not_scoring",
        "overture_source": "OpenAddresses/Singapore Land Authority",
        "postcode": "628143"
      },
      "type": "Feature"
    },
    {
      "geometry": {
        "coordinates": [
          [
            103.889536766,
            1.37465234
          ],
          [
            103.88952255249023,
            1.3737244009971619
          ]
        ],
        "type": "LineString"
      },
      "properties": {
        "address_rows": 2,
        "current_address": null,
        "current_source": "osm_addr_postcode",
        "delta_m": 102.6,
        "evidence_status": "coordinate_outlier_review_not_scoring",
        "overture_source": "OpenAddresses/Singapore Land Authority",
        "postcode": "538786"
      },
      "type": "Feature"
    },
    {
      "geometry": {
        "coordinates": [
          [
            103.844210722,
            1.358039844
          ],
          [
            103.8437728881836,
            1.3572227954864502
          ]
        ],
        "type": "LineString"
      },
      "properties": {
        "address_rows": 1,
        "current_address": null,
        "current_source": "hdb_existing_building",
        "delta_m": 102.6,
        "evidence_status": "coordinate_outlier_review_not_scoring",
        "overture_source": "OpenAddresses/Singapore Land Authority",
        "postcode": "570279"
      },
      "type": "Feature"
    },
    {
      "geometry": {
        "coordinates": [
          [
            103.709935127,
            1.33504803
          ],
          [
            103.70945739746094,
            1.3342550992965698
          ]
        ],
        "type": "LineString"
      },
      "properties": {
        "address_rows": 1,
        "current_address": null,
        "current_source": "osm_addr_postcode",
        "delta_m": 102.5,
        "evidence_status": "coordinate_outlier_review_not_scoring",
        "overture_source": "OpenAddresses/Singapore Land Authority",
        "postcode": "618809"
      },
      "type": "Feature"
    },
    {
      "geometry": {
        "coordinates": [
          [
            103.804351297,
            1.282813599
          ],
          [
            103.80364990234375,
            1.2822175025939941
          ]
        ],
        "type": "LineString"
      },
      "properties": {
        "address_rows": 1,
        "current_address": null,
        "current_source": "osm_addr_postcode",
        "delta_m": 102.2,
        "evidence_status": "coordinate_outlier_review_not_scoring",
        "overture_source": "OpenAddresses/Singapore Land Authority",
        "postcode": "109697"
      },
      "type": "Feature"
    },
    {
      "geometry": {
        "coordinates": [
          [
            103.7905508,
            1.35219144
          ],
          [
            103.7900619506836,
            1.3529731035232544
          ]
        ],
        "type": "LineString"
      },
      "properties": {
        "address_rows": 1,
        "current_address": "500 RIFLE RANGE ROAD SINGAPORE 588397",
        "current_source": "postal_universe_onemap_2020",
        "delta_m": 102.1,
        "evidence_status": "coordinate_outlier_review_not_scoring",
        "overture_source": "OpenAddresses/Singapore Land Authority",
        "postcode": "588397"
      },
      "type": "Feature"
    },
    {
      "geometry": {
        "coordinates": [
          [
            103.7054223,
            1.31281415
          ],
          [
            103.7051010131836,
            1.3136792182922363
          ]
        ],
        "type": "LineString"
      },
      "properties": {
        "address_rows": 1,
        "current_address": "24 JALAN BUROH SINGAPORE 619480",
        "current_source": "postal_universe_onemap_2020",
        "delta_m": 102.1,
        "evidence_status": "coordinate_outlier_review_not_scoring",
        "overture_source": "OpenAddresses/Singapore Land Authority",
        "postcode": "619480"
      },
      "type": "Feature"
    },
    {
      "geometry": {
        "coordinates": [
          [
            103.6942352,
            1.310118829
          ],
          [
            103.69356536865234,
            1.310749888420105
          ]
        ],
        "type": "LineString"
      },
      "properties": {
        "address_rows": 1,
        "current_address": "15 TANJONG KLING ROAD SINGAPORE 628043",
        "current_source": "postal_universe_onemap_2020",
        "delta_m": 102.1,
        "evidence_status": "coordinate_outlier_review_not_scoring",
        "overture_source": "OpenAddresses/Singapore Land Authority",
        "postcode": "628043"
      },
      "type": "Feature"
    },
    {
      "geometry": {
        "coordinates": [
          [
            103.6233125,
            1.307337586
          ],
          [
            103.62419891357422,
            1.3071085810661316
          ]
        ],
        "type": "LineString"
      },
      "properties": {
        "address_rows": 2,
        "current_address": "90 TUAS SOUTH AVENUE 1 SINGAPORE 637493",
        "current_source": "postal_universe_onemap_2020",
        "delta_m": 101.8,
        "evidence_status": "coordinate_outlier_review_not_scoring",
        "overture_source": "OpenAddresses/Singapore Land Authority",
        "postcode": "637493"
      },
      "type": "Feature"
    },
    {
      "geometry": {
        "coordinates": [
          [
            103.6394918,
            1.324540543
          ],
          [
            103.63998413085938,
            1.3253155946731567
          ]
        ],
        "type": "LineString"
      },
      "properties": {
        "address_rows": 1,
        "current_address": "30 TUAS AVENUE 13 SINGAPORE 638996",
        "current_source": "postal_universe_onemap_2020",
        "delta_m": 101.7,
        "evidence_status": "coordinate_outlier_review_not_scoring",
        "overture_source": "OpenAddresses/Singapore Land Authority",
        "postcode": "638996"
      },
      "type": "Feature"
    },
    {
      "geometry": {
        "coordinates": [
          [
            103.729241128,
            1.385400928
          ],
          [
            103.72900009155273,
            1.386288046836853
          ]
        ],
        "type": "LineString"
      },
      "properties": {
        "address_rows": 2,
        "current_address": null,
        "current_source": "osm_addr_postcode",
        "delta_m": 101.7,
        "evidence_status": "coordinate_outlier_review_not_scoring",
        "overture_source": "OpenAddresses/Singapore Land Authority",
        "postcode": "699191"
      },
      "type": "Feature"
    },
    {
      "geometry": {
        "coordinates": [
          [
            103.7405049,
            1.305050492
          ],
          [
            103.74061584472656,
            1.3041404485702515
          ]
        ],
        "type": "LineString"
      },
      "properties": {
        "address_rows": 1,
        "current_address": "9 TANJONG PENJURU CRESCENT SINGAPORE 608972",
        "current_source": "postal_universe_onemap_2020",
        "delta_m": 101.4,
        "evidence_status": "coordinate_outlier_review_not_scoring",
        "overture_source": "OpenAddresses/Singapore Land Authority",
        "postcode": "608972"
      },
      "type": "Feature"
    },
    {
      "geometry": {
        "coordinates": [
          [
            103.7163786,
            1.272936979
          ],
          [
            103.71582794189453,
            1.2736668586730957
          ]
        ],
        "type": "LineString"
      },
      "properties": {
        "address_rows": 2,
        "current_address": "21 AYER MERBAU ROAD SINGAPORE 627858",
        "current_source": "postal_universe_onemap_2020",
        "delta_m": 101.3,
        "evidence_status": "coordinate_outlier_review_not_scoring",
        "overture_source": "OpenAddresses/Singapore Land Authority",
        "postcode": "627858"
      },
      "type": "Feature"
    },
    {
      "geometry": {
        "coordinates": [
          [
            103.798733558,
            1.2761294
          ],
          [
            103.79956817626953,
            1.2757656574249268
          ]
        ],
        "type": "LineString"
      },
      "properties": {
        "address_rows": 1,
        "current_address": null,
        "current_source": "osm_addr_postcode",
        "delta_m": 101.2,
        "evidence_status": "coordinate_outlier_review_not_scoring",
        "overture_source": "OpenAddresses/Singapore Land Authority",
        "postcode": "117383"
      },
      "type": "Feature"
    },
    {
      "geometry": {
        "coordinates": [
          [
            103.936983354,
            1.3663984
          ],
          [
            103.93777465820312,
            1.366848349571228
          ]
        ],
        "type": "LineString"
      },
      "properties": {
        "address_rows": 1,
        "current_address": null,
        "current_source": "osm_addr_postcode",
        "delta_m": 101.1,
        "evidence_status": "coordinate_outlier_review_not_scoring",
        "overture_source": "OpenAddresses/Singapore Land Authority",
        "postcode": "529413"
      },
      "type": "Feature"
    },
    {
      "geometry": {
        "coordinates": [
          [
            103.8353209,
            1.3850151
          ],
          [
            103.83455657958984,
            1.3855088949203491
          ]
        ],
        "type": "LineString"
      },
      "properties": {
        "address_rows": 1,
        "current_address": null,
        "current_source": "osm_addr_postcode",
        "delta_m": 101.1,
        "evidence_status": "coordinate_outlier_review_not_scoring",
        "overture_source": "OpenAddresses/Singapore Land Authority",
        "postcode": "788887"
      },
      "type": "Feature"
    },
    {
      "geometry": {
        "coordinates": [
          [
            103.7534457,
            1.3203699
          ],
          [
            103.75265502929688,
            1.3208175897598267
          ]
        ],
        "type": "LineString"
      },
      "properties": {
        "address_rows": 1,
        "current_address": null,
        "current_source": "osm_addr_postcode",
        "delta_m": 101.0,
        "evidence_status": "coordinate_outlier_review_not_scoring",
        "overture_source": "OpenAddresses/Singapore Land Authority",
        "postcode": "126753"
      },
      "type": "Feature"
    },
    {
      "geometry": {
        "coordinates": [
          [
            103.830070667,
            1.3097726
          ],
          [
            103.82919311523438,
            1.3100059032440186
          ]
        ],
        "type": "LineString"
      },
      "properties": {
        "address_rows": 1,
        "current_address": null,
        "current_source": "osm_addr_postcode",
        "delta_m": 101.0,
        "evidence_status": "coordinate_outlier_review_not_scoring",
        "overture_source": "OpenAddresses/Singapore Land Authority",
        "postcode": "259961"
      },
      "type": "Feature"
    },
    {
      "geometry": {
        "coordinates": [
          [
            103.7362857,
            1.307428231
          ],
          [
            103.7364730834961,
            1.3083208799362183
          ]
        ],
        "type": "LineString"
      },
      "properties": {
        "address_rows": 1,
        "current_address": "5 PENJURU LANE SINGAPORE 609186",
        "current_source": "postal_universe_onemap_2020",
        "delta_m": 100.9,
        "evidence_status": "coordinate_outlier_review_not_scoring",
        "overture_source": "OpenAddresses/Singapore Land Authority",
        "postcode": "609186"
      },
      "type": "Feature"
    },
    {
      "geometry": {
        "coordinates": [
          [
            103.7187043,
            1.4201431
          ],
          [
            103.71842193603516,
            1.4192781448364258
          ]
        ],
        "type": "LineString"
      },
      "properties": {
        "address_rows": 1,
        "current_address": null,
        "current_source": "osm_addr_postcode",
        "delta_m": 100.7,
        "evidence_status": "coordinate_outlier_review_not_scoring",
        "overture_source": "OpenAddresses/Singapore Land Authority",
        "postcode": "718813"
      },
      "type": "Feature"
    },
    {
      "geometry": {
        "coordinates": [
          [
            103.971873655,
            1.3520031
          ],
          [
            103.9727554321289,
            1.3518037796020508
          ]
        ],
        "type": "LineString"
      },
      "properties": {
        "address_rows": 1,
        "current_address": null,
        "current_source": "osm_addr_postcode",
        "delta_m": 100.6,
        "evidence_status": "coordinate_outlier_review_not_scoring",
        "overture_source": "OpenAddresses/Singapore Land Authority",
        "postcode": "498772"
      },
      "type": "Feature"
    },
    {
      "geometry": {
        "coordinates": [
          [
            103.8190757,
            1.2543718
          ],
          [
            103.81884002685547,
            1.2534945011138916
          ]
        ],
        "type": "LineString"
      },
      "properties": {
        "address_rows": 1,
        "current_address": null,
        "current_source": "osm_addr_postcode",
        "delta_m": 100.5,
        "evidence_status": "coordinate_outlier_review_not_scoring",
        "overture_source": "OpenAddresses/Singapore Land Authority",
        "postcode": "098977"
      },
      "type": "Feature"
    },
    {
      "geometry": {
        "coordinates": [
          [
            103.882215031,
            1.299403173
          ],
          [
            103.88292694091797,
            1.2999621629714966
          ]
        ],
        "type": "LineString"
      },
      "properties": {
        "address_rows": 1,
        "current_address": null,
        "current_source": "osm_addr_postcode",
        "delta_m": 100.5,
        "evidence_status": "coordinate_outlier_review_not_scoring",
        "overture_source": "OpenAddresses/Singapore Land Authority",
        "postcode": "436895"
      },
      "type": "Feature"
    },
    {
      "geometry": {
        "coordinates": [
          [
            103.6531803,
            1.330703564
          ],
          [
            103.65241241455078,
            1.3302249908447266
          ]
        ],
        "type": "LineString"
      },
      "properties": {
        "address_rows": 1,
        "current_address": "315 JALAN AHMAD IBRAHIM SINGAPORE 639940",
        "current_source": "postal_universe_onemap_2020",
        "delta_m": 100.5,
        "evidence_status": "coordinate_outlier_review_not_scoring",
        "overture_source": "OpenAddresses/Singapore Land Authority",
        "postcode": "639940"
      },
      "type": "Feature"
    },
    {
      "geometry": {
        "coordinates": [
          [
            103.6781246,
            1.348555197
          ],
          [
            103.67885002723106,
            1.349095344543457
          ]
        ],
        "type": "LineString"
      },
      "properties": {
        "address_rows": 13,
        "current_address": "1 NANYANG WALK NATIONAL INSTITUTE OF EDUCATION (ART GALLERY) SINGAPORE 637616",
        "current_source": "postal_universe_onemap_2020",
        "delta_m": 100.4,
        "evidence_status": "coordinate_outlier_review_not_scoring",
        "overture_source": "OpenAddresses/Singapore Land Authority",
        "postcode": "637616"
      },
      "type": "Feature"
    },
    {
      "geometry": {
        "coordinates": [
          [
            103.971775,
            1.346551279
          ],
          [
            103.97146606445312,
            1.3457014560699463
          ]
        ],
        "type": "LineString"
      },
      "properties": {
        "address_rows": 1,
        "current_address": "34 CHANGI NORTH CRESCENT SATS MAINTENANCE CENTRE SINGAPORE 499614",
        "current_source": "postal_universe_onemap_2020",
        "delta_m": 100.1,
        "evidence_status": "coordinate_outlier_review_not_scoring",
        "overture_source": "OpenAddresses/Singapore Land Authority",
        "postcode": "499614"
      },
      "type": "Feature"
    },
    {
      "geometry": {
        "coordinates": [
          [
            103.632618123,
            1.302851899
          ],
          [
            103.6317367553711,
            1.3030312061309814
          ]
        ],
        "type": "LineString"
      },
      "properties": {
        "address_rows": 1,
        "current_address": null,
        "current_source": "osm_addr_postcode",
        "delta_m": 100.1,
        "evidence_status": "coordinate_outlier_review_not_scoring",
        "overture_source": "OpenAddresses/Singapore Land Authority",
        "postcode": "637766"
      },
      "type": "Feature"
    },
    {
      "geometry": {
        "coordinates": [
          [
            103.865674693,
            1.40675365
          ],
          [
            103.86600494384766,
            1.4059115648269653
          ]
        ],
        "type": "LineString"
      },
      "properties": {
        "address_rows": 1,
        "current_address": null,
        "current_source": "osm_addr_postcode",
        "delta_m": 100.1,
        "evidence_status": "coordinate_outlier_review_not_scoring",
        "overture_source": "OpenAddresses/Singapore Land Authority",
        "postcode": "797545"
      },
      "type": "Feature"
    }
  ],
  "type": "FeatureCollection"
}
