{
"type": "FeatureCollection",
"name": "pilot_debug",
"crs": { "type": "name", "properties": { "name": "urn:ogc:def:crs:OGC:1.3:CRS84" } },
"features": [
{ "type": "Feature", "properties": { "class": "UNREPRESENTED-surface" }, "geometry": { "type": "Polygon", "coordinates": [ [ [ 103.779952346921064, 1.321102072764146 ], [ 103.780029253794197, 1.321111678774021 ], [ 103.78008529667774, 1.321102934780883 ], [ 103.780106367799988, 1.321099435345522 ], [ 103.780106349828557, 1.321099453432424 ], [ 103.780141016089672, 1.321093838077437 ], [ 103.780152167253462, 1.321087643422465 ], [ 103.780142678923085, 1.321069763936704 ], [ 103.780133989829523, 1.321074204178023 ], [ 103.780103151411168, 1.32107933125875 ], [ 103.78010315141097, 1.321079340302393 ], [ 103.780082071300868, 1.321082957304879 ], [ 103.780029182343867, 1.321091321533069 ], [ 103.779952221562283, 1.321081525605559 ], [ 103.779952346921064, 1.321102072764146 ] ] ] } },
{ "type": "Feature", "properties": { "class": "ALIGNED" }, "geometry": { "type": "Polygon", "coordinates": [ [ [ 103.853417794020686, 1.340601413308679 ], [ 103.853411753919062, 1.340603326089342 ], [ 103.853364740382077, 1.340492324784097 ], [ 103.853306638425437, 1.340356607288304 ], [ 103.853301741114194, 1.340336575655859 ], [ 103.853298209640911, 1.340319944422542 ], [ 103.853297412089063, 1.340313973162409 ], [ 103.853297366873321, 1.340307948362759 ], [ 103.853298074711404, 1.340301965658319 ], [ 103.853299784512529, 1.340295165136567 ], [ 103.853302372474985, 1.340288651762308 ], [ 103.853305793179501, 1.340282539846533 ], [ 103.853310812480842, 1.340276321092845 ], [ 103.853316360141292, 1.340270575018071 ], [ 103.853457747793541, 1.340188285731541 ], [ 103.853580220846581, 1.34011631539269 ], [ 103.853666527058635, 1.34006608627157 ], [ 103.853761791855774, 1.340010087227049 ], [ 103.853750568697819, 1.33999171967917 ], [ 103.853693303820037, 1.340028916668744 ], [ 103.853690374495059, 1.340026303079965 ], [ 103.853624977671686, 1.340065706785213 ], [ 103.853626316544094, 1.340068012903398 ], [ 103.853619882891437, 1.340071928855108 ], [ 103.853617861113278, 1.340069541349813 ], [ 103.853569986097995, 1.340097124864106 ], [ 103.853549561951098, 1.340110193100172 ], [ 103.853551529815888, 1.340112607736926 ], [ 103.853542777888151, 1.340117536595874 ], [ 103.853540630306767, 1.340114543167361 ], [ 103.853431590652448, 1.340178790120917 ], [ 103.85330905468831, 1.340250217834207 ], [ 103.853300731813221, 1.340256129580242 ], [ 103.853293489498199, 1.340263339703847 ], [ 103.853287525378377, 1.340271651448353 ], [ 103.853283302427698, 1.340279925604563 ], [ 103.853280237377376, 1.340288701128917 ], [ 103.853278387240778, 1.34029781478689 ], [ 103.853277362976499, 1.340319897552386 ], [ 103.853280137454973, 1.340341827297847 ], [ 103.853286627557878, 1.340362947047276 ], [ 103.853321537262886, 1.340445632802687 ], [ 103.853329709798601, 1.34046255068135 ], [ 103.853333676922958, 1.340460608978266 ], [ 103.853336615275651, 1.340468395532059 ], [ 103.853333263661028, 1.340469905848236 ], [ 103.853351109418711, 1.340515006356703 ], [ 103.853401663358056, 1.340635575808883 ], [ 103.85342152145293, 1.340626848528075 ], [ 103.853427964100788, 1.340623896629306 ], [ 103.853417794020686, 1.340601413308679 ] ] ] } },
{ "type": "Feature", "properties": { "class": "ALIGNED" }, "geometry": { "type": "Polygon", "coordinates": [ [ [ 103.863494352705089, 1.299822510580561 ], [ 103.863496910883271, 1.299824285817677 ], [ 103.863574500791103, 1.299871537938259 ], [ 103.863554535579397, 1.299909783760974 ], [ 103.863599319359196, 1.299935331523331 ], [ 103.863634775164343, 1.299870298231566 ], [ 103.863598293977503, 1.299847933733355 ], [ 103.863511980930198, 1.299795063805018 ], [ 103.863503161885916, 1.299809648600222 ], [ 103.863494352705089, 1.299822510580561 ] ] ] } },
{ "type": "Feature", "properties": { "class": "UNREPRESENTED-surface" }, "geometry": { "type": "Polygon", "coordinates": [ [ [ 103.790131409465005, 1.314646342572507 ], [ 103.790136613951631, 1.314641384032903 ], [ 103.790145152967398, 1.31463582686206 ], [ 103.790132383115179, 1.314616056328783 ], [ 103.790127916374757, 1.314618883294244 ], [ 103.790124124475454, 1.314619959421888 ], [ 103.790115037290931, 1.314628616744396 ], [ 103.790123072876312, 1.3146371604152 ], [ 103.790131409465005, 1.314646342572507 ] ] ] } },
{ "type": "Feature", "properties": { "class": "UNREPRESENTED-surface" }, "geometry": { "type": "Polygon", "coordinates": [ [ [ 103.862674795479052, 1.300533471217346 ], [ 103.862759052790878, 1.300597309332937 ], [ 103.862782648187945, 1.300563024591022 ], [ 103.862700062221023, 1.300503554538037 ], [ 103.862674795479052, 1.300533471217346 ] ] ] } },
{ "type": "Feature", "properties": { "class": "ALIGNED" }, "geometry": { "type": "Polygon", "coordinates": [ [ [ 103.776715607224034, 1.3286411702373 ], [ 103.776723486315021, 1.328655937781198 ], [ 103.7768052727521, 1.328617380291317 ], [ 103.776796035039666, 1.328602886738705 ], [ 103.776715607224034, 1.3286411702373 ] ] ] } },
{ "type": "Feature", "properties": { "class": "OFFSET" }, "geometry": { "type": "Polygon", "coordinates": [ [ [ 103.776816418948798, 1.328633909611534 ], [ 103.776855118916941, 1.328668583823691 ], [ 103.776941817897765, 1.328782092561534 ], [ 103.776964989305569, 1.328765612865728 ], [ 103.776881997625978, 1.328658069399874 ], [ 103.776835474944662, 1.328618764663648 ], [ 103.776816418948798, 1.328633909611534 ] ] ] } },
{ "type": "Feature", "properties": { "class": "ALIGNED" }, "geometry": { "type": "Polygon", "coordinates": [ [ [ 103.807033630477491, 1.317186346168152 ], [ 103.807001048361286, 1.317163212175902 ], [ 103.806976932290652, 1.317149854454483 ], [ 103.806901121728785, 1.317132037664249 ], [ 103.806845222107768, 1.317119149871731 ], [ 103.806844880658289, 1.31711915891171 ], [ 103.806839749950939, 1.317117368214967 ], [ 103.80683306449491, 1.317139760210478 ], [ 103.806838797233965, 1.317141315778896 ], [ 103.806875781509106, 1.317149346931769 ], [ 103.806919540835324, 1.317159648111448 ], [ 103.806968736383809, 1.317171070760338 ], [ 103.806988963542921, 1.317182791540578 ], [ 103.807034536819685, 1.317214562352743 ], [ 103.807049929141868, 1.317200933741904 ], [ 103.807056399670714, 1.31719493787338 ], [ 103.807040099209232, 1.317180350299651 ], [ 103.807033630477491, 1.317186346168152 ] ] ] } },
{ "type": "Feature", "properties": { "class": "ALIGNED" }, "geometry": { "type": "Polygon", "coordinates": [ [ [ 103.843011444559522, 1.344253241937258 ], [ 103.843087696286076, 1.344214851360369 ], [ 103.843170417635662, 1.34417323217372 ], [ 103.84327257481452, 1.344121854812145 ], [ 103.843344971765944, 1.344097979292649 ], [ 103.843421726605655, 1.344042324385546 ], [ 103.843452457334195, 1.344029708373292 ], [ 103.843443840054519, 1.344009929958326 ], [ 103.843412902666941, 1.344024924449863 ], [ 103.843381695734806, 1.344045815398453 ], [ 103.843379736866396, 1.344044395554353 ], [ 103.843351324454417, 1.344064418301087 ], [ 103.843335806369481, 1.344079358466071 ], [ 103.843265628859911, 1.344102266306226 ], [ 103.843159670777553, 1.344155723721182 ], [ 103.84307817146879, 1.344196746022015 ], [ 103.84300229713179, 1.344233499697422 ], [ 103.843011444559522, 1.344253241937258 ] ] ] } },
{ "type": "Feature", "properties": { "class": "NEEDS_MANUAL" }, "geometry": { "type": "Polygon", "coordinates": [ [ [ 103.849292161271933, 1.283176788102437 ], [ 103.849213859840177, 1.283170047456919 ], [ 103.849208126305086, 1.283176972214673 ], [ 103.84925246758236, 1.283204672633904 ], [ 103.849244819254295, 1.283210593558707 ], [ 103.849312098812362, 1.283298546239417 ], [ 103.849324330747152, 1.283318167263062 ], [ 103.849359510070471, 1.283273136000705 ], [ 103.849352812336406, 1.28326934404096 ], [ 103.849356137794601, 1.283263715252939 ], [ 103.849292161271933, 1.283176788102437 ] ] ] } },
{ "type": "Feature", "properties": { "class": "UNREPRESENTED-surface" }, "geometry": { "type": "Polygon", "coordinates": [ [ [ 103.853771855537161, 1.339988011606284 ], [ 103.853752249057578, 1.339998222045498 ], [ 103.853817970745837, 1.340125827317546 ], [ 103.853843103447886, 1.340125438229198 ], [ 103.853771855537161, 1.339988011606284 ] ] ] } },
{ "type": "Feature", "properties": { "class": "NEEDS_MANUAL" }, "geometry": { "type": "Polygon", "coordinates": [ [ [ 103.863299364193665, 1.299687747204909 ], [ 103.863419688415846, 1.29977134885382 ], [ 103.863437721898791, 1.29974505604326 ], [ 103.863316768696748, 1.299661520421306 ], [ 103.863299364193665, 1.299687747204909 ] ] ] } },
{ "type": "Feature", "properties": { "class": "UNREPRESENTED-surface" }, "geometry": { "type": "Polygon", "coordinates": [ [ [ 103.77629788495932, 1.343305786936361 ], [ 103.776315859438384, 1.343319496612876 ], [ 103.776372570906275, 1.343252964785974 ], [ 103.776319217310146, 1.343205237530651 ], [ 103.776305175122673, 1.343222012249447 ], [ 103.776342292975627, 1.343255084809253 ], [ 103.77629788495932, 1.343305786936361 ] ] ] } },
{ "type": "Feature", "properties": { "class": "NEEDS_MANUAL" }, "geometry": { "type": "Polygon", "coordinates": [ [ [ 103.85284858137878, 1.340559098205844 ], [ 103.852894434669025, 1.340533621891012 ], [ 103.85288335528017, 1.340514702675672 ], [ 103.852837834459734, 1.340540504558837 ], [ 103.85284858137878, 1.340559098205844 ] ] ] } },
{ "type": "Feature", "properties": { "class": "ALIGNED" }, "geometry": { "type": "Polygon", "coordinates": [ [ [ 103.853053435844544, 1.340667321848311 ], [ 103.853044306304227, 1.340645418215256 ], [ 103.853023782367373, 1.340653166071689 ], [ 103.853001993248597, 1.340659671341426 ], [ 103.853010152355239, 1.340682949616464 ], [ 103.853053435844544, 1.340667321848311 ] ] ] } },
{ "type": "Feature", "properties": { "class": "UNREPRESENTED-surface" }, "geometry": { "type": "Polygon", "coordinates": [ [ [ 103.790531183480041, 1.314743077608562 ], [ 103.790522932011257, 1.314748015296055 ], [ 103.790531659369321, 1.314763172594689 ], [ 103.790539755402392, 1.314757448107412 ], [ 103.790541938815167, 1.31476119221387 ], [ 103.790621685911105, 1.314715143350546 ], [ 103.7906140754326, 1.314701026090552 ], [ 103.790593381627204, 1.314712737253713 ], [ 103.790591225171042, 1.314708984104133 ], [ 103.790531183480041, 1.314743077608562 ] ] ] } },
{ "type": "Feature", "properties": { "class": "UNREPRESENTED-surface" }, "geometry": { "type": "Polygon", "coordinates": [ [ [ 103.779563100088154, 1.320825102766598 ], [ 103.779559178587874, 1.320793496959362 ], [ 103.779536739886069, 1.320796317182803 ], [ 103.77953984552218, 1.320826929075985 ], [ 103.779563100088154, 1.320825102766598 ] ] ] } },
{ "type": "Feature", "properties": { "class": "ALIGNED" }, "geometry": { "type": "Polygon", "coordinates": [ [ [ 103.862967849002146, 1.300707494666721 ], [ 103.862774759012652, 1.300567392765047 ], [ 103.862758863978897, 1.300587162363446 ], [ 103.862851801281124, 1.30065450026525 ], [ 103.862929067826016, 1.300710262480597 ], [ 103.862917638531044, 1.300727373195121 ], [ 103.862942195979116, 1.30074531550048 ], [ 103.862967849002146, 1.300707494666721 ] ] ] } },
{ "type": "Feature", "properties": { "class": "ALIGNED" }, "geometry": { "type": "Polygon", "coordinates": [ [ [ 103.86303858039436, 1.300222021827525 ], [ 103.863034962910845, 1.300227030241963 ], [ 103.863020545987453, 1.300246777215365 ], [ 103.86301724209055, 1.300251314452045 ], [ 103.863062292829042, 1.300284547511798 ], [ 103.863126467463928, 1.300331591800996 ], [ 103.863188135138046, 1.300376718865209 ], [ 103.863249380489847, 1.300421140528431 ], [ 103.863286634475372, 1.300447285266603 ], [ 103.863308145191581, 1.300408948991057 ], [ 103.863271031475065, 1.300390920020108 ], [ 103.863209574075356, 1.300347209190563 ], [ 103.863130591290087, 1.300289339834278 ], [ 103.86303858039436, 1.300222021827525 ] ] ] } },
{ "type": "Feature", "properties": { "class": "ALIGNED" }, "geometry": { "type": "Polygon", "coordinates": [ [ [ 103.77389192205294, 1.319857393559576 ], [ 103.773898159377211, 1.319837275224261 ], [ 103.773891101318625, 1.319834571910008 ], [ 103.773864066376063, 1.319806039474473 ], [ 103.7737265369353, 1.319761219490825 ], [ 103.773719392979658, 1.319780988719232 ], [ 103.773852593233016, 1.319824410452109 ], [ 103.773879243605194, 1.31985253681902 ], [ 103.77389192205294, 1.319857393559576 ] ] ] } },
{ "type": "Feature", "properties": { "class": "NEEDS_MANUAL" }, "geometry": { "type": "Polygon", "coordinates": [ [ [ 103.87017696426841, 1.336325323001831 ], [ 103.870200585439804, 1.336437982929635 ], [ 103.870220538298753, 1.336583973260539 ], [ 103.870222342584881, 1.336642969441459 ], [ 103.870222372246644, 1.3366435961655 ], [ 103.870222432460622, 1.336644306994972 ], [ 103.870224265780408, 1.336661832643934 ], [ 103.870260011258381, 1.336658044625438 ], [ 103.870258247137286, 1.336641185491982 ], [ 103.870256433860419, 1.336581899914643 ], [ 103.870256404198656, 1.336581274094965 ], [ 103.870256289165638, 1.336580095709975 ], [ 103.870256274787167, 1.336579991708284 ], [ 103.870236106248583, 1.336432416030298 ], [ 103.870235928318237, 1.336431352500518 ], [ 103.870235886082938, 1.336431146306082 ], [ 103.870212131914045, 1.336317853325618 ], [ 103.87017696426841, 1.336325323001831 ] ] ] } },
{ "type": "Feature", "properties": { "class": "ALIGNED" }, "geometry": { "type": "Polygon", "coordinates": [ [ [ 103.870080732590182, 1.335859912329976 ], [ 103.870088140761496, 1.33589099069951 ], [ 103.870088257580861, 1.335891452827944 ], [ 103.870088599049609, 1.335892585086972 ], [ 103.870089013301168, 1.335893692927058 ], [ 103.870089498538348, 1.335894770922069 ], [ 103.870090052963945, 1.335895814550183 ], [ 103.870090443846209, 1.335896464782277 ], [ 103.870123952751271, 1.335949586639752 ], [ 103.870168160233106, 1.336267317205267 ], [ 103.87020375562804, 1.336262300158868 ], [ 103.870159008050805, 1.335940690783532 ], [ 103.870158836411093, 1.335939670663128 ], [ 103.870158569522289, 1.335938517602608 ], [ 103.870158228053512, 1.335937385343591 ], [ 103.87015781380191, 1.335936277503501 ], [ 103.870157328564702, 1.335935199508505 ], [ 103.870156774139048, 1.335934155880407 ], [ 103.870156382358218, 1.335933505648339 ], [ 103.870122392712986, 1.335879620515043 ], [ 103.870115682764194, 1.335851473179983 ], [ 103.870080732590182, 1.335859912329976 ] ] ] } },
{ "type": "Feature", "properties": { "class": "UNREPRESENTED-surface" }, "geometry": { "type": "Polygon", "coordinates": [ [ [ 103.862488417301535, 1.300362991604573 ], [ 103.862477904516311, 1.300379695342413 ], [ 103.862565962675163, 1.300444528221776 ], [ 103.862684427856237, 1.300531210192946 ], [ 103.86269859768737, 1.300511757142826 ], [ 103.862520603389783, 1.300380879563696 ], [ 103.862527611937011, 1.30037182679167 ], [ 103.862491481140822, 1.300345627767059 ], [ 103.862482334102538, 1.300358704986678 ], [ 103.862488417301535, 1.300362991604573 ] ] ] } },
{ "type": "Feature", "properties": { "class": "ALIGNED" }, "geometry": { "type": "Polygon", "coordinates": [ [ [ 103.776796306112146, 1.328101738775231 ], [ 103.776922205147557, 1.328266758284686 ], [ 103.777042376117024, 1.328462468158913 ], [ 103.777059718562299, 1.328447501329624 ], [ 103.776940526975693, 1.32825360020699 ], [ 103.776814268515963, 1.328088662082934 ], [ 103.776796306112146, 1.328101738775231 ] ] ] } },
{ "type": "Feature", "properties": { "class": "ALIGNED" }, "geometry": { "type": "Polygon", "coordinates": [ [ [ 103.836832313850039, 1.342046625647535 ], [ 103.836927439100023, 1.342102697011696 ], [ 103.836936482186573, 1.342087215182548 ], [ 103.836860531327048, 1.342042214116748 ], [ 103.836885852689988, 1.341999880777907 ], [ 103.83676558929406, 1.34191934729246 ], [ 103.836763288976954, 1.341916959773436 ], [ 103.836587467570553, 1.341797629119975 ], [ 103.836576550089873, 1.341815571726156 ], [ 103.836680145171115, 1.341885578441344 ], [ 103.836753917022108, 1.341936159444865 ], [ 103.836856818424636, 1.342005868617486 ], [ 103.836832313850039, 1.342046625647535 ] ] ] } },
{ "type": "Feature", "properties": { "class": "UNREPRESENTED-surface" }, "geometry": { "type": "Polygon", "coordinates": [ [ [ 103.853771855537161, 1.339988011606284 ], [ 103.853779038735155, 1.340001866409379 ], [ 103.853801094680449, 1.339990823934076 ], [ 103.853793906088598, 1.339976679734453 ], [ 103.853771729736991, 1.339987785516223 ], [ 103.853771855537161, 1.339988011606284 ] ] ] } },
{ "type": "Feature", "properties": { "class": "UNREPRESENTED-surface" }, "geometry": { "type": "Polygon", "coordinates": [ [ [ 103.77956363923667, 1.320824297894156 ], [ 103.779596292699836, 1.320820473144084 ], [ 103.77959449604937, 1.320799356199717 ], [ 103.779560997947584, 1.320803180931387 ], [ 103.77956363923667, 1.320824297894156 ] ] ] } },
{ "type": "Feature", "properties": { "class": "UNREPRESENTED-surface" }, "geometry": { "type": "Polygon", "coordinates": [ [ [ 103.779573403404555, 1.321135439200879 ], [ 103.779833495254579, 1.321110245644668 ], [ 103.77983336049904, 1.321108970488144 ], [ 103.779842013557712, 1.321108898326484 ], [ 103.779842256150928, 1.321109639910431 ], [ 103.779952346921064, 1.321102072764146 ], [ 103.779952221562283, 1.321081525605559 ], [ 103.779832022065278, 1.321089852198827 ], [ 103.779595324994432, 1.321111624149929 ], [ 103.77957148635366, 1.321114067223203 ], [ 103.779573403404555, 1.321135439200879 ] ] ] } },
{ "type": "Feature", "properties": { "class": "NEEDS_MANUAL" }, "geometry": { "type": "Polygon", "coordinates": [ [ [ 103.782594724939926, 1.339606371917079 ], [ 103.782615360328919, 1.339607127491049 ], [ 103.782623365532601, 1.339609916716827 ], [ 103.782633513755755, 1.339614819486234 ], [ 103.782634413204875, 1.339615223755743 ], [ 103.782635513930941, 1.339615640690536 ], [ 103.782636639818151, 1.339615984372363 ], [ 103.782637784576622, 1.339616253896712 ], [ 103.78263894551074, 1.33961644655044 ], [ 103.782640115432017, 1.339616562333414 ], [ 103.782641290746227, 1.339616601245541 ], [ 103.782653694452975, 1.339616601503726 ], [ 103.782653695196217, 1.339580426937423 ], [ 103.782645381729594, 1.339580426764389 ], [ 103.782637993851978, 1.339576857085264 ], [ 103.782637094402858, 1.339576452815756 ], [ 103.782636095213249, 1.339576071153288 ], [ 103.782624577568242, 1.339572058249699 ], [ 103.782624476031813, 1.339572022977375 ], [ 103.782623351043185, 1.339571679295579 ], [ 103.782622205386161, 1.339571410675568 ], [ 103.782621045350623, 1.339571218021835 ], [ 103.782619874530837, 1.339571101334471 ], [ 103.782619352468672, 1.339571075097049 ], [ 103.782596030390977, 1.339570221795832 ], [ 103.782594724939926, 1.339606371917079 ] ] ] } },
{ "type": "Feature", "properties": { "class": "NEEDS_MANUAL" }, "geometry": { "type": "Polygon", "coordinates": [ [ [ 103.8556668931422, 1.337935380672354 ], [ 103.855691130203823, 1.337962092663179 ], [ 103.855764336057192, 1.337894807275206 ], [ 103.855740098096916, 1.337868095285105 ], [ 103.8556668931422, 1.337935380672354 ] ] ] } },
{ "type": "Feature", "properties": { "class": "ALIGNED" }, "geometry": { "type": "Polygon", "coordinates": [ [ [ 103.8704998414496, 1.335799666277571 ], [ 103.870506360691749, 1.335873191904379 ], [ 103.87050868338855, 1.335927999966064 ], [ 103.870544592426697, 1.335926458382232 ], [ 103.870542252650225, 1.335871231600173 ], [ 103.870542230180064, 1.335870819210365 ], [ 103.870542197825614, 1.335870394159629 ], [ 103.870535640836692, 1.335796450717192 ], [ 103.8704998414496, 1.335799666277571 ] ] ] } },
{ "type": "Feature", "properties": { "class": "UNREPRESENTED-surface" }, "geometry": { "type": "Polygon", "coordinates": [ [ [ 103.847806979128677, 1.331439631112334 ], [ 103.847811933078219, 1.331475460197597 ], [ 103.84792771824506, 1.331459244254317 ], [ 103.848417228824985, 1.331394227426803 ], [ 103.848694433208792, 1.331360595100287 ], [ 103.848690131598048, 1.331324681002571 ], [ 103.84841283286984, 1.331358324181501 ], [ 103.848412637883285, 1.331358348600552 ], [ 103.848412632491957, 1.331358349504949 ], [ 103.847922957483306, 1.331423388037211 ], [ 103.847922832584104, 1.331423405220885 ], [ 103.847806979128677, 1.331439631112334 ] ] ] } },
{ "type": "Feature", "properties": { "class": "UNREPRESENTED-surface" }, "geometry": { "type": "Polygon", "coordinates": [ [ [ 103.775308525830241, 1.343170587303068 ], [ 103.775343035689716, 1.34318069982145 ], [ 103.775370545549606, 1.343085605696901 ], [ 103.775370648892832, 1.343085231292658 ], [ 103.775370916690889, 1.343084078234925 ], [ 103.775371108111685, 1.343082910705536 ], [ 103.775371223155133, 1.343081732321957 ], [ 103.775371254620978, 1.343081042292952 ], [ 103.775374481459181, 1.342961978324522 ], [ 103.775338552561266, 1.34296099171015 ], [ 103.775335388675401, 1.34307772784698 ], [ 103.775308525830241, 1.343170587303068 ] ] ] } },
{ "type": "Feature", "properties": { "class": "ALIGNED" }, "geometry": { "type": "Polygon", "coordinates": [ [ [ 103.856705332899907, 1.298607630469865 ], [ 103.856731859953499, 1.298632039027142 ], [ 103.857008778633812, 1.298327161514304 ], [ 103.856982251580845, 1.298302753864246 ], [ 103.856705332899907, 1.298607630469865 ] ] ] } },
{ "type": "Feature", "properties": { "class": "ALIGNED" }, "geometry": { "type": "Polygon", "coordinates": [ [ [ 103.870480576919903, 1.338764707355668 ], [ 103.870487227035184, 1.338816568026678 ], [ 103.870483162247908, 1.338836001069349 ], [ 103.870483121815738, 1.338836198221391 ], [ 103.870482930440303, 1.338837366663024 ], [ 103.870482815442514, 1.338838544147137 ], [ 103.870482776822286, 1.338839727056262 ], [ 103.870482815478127, 1.33884090996421 ], [ 103.870482930511372, 1.338842088349178 ], [ 103.87048294309264, 1.33884218421161 ], [ 103.870508482058014, 1.339029653120914 ], [ 103.870544091870244, 1.339024739165855 ], [ 103.870518976170288, 1.338840380359461 ], [ 103.870523025682871, 1.338821019666113 ], [ 103.870523066115055, 1.338820822514087 ], [ 103.870523257490476, 1.338819654976815 ], [ 103.870523372488236, 1.338818476588337 ], [ 103.870523411108437, 1.338817293679212 ], [ 103.870523372452595, 1.338816110771249 ], [ 103.870523263709927, 1.338814979413136 ], [ 103.870516223573588, 1.338760077370955 ], [ 103.870480576919903, 1.338764707355668 ] ] ] } },
{ "type": "Feature", "properties": { "class": "NEEDS_MANUAL" }, "geometry": { "type": "Polygon", "coordinates": [ [ [ 103.855298004322748, 1.297832021978351 ], [ 103.855718098455014, 1.298396060616644 ], [ 103.855689878990859, 1.298421171459428 ], [ 103.85571368616273, 1.298448272345757 ], [ 103.855754323413009, 1.298412110959109 ], [ 103.855755127603516, 1.298411350381177 ], [ 103.855755931793141, 1.298410485801307 ], [ 103.855756677576906, 1.298409571481897 ], [ 103.855757362259254, 1.298408609231698 ], [ 103.855757983144571, 1.298407604476914 ], [ 103.855758537537255, 1.298406560835054 ], [ 103.855759022741722, 1.298405481923579 ], [ 103.855759436960909, 1.298404374977445 ], [ 103.855759778397811, 1.29840324180536 ], [ 103.855760046153875, 1.298402089642288 ], [ 103.855760237533531, 1.298400921201327 ], [ 103.855760352536834, 1.298399743717415 ], [ 103.855760391163798, 1.29839855990361 ], [ 103.855760352515972, 1.298397376994873 ], [ 103.855760237491921, 1.298396199512998 ], [ 103.855760046091675, 1.298395031979817 ], [ 103.855759778315289, 1.298393878917163 ], [ 103.855759436858449, 1.298392746655554 ], [ 103.855759022619736, 1.298391638812434 ], [ 103.85575853739627, 1.298390560814002 ], [ 103.855757982985196, 1.298389517182022 ], [ 103.855757362082173, 1.298388511533975 ], [ 103.855756799586345, 1.298387712080555 ], [ 103.855326762940393, 1.297810323303385 ], [ 103.855298004322748, 1.297832021978351 ] ] ] } },
{ "type": "Feature", "properties": { "class": "ALIGNED" }, "geometry": { "type": "Polygon", "coordinates": [ [ [ 103.863132015636594, 1.300915237043758 ], [ 103.863116066343622, 1.30090539503252 ], [ 103.862979211569098, 1.301132147104565 ], [ 103.862995484338754, 1.301141942085858 ], [ 103.86281838446267, 1.301434922154489 ], [ 103.862838988255106, 1.301447519711915 ], [ 103.862997398778163, 1.301187992312332 ], [ 103.863020694632624, 1.30120242207927 ], [ 103.863102751793335, 1.301066625324516 ], [ 103.863175397782356, 1.300947818073893 ], [ 103.86316009364873, 1.300938337801129 ], [ 103.863169512018828, 1.300922934549973 ], [ 103.863138902853507, 1.300903974004274 ], [ 103.863132015636594, 1.300915237043758 ] ] ] } },
{ "type": "Feature", "properties": { "class": "UNREPRESENTED-surface" }, "geometry": { "type": "Polygon", "coordinates": [ [ [ 103.790115037290931, 1.314628616744396 ], [ 103.790103556329967, 1.314639556641002 ], [ 103.790111625153401, 1.314648582338673 ], [ 103.790123072876312, 1.3146371604152 ], [ 103.790115037290931, 1.314628616744396 ] ] ] } },
{ "type": "Feature", "properties": { "class": "UNREPRESENTED-surface" }, "geometry": { "type": "Polygon", "coordinates": [ [ [ 103.855515241896413, 1.336364704465369 ], [ 103.855540790861099, 1.336394277855566 ], [ 103.855561188866616, 1.336376541273926 ], [ 103.85555253386606, 1.336366521898777 ], [ 103.855603695491936, 1.336314509623188 ], [ 103.8555839593879, 1.336294844397778 ], [ 103.855515241896413, 1.336364704465369 ] ] ] } },
{ "type": "Feature", "properties": { "class": "ALIGNED" }, "geometry": { "type": "Polygon", "coordinates": [ [ [ 103.773893251926495, 1.319856670100224 ], [ 103.773914766664944, 1.319864298929337 ], [ 103.773919083614075, 1.31985135306002 ], [ 103.773897579656946, 1.31984378301488 ], [ 103.773893251926495, 1.319856670100224 ] ] ] } },
{ "type": "Feature", "properties": { "class": "ALIGNED" }, "geometry": { "type": "Polygon", "coordinates": [ [ [ 103.773836519677772, 1.320100185065835 ], [ 103.773843448891881, 1.320079902153119 ], [ 103.773820128960068, 1.320072334776608 ], [ 103.773813790986068, 1.320092900769468 ], [ 103.773836519677772, 1.320100185065835 ] ] ] } },
{ "type": "Feature", "properties": { "class": "OFFSET" }, "geometry": { "type": "Polygon", "coordinates": [ [ [ 103.773820128960068, 1.320072334776608 ], [ 103.773760180835311, 1.320049332638272 ], [ 103.773753354951793, 1.320069711415814 ], [ 103.773813790986068, 1.320092900769468 ], [ 103.773820128960068, 1.320072334776608 ] ] ] } },
{ "type": "Feature", "properties": { "class": "UNREPRESENTED-surface" }, "geometry": { "type": "Polygon", "coordinates": [ [ [ 103.856187551336347, 1.298927972077252 ], [ 103.856213553643514, 1.298952944968343 ], [ 103.856293762359641, 1.298868344532531 ], [ 103.856267760052589, 1.298843370737871 ], [ 103.856187551336347, 1.298927972077252 ] ] ] } },
{ "type": "Feature", "properties": { "class": "UNREPRESENTED-surface" }, "geometry": { "type": "Polygon", "coordinates": [ [ [ 103.856153810418348, 1.296959841371977 ], [ 103.856176165545207, 1.296988167681816 ], [ 103.856336231894772, 1.296860196801835 ], [ 103.856348754884976, 1.296858515473195 ], [ 103.856344004858471, 1.296822659262961 ], [ 103.856326563245517, 1.296824999918437 ], [ 103.856325431980551, 1.296825188036647 ], [ 103.856324287238152, 1.296825457547804 ], [ 103.856323161365836, 1.296825801216706 ], [ 103.85632206065344, 1.296826218138916 ], [ 103.856320990492151, 1.296826706505659 ], [ 103.856319952679058, 1.296827264508208 ], [ 103.856318954402511, 1.296827889433374 ], [ 103.856317998358108, 1.296828578568043 ], [ 103.856317761144226, 1.296828765773716 ], [ 103.856153810418348, 1.296959841371977 ] ] ] } },
{ "type": "Feature", "properties": { "class": "UNREPRESENTED-surface" }, "geometry": { "type": "Polygon", "coordinates": [ [ [ 103.855201843179756, 1.29554676360803 ], [ 103.855223830781782, 1.295575380231326 ], [ 103.855356621123633, 1.295472027363277 ], [ 103.85535747653077, 1.295471317429445 ], [ 103.855358334632697, 1.295470508919846 ], [ 103.855359138821527, 1.295469644340079 ], [ 103.855359885503148, 1.29546873002077 ], [ 103.855360570184871, 1.295467767770668 ], [ 103.855361191069633, 1.295466762111622 ], [ 103.855361745461877, 1.295465718469833 ], [ 103.855362230665975, 1.29546464046278 ], [ 103.855362644884892, 1.295463532612311 ], [ 103.85536298632158, 1.295462400344637 ], [ 103.855363253178979, 1.295461247277227 ], [ 103.855363400532738, 1.295460394459962 ], [ 103.855376688317676, 1.295370992460124 ], [ 103.855341142796561, 1.295365640740322 ], [ 103.855328923316463, 1.295447855743847 ], [ 103.855201843179756, 1.29554676360803 ] ] ] } },
{ "type": "Feature", "properties": { "class": "ALIGNED" }, "geometry": { "type": "Polygon", "coordinates": [ [ [ 103.87044338850157, 1.338481287376163 ], [ 103.87048058410916, 1.338764760713048 ], [ 103.870516217282869, 1.338760024013546 ], [ 103.870479021671301, 1.338476551581686 ], [ 103.87044338850157, 1.338481287376163 ] ] ] } },
{ "type": "Feature", "properties": { "class": "OFFSET" }, "geometry": { "type": "Polygon", "coordinates": [ [ [ 103.85305803418882, 1.297005632030973 ], [ 103.853070420879604, 1.29703958992656 ], [ 103.853111199381104, 1.29702452198476 ], [ 103.853098812689851, 1.296990564089394 ], [ 103.85305803418882, 1.297005632030973 ] ] ] } },
{ "type": "Feature", "properties": { "class": "UNREPRESENTED-surface" }, "geometry": { "type": "Polygon", "coordinates": [ [ [ 103.855687352497768, 1.29844550251101 ], [ 103.855791378227337, 1.298586565300276 ], [ 103.85582023928437, 1.298565004986608 ], [ 103.855716213554132, 1.298423942198525 ], [ 103.855687352497768, 1.29844550251101 ] ] ] } },
{ "type": "Feature", "properties": { "class": "OFFSET" }, "geometry": { "type": "Polygon", "coordinates": [ [ [ 103.850744621663438, 1.292687048553111 ], [ 103.850763476887025, 1.292717845662287 ], [ 103.851195138381357, 1.292450129858936 ], [ 103.851218946055965, 1.292435492545841 ], [ 103.851200209436115, 1.2924046212813 ], [ 103.851176399066063, 1.292419260402965 ], [ 103.851176339762532, 1.292419297482347 ], [ 103.850744621663438, 1.292687048553111 ] ] ] } },
{ "type": "Feature", "properties": { "class": "UNREPRESENTED-surface" }, "geometry": { "type": "Polygon", "coordinates": [ [ [ 103.868846265779609, 1.332573035443195 ], [ 103.868846267576785, 1.332573039965 ], [ 103.868853507585754, 1.332596722450253 ], [ 103.868887860147055, 1.332586083913205 ], [ 103.868880621036411, 1.332562405045498 ], [ 103.868846265779609, 1.332573035443195 ] ] ] } },
{ "type": "Feature", "properties": { "class": "UNREPRESENTED-surface" }, "geometry": { "type": "Polygon", "coordinates": [ [ [ 103.855989272509134, 1.299164092654742 ], [ 103.856458391307541, 1.299792079248103 ], [ 103.856487119386003, 1.299770339863843 ], [ 103.856018000584726, 1.29914235418016 ], [ 103.855989272509134, 1.299164092654742 ] ] ] } },
{ "type": "Feature", "properties": { "class": "OFFSET" }, "geometry": { "type": "Polygon", "coordinates": [ [ [ 103.856489403362289, 1.296497092043938 ], [ 103.856849635627967, 1.296962871818995 ], [ 103.856877997959728, 1.296940652216165 ], [ 103.856517765692161, 1.296474872445107 ], [ 103.856489403362289, 1.296497092043938 ] ] ] } },
{ "type": "Feature", "properties": { "class": "ALIGNED" }, "geometry": { "type": "Polygon", "coordinates": [ [ [ 103.845429955926036, 1.331520939140229 ], [ 103.84544155645456, 1.331555177420537 ], [ 103.845456398782375, 1.331550084870345 ], [ 103.845444806340666, 1.331515842972599 ], [ 103.845444802746442, 1.331515843876997 ], [ 103.845429956824589, 1.331520939140225 ], [ 103.845429955926036, 1.331520939140229 ] ] ] } },
{ "type": "Feature", "properties": { "class": "ALIGNED" }, "geometry": { "type": "Polygon", "coordinates": [ [ [ 103.869191105272392, 1.330926514757137 ], [ 103.869216646502508, 1.331035536416007 ], [ 103.869251628962189, 1.331027234742739 ], [ 103.869226087730624, 1.33091821127554 ], [ 103.86922608773061, 1.330918210371177 ], [ 103.869191105272392, 1.330926514757137 ] ] ] } },
{ "type": "Feature", "properties": { "class": "UNREPRESENTED-surface" }, "geometry": { "type": "Polygon", "coordinates": [ [ [ 103.77536150890991, 1.342849204725549 ], [ 103.775396522903065, 1.342857374681132 ], [ 103.775411567232666, 1.342792059156911 ], [ 103.775461471511235, 1.342636784660335 ], [ 103.775461731215827, 1.342635900198505 ], [ 103.775461981939259, 1.342634827628744 ], [ 103.775550734907569, 1.342196198716638 ], [ 103.775515515130593, 1.342188980149688 ], [ 103.775426963457164, 1.342626616073369 ], [ 103.775377133762589, 1.342781659958104 ], [ 103.775376874057926, 1.342782544419938 ], [ 103.775376725781484, 1.342783141296653 ], [ 103.77536150890991, 1.342849204725549 ] ] ] } },
{ "type": "Feature", "properties": { "class": "UNREPRESENTED-surface" }, "geometry": { "type": "Polygon", "coordinates": [ [ [ 103.85562408879332, 1.296199374840827 ], [ 103.855645612760355, 1.296228345070829 ], [ 103.855860649889152, 1.296066500750652 ], [ 103.855839125022555, 1.296037529618117 ], [ 103.85562408879332, 1.296199374840827 ] ] ] } },
{ "type": "Feature", "properties": { "class": "UNREPRESENTED-surface" }, "geometry": { "type": "Polygon", "coordinates": [ [ [ 103.855563461245467, 1.296083110243303 ], [ 103.855586215308534, 1.296111111888354 ], [ 103.855715848151462, 1.296004403836202 ], [ 103.855716319883285, 1.296004001389698 ], [ 103.855717177985255, 1.296003191975599 ], [ 103.855717982174127, 1.2960023283001 ], [ 103.855718727957239, 1.296001413980697 ], [ 103.855719412638962, 1.296000451730501 ], [ 103.855720034422248, 1.295999446071345 ], [ 103.855720587915897, 1.295998402429491 ], [ 103.85572107401849, 1.295997324422366 ], [ 103.855721488237336, 1.29599621657186 ], [ 103.855721629304824, 1.295995778858046 ], [ 103.855747069943277, 1.295913521230312 ], [ 103.855712752675473, 1.295902769542999 ], [ 103.855688915890738, 1.295979840624253 ], [ 103.855563461245467, 1.296083110243303 ] ] ] } },
{ "type": "Feature", "properties": { "class": "ALIGNED" }, "geometry": { "type": "Polygon", "coordinates": [ [ [ 103.846664549787874, 1.33185759961882 ], [ 103.846697297755782, 1.331872508794268 ], [ 103.846714734931908, 1.331833709651296 ], [ 103.84685606795918, 1.331667524654738 ], [ 103.847009437738592, 1.33161201390741 ], [ 103.847064565887905, 1.331598151499246 ], [ 103.847055854190572, 1.331563055873078 ], [ 103.846999849052253, 1.331577138046534 ], [ 103.846999553427651, 1.331577214919157 ], [ 103.846998428437061, 1.331577558583966 ], [ 103.846998123827092, 1.331577666205049 ], [ 103.846839427418246, 1.331635105086263 ], [ 103.846838632197588, 1.331635414383319 ], [ 103.846837561121134, 1.331635902746093 ], [ 103.846836523291628, 1.331636460744735 ], [ 103.84683552499898, 1.331637086570502 ], [ 103.846834568938817, 1.331637775701549 ], [ 103.846833660502469, 1.331638526329135 ], [ 103.846832801487039, 1.331639335740145 ], [ 103.846831998182395, 1.331640199412713 ], [ 103.846831856211395, 1.331640364007833 ], [ 103.846685763561027, 1.331812145236791 ], [ 103.846685158836635, 1.331812895862667 ], [ 103.846684474141853, 1.331813858110276 ], [ 103.846683853244798, 1.331814862862683 ], [ 103.846683298841143, 1.331815907406751 ], [ 103.846683042755515, 1.331816452739968 ], [ 103.846664549787874, 1.33185759961882 ] ] ] } },
{ "type": "Feature", "properties": { "class": "UNREPRESENTED-surface" }, "geometry": { "type": "Polygon", "coordinates": [ [ [ 103.854171989638616, 1.296349636638134 ], [ 103.85419432047776, 1.296377981958033 ], [ 103.854352926769238, 1.296251403032068 ], [ 103.854330595929468, 1.296223057713541 ], [ 103.854171989638616, 1.296349636638134 ] ] ] } },
{ "type": "Feature", "properties": { "class": "OFFSET" }, "geometry": { "type": "Polygon", "coordinates": [ [ [ 103.851558252153396, 1.292988723533702 ], [ 103.851576851305467, 1.293019677093507 ], [ 103.85158120382647, 1.29301702817751 ], [ 103.851562602877252, 1.29298607461775 ], [ 103.851558252153396, 1.292988723533702 ] ] ] } },
{ "type": "Feature", "properties": { "class": "UNREPRESENTED-surface" }, "geometry": { "type": "Polygon", "coordinates": [ [ [ 103.787238120562932, 1.336770272207248 ], [ 103.787273701563464, 1.336775388867598 ], [ 103.787276287952594, 1.336757169594424 ], [ 103.787282748914294, 1.336739434229236 ], [ 103.787285631500481, 1.336738765054085 ], [ 103.787277550527506, 1.336703517305293 ], [ 103.787265186317569, 1.336706388428373 ], [ 103.787264575295367, 1.336706541254405 ], [ 103.787263450294489, 1.336706884891567 ], [ 103.787262349553316, 1.336707301782701 ], [ 103.787261278463234, 1.336707790119166 ], [ 103.787260241517032, 1.336708348092338 ], [ 103.787259243207572, 1.33670897298918 ], [ 103.787258287129134, 1.336709663001035 ], [ 103.787257377774566, 1.336710413606191 ], [ 103.787256519636699, 1.33671122299599 ], [ 103.787255715411291, 1.336712086648654 ], [ 103.787254969591189, 1.336713001851178 ], [ 103.787254284872176, 1.336713963177439 ], [ 103.787253663051359, 1.336714968818726 ], [ 103.78725310952025, 1.33671601244462 ], [ 103.78725262338034, 1.336717090437604 ], [ 103.787252353800014, 1.336717785888629 ], [ 103.787241892253689, 1.33674650196878 ], [ 103.787241747578165, 1.336746914356147 ], [ 103.787241406105039, 1.336748047518087 ], [ 103.787241138313306, 1.336749199673068 ], [ 103.787240973859099, 1.336750170957157 ], [ 103.787238120562932, 1.336770272207248 ] ] ] } },
{ "type": "Feature", "properties": { "class": "UNREPRESENTED-surface" }, "geometry": { "type": "Polygon", "coordinates": [ [ [ 103.854776451105536, 1.296713051444385 ], [ 103.854798520480074, 1.296741603860455 ], [ 103.855535260267985, 1.296164729412041 ], [ 103.85551319089042, 1.296136177002375 ], [ 103.854776451105536, 1.296713051444385 ] ] ] } },
{ "type": "Feature", "properties": { "class": "UNREPRESENTED-surface" }, "geometry": { "type": "Polygon", "coordinates": [ [ [ 103.856849344496183, 1.296962484753606 ], [ 103.856993206789696, 1.297159168266875 ], [ 103.857022150487438, 1.297137721888807 ], [ 103.856878289091497, 1.296941039281551 ], [ 103.856849344496183, 1.296962484753606 ] ] ] } },
{ "type": "Feature", "properties": { "class": "NEEDS_MANUAL" }, "geometry": { "type": "Polygon", "coordinates": [ [ [ 103.850432712663462, 1.292183203724508 ], [ 103.850657856810372, 1.292583622372705 ], [ 103.850657934085945, 1.292583758026902 ], [ 103.850657935883049, 1.29258376073998 ], [ 103.850739804845745, 1.292726418299747 ], [ 103.850770927535706, 1.292708324458062 ], [ 103.850689098108177, 1.292565735630738 ], [ 103.850463992595806, 1.292165386621144 ], [ 103.850432712663462, 1.292183203724508 ] ] ] } },
{ "type": "Feature", "properties": { "class": "NEEDS_MANUAL" }, "geometry": { "type": "Polygon", "coordinates": [ [ [ 103.81135263309595, 1.329718701630408 ], [ 103.81138831200353, 1.329723069126097 ], [ 103.811404396424194, 1.329589976656551 ], [ 103.811368716619938, 1.329585609161098 ], [ 103.81135263309595, 1.329718701630408 ] ] ] } },
{ "type": "Feature", "properties": { "class": "UNREPRESENTED-surface" }, "geometry": { "type": "Polygon", "coordinates": [ [ [ 103.848757343537017, 1.331314401573004 ], [ 103.848761981208469, 1.331350273163366 ], [ 103.849065508746889, 1.331310524411682 ], [ 103.849060871071131, 1.331274651917588 ], [ 103.848757343537017, 1.331314401573004 ] ] ] } },
{ "type": "Feature", "properties": { "class": "UNREPRESENTED-surface" }, "geometry": { "type": "Polygon", "coordinates": [ [ [ 103.85389089466419, 1.29601967332414 ], [ 103.85416276626556, 1.296371379452262 ], [ 103.854191134006086, 1.296349166209825 ], [ 103.853919262403281, 1.295997460084714 ], [ 103.85389089466419, 1.29601967332414 ] ] ] } },
{ "type": "Feature", "properties": { "class": "NEEDS_MANUAL" }, "geometry": { "type": "Polygon", "coordinates": [ [ [ 103.868171643210871, 1.332649439511021 ], [ 103.868171681865419, 1.332650622419098 ], [ 103.868171796897215, 1.33265179989991 ], [ 103.868171988306159, 1.332652967431626 ], [ 103.868172255193656, 1.332654120492429 ], [ 103.86817259666104, 1.332655252751791 ], [ 103.868173010911164, 1.332656360592286 ], [ 103.868173496146838, 1.332657438587745 ], [ 103.868174050570886, 1.332658482216364 ], [ 103.868174671487594, 1.332659487860728 ], [ 103.868175356201178, 1.332660450094716 ], [ 103.868176102914518, 1.332661364396488 ], [ 103.868176907134767, 1.332662228957401 ], [ 103.868177765267617, 1.332663037446947 ], [ 103.868178674617397, 1.332663788960819 ], [ 103.868179336860422, 1.332664276403799 ], [ 103.868188699911911, 1.332670845573475 ], [ 103.868188992844154, 1.332671046338196 ], [ 103.868189991149265, 1.332671671239777 ], [ 103.868191028091346, 1.332672229217839 ], [ 103.868215579924694, 1.332649086183185 ], [ 103.86821524115804, 1.332648314765179 ], [ 103.868226831462906, 1.332635818997119 ], [ 103.868264671834609, 1.332597533999417 ], [ 103.868265441885839, 1.332596702877545 ], [ 103.868266188573429, 1.332595788554488 ], [ 103.868266873259927, 1.332594826300999 ], [ 103.868267494148327, 1.3325938215433 ], [ 103.868268048542973, 1.332592776994499 ], [ 103.868268533748292, 1.332591698985208 ], [ 103.868268947967252, 1.332590591132923 ], [ 103.868269289402761, 1.332589458863829 ], [ 103.868269556257815, 1.332588306699766 ], [ 103.868269748532441, 1.332587138258235 ], [ 103.868269863531097, 1.332585960774145 ], [ 103.868269902152349, 1.332584777864969 ], [ 103.868269863497744, 1.332583594956878 ], [ 103.86826974846592, 1.332582416571708 ], [ 103.868269556158367, 1.332581249040029 ], [ 103.868269289270842, 1.33258009597922 ], [ 103.868268947803429, 1.332578963719872 ], [ 103.868268533553263, 1.332577855879394 ], [ 103.86826804831756, 1.33257677788397 ], [ 103.868267493893498, 1.332575734255373 ], [ 103.868266872976776, 1.332574728611015 ], [ 103.868266188263178, 1.332573767281432 ], [ 103.868265441549823, 1.332572852075323 ], [ 103.868264638228155, 1.33257198841879 ], [ 103.86826378009529, 1.332571179024894 ], [ 103.868263582410435, 1.332571007198485 ], [ 103.868259984546768, 1.332567924271592 ], [ 103.868247123352305, 1.332556899348694 ], [ 103.868246410788856, 1.332556320565649 ], [ 103.868245454715051, 1.332555631453606 ], [ 103.868221213824327, 1.3325816811113 ], [ 103.868221959639115, 1.332582596317436 ], [ 103.868222763859336, 1.332583459973987 ], [ 103.868223621992186, 1.332584269367881 ], [ 103.868223819677013, 1.332584440289931 ], [ 103.868225495505129, 1.332585877301072 ], [ 103.868205404067453, 1.332606204985926 ], [ 103.868201144970143, 1.332610513438594 ], [ 103.868200748712525, 1.332610926738756 ], [ 103.868176477271589, 1.33263709667692 ], [ 103.868176102579369, 1.332637513594257 ], [ 103.868175356790289, 1.332638427917275 ], [ 103.868174671205182, 1.332639390170751 ], [ 103.868174050316739, 1.332640394928428 ], [ 103.868173495922036, 1.332641439477192 ], [ 103.86817301071666, 1.332642517486464 ], [ 103.868172596497658, 1.332643625338751 ], [ 103.868172255062092, 1.332644757607832 ], [ 103.868172056493165, 1.332645616756842 ], [ 103.868171988206996, 1.332645910676232 ], [ 103.868171796830865, 1.332647078213397 ], [ 103.868171680933628, 1.332648256601858 ], [ 103.868171643210871, 1.332649439511021 ] ] ] } },
{ "type": "Feature", "properties": { "class": "UNREPRESENTED-surface" }, "geometry": { "type": "Polygon", "coordinates": [ [ [ 103.855850106007594, 1.298667074036996 ], [ 103.855869936236346, 1.298695387710501 ], [ 103.85587018064345, 1.298695727749446 ], [ 103.856131906477884, 1.299051574824871 ], [ 103.856160794493846, 1.299030051586041 ], [ 103.855899195353985, 1.298674376341755 ], [ 103.855879482835903, 1.298646231783645 ], [ 103.855850106007594, 1.298667074036996 ] ] ] } },
{ "type": "Feature", "properties": { "class": "NEEDS_MANUAL" }, "geometry": { "type": "Polygon", "coordinates": [ [ [ 103.855765002274921, 1.337838355935312 ], [ 103.855789108148159, 1.337865188206859 ], [ 103.855866356583164, 1.33779488672317 ], [ 103.855842250709799, 1.337768055356736 ], [ 103.855765002274921, 1.337838355935312 ] ] ] } },
{ "type": "Feature", "properties": { "class": "NEEDS_MANUAL" }, "geometry": { "type": "Polygon", "coordinates": [ [ [ 103.853789257669177, 1.296238861424702 ], [ 103.854234345956058, 1.29679797314539 ], [ 103.854262395612778, 1.29677535384502 ], [ 103.853817307323865, 1.296216242129229 ], [ 103.853789257669177, 1.296238861424702 ] ] ] } },
{ "type": "Feature", "properties": { "class": "NEEDS_MANUAL" }, "geometry": { "type": "Polygon", "coordinates": [ [ [ 103.879553415651088, 1.340446853174541 ], [ 103.879617482793947, 1.340487735549744 ], [ 103.879636728460724, 1.340457183951865 ], [ 103.879572661318392, 1.340416302481505 ], [ 103.879553415651088, 1.340446853174541 ] ] ] } },
{ "type": "Feature", "properties": { "class": "UNREPRESENTED-surface" }, "geometry": { "type": "Polygon", "coordinates": [ [ [ 103.853889558294782, 1.337887360082231 ], [ 103.853925488064533, 1.33788829579628 ], [ 103.853926385433255, 1.337853364711126 ], [ 103.85434062039235, 1.337474835812299 ], [ 103.854316460625398, 1.337448053266536 ], [ 103.853896538733352, 1.33783177868753 ], [ 103.853895911544512, 1.337832380095196 ], [ 103.853895107341842, 1.337833244674407 ], [ 103.853894361545869, 1.33783415899317 ], [ 103.85389367685228, 1.337835121242737 ], [ 103.853893055956704, 1.337836126901271 ], [ 103.853892501554782, 1.337837170542538 ], [ 103.853892016342158, 1.33783824854908 ], [ 103.853891602115908, 1.337839356399034 ], [ 103.85389126067308, 1.337840488666241 ], [ 103.853890992912241, 1.33784164173319 ], [ 103.853890801528991, 1.337842809269337 ], [ 103.8538906865233, 1.337843987657195 ], [ 103.853890654181143, 1.337844702105397 ], [ 103.853889558294782, 1.337887360082231 ] ] ] } },
{ "type": "Feature", "properties": { "class": "UNREPRESENTED-surface" }, "geometry": { "type": "Polygon", "coordinates": [ [ [ 103.77355438308048, 1.322783620230362 ], [ 103.773571056755259, 1.322815666777879 ], [ 103.773699524445362, 1.322747957431328 ], [ 103.773682850769319, 1.32271591088459 ], [ 103.77355438308048, 1.322783620230362 ] ] ] } },
{ "type": "Feature", "properties": { "class": "ALIGNED" }, "geometry": { "type": "Polygon", "coordinates": [ [ [ 103.843201958542679, 1.329902330993815 ], [ 103.843352747904035, 1.329911002334364 ], [ 103.843486161093608, 1.329943488369888 ], [ 103.843486880837375, 1.329943647535073 ], [ 103.843487683248213, 1.329943789516983 ], [ 103.843587839026227, 1.329959128027775 ], [ 103.843588196651623, 1.329959179575057 ], [ 103.843589142831206, 1.329959279051203 ], [ 103.843728489099718, 1.32997023574571 ], [ 103.843728713738713, 1.329970252023326 ], [ 103.843729363394615, 1.329970282768966 ], [ 103.844162781799383, 1.329983048712547 ], [ 103.844397790092998, 1.329990002227178 ], [ 103.844398845734915, 1.32995384301389 ], [ 103.844163837444725, 1.329946889499347 ], [ 103.844163834749054, 1.329946888594996 ], [ 103.843730850353055, 1.329934136215169 ], [ 103.843592596730659, 1.329923266335193 ], [ 103.843493857977251, 1.329908143961847 ], [ 103.843359620813118, 1.329875458065535 ], [ 103.843358900170813, 1.329875297995954 ], [ 103.843357740134664, 1.329875105371031 ], [ 103.843356570214681, 1.329874989617159 ], [ 103.843356419257304, 1.329874979669765 ], [ 103.843204008903285, 1.329866215186385 ], [ 103.843201958542679, 1.329902330993815 ] ] ] } },
{ "type": "Feature", "properties": { "class": "ALIGNED" }, "geometry": { "type": "Polygon", "coordinates": [ [ [ 103.869216679751062, 1.331035674783274 ], [ 103.86934438476851, 1.331562176678186 ], [ 103.869379301636471, 1.331553597364018 ], [ 103.869251596612173, 1.33102709637546 ], [ 103.869216679751062, 1.331035674783274 ] ] ] } },
{ "type": "Feature", "properties": { "class": "NEEDS_MANUAL" }, "geometry": { "type": "Polygon", "coordinates": [ [ [ 103.854288617409296, 1.296507235700155 ], [ 103.854288656056411, 1.296508418608943 ], [ 103.854288771079695, 1.296509596090916 ], [ 103.854288962479103, 1.296510764528604 ], [ 103.854289229356056, 1.296511916687091 ], [ 103.854289570812, 1.296513049853295 ], [ 103.854289985049761, 1.296514156792326 ], [ 103.854290470272247, 1.296515235695437 ], [ 103.854291024682297, 1.296516279327773 ], [ 103.854291645584269, 1.296517284071852 ], [ 103.85429223952859, 1.29651812512614 ], [ 103.854331034580483, 1.296569906016099 ], [ 103.854314996629242, 1.296588855304855 ], [ 103.854314420668615, 1.296589573375276 ], [ 103.854313735087644, 1.296590535625104 ], [ 103.854313114202199, 1.296591541283895 ], [ 103.854312559809301, 1.296592584925472 ], [ 103.85431207460455, 1.296593662932307 ], [ 103.854311660384994, 1.296594770782604 ], [ 103.854311318947694, 1.296595903050136 ], [ 103.854311052089685, 1.29659705611745 ], [ 103.854310860709475, 1.296598223653947 ], [ 103.854310745705575, 1.296599402042199 ], [ 103.854310707077929, 1.29660058495163 ], [ 103.854310745725044, 1.296601767860434 ], [ 103.854310860748342, 1.296602945342388 ], [ 103.854311052147764, 1.29660411287571 ], [ 103.85431131902476, 1.296605265938574 ], [ 103.854311660480704, 1.29660639820041 ], [ 103.854312074718493, 1.296607506043783 ], [ 103.854312559940993, 1.296608584042542 ], [ 103.8543131143511, 1.296609628579218 ], [ 103.854313735253115, 1.296610633323307 ], [ 103.854314251023283, 1.296611369471921 ], [ 103.854535761628881, 1.29691151452316 ], [ 103.854550186014293, 1.296918816242611 ], [ 103.854581856989867, 1.296918820497081 ], [ 103.854581858786958, 1.296918820497066 ], [ 103.854583034082012, 1.29691878159945 ], [ 103.854584203985155, 1.296918664926508 ], [ 103.854585364902221, 1.296918472287011 ], [ 103.854586509644847, 1.296918203681005 ], [ 103.854587635517461, 1.296917860012876 ], [ 103.85458873533166, 1.296917443091427 ], [ 103.854589806391871, 1.296916954725408 ], [ 103.854590844205376, 1.296916396723583 ], [ 103.854591842482392, 1.296915771799078 ], [ 103.854592798527307, 1.296915081760694 ], [ 103.854593286433357, 1.296914691070999 ], [ 103.854758109677249, 1.296778000364822 ], [ 103.854735254082343, 1.296750082819172 ], [ 103.854575409636055, 1.296882645056676 ], [ 103.854559225962745, 1.296882643384576 ], [ 103.854351632158043, 1.296601355128836 ], [ 103.854367738397727, 1.296582323542092 ], [ 103.854368315256906, 1.296581606376014 ], [ 103.854368999939297, 1.296580644126179 ], [ 103.854369621723265, 1.29657963846735 ], [ 103.854370176116134, 1.296578594825779 ], [ 103.854370661320871, 1.296577516818916 ], [ 103.854371075540385, 1.296576408968626 ], [ 103.854371416977656, 1.29657527670107 ], [ 103.854371683835623, 1.296574123633766 ], [ 103.854371875215804, 1.296572956097249 ], [ 103.854371991118242, 1.296571778613366 ], [ 103.854372028847294, 1.296570595703925 ], [ 103.854371991098716, 1.296569412795131 ], [ 103.854371875176824, 1.296568234408808 ], [ 103.854371683777373, 1.296567066875491 ], [ 103.854371416900378, 1.29656591381265 ], [ 103.854371075444405, 1.296564781550822 ], [ 103.854370661206602, 1.296563673707442 ], [ 103.854370175984073, 1.29656259570871 ], [ 103.854369621573966, 1.29656155117203 ], [ 103.854369000671952, 1.296560546427972 ], [ 103.854368406727602, 1.296559705373702 ], [ 103.854325966243152, 1.29650305812793 ], [ 103.854339480747385, 1.296443382601634 ], [ 103.854340370314489, 1.296444455170818 ], [ 103.854413990183843, 1.296382621327224 ], [ 103.854444623357253, 1.296385329642869 ], [ 103.854447767961616, 1.296349293393609 ], [ 103.854409744261602, 1.296345932188545 ], [ 103.854409347105047, 1.296345901443471 ], [ 103.854408171809624, 1.296345862565629 ], [ 103.85440699651484, 1.296345901463158 ], [ 103.854405826611938, 1.296346017231652 ], [ 103.854404665695128, 1.296346210775425 ], [ 103.854403520952729, 1.296346479381345 ], [ 103.854402395080356, 1.29634682304939 ], [ 103.854401294367818, 1.296347239970763 ], [ 103.854400223307792, 1.296347728336702 ], [ 103.854399186393024, 1.296348286338456 ], [ 103.854398188116193, 1.296348911262867 ], [ 103.85439723207142, 1.296349600396816 ], [ 103.854396657905838, 1.296350063436388 ], [ 103.854317342207949, 1.296416681416603 ], [ 103.854306374666891, 1.296426792306136 ], [ 103.854289066648107, 1.296503215795013 ], [ 103.85428896242108, 1.296503706865958 ], [ 103.854288771040885, 1.296504875306834 ], [ 103.854288656036957, 1.296506052790706 ], [ 103.854288617409296, 1.296507235700155 ] ] ] } },
{ "type": "Feature", "properties": { "class": "ALIGNED" }, "geometry": { "type": "Polygon", "coordinates": [ [ [ 103.865075117303221, 1.303242247440678 ], [ 103.865140675976903, 1.303302501711242 ], [ 103.865140945543772, 1.303302744981895 ], [ 103.865141854881784, 1.303303495592994 ], [ 103.865142810943425, 1.303304184706707 ], [ 103.865143809235931, 1.303304810514347 ], [ 103.865144846165066, 1.303305367589782 ], [ 103.865145917238053, 1.30330585593307 ], [ 103.865147017962201, 1.303306272831176 ], [ 103.865148143844706, 1.303306616475434 ], [ 103.865149288595745, 1.303306885961541 ], [ 103.865150448621108, 1.303307078576456 ], [ 103.865151619428062, 1.303307194320251 ], [ 103.865152794726768, 1.30330723319299 ], [ 103.865153970024508, 1.303307194290367 ], [ 103.86515513993001, 1.303307078516813 ], [ 103.86515630084908, 1.303306885872391 ], [ 103.865157445593354, 1.303306616357177 ], [ 103.865158571467234, 1.303306272684292 ], [ 103.865159672180909, 1.303305855758199 ], [ 103.86516074324166, 1.303305367387678 ], [ 103.865161780156797, 1.303304810285877 ], [ 103.8651627784336, 1.303304184452854 ], [ 103.865163734477946, 1.303303495314832 ], [ 103.865164643797115, 1.303302744680612 ], [ 103.865165501898417, 1.303301935263358 ], [ 103.865183784383589, 1.303283533923461 ], [ 103.865199946692215, 1.303296349469037 ], [ 103.865222188943505, 1.303267934953167 ], [ 103.865193487300218, 1.303245175173823 ], [ 103.865193305792133, 1.303245032286511 ], [ 103.865192349730492, 1.303244343172833 ], [ 103.865191351438014, 1.303243718269575 ], [ 103.865190314508894, 1.303243160289796 ], [ 103.865189242537355, 1.303242671946521 ], [ 103.865188141813249, 1.303242255048433 ], [ 103.86518701682931, 1.303241911404198 ], [ 103.865185872078314, 1.30324164282247 ], [ 103.865184711154427, 1.303241450207566 ], [ 103.86518354124604, 1.30324133355941 ], [ 103.865182365048824, 1.303241295591077 ], [ 103.865181189751112, 1.303241333589332 ], [ 103.865180019845639, 1.30324145026726 ], [ 103.86517885982515, 1.303241642911698 ], [ 103.865177714182352, 1.30324191152257 ], [ 103.865176589207053, 1.303242255195434 ], [ 103.865175488493392, 1.303242672121535 ], [ 103.865174417432684, 1.303243160492079 ], [ 103.865173380517575, 1.303243718498247 ], [ 103.865172381342248, 1.303244343426922 ], [ 103.86517142529793, 1.30324503256493 ], [ 103.865170516877342, 1.303245784103504 ], [ 103.865169658776054, 1.303246592616414 ], [ 103.86515223079752, 1.30326413389457 ], [ 103.865099353450418, 1.303215534914854 ], [ 103.865075117303221, 1.303242247440678 ] ] ] } },
{ "type": "Feature", "properties": { "class": "ALIGNED" }, "geometry": { "type": "Polygon", "coordinates": [ [ [ 103.84676046988541, 1.278681545693924 ], [ 103.84676543040851, 1.278796209192841 ], [ 103.846801337758052, 1.27879463540854 ], [ 103.84679642845613, 1.278681148488201 ], [ 103.846800116729227, 1.278638281571057 ], [ 103.846800144581934, 1.278637904450735 ], [ 103.846800183212878, 1.278636721541207 ], [ 103.846800183212693, 1.278636685366604 ], [ 103.846799770590366, 1.278427078900066 ], [ 103.846826277695243, 1.278130842269664 ], [ 103.846907118550064, 1.278026444666143 ], [ 103.846968952926559, 1.277976403111667 ], [ 103.847076437397774, 1.277909819571296 ], [ 103.847077001677235, 1.277909454204822 ], [ 103.84707795771719, 1.277908765073603 ], [ 103.847078867032877, 1.277908014445806 ], [ 103.847079725131664, 1.277907205034562 ], [ 103.847080529317893, 1.277906341361721 ], [ 103.847081275098944, 1.277905426140396 ], [ 103.847081960677741, 1.277904463892414 ], [ 103.847082581561637, 1.277903459139633 ], [ 103.847083135953568, 1.2779024154995 ], [ 103.84708362115795, 1.277901336589534 ], [ 103.847083868252312, 1.277900702628383 ], [ 103.847093965867955, 1.277873289464073 ], [ 103.847094132993362, 1.277872816480323 ], [ 103.847094474431486, 1.277871684213572 ], [ 103.847094741290903, 1.277870531146847 ], [ 103.847094932673116, 1.27786936361068 ], [ 103.847095047679616, 1.277868185222565 ], [ 103.847095086310418, 1.27786700231301 ], [ 103.847095047667025, 1.277865819403889 ], [ 103.847094932647991, 1.27786464192136 ], [ 103.847094741253343, 1.277863473482894 ], [ 103.847094474381649, 1.27786232132341 ], [ 103.847094132931474, 1.277861188155992 ], [ 103.847093718699909, 1.277860080311176 ], [ 103.84709323258555, 1.277859002310807 ], [ 103.847092679081058, 1.277857958676643 ], [ 103.847092349314963, 1.277857407015821 ], [ 103.847033818999847, 1.277763277410735 ], [ 103.847003352400634, 1.277782468197984 ], [ 103.847057193209253, 1.277869056329783 ], [ 103.847052322309096, 1.277882280884408 ], [ 103.846949152600217, 1.277946191098006 ], [ 103.846948588320743, 1.277946556464452 ], [ 103.846947632280731, 1.277947245595623 ], [ 103.846947311504266, 1.277947498819523 ], [ 103.846882967524053, 1.277999571590453 ], [ 103.846882379883283, 1.278000068994284 ], [ 103.846881521784425, 1.278000877501098 ], [ 103.846880717598083, 1.278001741173877 ], [ 103.846880054481787, 1.278002547870912 ], [ 103.846794679637824, 1.278112801260471 ], [ 103.846794596074403, 1.278112909784688 ], [ 103.846793911393988, 1.278113871128225 ], [ 103.846793290509922, 1.278114876785315 ], [ 103.846792736117848, 1.278115920425369 ], [ 103.846792250913296, 1.278116998430934 ], [ 103.84679183669337, 1.278118106280167 ], [ 103.84679149525509, 1.278119239451224 ], [ 103.846791228395503, 1.278120391613554 ], [ 103.846791037013134, 1.278121559149697 ], [ 103.846790955250071, 1.27812229801627 ], [ 103.846763900065241, 1.278424660817303 ], [ 103.846763828190859, 1.278426319422961 ], [ 103.846764239911877, 1.278635956637965 ], [ 103.846760519292772, 1.278679197962302 ], [ 103.84676046988541, 1.278681545693924 ] ] ] } },
{ "type": "Feature", "properties": { "class": "NEEDS_MANUAL" }, "geometry": { "type": "Polygon", "coordinates": [ [ [ 103.774572640093666, 1.329410569149766 ], [ 103.774596664124289, 1.329437475461623 ], [ 103.77465405426446, 1.329385569952192 ], [ 103.774654749761751, 1.329384906165564 ], [ 103.774655553090341, 1.329384042517049 ], [ 103.774655846027429, 1.32938369796134 ], [ 103.774729251078526, 1.329295072936799 ], [ 103.774729703963715, 1.329294502293851 ], [ 103.774730388685285, 1.329293540971166 ], [ 103.77473063130401, 1.32929316566585 ], [ 103.774837098781077, 1.329123883000224 ], [ 103.775228922748809, 1.328543070778871 ], [ 103.775228997331425, 1.328542960448214 ], [ 103.775229085392922, 1.328542825700036 ], [ 103.77533495780321, 1.328380244332983 ], [ 103.775335169869905, 1.328379909723276 ], [ 103.775469665187146, 1.328163143143912 ], [ 103.775469985085067, 1.328162606863502 ], [ 103.77547053861899, 1.328161562335973 ], [ 103.775470756079855, 1.328161104732847 ], [ 103.775536628881596, 1.328016590703687 ], [ 103.775536897563825, 1.328015971220583 ], [ 103.7755373118232, 1.328014863384259 ], [ 103.775537653300248, 1.328013730224036 ], [ 103.775537753947518, 1.328013335923636 ], [ 103.775578713986718, 1.327844351021741 ], [ 103.775578881135445, 1.327843593168512 ], [ 103.775579055479241, 1.3278425495364 ], [ 103.775596338489919, 1.327717162567867 ], [ 103.775618298076026, 1.327647700682945 ], [ 103.775774062549374, 1.32733414591399 ], [ 103.775806991121925, 1.327288732230679 ], [ 103.775844538416862, 1.327275537532011 ], [ 103.775832689970102, 1.327241384847193 ], [ 103.775789852843516, 1.327256438794548 ], [ 103.775788900367516, 1.327256804135365 ], [ 103.775787829279508, 1.327257292466921 ], [ 103.775786792334955, 1.327257850435315 ], [ 103.775785793128136, 1.327258475327543 ], [ 103.775784837050423, 1.327259165335006 ], [ 103.775783928594677, 1.327259915935964 ], [ 103.775783070456612, 1.327260725321787 ], [ 103.77578226623055, 1.327261588970712 ], [ 103.775781519510787, 1.327262503265374 ], [ 103.775781260719086, 1.327262852343888 ], [ 103.775744144749737, 1.327314042102525 ], [ 103.775743718820806, 1.327314655251436 ], [ 103.775743097896523, 1.327315659985446 ], [ 103.775742587495571, 1.327316615886379 ], [ 103.775585523649156, 1.327632785139453 ], [ 103.775585479617945, 1.327632873766105 ], [ 103.775584994373546, 1.327633951756743 ], [ 103.775584580114241, 1.327635059593082 ], [ 103.775584472280059, 1.327635389683454 ], [ 103.775561623058934, 1.327707665023967 ], [ 103.77556138941614, 1.327708468093828 ], [ 103.775561122518724, 1.327709620247463 ], [ 103.775560948174927, 1.327710663879575 ], [ 103.775543579785463, 1.327836670335224 ], [ 103.775503243400792, 1.328003079622081 ], [ 103.77543856843198, 1.328144965596355 ], [ 103.775304790186752, 1.328360577317912 ], [ 103.775199098391425, 1.328522881952493 ], [ 103.774807200736277, 1.329103802690951 ], [ 103.774807126153604, 1.329103913925972 ], [ 103.774806883534922, 1.32910428923128 ], [ 103.774700890511554, 1.329272818571597 ], [ 103.774629067860687, 1.329359533616136 ], [ 103.774572640093666, 1.329410569149766 ] ] ] } },
{ "type": "Feature", "properties": { "class": "ALIGNED" }, "geometry": { "type": "Polygon", "coordinates": [ [ [ 103.847056054568355, 1.331563006131906 ], [ 103.847064366408688, 1.331598200336051 ], [ 103.847245303055445, 1.33155491190617 ], [ 103.847453695159302, 1.3315251525985 ], [ 103.847448645967916, 1.3314893370785 ], [ 103.847239429891573, 1.331519213957771 ], [ 103.847238447770522, 1.331519382175152 ], [ 103.847237798115145, 1.331519525068448 ], [ 103.847056054568355, 1.331563006131906 ] ] ] } },
{ "type": "Feature", "properties": { "class": "UNREPRESENTED-surface" }, "geometry": { "type": "Polygon", "coordinates": [ [ [ 103.868617268270469, 1.332609121989578 ], [ 103.86862176785371, 1.332645011625637 ], [ 103.868630259197545, 1.332643933500863 ], [ 103.868630355342916, 1.332643920838362 ], [ 103.868631515376649, 1.332643728192026 ], [ 103.86863228543713, 1.332643556351692 ], [ 103.868980787552943, 1.332557627640562 ], [ 103.869011199177564, 1.332556248041819 ], [ 103.869043184215997, 1.332557745202867 ], [ 103.869044854112119, 1.332521610394971 ], [ 103.869012046894412, 1.332520074358244 ], [ 103.869011212135163, 1.332520054474393 ], [ 103.869010402536048, 1.332520072573467 ], [ 103.8689774111579, 1.332521569777125 ], [ 103.868977044547151, 1.332521589678479 ], [ 103.868975874628291, 1.332521706358524 ], [ 103.868974713696076, 1.332521899005051 ], [ 103.868973943635652, 1.332522070845491 ], [ 103.868624734363067, 1.332608174108057 ], [ 103.868617268270469, 1.332609121989578 ] ] ] } },
{ "type": "Feature", "properties": { "class": "NEEDS_MANUAL" }, "geometry": { "type": "Polygon", "coordinates": [ [ [ 103.884950206813613, 1.33276973021912 ], [ 103.885170324491682, 1.332818436431207 ], [ 103.885153035325899, 1.332902391638318 ], [ 103.88509503376963, 1.333173065450706 ], [ 103.885130168387533, 1.333180691210397 ], [ 103.885188184315538, 1.332909948665353 ], [ 103.88518821486349, 1.332909806679533 ], [ 103.885206008965469, 1.332823397921462 ], [ 103.885206037716273, 1.332823255031317 ], [ 103.885206229084361, 1.332822087493086 ], [ 103.885206344973497, 1.332820910008448 ], [ 103.885206382688096, 1.332819726194929 ], [ 103.885206382449368, 1.332808315831929 ], [ 103.885206343786706, 1.332807133828754 ], [ 103.885206228746824, 1.332805955444649 ], [ 103.885206037329894, 1.332804787914547 ], [ 103.885205770434524, 1.332803634855848 ], [ 103.885205428959409, 1.332802502599121 ], [ 103.885205014701725, 1.332801394761761 ], [ 103.885204622912653, 1.332800511206252 ], [ 103.885203886063991, 1.33279896114165 ], [ 103.885203143823048, 1.332797365858945 ], [ 103.885203078225473, 1.332797224779525 ], [ 103.885202305432983, 1.332795599653449 ], [ 103.885202211979092, 1.332795407025863 ], [ 103.885201657547967, 1.332794363401324 ], [ 103.88520103662448, 1.332793357761509 ], [ 103.885200351904388, 1.33279239553252 ], [ 103.88519960518488, 1.332791480331788 ], [ 103.885198801857413, 1.332790616680994 ], [ 103.885197943719149, 1.3327898081976 ], [ 103.885197034364367, 1.332789056690223 ], [ 103.885196078285958, 1.332788367584977 ], [ 103.885195079976768, 1.332787742690475 ], [ 103.885194043031021, 1.332787184719729 ], [ 103.885192971941606, 1.332786696385765 ], [ 103.885191870302748, 1.332786279497215 ], [ 103.885190745302978, 1.332785935862653 ], [ 103.885189953670746, 1.332785741441135 ], [ 103.884957923778671, 1.332734399260349 ], [ 103.884950206813613, 1.33276973021912 ] ] ] } },
{ "type": "Feature", "properties": { "class": "NEEDS_MANUAL" }, "geometry": { "type": "Polygon", "coordinates": [ [ [ 103.856014968207916, 1.298359726909141 ], [ 103.856041901390384, 1.298383680574799 ], [ 103.85665939620165, 1.297680354075413 ], [ 103.856632463021029, 1.297656400416209 ], [ 103.856014968207916, 1.298359726909141 ] ] ] } },
{ "type": "Feature", "properties": { "class": "UNREPRESENTED-surface" }, "geometry": { "type": "Polygon", "coordinates": [ [ [ 103.868335521583973, 1.332814367012141 ], [ 103.86835471855089, 1.332828802201983 ], [ 103.868359060482206, 1.332836292990132 ], [ 103.868360556727879, 1.332846835144454 ], [ 103.868359572091904, 1.33285972054242 ], [ 103.868395408365771, 1.332862494619241 ], [ 103.868396544829622, 1.332847629565428 ], [ 103.868396559203646, 1.332847425178862 ], [ 103.868396596926289, 1.3328462422697 ], [ 103.868396559170179, 1.332845059361619 ], [ 103.868396443239732, 1.332843881880836 ], [ 103.868396417178801, 1.33284368472977 ], [ 103.868394144502759, 1.332827675703843 ], [ 103.868393979154618, 1.332826705323215 ], [ 103.868393712266993, 1.332825552262424 ], [ 103.868393370799481, 1.332824420003098 ], [ 103.868392956549215, 1.332823312162663 ], [ 103.868392471313413, 1.332822234167252 ], [ 103.86839191778779, 1.332821190538674 ], [ 103.868391876453202, 1.332821119998829 ], [ 103.868383924033338, 1.332807398191798 ], [ 103.868383342654013, 1.332806463087329 ], [ 103.868382657940302, 1.332805501757783 ], [ 103.8683819121254, 1.332804586551702 ], [ 103.868381107905051, 1.332803722895224 ], [ 103.868380249772059, 1.332802913501374 ], [ 103.868379340422194, 1.33280216289196 ], [ 103.86837915711466, 1.332802022718106 ], [ 103.868357034416491, 1.332785387251747 ], [ 103.868335521583973, 1.332814367012141 ] ] ] } },
{ "type": "Feature", "properties": { "class": "ALIGNED" }, "geometry": { "type": "Polygon", "coordinates": [ [ [ 103.869741865205654, 1.333129195527808 ], [ 103.869858129253743, 1.333481291786115 ], [ 103.869858166096193, 1.333481402118016 ], [ 103.869858293696666, 1.333481768383684 ], [ 103.869868516096162, 1.333510058557378 ], [ 103.869868801848156, 1.333510799227538 ], [ 103.86986928708474, 1.333511877222629 ], [ 103.869869841509683, 1.333512920850831 ], [ 103.869870462427286, 1.333513926494734 ], [ 103.869871148040332, 1.333514888728186 ], [ 103.869871893855986, 1.333515803029425 ], [ 103.869872697178522, 1.333516666685417 ], [ 103.869873556210791, 1.333517476078689 ], [ 103.869873900362435, 1.333517772705064 ], [ 103.869935229423049, 1.333569208416245 ], [ 103.869958238357526, 1.333541417859046 ], [ 103.869900636556949, 1.333493107575983 ], [ 103.869892158327161, 1.333469643064667 ], [ 103.869775973351381, 1.333117787367804 ], [ 103.869741865205654, 1.333129195527808 ] ] ] } },
{ "type": "Feature", "properties": { "class": "OFFSET" }, "geometry": { "type": "Polygon", "coordinates": [ [ [ 103.855026527567077, 1.297878745628002 ], [ 103.855429390080545, 1.298421890925273 ], [ 103.855458191834245, 1.298400250127759 ], [ 103.855055328419695, 1.297857105739447 ], [ 103.855026527567077, 1.297878745628002 ] ] ] } },
{ "type": "Feature", "properties": { "class": "NEEDS_MANUAL" }, "geometry": { "type": "Polygon", "coordinates": [ [ [ 103.856579226794466, 1.297144044818641 ], [ 103.856728464281659, 1.297353090963348 ], [ 103.856728801239868, 1.297353547664408 ], [ 103.856729547938329, 1.297354462874578 ], [ 103.856729618025497, 1.297354542458023 ], [ 103.85682475506276, 1.297462443137395 ], [ 103.856824784716423, 1.297462630340622 ], [ 103.856666867829006, 1.297607722664733 ], [ 103.856691099112638, 1.297634439182971 ], [ 103.856856165654619, 1.297482778389347 ], [ 103.856856757789913, 1.29748220953839 ], [ 103.856857561080304, 1.297481345862527 ], [ 103.856858307761954, 1.297480430638424 ], [ 103.85685899244362, 1.29747946838793 ], [ 103.856859613328282, 1.297478463632895 ], [ 103.856860167720328, 1.297477419086416 ], [ 103.856860652924141, 1.297476341079112 ], [ 103.856861067142717, 1.297475233228419 ], [ 103.856861408578979, 1.297474100960567 ], [ 103.856861675435937, 1.297472948797389 ], [ 103.856861867713548, 1.297471780356337 ], [ 103.856861982716325, 1.297470602872359 ], [ 103.856862021342778, 1.297469419962917 ], [ 103.856861982694454, 1.297468237054181 ], [ 103.856861867669934, 1.29746705866801 ], [ 103.856861799376219, 1.297466585685883 ], [ 103.85685944864727, 1.297451676350698 ], [ 103.856854807578216, 1.297442028631044 ], [ 103.856757115953258, 1.297331229487579 ], [ 103.856608415801176, 1.297122935771072 ], [ 103.856579226794466, 1.297144044818641 ] ] ] } },
{ "type": "Feature", "properties": { "class": "UNREPRESENTED-surface" }, "geometry": { "type": "Polygon", "coordinates": [ [ [ 103.866275072232554, 1.329311296596794 ], [ 103.866269257387501, 1.329289150598458 ], [ 103.866154688363849, 1.329317615195511 ], [ 103.866115304808133, 1.329327102504945 ], [ 103.866119788885385, 1.329348789104322 ], [ 103.866131146587875, 1.329345967335481 ], [ 103.866275072232554, 1.329311296596794 ] ] ] } },
{ "type": "Feature", "properties": { "class": "ALIGNED" }, "geometry": { "type": "Polygon", "coordinates": [ [ [ 103.869436654293935, 1.33350224493058 ], [ 103.869457003887746, 1.333562321555769 ], [ 103.869457410949821, 1.333563406787003 ], [ 103.869457896186233, 1.33356448478218 ], [ 103.869458015697802, 1.333564725341335 ], [ 103.86948525083892, 1.333618285919211 ], [ 103.869485684853629, 1.333619089892725 ], [ 103.869486306669629, 1.333620094632352 ], [ 103.869486991384008, 1.333621056865928 ], [ 103.869487635660931, 1.333621854505795 ], [ 103.869488841544793, 1.333623261678942 ], [ 103.869518990454495, 1.333659515392228 ], [ 103.869546551550499, 1.333636297237688 ], [ 103.869516317276307, 1.333599940428469 ], [ 103.869516267854806, 1.333599881645514 ], [ 103.869490604334246, 1.333549409449116 ], [ 103.869470673485296, 1.333490571797216 ], [ 103.869436654293935, 1.33350224493058 ] ] ] } },
{ "type": "Feature", "properties": { "class": "OFFSET" }, "geometry": { "type": "Polygon", "coordinates": [ [ [ 103.851259981055037, 1.292488143469724 ], [ 103.851278472375199, 1.292519163051356 ], [ 103.851284613885994, 1.29251545511195 ], [ 103.851266122565789, 1.292484435530362 ], [ 103.851259981055037, 1.292488143469724 ] ] ] } },
{ "type": "Feature", "properties": { "class": "ALIGNED" }, "geometry": { "type": "Polygon", "coordinates": [ [ [ 103.850413928551859, 1.29217024882566 ], [ 103.850430488000981, 1.292202355473326 ], [ 103.850937500308504, 1.291937472577293 ], [ 103.850920941753373, 1.291905365932925 ], [ 103.850413928551859, 1.29217024882566 ] ] ] } },
{ "type": "Feature", "properties": { "class": "NEEDS_MANUAL" }, "geometry": { "type": "Polygon", "coordinates": [ [ [ 103.855431477312592, 1.338160915034611 ], [ 103.855456257997361, 1.338187116961236 ], [ 103.855691402464757, 1.337961837629917 ], [ 103.855666620881266, 1.33793563570563 ], [ 103.855431477312592, 1.338160915034611 ] ] ] } },
{ "type": "Feature", "properties": { "class": "ALIGNED" }, "geometry": { "type": "Polygon", "coordinates": [ [ [ 103.846647096299179, 1.332707706001866 ], [ 103.846665994167623, 1.332767687877089 ], [ 103.846700255177808, 1.332756753922946 ], [ 103.846681358207178, 1.332696772047968 ], [ 103.846647096299179, 1.332707706001866 ] ] ] } },
{ "type": "Feature", "properties": { "class": "NEEDS_MANUAL" }, "geometry": { "type": "Polygon", "coordinates": [ [ [ 103.855259736737736, 1.295698766925944 ], [ 103.855295544618826, 1.295701890289724 ], [ 103.855298005483121, 1.295673306915441 ], [ 103.855473298480817, 1.295541706741003 ], [ 103.855475318406334, 1.295541706723241 ], [ 103.855475316295198, 1.29550553213258 ], [ 103.855467332737447, 1.295505532202773 ], [ 103.855466158341613, 1.295505571100783 ], [ 103.855464988439167, 1.295505686869745 ], [ 103.855463827522811, 1.295505879509654 ], [ 103.855462682780924, 1.295506149020413 ], [ 103.855461556909063, 1.295506492688925 ], [ 103.855460456197065, 1.295506909610755 ], [ 103.855459385137621, 1.295507397977138 ], [ 103.855458348223422, 1.295507955979306 ], [ 103.855457349947159, 1.295508580904132 ], [ 103.85545658888563, 1.295509121720958 ], [ 103.855270053386718, 1.295649162428596 ], [ 103.855269858404071, 1.295649310746117 ], [ 103.855268949084603, 1.295650062281166 ], [ 103.855268090982591, 1.295650870790735 ], [ 103.855267286793676, 1.295651734466092 ], [ 103.855266541010522, 1.295652649689729 ], [ 103.855265856328714, 1.295653611939806 ], [ 103.855265235443852, 1.295654616694483 ], [ 103.855264681051537, 1.295655661240613 ], [ 103.855264195847383, 1.295656739247647 ], [ 103.855263781628366, 1.29565784619372 ], [ 103.855263440191621, 1.29565897936576 ], [ 103.855263173334137, 1.295660131528795 ], [ 103.855262981055887, 1.295661299969752 ], [ 103.855262894802578, 1.295662098524584 ], [ 103.855259736737736, 1.295698766925944 ] ] ] } },
{ "type": "Feature", "properties": { "class": "ALIGNED" }, "geometry": { "type": "Polygon", "coordinates": [ [ [ 103.846551051259624, 1.3321810661097 ], [ 103.846551061146911, 1.332181661181517 ], [ 103.846555585217587, 1.332319951156947 ], [ 103.84655561397453, 1.33232053899374 ], [ 103.846555728996066, 1.332321717380122 ], [ 103.846555763142533, 1.332321966080185 ], [ 103.846566880493668, 1.332398689594849 ], [ 103.84656703774597, 1.33239960842838 ], [ 103.84656722015734, 1.332400429590402 ], [ 103.846614850982519, 1.332593902751974 ], [ 103.846649738296506, 1.332585202575557 ], [ 103.846602319532749, 1.332392589464195 ], [ 103.846591474453263, 1.332317748835206 ], [ 103.846587053731355, 1.332182597004261 ], [ 103.846610967282615, 1.3320645990064 ], [ 103.846697297755782, 1.331872508794268 ], [ 103.846664549787874, 1.331857600523183 ], [ 103.846577388157826, 1.332051541068566 ], [ 103.846577159028769, 1.332052072836164 ], [ 103.846576744800146, 1.33205318068496 ], [ 103.846576403354746, 1.332054313855594 ], [ 103.846576153561742, 1.332055380102734 ], [ 103.846551414257192, 1.332177451362649 ], [ 103.846551397185081, 1.332177537277378 ], [ 103.846551204900209, 1.332178705717411 ], [ 103.84655108989125, 1.332179883200673 ], [ 103.846551051259624, 1.3321810661097 ] ] ] } },
{ "type": "Feature", "properties": { "class": "UNREPRESENTED-surface" }, "geometry": { "type": "Polygon", "coordinates": [ [ [ 103.868342038279621, 1.332776457772256 ], [ 103.868366956520447, 1.332802527528094 ], [ 103.868431619360308, 1.332739917454696 ], [ 103.868406701119468, 1.332713848603868 ], [ 103.868342038279621, 1.332776457772256 ] ] ] } },
{ "type": "Feature", "properties": { "class": "UNREPRESENTED-surface" }, "geometry": { "type": "Polygon", "coordinates": [ [ [ 103.854463617805507, 1.296293039058936 ], [ 103.85448582554767, 1.296321481144301 ], [ 103.855194104067223, 1.295761266337056 ], [ 103.855171895423695, 1.295732823353509 ], [ 103.854463617805507, 1.296293039058936 ] ] ] } },
{ "type": "Feature", "properties": { "class": "ALIGNED" }, "geometry": { "type": "Polygon", "coordinates": [ [ [ 103.869344331750412, 1.331561950587863 ], [ 103.86941214828893, 1.331857996891104 ], [ 103.869447171196967, 1.331849869756539 ], [ 103.869379355553122, 1.331553823454326 ], [ 103.869344331750412, 1.331561950587863 ] ] ] } },
{ "type": "Feature", "properties": { "class": "OFFSET" }, "geometry": { "type": "Polygon", "coordinates": [ [ [ 103.853239434873728, 1.29515744271016 ], [ 103.853813518481005, 1.295919955077532 ], [ 103.853842164771095, 1.295898107200086 ], [ 103.853268081160394, 1.295135594839172 ], [ 103.853239434873728, 1.29515744271016 ] ] ] } },
{ "type": "Feature", "properties": { "class": "NEEDS_MANUAL" }, "geometry": { "type": "Polygon", "coordinates": [ [ [ 103.796872859764449, 1.313479848599947 ], [ 103.796935935132041, 1.313550256111905 ], [ 103.796962628696633, 1.313526031290558 ], [ 103.796899553328842, 1.313455624683623 ], [ 103.796872859764449, 1.313479848599947 ] ] ] } },
{ "type": "Feature", "properties": { "class": "UNREPRESENTED-surface" }, "geometry": { "type": "Polygon", "coordinates": [ [ [ 103.854839608767335, 1.296809725689563 ], [ 103.854861619738472, 1.296838323323743 ], [ 103.855601557455969, 1.296261428932756 ], [ 103.855579546481749, 1.296232831304958 ], [ 103.854839608767335, 1.296809725689563 ] ] ] } },
{ "type": "Feature", "properties": { "class": "OFFSET" }, "geometry": { "type": "Polygon", "coordinates": [ [ [ 103.8512001905668, 1.292404633038173 ], [ 103.851218964026714, 1.292435480788974 ], [ 103.851222859190813, 1.292433079672792 ], [ 103.85120408573087, 1.29240223192202 ], [ 103.8512001905668, 1.292404633038173 ] ] ] } },
{ "type": "Feature", "properties": { "class": "UNREPRESENTED-surface" }, "geometry": { "type": "Polygon", "coordinates": [ [ [ 103.870855015423487, 1.338593643819284 ], [ 103.87090147841117, 1.338968620587592 ], [ 103.870937144837484, 1.338964144338289 ], [ 103.870890681844486, 1.338589167570816 ], [ 103.870855015423487, 1.338593643819284 ] ] ] } },
{ "type": "Feature", "properties": { "class": "UNREPRESENTED-surface" }, "geometry": { "type": "Polygon", "coordinates": [ [ [ 103.85433065074028, 1.296223014303581 ], [ 103.85435287195844, 1.296251446442028 ], [ 103.855127777926683, 1.295637913366536 ], [ 103.855105555806929, 1.295609481234854 ], [ 103.85433065074028, 1.296223014303581 ] ] ] } },
{ "type": "Feature", "properties": { "class": "ALIGNED" }, "geometry": { "type": "Polygon", "coordinates": [ [ [ 103.887162463948414, 1.337382806993353 ], [ 103.887173138279678, 1.337358117617038 ], [ 103.887202905996432, 1.337288851711181 ], [ 103.887183072840003, 1.337280381874668 ], [ 103.887142012612685, 1.337375681055268 ], [ 103.887162463948414, 1.337382806993353 ] ] ] } },
{ "type": "Feature", "properties": { "class": "ALIGNED" }, "geometry": { "type": "Polygon", "coordinates": [ [ [ 103.879871517900412, 1.342523525962813 ], [ 103.879849647151346, 1.342534170748164 ], [ 103.879856377597008, 1.342546406666824 ], [ 103.879789929673763, 1.342577608502862 ], [ 103.879800748739981, 1.342598987465484 ], [ 103.879856351132545, 1.34257245235605 ], [ 103.879920480779901, 1.342541775093912 ], [ 103.879926815876303, 1.342554897296845 ], [ 103.87994863179496, 1.342543297503278 ], [ 103.879931146085255, 1.342509986488068 ], [ 103.879878508932848, 1.342535987967471 ], [ 103.879871517900412, 1.342523525962813 ] ] ] } },
{ "type": "Feature", "properties": { "class": "UNREPRESENTED-surface" }, "geometry": { "type": "Polygon", "coordinates": [ [ [ 103.786821251892164, 1.336759920178977 ], [ 103.786831339348467, 1.336794640722951 ], [ 103.787077400004222, 1.336722224815822 ], [ 103.787067312544693, 1.336687504272734 ], [ 103.786821251892164, 1.336759920178977 ] ] ] } },
{ "type": "Feature", "properties": { "class": "OFFSET" }, "geometry": { "type": "Polygon", "coordinates": [ [ [ 103.855493030908676, 1.298481981784632 ], [ 103.855945735508584, 1.299083635333906 ], [ 103.855974388105025, 1.299061796476014 ], [ 103.855521683502388, 1.298460142931834 ], [ 103.855493030908676, 1.298481981784632 ] ] ] } },
{ "type": "Feature", "properties": { "class": "ALIGNED" }, "geometry": { "type": "Polygon", "coordinates": [ [ [ 103.845413890678941, 1.331529256660302 ], [ 103.845426237922098, 1.331566480244387 ], [ 103.84542626577776, 1.331566563445781 ], [ 103.845460303033136, 1.331554940384294 ], [ 103.845447982746634, 1.331517800906161 ], [ 103.845413890678941, 1.331529256660302 ] ] ] } },
{ "type": "Feature", "properties": { "class": "ALIGNED" }, "geometry": { "type": "MultiPolygon", "coordinates": [ [ [ [ 103.802870176331098, 1.329488830039349 ], [ 103.802869776482197, 1.329488154474135 ], [ 103.802866200290367, 1.329483361298083 ], [ 103.802836233259697, 1.329500245410253 ], [ 103.802837994382188, 1.329504007588287 ], [ 103.802838206436604, 1.329504388328371 ], [ 103.802744400497645, 1.329532493903667 ], [ 103.802635234592628, 1.329565221489937 ], [ 103.802641437063528, 1.329586065359547 ], [ 103.802848861271997, 1.329523543804396 ], [ 103.802857321884844, 1.329538644987231 ], [ 103.802891089751611, 1.32952614708962 ], [ 103.802881520358326, 1.329508014463443 ], [ 103.802881288535829, 1.3295076219664 ], [ 103.802870176331098, 1.329488830039349 ] ] ], [ [ [ 103.802870176331098, 1.329488830039349 ], [ 103.802881372101851, 1.329507592123411 ], [ 103.802910957168351, 1.329497072018659 ], [ 103.802941796619379, 1.329486437074789 ], [ 103.802964339930284, 1.329531140089199 ], [ 103.802986848886064, 1.329519519284405 ], [ 103.802971960167667, 1.329491257710817 ], [ 103.802964861571937, 1.32949189972172 ], [ 103.802959587180965, 1.329481309548598 ], [ 103.802963495969237, 1.329475404097064 ], [ 103.802959039230473, 1.329467536071079 ], [ 103.802955579793988, 1.329467382286301 ], [ 103.802952309128742, 1.32946112404374 ], [ 103.802954259023196, 1.329458736545702 ], [ 103.802950790677102, 1.329452369776954 ], [ 103.802951374750506, 1.329451356895993 ], [ 103.80294670961473, 1.329437946921987 ], [ 103.80291603010761, 1.329448548406442 ], [ 103.802920554171834, 1.329461810967327 ], [ 103.802929539768513, 1.329458338319162 ], [ 103.802930626960375, 1.329463258075297 ], [ 103.802932440199186, 1.329467022062655 ], [ 103.802897955291741, 1.329479065961008 ], [ 103.802870176331098, 1.329488830039349 ] ] ] ] } },
{ "type": "Feature", "properties": { "class": "UNREPRESENTED-surface" }, "geometry": { "type": "Polygon", "coordinates": [ [ [ 103.85389047397743, 1.3378935477362 ], [ 103.853900420372057, 1.337923577978842 ], [ 103.853900451822398, 1.337923672032473 ], [ 103.853900866067121, 1.337924779875456 ], [ 103.853901352196274, 1.337925857873805 ], [ 103.85390190661559, 1.337926901505719 ], [ 103.853902527527936, 1.337927907153762 ], [ 103.853903212237569, 1.337928868487415 ], [ 103.853903958048804, 1.337929783697959 ], [ 103.853904208748986, 1.337930065857567 ], [ 103.854351776871979, 1.338422559935203 ], [ 103.854352329490553, 1.338423142341138 ], [ 103.854353188519596, 1.338423950835566 ], [ 103.854354096968876, 1.338424702354601 ], [ 103.854354188622452, 1.338424771989874 ], [ 103.854442449230987, 1.338492036951231 ], [ 103.85444331364981, 1.33849265643339 ], [ 103.854444242764558, 1.338493240644785 ], [ 103.85452722778011, 1.338541960751068 ], [ 103.854527297868032, 1.338542001446857 ], [ 103.854528334809658, 1.338542558526343 ], [ 103.854528751742649, 1.338542760195986 ], [ 103.854588685852917, 1.338570599629491 ], [ 103.854589339107633, 1.338570887211692 ], [ 103.854590439845737, 1.338571304114105 ], [ 103.854591565742851, 1.338571647762767 ], [ 103.854591857775119, 1.33857172372684 ], [ 103.854656402291766, 1.338587963739882 ], [ 103.854657236155958, 1.338588151840393 ], [ 103.85474944192768, 1.338606712207947 ], [ 103.854749459898883, 1.33860671582524 ], [ 103.85475062083853, 1.33860690844466 ], [ 103.854751790763089, 1.338607024193034 ], [ 103.854752966078351, 1.338607063070376 ], [ 103.854754141392917, 1.338607024172372 ], [ 103.85475495099378, 1.338606952720467 ], [ 103.854920920033251, 1.338588390984103 ], [ 103.85492128125351, 1.338588346667053 ], [ 103.854922441291222, 1.338588153122773 ], [ 103.85492358695133, 1.338587884516382 ], [ 103.854923946373972, 1.338587784128745 ], [ 103.854995404977302, 1.338566903528014 ], [ 103.854996170547238, 1.33856666024718 ], [ 103.854997271278094, 1.338566243325381 ], [ 103.854998343254451, 1.338565754959032 ], [ 103.854998431312808, 1.338565710644399 ], [ 103.855053754433655, 1.338537870196526 ], [ 103.855054702408637, 1.338537356509063 ], [ 103.855054962989328, 1.338537201860412 ], [ 103.855147168105844, 1.338481520221639 ], [ 103.855147905818441, 1.338481049945526 ], [ 103.85514886187886, 1.338480360811244 ], [ 103.855149771213661, 1.338479609276237 ], [ 103.855150569127233, 1.338478861359696 ], [ 103.855450997765402, 1.338179340379013 ], [ 103.855425703109702, 1.338153640379252 ], [ 103.85512681638474, 1.338451624827879 ], [ 103.855037064321237, 1.338505825095067 ], [ 103.854983815963976, 1.338532620983185 ], [ 103.854915412453579, 1.338552608948794 ], [ 103.854753753798775, 1.338570688620603 ], [ 103.854664701975182, 1.338552763993793 ], [ 103.854602214264915, 1.33853704216385 ], [ 103.854544595750525, 1.338510277999858 ], [ 103.85446328565763, 1.338462540923787 ], [ 103.854377191488794, 1.338396928218334 ], [ 103.853933310185084, 1.337908489284393 ], [ 103.853924572381771, 1.337882108142325 ], [ 103.85389047397743, 1.3378935477362 ] ] ] } },
{ "type": "Feature", "properties": { "class": "ALIGNED" }, "geometry": { "type": "Polygon", "coordinates": [ [ [ 103.868775613643763, 1.330969960136067 ], [ 103.868782611204225, 1.331005364092517 ], [ 103.868783771237176, 1.331005171446127 ], [ 103.868784756051255, 1.331004945340777 ], [ 103.868793628359612, 1.331002640891928 ], [ 103.868905131785411, 1.331429216206978 ], [ 103.868910406598886, 1.331449394308853 ], [ 103.868897006930183, 1.331484165505787 ], [ 103.868898132825905, 1.331484509147921 ], [ 103.868899277590231, 1.331484777727527 ], [ 103.868900438527476, 1.331484970340283 ], [ 103.868901608449193, 1.331485086986309 ], [ 103.868901663261155, 1.331485089698602 ], [ 103.868928699940184, 1.331486790415368 ], [ 103.868929820440144, 1.331486825669291 ], [ 103.868934045450956, 1.331486825607899 ], [ 103.86893522076177, 1.331486786703149 ], [ 103.868936391578714, 1.331486670927503 ], [ 103.868937551611879, 1.331486478281018 ], [ 103.868938696368502, 1.331486209668156 ], [ 103.868939822254376, 1.331485865993333 ], [ 103.868940922979618, 1.331485449065331 ], [ 103.868941994051482, 1.331484960692993 ], [ 103.868943030977235, 1.331484402685092 ], [ 103.868944030162638, 1.331483776850408 ], [ 103.868944985317881, 1.331483087710844 ], [ 103.86894589464589, 1.331482337075187 ], [ 103.868946752755363, 1.331481527656571 ], [ 103.868947556950673, 1.331480663976882 ], [ 103.868948302739099, 1.331479748749275 ], [ 103.868948987425043, 1.331478786495602 ], [ 103.868949609211441, 1.331477781737705 ], [ 103.868950163605575, 1.331476738093134 ], [ 103.868950648810412, 1.331475660083713 ], [ 103.868951063028859, 1.331474552231316 ], [ 103.868951404463914, 1.331473419057749 ], [ 103.868951671318541, 1.33147226689363 ], [ 103.868951862694232, 1.331471098452042 ], [ 103.868951977692518, 1.331469920967936 ], [ 103.868952016313443, 1.33146873805873 ], [ 103.868951977658554, 1.331467555150665 ], [ 103.868951862626474, 1.331466377669886 ], [ 103.868951671217246, 1.331465209233864 ], [ 103.868951424997491, 1.33146413666127 ], [ 103.868912264673696, 1.331314323841395 ], [ 103.868823837429545, 1.330976026819001 ], [ 103.868823815863038, 1.330975946330883 ], [ 103.868823474395612, 1.330974814071599 ], [ 103.868823060145488, 1.330973706231199 ], [ 103.868822574909885, 1.330972628235852 ], [ 103.868822020485965, 1.330971584607363 ], [ 103.86882139956947, 1.330970579867508 ], [ 103.868820714856099, 1.330969617633698 ], [ 103.868819968143043, 1.330968702427722 ], [ 103.868819164821716, 1.33096783877135 ], [ 103.868818305790683, 1.330967029377658 ], [ 103.868817397339939, 1.330966278768351 ], [ 103.868816441266574, 1.33096558965651 ], [ 103.868815442063465, 1.330964963850811 ], [ 103.868814405121967, 1.330964406777353 ], [ 103.868813334036318, 1.330963917531723 ], [ 103.868812233299366, 1.330963500635668 ], [ 103.868811108302452, 1.330963156993475 ], [ 103.868809962639816, 1.330962888413832 ], [ 103.868808802601379, 1.330962695801013 ], [ 103.868807632679918, 1.330962580059298 ], [ 103.868806457368223, 1.330962541188638 ], [ 103.868805282057636, 1.33096258009332 ], [ 103.868804111240934, 1.330962695868914 ], [ 103.868802951207996, 1.330962888515313 ], [ 103.868801966393946, 1.33096311462067 ], [ 103.868775774484646, 1.330969917628618 ], [ 103.868775613643763, 1.330969960136067 ] ] ] } },
{ "type": "Feature", "properties": { "class": "UNREPRESENTED-surface" }, "geometry": { "type": "Polygon", "coordinates": [ [ [ 103.848390900860196, 1.276146078962869 ], [ 103.84842413691176, 1.276159848627446 ], [ 103.848490499181977, 1.275997586172643 ], [ 103.848457263132161, 1.275983815604527 ], [ 103.848390900860196, 1.276146078962869 ] ] ] } },
{ "type": "Feature", "properties": { "class": "ALIGNED" }, "geometry": { "type": "Polygon", "coordinates": [ [ [ 103.796089665454772, 1.311387158277391 ], [ 103.796072540029684, 1.311264425806364 ], [ 103.79603847965771, 1.311020219742022 ], [ 103.796014509024289, 1.311023518504418 ], [ 103.796052106622696, 1.31129192179936 ], [ 103.796065933830548, 1.311390548384567 ], [ 103.796089738236688, 1.311387195357431 ], [ 103.796089665454772, 1.311387158277391 ] ] ] } },
{ "type": "Feature", "properties": { "class": "ALIGNED" }, "geometry": { "type": "Polygon", "coordinates": [ [ [ 103.860555925739774, 1.33073040591977 ], [ 103.860569163453277, 1.330747539862097 ], [ 103.860596370593868, 1.330726247202408 ], [ 103.860720794861351, 1.330756464250008 ], [ 103.860725852599828, 1.330735365370283 ], [ 103.860591333030968, 1.330702695798735 ], [ 103.860555925739774, 1.33073040591977 ] ] ] } },
{ "type": "Feature", "properties": { "class": "ALIGNED" }, "geometry": { "type": "Polygon", "coordinates": [ [ [ 103.860173926803867, 1.330614259889012 ], [ 103.860143091614418, 1.330582174279007 ], [ 103.860112884309061, 1.330614194537969 ], [ 103.860143719498524, 1.330646281052709 ], [ 103.860173926803867, 1.330614259889012 ] ] ] } },
{ "type": "Feature", "properties": { "class": "ALIGNED" }, "geometry": { "type": "Polygon", "coordinates": [ [ [ 103.8605076583721, 1.331091661175644 ], [ 103.860498142391862, 1.331066820197763 ], [ 103.860453478058844, 1.331084336423601 ], [ 103.86042916320271, 1.331090758584688 ], [ 103.860409445287701, 1.331090632191592 ], [ 103.860395484384554, 1.331087144212034 ], [ 103.860394717912683, 1.331086815031815 ], [ 103.860378329061433, 1.331078760038359 ], [ 103.860364620544246, 1.331065318620415 ], [ 103.860353383941515, 1.331050651761265 ], [ 103.860344998440652, 1.331034470964498 ], [ 103.860340118213387, 1.331018886105261 ], [ 103.860310300717671, 1.330870698174851 ], [ 103.860280707031649, 1.330728550491717 ], [ 103.860242503577368, 1.330686893170392 ], [ 103.860253360714637, 1.330676418701795 ], [ 103.860234769387404, 1.330657408260165 ], [ 103.860224092860463, 1.330667937892942 ], [ 103.860170172601016, 1.330610887554967 ], [ 103.860150940109904, 1.330629276208404 ], [ 103.860256899025927, 1.330740680994091 ], [ 103.860314309954447, 1.331025027928695 ], [ 103.860326036452932, 1.33105653043171 ], [ 103.86034424506542, 1.331081642623857 ], [ 103.860362266705309, 1.331100021824382 ], [ 103.860385599640452, 1.33111199535258 ], [ 103.860399777100227, 1.331115894815645 ], [ 103.860424426310942, 1.331117848874902 ], [ 103.860441101689005, 1.331115558839648 ], [ 103.860459321654375, 1.331110477014061 ], [ 103.860495570149084, 1.331096351343821 ], [ 103.8605076583721, 1.331091661175644 ] ] ] } },
{ "type": "Feature", "properties": { "class": "ALIGNED" }, "geometry": { "type": "Polygon", "coordinates": [ [ [ 103.858492190878565, 1.343095182644361 ], [ 103.858494463614718, 1.34312225476913 ], [ 103.858565909815042, 1.343108988810886 ], [ 103.858566322022128, 1.343086355278783 ], [ 103.85854281567282, 1.343085478289405 ], [ 103.858492190878565, 1.343095182644361 ] ] ] } },
{ "type": "Feature", "properties": { "class": "ALIGNED" }, "geometry": { "type": "Polygon", "coordinates": [ [ [ 103.850983738665491, 1.280337323483735 ], [ 103.85095227421148, 1.280286593352459 ], [ 103.850948095962892, 1.28027976090451 ], [ 103.850907773625366, 1.280214786182299 ], [ 103.850874634280473, 1.280161255243416 ], [ 103.850839662796574, 1.280104563561311 ], [ 103.850810825701117, 1.280057939226708 ], [ 103.850789894931125, 1.280024460685837 ], [ 103.850772097396131, 1.279995813240649 ], [ 103.850757035041639, 1.279971698453522 ], [ 103.850752711171708, 1.279956086431755 ], [ 103.850752906074504, 1.279944241058905 ], [ 103.850752970703653, 1.279934520040117 ], [ 103.850752957201991, 1.27993102286112 ], [ 103.850733107599567, 1.279930881011434 ], [ 103.850733789855951, 1.279970358343559 ], [ 103.850804400444062, 1.280085717743114 ], [ 103.850902885782745, 1.280244793947789 ], [ 103.851032571417321, 1.280454229491131 ], [ 103.851071492027742, 1.280517085293948 ], [ 103.851108327638016, 1.280522813284451 ], [ 103.851111353778521, 1.280503082734348 ], [ 103.851094132377185, 1.280500241339976 ], [ 103.851081567187805, 1.280495564052292 ], [ 103.851077100505321, 1.280488368956287 ], [ 103.851067157171869, 1.28047227946961 ], [ 103.851048745021643, 1.280442326127901 ], [ 103.851006671408086, 1.280374403190019 ], [ 103.850983738665491, 1.280337323483735 ] ] ] } },
{ "type": "Feature", "properties": { "class": "ALIGNED" }, "geometry": { "type": "Polygon", "coordinates": [ [ [ 103.858494463614718, 1.34312225476913 ], [ 103.858492190878565, 1.343095182644361 ], [ 103.85849175053032, 1.343089937335401 ], [ 103.858381227801473, 1.343109762145408 ], [ 103.858324582550736, 1.343109577334235 ], [ 103.858324013181374, 1.343140877392024 ], [ 103.858383887868342, 1.343141975577931 ], [ 103.858494463614718, 1.34312225476913 ] ] ] } },
{ "type": "Feature", "properties": { "class": "UNREPRESENTED-surface" }, "geometry": { "type": "Polygon", "coordinates": [ [ [ 103.808074202898993, 1.330946651444343 ], [ 103.808271094813861, 1.331270474736514 ], [ 103.808301705217659, 1.331251515952274 ], [ 103.808103450206929, 1.330926102775666 ], [ 103.808074202898993, 1.330946651444343 ] ] ] } },
{ "type": "Feature", "properties": { "class": "UNREPRESENTED-surface" }, "geometry": { "type": "Polygon", "coordinates": [ [ [ 103.860086543478914, 1.283175584145535 ], [ 103.860100768565019, 1.283205897400312 ], [ 103.860148570602433, 1.283183017370832 ], [ 103.860155266630926, 1.283194136465702 ], [ 103.860186895942661, 1.283178790869449 ], [ 103.860161373273201, 1.283124314915076 ], [ 103.860036860703318, 1.282929271864155 ], [ 103.859881141401431, 1.282686035530723 ], [ 103.859786065799639, 1.282568441962655 ], [ 103.859760466620983, 1.282587126406177 ], [ 103.859860726864298, 1.282711792054093 ], [ 103.860010066436161, 1.282945053311648 ], [ 103.860140761030209, 1.283147503046589 ], [ 103.860141201336148, 1.283149601168327 ], [ 103.860086543478914, 1.283175584145535 ] ] ] } },
{ "type": "Feature", "properties": { "class": "UNREPRESENTED-surface" }, "geometry": { "type": "Polygon", "coordinates": [ [ [ 103.838166878988545, 1.333471615293587 ], [ 103.838185253505443, 1.333433258443303 ], [ 103.838272997144642, 1.333207483656111 ], [ 103.838310907057547, 1.333106565538265 ], [ 103.838348711838051, 1.333006540027795 ], [ 103.83833224755638, 1.332994171067414 ], [ 103.838297302865683, 1.33308610883959 ], [ 103.83826258281303, 1.333178752015122 ], [ 103.838220836073816, 1.333287185409311 ], [ 103.838194427617978, 1.333354632970563 ], [ 103.838169622190364, 1.333424122583515 ], [ 103.838150545004083, 1.333463689474844 ], [ 103.838166878988545, 1.333471615293587 ] ] ] } },
{ "type": "Feature", "properties": { "class": "UNREPRESENTED-surface" }, "geometry": { "type": "Polygon", "coordinates": [ [ [ 103.838166878988545, 1.333471615293587 ], [ 103.838150545004083, 1.333463689474844 ], [ 103.838131451643221, 1.333503290731907 ], [ 103.838113836393191, 1.333535189512983 ], [ 103.838103185833958, 1.333554451594447 ], [ 103.838117443254916, 1.333563074682645 ], [ 103.838153876023071, 1.333498761630121 ], [ 103.838166878988545, 1.333471615293587 ] ] ] } },
{ "type": "Feature", "properties": { "class": "UNREPRESENTED-surface" }, "geometry": { "type": "Polygon", "coordinates": [ [ [ 103.871041716486289, 1.339968144474053 ], [ 103.870984415382182, 1.33996904972527 ], [ 103.870987445908241, 1.340125016348003 ], [ 103.87099043992653, 1.340243922121555 ], [ 103.870984285746175, 1.340306169612378 ], [ 103.870983546493932, 1.340323328127901 ], [ 103.871001370329822, 1.340324226790234 ], [ 103.871002301867094, 1.340306639603036 ], [ 103.871008474020783, 1.340244563941116 ], [ 103.871006405502428, 1.340124663352549 ], [ 103.871005316184309, 1.339989732213797 ], [ 103.871041644916573, 1.339988745894242 ], [ 103.871041716486289, 1.339968144474053 ] ] ] } },
{ "type": "Feature", "properties": { "class": "ALIGNED" }, "geometry": { "type": "Polygon", "coordinates": [ [ [ 103.77117308607167, 1.347380940295169 ], [ 103.771168864686928, 1.347378677468254 ], [ 103.771146793293354, 1.347415160750691 ], [ 103.771135857293316, 1.347435110737828 ], [ 103.771036517737613, 1.347575863383715 ], [ 103.771005381526976, 1.347617210100452 ], [ 103.770997057028168, 1.347626019295006 ], [ 103.770984943927616, 1.347635680535746 ], [ 103.770971899540484, 1.347644023628184 ], [ 103.770966649549834, 1.347646581750829 ], [ 103.770961039105742, 1.347648187549895 ], [ 103.770955237274492, 1.347648792635899 ], [ 103.770949418889685, 1.347648378775054 ], [ 103.770943759283711, 1.347646958438729 ], [ 103.770938429004332, 1.347644574427635 ], [ 103.770926712098586, 1.347631298063309 ], [ 103.770909351464837, 1.347647919824399 ], [ 103.770925417246815, 1.347667563022892 ], [ 103.770929299092245, 1.347665238907721 ], [ 103.770936147686314, 1.347668413432383 ], [ 103.770943391299795, 1.347670520275418 ], [ 103.770950866666652, 1.347671511950031 ], [ 103.770958405297193, 1.347671366104556 ], [ 103.770965837275909, 1.34767008602625 ], [ 103.7709729950911, 1.347667700567198 ], [ 103.770979717410512, 1.347664263494009 ], [ 103.771002819795967, 1.347649875659128 ], [ 103.771021743964056, 1.347631770780776 ], [ 103.771153378921937, 1.347447799413727 ], [ 103.771164890024892, 1.347426917946438 ], [ 103.771187759309527, 1.347391675471611 ], [ 103.77117308607167, 1.347380940295169 ] ] ] } },
{ "type": "Feature", "properties": { "class": "ALIGNED" }, "geometry": { "type": "Polygon", "coordinates": [ [ [ 103.859708209330037, 1.330401608157026 ], [ 103.859732448867817, 1.33041071122907 ], [ 103.85974038913362, 1.330385153803205 ], [ 103.859715204311641, 1.330375696230522 ], [ 103.859553363297621, 1.330343959294867 ], [ 103.859541878856319, 1.330343961226373 ], [ 103.859542008630399, 1.330380166552847 ], [ 103.859616281419463, 1.330461778322114 ], [ 103.859694883510556, 1.330548579285854 ], [ 103.859694919452892, 1.330548588329114 ], [ 103.859895524231845, 1.330585034765604 ], [ 103.860049405816994, 1.33061298790398 ], [ 103.860132414569662, 1.330627990404695 ], [ 103.860137194604008, 1.330601782774152 ], [ 103.859708566455566, 1.330523778751435 ], [ 103.859573853394181, 1.330375131615152 ], [ 103.859708209330037, 1.330401608157026 ] ] ] } },
{ "type": "Feature", "properties": { "class": "ALIGNED" }, "geometry": { "type": "Polygon", "coordinates": [ [ [ 103.79181634018731, 1.333367586916197 ], [ 103.791800203609739, 1.333331629116901 ], [ 103.791701271887661, 1.333369031943661 ], [ 103.791717408463995, 1.333404989743561 ], [ 103.79181634018731, 1.333367586916197 ] ] ] } },
{ "type": "Feature", "properties": { "class": "ALIGNED" }, "geometry": { "type": "Polygon", "coordinates": [ [ [ 103.772269004154822, 1.341736606617204 ], [ 103.772284091069778, 1.341732528314542 ], [ 103.772278448677369, 1.341709891942386 ], [ 103.77226670538488, 1.341674404404825 ], [ 103.772252454724267, 1.341654544213813 ], [ 103.772274595159203, 1.341657375429185 ], [ 103.772285413778135, 1.34165886790143 ], [ 103.772287498833094, 1.341642851667658 ], [ 103.772254180397127, 1.34163685489768 ], [ 103.772237323429835, 1.341636528903119 ], [ 103.772234986811355, 1.341651197628178 ], [ 103.772240539630189, 1.341662429968365 ], [ 103.77225230131333, 1.341680987812786 ], [ 103.772262508133508, 1.341713870743557 ], [ 103.772269004154822, 1.341736606617204 ] ] ] } },
{ "type": "Feature", "properties": { "class": "ALIGNED" }, "geometry": { "type": "Polygon", "coordinates": [ [ [ 103.772288862411941, 1.341732881136309 ], [ 103.77226845605125, 1.341735892155892 ], [ 103.772245495935508, 1.341813323223125 ], [ 103.772224351010166, 1.341886657566815 ], [ 103.772226462334928, 1.341898351046158 ], [ 103.772243597465049, 1.341914494373852 ], [ 103.772256869544108, 1.341900205756469 ], [ 103.772243463331094, 1.34188829494599 ], [ 103.772269290125479, 1.341799857841235 ], [ 103.772288862411941, 1.341732881136309 ] ] ] } },
{ "type": "Feature", "properties": { "class": "NEEDS_MANUAL" }, "geometry": { "type": "Polygon", "coordinates": [ [ [ 103.85459304924548, 1.336794693664715 ], [ 103.854575248631321, 1.336774056222486 ], [ 103.854505143651394, 1.336835445092107 ], [ 103.854430927305302, 1.336843057770694 ], [ 103.85443318741487, 1.336870679755222 ], [ 103.854516906003937, 1.336861843388955 ], [ 103.85459304924548, 1.336794693664715 ] ] ] } },
{ "type": "Feature", "properties": { "class": "NEEDS_MANUAL" }, "geometry": { "type": "Polygon", "coordinates": [ [ [ 103.843935520739223, 1.332263388666837 ], [ 103.843941656158904, 1.332281061732356 ], [ 103.843989567121824, 1.332264213212699 ], [ 103.844048665137777, 1.332253098314433 ], [ 103.844059304058462, 1.33225569379412 ], [ 103.8440807347354, 1.332279559880657 ], [ 103.844094533813873, 1.332267008144446 ], [ 103.844069258194963, 1.332238859908714 ], [ 103.844049170043874, 1.332233959245207 ], [ 103.843984763360638, 1.332246071680674 ], [ 103.843935520739223, 1.332263388666837 ] ] ] } },
{ "type": "Feature", "properties": { "class": "NEEDS_MANUAL" }, "geometry": { "type": "Polygon", "coordinates": [ [ [ 103.843087630209681, 1.33409180206881 ], [ 103.84310811730893, 1.334090499702061 ], [ 103.843105304793468, 1.334082541305332 ], [ 103.843099266486107, 1.334081799750529 ], [ 103.843097900628351, 1.33406891256128 ], [ 103.843100910783846, 1.33406609093188 ], [ 103.843120705630128, 1.333972742344743 ], [ 103.843099688359956, 1.333968166344181 ], [ 103.843079237601103, 1.334070395793576 ], [ 103.843087630209681, 1.33409180206881 ] ] ] } },
{ "type": "Feature", "properties": { "class": "NEEDS_MANUAL" }, "geometry": { "type": "Polygon", "coordinates": [ [ [ 103.843077951479955, 1.333769323798844 ], [ 103.843076197574177, 1.333789075127467 ], [ 103.843087089883568, 1.333789129345916 ], [ 103.84313266469951, 1.333789083945514 ], [ 103.843144058413301, 1.333791543771392 ], [ 103.843121352213444, 1.333877114835432 ], [ 103.843141363101722, 1.333882405287841 ], [ 103.843169541433795, 1.33377671209052 ], [ 103.843145954288929, 1.333771385478111 ], [ 103.843077951479955, 1.333769323798844 ] ] ] } },
{ "type": "Feature", "properties": { "class": "NEEDS_MANUAL" }, "geometry": { "type": "Polygon", "coordinates": [ [ [ 103.807713514455074, 1.317818868598989 ], [ 103.807729149421803, 1.317801758182863 ], [ 103.807704502400441, 1.317778307754157 ], [ 103.807688624820685, 1.317795825131679 ], [ 103.807713514455074, 1.317818868598989 ] ] ] } },
{ "type": "Feature", "properties": { "class": "ALIGNED" }, "geometry": { "type": "Polygon", "coordinates": [ [ [ 103.860251054662001, 1.330643372344686 ], [ 103.860231960550635, 1.330661923782827 ], [ 103.860257624494309, 1.330688592305228 ], [ 103.860276717707137, 1.330670041771248 ], [ 103.860251054662001, 1.330643372344686 ] ] ] } },
{ "type": "Feature", "properties": { "class": "ALIGNED" }, "geometry": { "type": "Polygon", "coordinates": [ [ [ 103.860692287562486, 1.33078241892442 ], [ 103.860695140781672, 1.330810018287617 ], [ 103.860694891508629, 1.330939240217073 ], [ 103.860694131471263, 1.330952033365403 ], [ 103.860689880597491, 1.330969691129212 ], [ 103.860680925780741, 1.330987142750386 ], [ 103.860664533581101, 1.331001438222488 ], [ 103.860641943996612, 1.331011744611841 ], [ 103.860603980163404, 1.331026128047177 ], [ 103.860611797882299, 1.331051755840626 ], [ 103.860626306804249, 1.33104610882732 ], [ 103.860660283760396, 1.331033159758158 ], [ 103.860679503765212, 1.331023330006312 ], [ 103.860694509521494, 1.331011620127624 ], [ 103.860709339065636, 1.330991292561748 ], [ 103.860719276784792, 1.330963175759247 ], [ 103.860721118564015, 1.330939557356068 ], [ 103.860721588867904, 1.330809196829309 ], [ 103.860718650264545, 1.330779689258051 ], [ 103.86071583394947, 1.3307578525049 ], [ 103.860717087377267, 1.330752619838039 ], [ 103.860692512705981, 1.330746657637466 ], [ 103.860689376893774, 1.330760082963103 ], [ 103.860692287562486, 1.33078241892442 ] ] ] } },
{ "type": "Feature", "properties": { "class": "ALIGNED" }, "geometry": { "type": "Polygon", "coordinates": [ [ [ 103.807720568175526, 1.317809761720643 ], [ 103.807819848189624, 1.317899674672806 ], [ 103.80788012247838, 1.317952092264618 ], [ 103.807893465836102, 1.31796483489878 ], [ 103.807895279996586, 1.317966277378929 ], [ 103.80798029205242, 1.318043714468669 ], [ 103.808031149612376, 1.318087938417269 ], [ 103.808067918165591, 1.318104669537704 ], [ 103.808100166997491, 1.318122232626938 ], [ 103.808178933312632, 1.318191851414472 ], [ 103.8081912435931, 1.318179262784565 ], [ 103.808110150058539, 1.31810680426893 ], [ 103.808075726748669, 1.318087631388664 ], [ 103.808041069775015, 1.318072519102527 ], [ 103.807992862932764, 1.318029172414925 ], [ 103.807906539885749, 1.317952219147198 ], [ 103.807893897385014, 1.317940760718008 ], [ 103.807832913263709, 1.317886082207755 ], [ 103.807732375275492, 1.317796404377894 ], [ 103.807720568175526, 1.317809761720643 ] ] ] } },
{ "type": "Feature", "properties": { "class": "OFFSET" }, "geometry": { "type": "Polygon", "coordinates": [ [ [ 103.807266219792751, 1.317418953911226 ], [ 103.807295036044536, 1.317446175588365 ], [ 103.807315684982882, 1.317423675214609 ], [ 103.807286868731126, 1.317396453537707 ], [ 103.807266219792751, 1.317418953911226 ] ] ] } },
{ "type": "Feature", "properties": { "class": "ALIGNED" }, "geometry": { "type": "Polygon", "coordinates": [ [ [ 103.770389373115151, 1.348402443388967 ], [ 103.770383377127757, 1.348397922317817 ], [ 103.770380079479949, 1.348395028267543 ], [ 103.770387501790978, 1.348387639807603 ], [ 103.770411323245852, 1.348365085591639 ], [ 103.770411395166335, 1.348363701916734 ], [ 103.770416822624298, 1.348358085958075 ], [ 103.770417730147187, 1.348359044607416 ], [ 103.770435162676876, 1.348342323372169 ], [ 103.770436645255927, 1.348344195443991 ], [ 103.770487469127445, 1.348296943750906 ], [ 103.770569410857448, 1.348223773794589 ], [ 103.770707964536115, 1.348050428911112 ], [ 103.770863376976308, 1.347807873483574 ], [ 103.770859164944227, 1.347720665562785 ], [ 103.770867737414122, 1.347713141476278 ], [ 103.770856667443596, 1.347701013670492 ], [ 103.77084231708055, 1.347714099445841 ], [ 103.770847131098321, 1.347803269851884 ], [ 103.770694675026093, 1.348041873284572 ], [ 103.770558089266956, 1.348212505126637 ], [ 103.770376350932736, 1.348376163139564 ], [ 103.770356959517741, 1.348393653032666 ], [ 103.770372800705246, 1.348411505588354 ], [ 103.770380941546435, 1.348416552150771 ], [ 103.770381543581976, 1.348416588340999 ], [ 103.770389373115151, 1.348402443388967 ] ] ] } },
{ "type": "Feature", "properties": { "class": "ALIGNED" }, "geometry": { "type": "Polygon", "coordinates": [ [ [ 103.772586167457519, 1.323780704137468 ], [ 103.772605705754017, 1.323811048748348 ], [ 103.772622336398584, 1.323801772191025 ], [ 103.772624834391124, 1.323801147336963 ], [ 103.772598957960923, 1.323760148256318 ], [ 103.77256856680529, 1.323735424000805 ], [ 103.772465801696768, 1.323600351970522 ], [ 103.77246507300535, 1.323598915822302 ], [ 103.772452450627739, 1.323578665893552 ], [ 103.772449640050255, 1.323574728222751 ], [ 103.772431134958794, 1.323586729581754 ], [ 103.772448161880661, 1.323613623982599 ], [ 103.77255151463828, 1.323748863335443 ], [ 103.772581679342721, 1.323774237823372 ], [ 103.772586167457519, 1.323780704137468 ] ] ] } },
{ "type": "Feature", "properties": { "class": "ALIGNED" }, "geometry": { "type": "Polygon", "coordinates": [ [ [ 103.785619586356304, 1.318328548554889 ], [ 103.785639318813949, 1.318314214760284 ], [ 103.785700654311071, 1.318293650696325 ], [ 103.785697437901973, 1.318272379984752 ], [ 103.785631987032886, 1.318293359976925 ], [ 103.78561232646274, 1.318307521943626 ], [ 103.78558460611066, 1.318309990323542 ], [ 103.785588065085278, 1.318333485776225 ], [ 103.785619586356304, 1.318328548554889 ] ] ] } },
{ "type": "Feature", "properties": { "class": "ALIGNED" }, "geometry": { "type": "Polygon", "coordinates": [ [ [ 103.785959364253102, 1.317867048906639 ], [ 103.785957109297996, 1.317845452642499 ], [ 103.78591786050869, 1.317849639097974 ], [ 103.785919890830144, 1.317871000223096 ], [ 103.785959364253102, 1.317867048906639 ] ] ] } },
{ "type": "Feature", "properties": { "class": "ALIGNED" }, "geometry": { "type": "Polygon", "coordinates": [ [ [ 103.794576324073319, 1.312555238583517 ], [ 103.794574817184284, 1.312556662029753 ], [ 103.794540375367234, 1.31258415417327 ], [ 103.79454874967233, 1.312595458860271 ], [ 103.794580998999436, 1.312569902022491 ], [ 103.794588277178519, 1.31257445108943 ], [ 103.794590349258982, 1.312572772621219 ], [ 103.794576324073319, 1.312555238583517 ] ] ] } },
{ "type": "Feature", "properties": { "class": "ALIGNED" }, "geometry": { "type": "Polygon", "coordinates": [ [ [ 103.874975625643927, 1.334806030490342 ], [ 103.875009297801199, 1.334837017055009 ], [ 103.875024630965058, 1.334847875495715 ], [ 103.875032732401664, 1.33485050796198 ], [ 103.87510508463609, 1.334874445249512 ], [ 103.875236526314197, 1.334917047601583 ], [ 103.875321108000392, 1.334945895371004 ], [ 103.875336545139888, 1.334941490851541 ], [ 103.875341468926877, 1.334923403480824 ], [ 103.875326346267343, 1.334926912674253 ], [ 103.87523630133991, 1.334897260114434 ], [ 103.87511432151048, 1.33485700894777 ], [ 103.875038177353005, 1.334832366321052 ], [ 103.875020430656136, 1.334821016851772 ], [ 103.874963901400179, 1.334760398275772 ], [ 103.874940187767265, 1.334718291477343 ], [ 103.8749251271948, 1.33467343526389 ], [ 103.874907416717207, 1.334678481918069 ], [ 103.87492041157536, 1.334727445789484 ], [ 103.874946129960506, 1.334773794022591 ], [ 103.874975625643927, 1.334806030490342 ] ] ] } },
{ "type": "Feature", "properties": { "class": "ALIGNED" }, "geometry": { "type": "Polygon", "coordinates": [ [ [ 103.807133775281088, 1.317234823884382 ], [ 103.807116846386748, 1.317253245611776 ], [ 103.807199332560998, 1.317331275059886 ], [ 103.807253415817982, 1.317382535014648 ], [ 103.807270344712236, 1.317364113286337 ], [ 103.807187858534661, 1.317286083840564 ], [ 103.807133775281088, 1.317234823884382 ] ] ] } },
{ "type": "Feature", "properties": { "class": "ALIGNED" }, "geometry": { "type": "Polygon", "coordinates": [ [ [ 103.807130396699947, 1.3172376183352 ], [ 103.807036894385675, 1.31715097017342 ], [ 103.807024449311385, 1.317164571684575 ], [ 103.807117825827234, 1.31725134645653 ], [ 103.807130396699947, 1.3172376183352 ] ] ] } },
{ "type": "Feature", "properties": { "class": "ALIGNED" }, "geometry": { "type": "Polygon", "coordinates": [ [ [ 103.875338027246841, 1.334911285058316 ], [ 103.875330497964583, 1.334948282731403 ], [ 103.875429240980026, 1.334980901452705 ], [ 103.875436770260876, 1.334943903779366 ], [ 103.875338027246841, 1.334911285058316 ] ] ] } },
{ "type": "Feature", "properties": { "class": "ALIGNED" }, "geometry": { "type": "Polygon", "coordinates": [ [ [ 103.877898618616868, 1.335393338207294 ], [ 103.877847661624571, 1.335404408555084 ], [ 103.877722564964401, 1.335432554647681 ], [ 103.877666998397928, 1.335445144407506 ], [ 103.877514729469567, 1.335479657707106 ], [ 103.877399256193442, 1.33549891370846 ], [ 103.877329420383489, 1.335503210697691 ], [ 103.877230003828927, 1.335494413021973 ], [ 103.877177806466676, 1.335485442665861 ], [ 103.877140435245408, 1.335473225374977 ], [ 103.877018680016931, 1.335434005276759 ], [ 103.876844853054507, 1.335375776363198 ], [ 103.876661276716362, 1.335315512790254 ], [ 103.876433221521609, 1.335239495962407 ], [ 103.876230694522405, 1.33517314631895 ], [ 103.876229751032781, 1.335172893113506 ], [ 103.876144854854431, 1.335145221055266 ], [ 103.876094813915884, 1.335129042854408 ], [ 103.876065269183343, 1.33511937571702 ], [ 103.876049811228128, 1.335167194249367 ], [ 103.875896277441754, 1.335115797384205 ], [ 103.875899377354159, 1.335109376343691 ], [ 103.87586886216944, 1.335099058078519 ], [ 103.87586713706618, 1.335106437721206 ], [ 103.875771925377734, 1.335074225920563 ], [ 103.875757071988957, 1.335060452710251 ], [ 103.875751977464802, 1.33507771711315 ], [ 103.875760388165929, 1.335089645532206 ], [ 103.875860092683524, 1.335124299038679 ], [ 103.876061577351763, 1.335191146131924 ], [ 103.876076887941537, 1.335143214556564 ], [ 103.876088380553668, 1.335146895118146 ], [ 103.876142914304069, 1.335164502136 ], [ 103.876301178119164, 1.335216762570089 ], [ 103.876432467091263, 1.335260043132352 ], [ 103.876646118308685, 1.33533012758592 ], [ 103.876845886753046, 1.335396106453856 ], [ 103.877011491857473, 1.335451007453779 ], [ 103.877137137879274, 1.335492416044111 ], [ 103.877167697992576, 1.335502227848275 ], [ 103.877227185396066, 1.335513685075378 ], [ 103.877322960100031, 1.335522600384117 ], [ 103.877396381159357, 1.335518556552383 ], [ 103.877512079084369, 1.335499779860133 ], [ 103.877724038945161, 1.335451871841734 ], [ 103.877858300846711, 1.335421202405682 ], [ 103.877902276084399, 1.335412148917374 ], [ 103.877936735608557, 1.33540364726425 ], [ 103.877972013404928, 1.335427585142023 ], [ 103.877967745909331, 1.335463741703474 ], [ 103.877954286606965, 1.335524081133348 ], [ 103.87793161647771, 1.335550470896754 ], [ 103.877927968690344, 1.335570222278961 ], [ 103.877891777726575, 1.335732999464077 ], [ 103.877859117789271, 1.335879082019831 ], [ 103.877827419432776, 1.336032263817088 ], [ 103.877845327750975, 1.336035826685871 ], [ 103.877876199620843, 1.33589305413621 ], [ 103.877910297081854, 1.335737674689359 ], [ 103.877943621855593, 1.335586518637225 ], [ 103.877933953350734, 1.335585062787327 ], [ 103.877938598513722, 1.335564027189631 ], [ 103.877944007841336, 1.335564669189471 ], [ 103.877971736760728, 1.335533377679178 ], [ 103.877986822357229, 1.335467801950367 ], [ 103.877985824935109, 1.335466508727704 ], [ 103.877988951013435, 1.335416551588375 ], [ 103.877942441083306, 1.33538340748772 ], [ 103.877898726443306, 1.33539331288312 ], [ 103.877898618616868, 1.335393338207294 ] ] ] } },
{ "type": "Feature", "properties": { "class": "UNREPRESENTED-surface" }, "geometry": { "type": "Polygon", "coordinates": [ [ [ 103.838108606875153, 1.333578673179758 ], [ 103.83809430632418, 1.333570463386201 ], [ 103.838074342250607, 1.333605241668303 ], [ 103.838052671826759, 1.333645336712741 ], [ 103.838029830582599, 1.333685571935746 ], [ 103.83801382733779, 1.333715565216855 ], [ 103.838027485424007, 1.333725350415159 ], [ 103.838054179664454, 1.333676276829969 ], [ 103.838086562650091, 1.333617588029488 ], [ 103.838108606875153, 1.333578673179758 ] ] ] } },
{ "type": "Feature", "properties": { "class": "UNREPRESENTED-surface" }, "geometry": { "type": "Polygon", "coordinates": [ [ [ 103.871001370329822, 1.340324226790234 ], [ 103.870983546493932, 1.340323328127901 ], [ 103.870979869676745, 1.340387895274833 ], [ 103.870999077295139, 1.340388839133969 ], [ 103.871001370329822, 1.340324226790234 ] ] ] } },
{ "type": "Feature", "properties": { "class": "ALIGNED" }, "geometry": { "type": "Polygon", "coordinates": [ [ [ 103.880052883252546, 1.342523694311514 ], [ 103.880213751026005, 1.342449054036608 ], [ 103.880202033322632, 1.342423768239941 ], [ 103.880041165550409, 1.342498408514041 ], [ 103.880052883252546, 1.342523694311514 ] ] ] } },
{ "type": "Feature", "properties": { "class": "ALIGNED" }, "geometry": { "type": "Polygon", "coordinates": [ [ [ 103.770933392756064, 1.347672429610738 ], [ 103.770908408195709, 1.347639255993787 ], [ 103.770844959283735, 1.347697151734336 ], [ 103.770867099117382, 1.347725621681793 ], [ 103.770933392756064, 1.347672429610738 ] ] ] } },
{ "type": "Feature", "properties": { "class": "ALIGNED" }, "geometry": { "type": "Polygon", "coordinates": [ [ [ 103.814599743250994, 1.329858162596049 ], [ 103.814589163758157, 1.32984473631931 ], [ 103.81457064353306, 1.329857299609864 ], [ 103.814597028477678, 1.32988955397276 ], [ 103.81461430780368, 1.329876176744459 ], [ 103.814601696692321, 1.329860634239243 ], [ 103.814598378305959, 1.32986333826387 ], [ 103.814596852573388, 1.329861358598239 ], [ 103.814596467096791, 1.329860858481712 ], [ 103.814599743250994, 1.329858162596049 ] ] ] } },
{ "type": "Feature", "properties": { "class": "ALIGNED" }, "geometry": { "type": "Polygon", "coordinates": [ [ [ 103.791722038950326, 1.333391681197 ], [ 103.791715907512554, 1.33337302224805 ], [ 103.791613085090404, 1.333407250686191 ], [ 103.79151440504053, 1.333439797073092 ], [ 103.791534603546808, 1.333502008639668 ], [ 103.791552907263622, 1.333495162914485 ], [ 103.791539026182093, 1.333452357305503 ], [ 103.791619191367758, 1.333425917774208 ], [ 103.791722038950326, 1.333391681197 ] ] ] } },
{ "type": "Feature", "properties": { "class": "ALIGNED" }, "geometry": { "type": "Polygon", "coordinates": [ [ [ 103.867292020207245, 1.343304643892608 ], [ 103.867295039433316, 1.343309210890224 ], [ 103.867346679241706, 1.343276019996702 ], [ 103.867354065565593, 1.343287396796453 ], [ 103.867374889514025, 1.343273731559666 ], [ 103.867356958321835, 1.343243417518744 ], [ 103.867266177584781, 1.343302844568839 ], [ 103.867222301263453, 1.343330708646468 ], [ 103.867134692398736, 1.34338725976894 ], [ 103.867042330166612, 1.343445384548241 ], [ 103.866959609223755, 1.343484463277866 ], [ 103.866858611686936, 1.343533029038955 ], [ 103.866737046277564, 1.34359498871472 ], [ 103.866714611154464, 1.343605023849895 ], [ 103.866721999355804, 1.343622451753303 ], [ 103.866744621370003, 1.343611710306948 ], [ 103.866828097057194, 1.343568643327395 ], [ 103.866909290444042, 1.343528967742826 ], [ 103.867051549618338, 1.343461527323482 ], [ 103.867126452972656, 1.343414426988003 ], [ 103.867206953382279, 1.343361898577514 ], [ 103.867234252312088, 1.343344852737718 ], [ 103.867232877482209, 1.343342501409664 ], [ 103.867292020207245, 1.343304643892608 ] ] ] } },
{ "type": "Feature", "properties": { "class": "UNREPRESENTED-surface" }, "geometry": { "type": "Polygon", "coordinates": [ [ [ 103.783526367724491, 1.318306214724406 ], [ 103.783591324542542, 1.31827837065341 ], [ 103.783578817475046, 1.318239835437955 ], [ 103.783571315020382, 1.318217289484413 ], [ 103.783651960520757, 1.318190350091477 ], [ 103.783826136569459, 1.318145099191034 ], [ 103.78383808730473, 1.318144837164437 ], [ 103.783844574787679, 1.318147686041823 ], [ 103.78385662347057, 1.318192669364619 ], [ 103.783885718693384, 1.318185751559043 ], [ 103.783923575016118, 1.318167348501021 ], [ 103.783953290667725, 1.31813865361385 ], [ 103.783962681126766, 1.318108203854081 ], [ 103.783936758073878, 1.318100742331041 ], [ 103.783927412546561, 1.318130966000513 ], [ 103.783909297377036, 1.318150174337222 ], [ 103.783874882552098, 1.318166208029267 ], [ 103.783872609179511, 1.318168143323499 ], [ 103.783863363761625, 1.318134021472433 ], [ 103.783835059664185, 1.318120690576214 ], [ 103.783646093397294, 1.318169386808529 ], [ 103.783543774686066, 1.318204266084124 ], [ 103.783558150686531, 1.318245460168455 ], [ 103.783564637809363, 1.318266441551337 ], [ 103.783483273331257, 1.318300091310084 ], [ 103.783428847623199, 1.318323332376164 ], [ 103.783369201273644, 1.318349485388701 ], [ 103.783349037581758, 1.318359659080091 ], [ 103.783350879555101, 1.318362498821289 ], [ 103.783329421931285, 1.318373576850692 ], [ 103.783327939391071, 1.318370104061731 ], [ 103.783289319285245, 1.318388877884245 ], [ 103.783238451753647, 1.318416261006544 ], [ 103.783197064014445, 1.318439746509627 ], [ 103.783198052392763, 1.318441148294347 ], [ 103.783184951366664, 1.318448599990848 ], [ 103.783184160677962, 1.318446782202542 ], [ 103.783124208660382, 1.318480685604967 ], [ 103.78308476182481, 1.318502425722332 ], [ 103.783055648377569, 1.318521697134488 ], [ 103.783049627987779, 1.318526499186657 ], [ 103.783048756412484, 1.318525531499114 ], [ 103.782991356178954, 1.318564309473699 ], [ 103.782917431292219, 1.318617665462929 ], [ 103.782845878557637, 1.318672025342605 ], [ 103.782800303295986, 1.318708678297635 ], [ 103.782802792224786, 1.318711572314285 ], [ 103.782792898985008, 1.31872097750102 ], [ 103.782789700205399, 1.318717848335146 ], [ 103.782717724972542, 1.318780799663177 ], [ 103.782719719726387, 1.318782291905118 ], [ 103.782711848260178, 1.318790033102551 ], [ 103.782709979304059, 1.318788513732244 ], [ 103.782625657948643, 1.318852586216438 ], [ 103.782539099212485, 1.318915844723715 ], [ 103.782464877736274, 1.318971552039595 ], [ 103.78248089860783, 1.318986338725486 ], [ 103.782557357490148, 1.318929989356424 ], [ 103.782641849543367, 1.318867463341237 ], [ 103.78271163208035, 1.318816142095788 ], [ 103.782777515057333, 1.318757106540964 ], [ 103.782827762934389, 1.318713146418167 ], [ 103.782894957655941, 1.318660812226299 ], [ 103.782965683670938, 1.318608993592038 ], [ 103.783023578145219, 1.318568415943184 ], [ 103.783095562023618, 1.318521743163523 ], [ 103.783166566344036, 1.31848178978869 ], [ 103.783244947848829, 1.318437785008912 ], [ 103.783270457986049, 1.318424382845984 ], [ 103.783268481244875, 1.318420801523255 ], [ 103.783273126792295, 1.318418920539475 ], [ 103.783274106154963, 1.318421832612397 ], [ 103.783355030499749, 1.318380649497109 ], [ 103.783442415394106, 1.318341022015976 ], [ 103.783526367724491, 1.318306214724406 ] ] ] } },
{ "type": "Feature", "properties": { "class": "NEEDS_MANUAL" }, "geometry": { "type": "Polygon", "coordinates": [ [ [ 103.856741891839718, 1.336522292987365 ], [ 103.856872231324715, 1.336527386923152 ], [ 103.856887416943323, 1.336526112527133 ], [ 103.856901969035988, 1.336520381429071 ], [ 103.856912093010351, 1.336512102779022 ], [ 103.85693487046656, 1.336502550661454 ], [ 103.856955117680542, 1.336503187138157 ], [ 103.85698105916029, 1.336514649706472 ], [ 103.857017756434786, 1.336531843127731 ], [ 103.857116458697234, 1.336361177742181 ], [ 103.857181628480504, 1.336275208220857 ], [ 103.857155686922653, 1.336255467102355 ], [ 103.857088619402944, 1.336343347563585 ], [ 103.857003836536975, 1.336496819036005 ], [ 103.856996876263892, 1.33649236149107 ], [ 103.856963342849397, 1.33647898807434 ], [ 103.856944993347568, 1.336473893966914 ], [ 103.856931073791486, 1.336474530774107 ], [ 103.856915255630909, 1.336480262788934 ], [ 103.856904499970412, 1.336488541445096 ], [ 103.856893743411263, 1.33649682010122 ], [ 103.85687855870961, 1.33650000361065 ], [ 103.856742524183403, 1.336496821556259 ], [ 103.856741891839718, 1.336522292987365 ] ] ] } },
{ "type": "Feature", "properties": { "class": "NEEDS_MANUAL" }, "geometry": { "type": "Polygon", "coordinates": [ [ [ 103.843861763583845, 1.337957103481518 ], [ 103.843861657668072, 1.33798387809767 ], [ 103.843864250187877, 1.338025666961756 ], [ 103.843868139251768, 1.338049599142989 ], [ 103.843849951541259, 1.338053131669287 ], [ 103.84385410028618, 1.338076523039434 ], [ 103.843896286683972, 1.338068914438394 ], [ 103.843887347619713, 1.338021466993099 ], [ 103.843885300548024, 1.337985164001795 ], [ 103.84388517261992, 1.337907273800145 ], [ 103.843885094342937, 1.337883309045304 ], [ 103.843861603326047, 1.337883361600006 ], [ 103.843861763583845, 1.337957103481518 ] ] ] } },
{ "type": "Feature", "properties": { "class": "ALIGNED" }, "geometry": { "type": "Polygon", "coordinates": [ [ [ 103.842306160851834, 1.338674844128057 ], [ 103.842380452846896, 1.338687290622115 ], [ 103.842443430161694, 1.338692284288286 ], [ 103.842591794826959, 1.338695950022807 ], [ 103.84313141182524, 1.338706092169428 ], [ 103.843171750824908, 1.33870497692546 ], [ 103.843252390171116, 1.338699023166979 ], [ 103.843305546188745, 1.338691528481347 ], [ 103.843349923282503, 1.338683221711351 ], [ 103.843402584176772, 1.338671615784589 ], [ 103.843519743551283, 1.338641861705394 ], [ 103.84354376736691, 1.338628779067906 ], [ 103.843563801558702, 1.338610321808655 ], [ 103.843576513378608, 1.338588108754245 ], [ 103.843596373134886, 1.338542106361321 ], [ 103.843604940788765, 1.338516985792317 ], [ 103.843610668989896, 1.338490243709686 ], [ 103.843614107661352, 1.338463083820294 ], [ 103.843616289251216, 1.338436461128712 ], [ 103.843615490235678, 1.338389208990913 ], [ 103.843583215923587, 1.338202109675445 ], [ 103.843580197568073, 1.33817877527506 ], [ 103.843572889029574, 1.338043571002774 ], [ 103.843565824953714, 1.337921358829838 ], [ 103.843559988367446, 1.33781312450952 ], [ 103.843566767989202, 1.337812500469578 ], [ 103.843564089199205, 1.337767370882894 ], [ 103.843538930464916, 1.33776891745164 ], [ 103.843540903886478, 1.337814166417422 ], [ 103.843546742269183, 1.33792243872108 ], [ 103.843553806344119, 1.338044651798439 ], [ 103.843561151725325, 1.338180541578932 ], [ 103.843564315651804, 1.338204997390737 ], [ 103.843596405753516, 1.338391028652749 ], [ 103.843597163424818, 1.338435832676006 ], [ 103.843595094148853, 1.338461076211227 ], [ 103.843591812719822, 1.338486995311829 ], [ 103.843586496050477, 1.338511818331196 ], [ 103.84357837138009, 1.338535534420189 ], [ 103.843559550346342, 1.338578833663112 ], [ 103.843548001249204, 1.338598078588257 ], [ 103.843531874876192, 1.338613229474365 ], [ 103.843512422918678, 1.338624024954818 ], [ 103.843398457018978, 1.338652759801685 ], [ 103.84334569459169, 1.338665289084916 ], [ 103.843302939392728, 1.338672540454845 ], [ 103.843250244335437, 1.338679838891439 ], [ 103.843116841616279, 1.338686766862816 ], [ 103.842597723448236, 1.338677234176775 ], [ 103.842439872695337, 1.338672840464637 ], [ 103.842378084172779, 1.338667395516058 ], [ 103.842310117139164, 1.338656310067229 ], [ 103.842306160851834, 1.338674844128057 ] ] ] } },
{ "type": "Feature", "properties": { "class": "ALIGNED" }, "geometry": { "type": "Polygon", "coordinates": [ [ [ 103.842141209459214, 1.338606549835166 ], [ 103.842131805263122, 1.338640457207731 ], [ 103.842311515438581, 1.338695303546642 ], [ 103.84231718701534, 1.338660426708437 ], [ 103.842141209459214, 1.338606549835166 ] ] ] } },
{ "type": "Feature", "properties": { "class": "ALIGNED" }, "geometry": { "type": "Polygon", "coordinates": [ [ [ 103.875675635087802, 1.335022425604099 ], [ 103.875664322868829, 1.335058537066579 ], [ 103.87575285818879, 1.335085756896472 ], [ 103.875764170406569, 1.335049645433628 ], [ 103.875675635087802, 1.335022425604099 ] ] ] } },
{ "type": "Feature", "properties": { "class": "NEEDS_MANUAL" }, "geometry": { "type": "Polygon", "coordinates": [ [ [ 103.807680519712648, 1.317812998931124 ], [ 103.807696945073744, 1.317828255731812 ], [ 103.80770959681692, 1.317814428128333 ], [ 103.807693171455838, 1.317799171327744 ], [ 103.807680519712648, 1.317812998931124 ] ] ] } },
{ "type": "Feature", "properties": { "class": "UNREPRESENTED-surface" }, "geometry": { "type": "Polygon", "coordinates": [ [ [ 103.807620284830733, 1.325636817036864 ], [ 103.807282501589526, 1.325865297562998 ], [ 103.80731517250527, 1.32591446639899 ], [ 103.807353552741617, 1.325972651809138 ], [ 103.807402462285012, 1.325939972208836 ], [ 103.807384218321886, 1.325912987587873 ], [ 103.807367882859211, 1.325888782099106 ], [ 103.807485218691383, 1.325808533644414 ], [ 103.807604300409139, 1.325728047354295 ], [ 103.807657141147303, 1.325692585964523 ], [ 103.807620284830733, 1.325636817036864 ] ] ] } },
{ "type": "Feature", "properties": { "class": "ALIGNED" }, "geometry": { "type": "Polygon", "coordinates": [ [ [ 103.808179607230088, 1.318191462544555 ], [ 103.808157988296074, 1.318170282106165 ], [ 103.808140305019577, 1.318148893703805 ], [ 103.808132182039301, 1.318156426978082 ], [ 103.808102745239111, 1.318181929759376 ], [ 103.808071924673783, 1.318206971300233 ], [ 103.808093534621776, 1.318228160782916 ], [ 103.8081112178984, 1.3182495491856 ], [ 103.808119340879045, 1.318242015911405 ], [ 103.80814877767979, 1.318216513129935 ], [ 103.808179607230088, 1.318191462544555 ] ] ] } },
{ "type": "Feature", "properties": { "class": "ALIGNED" }, "geometry": { "type": "Polygon", "coordinates": [ [ [ 103.875431999084114, 1.334953453948605 ], [ 103.875426446307628, 1.334971541330317 ], [ 103.875437381961774, 1.334983994238356 ], [ 103.875537814275717, 1.335017083195506 ], [ 103.875658446274826, 1.335056836963492 ], [ 103.875671034968775, 1.335051329166817 ], [ 103.875676713540841, 1.335033196564211 ], [ 103.875663486862507, 1.335038188884331 ], [ 103.875550932949011, 1.335001636426631 ], [ 103.875441398193217, 1.334965201478948 ], [ 103.875431999084114, 1.334953453948605 ] ] ] } },
{ "type": "Feature", "properties": { "class": "NEEDS_MANUAL" }, "geometry": { "type": "Polygon", "coordinates": [ [ [ 103.807553533405311, 1.317671970998897 ], [ 103.807632151391985, 1.317745306740387 ], [ 103.807648577087122, 1.317727879805365 ], [ 103.807594385981403, 1.317677307175025 ], [ 103.807579187133399, 1.317663111206086 ], [ 103.807570289764712, 1.317654800907355 ], [ 103.807528765416919, 1.317616017704101 ], [ 103.807512465517021, 1.317633625512584 ], [ 103.807553533405311, 1.317671970998897 ] ] ] } },
{ "type": "Feature", "properties": { "class": "OFFSET" }, "geometry": { "type": "Polygon", "coordinates": [ [ [ 103.80733876435157, 1.317415653743162 ], [ 103.807284402539764, 1.317364538485621 ], [ 103.807277492612855, 1.317371176448968 ], [ 103.807270600796755, 1.317364357467476 ], [ 103.807254211045105, 1.317381630658445 ], [ 103.807272667104044, 1.317399030827322 ], [ 103.807280531314873, 1.317390219685959 ], [ 103.807316007563699, 1.317423581164074 ], [ 103.807308753476931, 1.317431637167553 ], [ 103.807329625705279, 1.317452443198437 ], [ 103.807345530241236, 1.317434980085325 ], [ 103.807332168918109, 1.317422237448077 ], [ 103.80733876435157, 1.317415653743162 ] ] ] } },
{ "type": "Feature", "properties": { "class": "ALIGNED" }, "geometry": { "type": "Polygon", "coordinates": [ [ [ 103.807033254887131, 1.317185969044132 ], [ 103.807000673669464, 1.317162835051888 ], [ 103.806976556700292, 1.317149477330456 ], [ 103.806900746138439, 1.317131660540209 ], [ 103.806844847415974, 1.317118772747694 ], [ 103.806844505966495, 1.317118781787672 ], [ 103.806839375259159, 1.317116991090929 ], [ 103.806832689803116, 1.317139383086438 ], [ 103.806838422542171, 1.317140938654858 ], [ 103.806875406817312, 1.317148969807736 ], [ 103.806919166143516, 1.317159270987422 ], [ 103.806968361692, 1.317170693636318 ], [ 103.80698858795256, 1.317182414416552 ], [ 103.807034162127849, 1.317214185228733 ], [ 103.807049554450032, 1.317200556617896 ], [ 103.807056024080325, 1.317194560749364 ], [ 103.807039724517409, 1.317179973175643 ], [ 103.807033254887131, 1.317185969044132 ] ] ] } },
{ "type": "Feature", "properties": { "class": "ALIGNED" }, "geometry": { "type": "Polygon", "coordinates": [ [ [ 103.7923459170526, 1.332559747085928 ], [ 103.792339825074691, 1.332545548463887 ], [ 103.79231504724126, 1.332554002046606 ], [ 103.792238672822776, 1.332597195919243 ], [ 103.792173403763044, 1.332634243011823 ], [ 103.792047687841091, 1.332675358723241 ], [ 103.791909624782036, 1.332720568276437 ], [ 103.791658272882316, 1.332803192160467 ], [ 103.791479494196594, 1.332861403041104 ], [ 103.791350363714628, 1.332903882438904 ], [ 103.791325169687127, 1.332868497848223 ], [ 103.791312544829523, 1.332876654997651 ], [ 103.79134456862208, 1.332921674803089 ], [ 103.791484133201592, 1.332875762617119 ], [ 103.7916629109897, 1.332817551736164 ], [ 103.791914274572051, 1.332734924234455 ], [ 103.792052329544774, 1.332689717393976 ], [ 103.792179466991442, 1.332648136862978 ], [ 103.792246032680623, 1.332610353639451 ], [ 103.79232110777464, 1.332567894993046 ], [ 103.7923459170526, 1.332559747085928 ] ] ] } },
{ "type": "Feature", "properties": { "class": "ALIGNED" }, "geometry": { "type": "Polygon", "coordinates": [ [ [ 103.836553934160747, 1.341760767267773 ], [ 103.836558645315336, 1.341764160437114 ], [ 103.836568823283557, 1.341748133275991 ], [ 103.836563962046753, 1.341727423335479 ], [ 103.836562173879841, 1.34170262566337 ], [ 103.836562946607629, 1.341676851274171 ], [ 103.836543753366115, 1.341676616164834 ], [ 103.83654316035198, 1.341703819449675 ], [ 103.836544651996959, 1.34173095942625 ], [ 103.836550834121951, 1.341755594306953 ], [ 103.836553934160747, 1.341760767267773 ] ] ] } },
{ "type": "Feature", "properties": { "class": "UNREPRESENTED-surface" }, "geometry": { "type": "Polygon", "coordinates": [ [ [ 103.854115920198353, 1.278444175651711 ], [ 103.854394646826336, 1.27826382763177 ], [ 103.854376833984276, 1.278234595087808 ], [ 103.854096549315543, 1.278417586577077 ], [ 103.854115920198353, 1.278444175651711 ] ] ] } },
{ "type": "Feature", "properties": { "class": "NEEDS_MANUAL" }, "geometry": { "type": "Polygon", "coordinates": [ [ [ 103.836875268619153, 1.34204754984583 ], [ 103.836864252261293, 1.342039998418342 ], [ 103.836888755939142, 1.34200090270554 ], [ 103.836767629924012, 1.341919374420501 ], [ 103.836766457302005, 1.34191857677268 ], [ 103.83675314246554, 1.341937755649288 ], [ 103.836754645757978, 1.341938782100883 ], [ 103.836855733866415, 1.342008544633599 ], [ 103.836832065847986, 1.342047007289699 ], [ 103.836862311410442, 1.34206720170513 ], [ 103.836875268619153, 1.34204754984583 ] ] ] } },
{ "type": "Feature", "properties": { "class": "UNREPRESENTED-surface" }, "geometry": { "type": "Polygon", "coordinates": [ [ [ 103.860473495790572, 1.300375289155849 ], [ 103.860461574082748, 1.300392881891276 ], [ 103.860489790401459, 1.300412251269055 ], [ 103.860501041789647, 1.300394198219135 ], [ 103.860473495790572, 1.300375289155849 ] ] ] } },
{ "type": "Feature", "properties": { "class": "UNREPRESENTED-surface" }, "geometry": { "type": "Polygon", "coordinates": [ [ [ 103.870996697422683, 1.341238873793212 ], [ 103.87099666333593, 1.341242701967843 ], [ 103.870992639402559, 1.341348268475446 ], [ 103.870988795188794, 1.34145435046783 ], [ 103.870988363999729, 1.341462173225718 ], [ 103.870984852212473, 1.341565614469101 ], [ 103.870980944752105, 1.341648996918302 ], [ 103.870977999048478, 1.341751868403247 ], [ 103.870979131878642, 1.341794047936709 ], [ 103.870974057364279, 1.341947699509962 ], [ 103.870994634393838, 1.341948232766184 ], [ 103.871001983018331, 1.341843941361228 ], [ 103.870996042322915, 1.341764511136727 ], [ 103.870998287343355, 1.341674336937437 ], [ 103.870999895153204, 1.341634309748516 ], [ 103.871006532688384, 1.341449837415209 ], [ 103.871011149431695, 1.341328652526982 ], [ 103.871014967013281, 1.341243859270639 ], [ 103.871014922899164, 1.341238321848674 ], [ 103.870996697422683, 1.341238873793212 ] ] ] } },
{ "type": "Feature", "properties": { "class": "NEEDS_MANUAL" }, "geometry": { "type": "Polygon", "coordinates": [ [ [ 103.838723245572368, 1.332994459634119 ], [ 103.838733650903762, 1.333014382762398 ], [ 103.838756105909397, 1.333046605221959 ], [ 103.838793243179765, 1.333008540435119 ], [ 103.838753931243417, 1.332974156582008 ], [ 103.838723245572368, 1.332994459634119 ] ] ] } },
{ "type": "Feature", "properties": { "class": "NEEDS_MANUAL" }, "geometry": { "type": "Polygon", "coordinates": [ [ [ 103.838069408424971, 1.333684279522469 ], [ 103.838054301867786, 1.33367605435606 ], [ 103.838043799569462, 1.333695358942091 ], [ 103.838059340128964, 1.333703147299646 ], [ 103.838069408424971, 1.333684279522469 ] ] ] } },
{ "type": "Feature", "properties": { "class": "UNREPRESENTED-surface" }, "geometry": { "type": "Polygon", "coordinates": [ [ [ 103.838723245572368, 1.332994459634119 ], [ 103.838688801226539, 1.3330096457994 ], [ 103.838674579778882, 1.333014862205272 ], [ 103.838620594506708, 1.333025226340347 ], [ 103.838581363518387, 1.333026646277151 ], [ 103.838559519599016, 1.333025344038941 ], [ 103.838531520558718, 1.333020867494004 ], [ 103.838482351495401, 1.333004733734229 ], [ 103.838426703824283, 1.332981907689215 ], [ 103.838376851852203, 1.332962319256121 ], [ 103.83833224755638, 1.332994171067414 ], [ 103.838348727113541, 1.3330065517845 ], [ 103.83837698668745, 1.33298774094359 ], [ 103.838420674555593, 1.333005077521765 ], [ 103.838489809575094, 1.333032633365168 ], [ 103.838538718051339, 1.333045818896869 ], [ 103.838546427669883, 1.333046225844508 ], [ 103.838582208211349, 1.333050042186459 ], [ 103.838621825578898, 1.333048350939444 ], [ 103.838658621468241, 1.333042155962416 ], [ 103.838683781046058, 1.333035825355634 ], [ 103.838733650903762, 1.333014382762398 ], [ 103.838723245572368, 1.332994459634119 ] ] ] } },
{ "type": "Feature", "properties": { "class": "UNREPRESENTED-surface" }, "geometry": { "type": "Polygon", "coordinates": [ [ [ 103.857990885871686, 1.343100340853914 ], [ 103.857999727041587, 1.343123674270109 ], [ 103.858047273596867, 1.343136498578343 ], [ 103.858047263349292, 1.343100324002326 ], [ 103.857990885871686, 1.343100340853914 ] ] ] } },
{ "type": "Feature", "properties": { "class": "ALIGNED" }, "geometry": { "type": "Polygon", "coordinates": [ [ [ 103.807938269699889, 1.326336318263661 ], [ 103.807920129970157, 1.326308372308194 ], [ 103.807895005304673, 1.326326801188678 ], [ 103.807869925567459, 1.326345140537291 ], [ 103.807824419654764, 1.326386711894026 ], [ 103.807794784159469, 1.326413478967553 ], [ 103.807775185608563, 1.326431203404179 ], [ 103.807739331158658, 1.326463685996125 ], [ 103.807678047379369, 1.326519409586118 ], [ 103.807636611952731, 1.32655701082143 ], [ 103.807612695503835, 1.326520816998994 ], [ 103.807588837821541, 1.32653674079978 ], [ 103.807635207930431, 1.326603567492157 ], [ 103.807664016756306, 1.32657712507891 ], [ 103.807708623211411, 1.326536603683163 ], [ 103.807750489948134, 1.326498477919667 ], [ 103.807775551760841, 1.326475833797059 ], [ 103.807798034699829, 1.326455360122241 ], [ 103.807817372666008, 1.326438024559473 ], [ 103.807850404730516, 1.326407965634038 ], [ 103.807892603033252, 1.32636946908197 ], [ 103.807938269699889, 1.326336318263661 ] ] ] } },
{ "type": "Feature", "properties": { "class": "UNREPRESENTED-surface" }, "geometry": { "type": "Polygon", "coordinates": [ [ [ 103.810255899718186, 1.323952355669793 ], [ 103.810208804432705, 1.323984754088397 ], [ 103.810165517226793, 1.324015966919964 ], [ 103.810153558515509, 1.324001179542659 ], [ 103.81013037211369, 1.324014864168834 ], [ 103.810144679589271, 1.32403551998995 ], [ 103.810150447441885, 1.324031473012838 ], [ 103.810160910062535, 1.324046168130906 ], [ 103.810228196895238, 1.323997613429943 ], [ 103.8102676760072, 1.323968905651428 ], [ 103.810258220657559, 1.323954981061839 ], [ 103.810255899718186, 1.323952355669793 ] ] ] } },
{ "type": "Feature", "properties": { "class": "NEEDS_MANUAL" }, "geometry": { "type": "Polygon", "coordinates": [ [ [ 103.838922673143017, 1.331431706367823 ], [ 103.838918511067021, 1.331447963234829 ], [ 103.838891038863352, 1.331562032609146 ], [ 103.838907176943394, 1.331565970175812 ], [ 103.838938886697932, 1.331434303665826 ], [ 103.838922673143017, 1.331431706367823 ] ] ] } },
{ "type": "Feature", "properties": { "class": "ALIGNED" }, "geometry": { "type": "Polygon", "coordinates": [ [ [ 103.881691834906192, 1.341736519949238 ], [ 103.88160285347594, 1.341794583706274 ], [ 103.881611894247172, 1.34181305064319 ], [ 103.881700875677879, 1.341754987790179 ], [ 103.881691834906192, 1.341736519949238 ] ] ] } },
{ "type": "Feature", "properties": { "class": "ALIGNED" }, "geometry": { "type": "Polygon", "coordinates": [ [ [ 103.836597400268829, 1.341809510647404 ], [ 103.83661147977854, 1.341788928196906 ], [ 103.836581337556098, 1.341768844110624 ], [ 103.836587917698111, 1.341759026320854 ], [ 103.836567706369863, 1.341745393053043 ], [ 103.83654925627765, 1.341776331386936 ], [ 103.836597400268829, 1.341809510647404 ] ] ] } },
{ "type": "Feature", "properties": { "class": "ALIGNED" }, "geometry": { "type": "Polygon", "coordinates": [ [ [ 103.866673365978187, 1.343645543556094 ], [ 103.866721999355804, 1.343622451753303 ], [ 103.866714611154464, 1.343605023849895 ], [ 103.866632885771821, 1.343641582995892 ], [ 103.866624167079934, 1.343644619066517 ], [ 103.866631106928679, 1.343664237346766 ], [ 103.866673365978187, 1.343645543556094 ] ] ] } },
{ "type": "Feature", "properties": { "class": "ALIGNED" }, "geometry": { "type": "Polygon", "coordinates": [ [ [ 103.79205807927967, 1.333291020288041 ], [ 103.792051340398928, 1.333273339851801 ], [ 103.791979958598887, 1.333300695667121 ], [ 103.791871080096797, 1.333323809376443 ], [ 103.791797766588559, 1.333339706857634 ], [ 103.791804128072286, 1.333357477724535 ], [ 103.791875002885561, 1.333342329919876 ], [ 103.791985280446184, 1.333318919602553 ], [ 103.79205807927967, 1.333291020288041 ] ] ] } },
{ "type": "Feature", "properties": { "class": "UNREPRESENTED-surface" }, "geometry": { "type": "Polygon", "coordinates": [ [ [ 103.784185324221028, 1.318103288543745 ], [ 103.784178243520955, 1.318109266251385 ], [ 103.784151494106879, 1.318086177298416 ], [ 103.784139031535958, 1.318069202132113 ], [ 103.784118024434292, 1.31801707415408 ], [ 103.784095480998133, 1.317955423188855 ], [ 103.78405805811559, 1.317865383930719 ], [ 103.784019017965832, 1.317769140700491 ], [ 103.784029315608379, 1.317756525023098 ], [ 103.784042353813405, 1.317744822808224 ], [ 103.784034204308284, 1.317726898144773 ], [ 103.784014750320267, 1.317745156873237 ], [ 103.784002305070345, 1.317761353790528 ], [ 103.783999842894715, 1.317768769529026 ], [ 103.784016123773185, 1.317812785265734 ], [ 103.784077815333063, 1.317963109934214 ], [ 103.784089621633569, 1.31799674347883 ], [ 103.784103746165115, 1.318031959707084 ], [ 103.78412110530067, 1.318076364341252 ], [ 103.784137728069112, 1.318098132721322 ], [ 103.784157271190765, 1.318116753971435 ], [ 103.784193850730375, 1.318141082098707 ], [ 103.784208785093881, 1.318118446155862 ], [ 103.784185324221028, 1.318103288543745 ] ] ] } },
{ "type": "Feature", "properties": { "class": "ALIGNED" }, "geometry": { "type": "Polygon", "coordinates": [ [ [ 103.772606654229534, 1.345841157779522 ], [ 103.772597227821109, 1.345825190093319 ], [ 103.772581853225049, 1.345833980125678 ], [ 103.772573885143089, 1.345819557129567 ], [ 103.772557277698297, 1.345829276816996 ], [ 103.772575059458717, 1.345860052768232 ], [ 103.772606654229534, 1.345841157779522 ] ] ] } },
{ "type": "Feature", "properties": { "class": "ALIGNED" }, "geometry": { "type": "Polygon", "coordinates": [ [ [ 103.836629214745315, 1.341182869208793 ], [ 103.836612879052907, 1.341276606611317 ], [ 103.836552891614886, 1.341595340915373 ], [ 103.836548443778298, 1.341622281939638 ], [ 103.836543753366115, 1.341676616164834 ], [ 103.836562946607629, 1.341676851274171 ], [ 103.836566774406691, 1.341626233988191 ], [ 103.836647608269445, 1.341186586121898 ], [ 103.836629214745315, 1.341182869208793 ] ] ] } },
{ "type": "Feature", "properties": { "class": "UNREPRESENTED-surface" }, "geometry": { "type": "Polygon", "coordinates": [ [ [ 103.8431307435104, 1.333997558067568 ], [ 103.843161966053614, 1.333866113077886 ], [ 103.843126568259905, 1.333857464781773 ], [ 103.843095345714929, 1.333988909771025 ], [ 103.8431307435104, 1.333997558067568 ] ] ] } },
{ "type": "Feature", "properties": { "class": "NEEDS_MANUAL" }, "geometry": { "type": "Polygon", "coordinates": [ [ [ 103.83897011390377, 1.331293520257183 ], [ 103.83897767790539, 1.331273947077363 ], [ 103.838967842299184, 1.331269517522344 ], [ 103.838960094095086, 1.331289798820009 ], [ 103.83897011390377, 1.331293520257183 ] ] ] } },
{ "type": "Feature", "properties": { "class": "NEEDS_MANUAL" }, "geometry": { "type": "Polygon", "coordinates": [ [ [ 103.838922814214897, 1.331431065173032 ], [ 103.838934056056303, 1.331432885633228 ], [ 103.838964931977046, 1.331314194043185 ], [ 103.838953847377852, 1.331309889293283 ], [ 103.838922814214897, 1.331431065173032 ] ] ] } },
{ "type": "Feature", "properties": { "class": "ALIGNED" }, "geometry": { "type": "Polygon", "coordinates": [ [ [ 103.794562523888573, 1.312630795309452 ], [ 103.794563930986229, 1.312632778602761 ], [ 103.794596571143217, 1.312609781122437 ], [ 103.794571253293995, 1.312572501918449 ], [ 103.794555579716061, 1.31258438050169 ], [ 103.794563983664787, 1.312596241373272 ], [ 103.794546822089046, 1.312608119933237 ], [ 103.794548183362522, 1.312609982040999 ], [ 103.794562523888573, 1.312630795309452 ] ] ] } },
{ "type": "Feature", "properties": { "class": "ALIGNED" }, "geometry": { "type": "Polygon", "coordinates": [ [ [ 103.808634651073021, 1.318612914590219 ], [ 103.808657213432227, 1.318640371324139 ], [ 103.808685885751572, 1.318687253869995 ], [ 103.808703299399923, 1.318715877182496 ], [ 103.808704314752276, 1.318716989561057 ], [ 103.808764580088265, 1.318769967837655 ], [ 103.808765164142557, 1.31877040193846 ], [ 103.808799695284051, 1.318790524393177 ], [ 103.808800234411834, 1.318790849969777 ], [ 103.808818753397233, 1.318807562810883 ], [ 103.808823704469958, 1.318802118585157 ], [ 103.808831431944256, 1.31880924505464 ], [ 103.8088264898566, 1.318814734498707 ], [ 103.8088308028657, 1.318818695658304 ], [ 103.808832078738803, 1.318825876325733 ], [ 103.808848091075532, 1.318810873075857 ], [ 103.808847111712851, 1.318804877128968 ], [ 103.808846770268886, 1.318804298332261 ], [ 103.808846267085102, 1.318803773795819 ], [ 103.80883364255024, 1.318791962669345 ], [ 103.808819840919071, 1.318779518475931 ], [ 103.808811655182083, 1.318772545743857 ], [ 103.808810370262137, 1.318771641366538 ], [ 103.808779002000122, 1.318753797942106 ], [ 103.808720524763402, 1.318702700761984 ], [ 103.808719752017836, 1.318701805433345 ], [ 103.808706525555039, 1.318679765936813 ], [ 103.80868986667609, 1.318652580571521 ], [ 103.808675526025993, 1.318628904163829 ], [ 103.808662344437508, 1.318612354160523 ], [ 103.808648875305835, 1.318596500515005 ], [ 103.808634651073021, 1.318612914590219 ] ] ] } },
{ "type": "Feature", "properties": { "class": "NEEDS_MANUAL" }, "geometry": { "type": "Polygon", "coordinates": [ [ [ 103.808833058110281, 1.318830967908047 ], [ 103.808850867199311, 1.318851886037194 ], [ 103.808851352412873, 1.318852329180649 ], [ 103.808857417585401, 1.318857556467965 ], [ 103.808871956305111, 1.318841775449806 ], [ 103.808867167063269, 1.318837841416511 ], [ 103.808849870142794, 1.318817520173152 ], [ 103.808848243832145, 1.318810583680706 ], [ 103.808847507018214, 1.31881074645903 ], [ 103.808832069776003, 1.318823552108671 ], [ 103.80883149470047, 1.318823805325049 ], [ 103.808832914344407, 1.318830723728179 ], [ 103.808833058110281, 1.318830967908047 ] ] ] } },
{ "type": "Feature", "properties": { "class": "NEEDS_MANUAL" }, "geometry": { "type": "Polygon", "coordinates": [ [ [ 103.808855189197629, 1.318855476407367 ], [ 103.808905274009234, 1.318902359162543 ], [ 103.808919749832228, 1.318886379183279 ], [ 103.808870285016624, 1.318839975747764 ], [ 103.808855189197629, 1.318855476407367 ] ] ] } },
{ "type": "Feature", "properties": { "class": "NEEDS_MANUAL" }, "geometry": { "type": "Polygon", "coordinates": [ [ [ 103.808918186360259, 1.318885565239722 ], [ 103.808904402416928, 1.31890206975727 ], [ 103.808934638408303, 1.318930005877708 ], [ 103.808948494235906, 1.318913483273426 ], [ 103.80893695693608, 1.318902847832138 ], [ 103.808935914607261, 1.318903761230084 ], [ 103.808930181901118, 1.318898271680515 ], [ 103.808930900752486, 1.318897240711983 ], [ 103.808918186360259, 1.318885565239722 ] ] ] } },
{ "type": "Feature", "properties": { "class": "ALIGNED" }, "geometry": { "type": "Polygon", "coordinates": [ [ [ 103.809051620067805, 1.31901076678631 ], [ 103.809077579040405, 1.319029984788452 ], [ 103.809114527255062, 1.319053941768391 ], [ 103.809163857391525, 1.319090514754771 ], [ 103.809176509170058, 1.319072870725369 ], [ 103.809127457583031, 1.319036478614879 ], [ 103.809089988212094, 1.319012150840551 ], [ 103.8090251941139, 1.3189642188816 ], [ 103.808982351475734, 1.318932719441687 ], [ 103.808952681451203, 1.318917127903968 ], [ 103.808946167000997, 1.318912054354439 ], [ 103.808931556393858, 1.318928179030848 ], [ 103.808939697209851, 1.318934563925115 ], [ 103.808969070713317, 1.318950065023612 ], [ 103.808969385205089, 1.318950200681386 ], [ 103.808969987231535, 1.31895052625857 ], [ 103.809051620067805, 1.31901076678631 ] ] ] } },
{ "type": "Feature", "properties": { "class": "OFFSET" }, "geometry": { "type": "Polygon", "coordinates": [ [ [ 103.808746723948175, 1.318965572675763 ], [ 103.808746723948076, 1.318965581719411 ], [ 103.808761154529961, 1.31898170668332 ], [ 103.808823847045034, 1.31892409023787 ], [ 103.808874696543015, 1.3188770728266 ], [ 103.80885927754305, 1.318862087352934 ], [ 103.808807870938892, 1.318909529809725 ], [ 103.808746723948175, 1.318965572675763 ] ] ] } },
{ "type": "Feature", "properties": { "class": "ALIGNED" }, "geometry": { "type": "Polygon", "coordinates": [ [ [ 103.887821496014567, 1.335791255294366 ], [ 103.887842006690576, 1.335800516429689 ], [ 103.887860883537343, 1.335757583129902 ], [ 103.887835478417941, 1.335748256085374 ], [ 103.88781814072135, 1.335787633390874 ], [ 103.887822231891079, 1.335789347069622 ], [ 103.887821496014567, 1.335791255294366 ] ] ] } },
{ "type": "Feature", "properties": { "class": "ALIGNED" }, "geometry": { "type": "Polygon", "coordinates": [ [ [ 103.887828955871186, 1.335751956888971 ], [ 103.887871319599626, 1.335767399769492 ], [ 103.887912042417241, 1.335654065755672 ], [ 103.887869765851974, 1.335638685274947 ], [ 103.887828955871186, 1.335751956888971 ] ] ] } },
{ "type": "Feature", "properties": { "class": "ALIGNED" }, "geometry": { "type": "Polygon", "coordinates": [ [ [ 103.887919492434492, 1.335576151001879 ], [ 103.887930221511851, 1.335508423836672 ], [ 103.88790348574328, 1.335504168496539 ], [ 103.887893002822906, 1.335569764069904 ], [ 103.887868247406971, 1.335643991213209 ], [ 103.887893533014619, 1.335653197979686 ], [ 103.887919492434492, 1.335576151001879 ] ] ] } },
{ "type": "Feature", "properties": { "class": "ALIGNED" }, "geometry": { "type": "Polygon", "coordinates": [ [ [ 103.887954110006234, 1.335402067367681 ], [ 103.887937415564963, 1.335395478543848 ], [ 103.887908036351035, 1.335477641586162 ], [ 103.887900254518726, 1.335503606054233 ], [ 103.887918029843235, 1.335506483343726 ], [ 103.887925198005874, 1.335482566369707 ], [ 103.887954110006234, 1.335402067367681 ] ] ] } },
{ "type": "Feature", "properties": { "class": "ALIGNED" }, "geometry": { "type": "Polygon", "coordinates": [ [ [ 103.888096828120098, 1.335048366456379 ], [ 103.888069414857867, 1.335044727909372 ], [ 103.888004067357954, 1.335210576188894 ], [ 103.887937415564963, 1.335395478543848 ], [ 103.887962537648477, 1.335405393430487 ], [ 103.888029099582766, 1.335220432293271 ], [ 103.888096828120098, 1.335048366456379 ] ] ] } },
{ "type": "Feature", "properties": { "class": "ALIGNED" }, "geometry": { "type": "Polygon", "coordinates": [ [ [ 103.888149817589806, 1.334956249450812 ], [ 103.888099252025498, 1.334948985827553 ], [ 103.888046686787703, 1.335046292064006 ], [ 103.888097238875503, 1.335053553879832 ], [ 103.888149601944363, 1.334956622958025 ], [ 103.888149817589806, 1.334956249450812 ] ] ] } },
{ "type": "Feature", "properties": { "class": "ALIGNED" }, "geometry": { "type": "Polygon", "coordinates": [ [ [ 103.888116955630693, 1.334959503185574 ], [ 103.888143690496747, 1.334963834490231 ], [ 103.88814540485896, 1.334960006278406 ], [ 103.888159377893004, 1.334940692364528 ], [ 103.888160361776883, 1.334939059060825 ], [ 103.888165154419852, 1.334927291367216 ], [ 103.888140829327824, 1.334915890594307 ], [ 103.888137096042783, 1.334925815170028 ], [ 103.888136585677273, 1.334926489837116 ], [ 103.888120982735572, 1.334949195152895 ], [ 103.888116955630693, 1.334959503185574 ] ] ] } },
{ "type": "Feature", "properties": { "class": "ALIGNED" }, "geometry": { "type": "Polygon", "coordinates": [ [ [ 103.888155971964537, 1.334922767943842 ], [ 103.888254041918586, 1.334703757688721 ], [ 103.888231549011351, 1.334693491852425 ], [ 103.888133479055668, 1.334912502106746 ], [ 103.888155971964537, 1.334922767943842 ] ] ] } },
{ "type": "Feature", "properties": { "class": "ALIGNED" }, "geometry": { "type": "Polygon", "coordinates": [ [ [ 103.88825599513207, 1.334692511876846 ], [ 103.888291971586213, 1.334612813074606 ], [ 103.888353944639817, 1.334593804659383 ], [ 103.888348153872315, 1.334572820828787 ], [ 103.88830919897751, 1.334583900165887 ], [ 103.888276217682858, 1.334594693589037 ], [ 103.888231415161101, 1.334695059118473 ], [ 103.888249747704862, 1.334703321881703 ], [ 103.888254860243634, 1.334692019928255 ], [ 103.88825599513207, 1.334692511876846 ] ] ] } },
{ "type": "Feature", "properties": { "class": "ALIGNED" }, "geometry": { "type": "Polygon", "coordinates": [ [ [ 103.888347850163527, 1.334572976386242 ], [ 103.888353645418889, 1.334593738647532 ], [ 103.888366811000807, 1.334590361455475 ], [ 103.888427318055719, 1.334429930417348 ], [ 103.888423670777101, 1.334428309879031 ], [ 103.888425512711905, 1.334423505855243 ], [ 103.888429328010389, 1.334424663355347 ], [ 103.888433676761593, 1.334412785338823 ], [ 103.888478670289686, 1.334255303780585 ], [ 103.888447253415904, 1.334226988848038 ], [ 103.888471655839837, 1.334120075274409 ], [ 103.888501795024027, 1.333989686086939 ], [ 103.88852787072301, 1.333930582589299 ], [ 103.888564304007716, 1.333868050413073 ], [ 103.888574073628391, 1.333850714436341 ], [ 103.888579886681939, 1.333823433256578 ], [ 103.888579917201341, 1.33382201973474 ], [ 103.888566538030119, 1.333756579343838 ], [ 103.888556546405709, 1.333730888393124 ], [ 103.888536541051081, 1.333695548103069 ], [ 103.88851222807871, 1.333663003299543 ], [ 103.888473038616482, 1.333631051189661 ], [ 103.88847107973055, 1.333629592494469 ], [ 103.888427226793738, 1.333599136307188 ], [ 103.888426241965988, 1.333598700425855 ], [ 103.888416194732486, 1.333617893972235 ], [ 103.88845802498416, 1.333646806455701 ], [ 103.888496695958793, 1.333677839743542 ], [ 103.888518667224801, 1.333707346840933 ], [ 103.888537248318897, 1.333740530254816 ], [ 103.888545770723013, 1.333762633626256 ], [ 103.888558379700186, 1.333822222798753 ], [ 103.888558477681173, 1.333823941088391 ], [ 103.888554779603098, 1.333841048123851 ], [ 103.88855416772104, 1.333842620826903 ], [ 103.888508795038817, 1.333920568995717 ], [ 103.888481285307151, 1.33398256016019 ], [ 103.88843166999375, 1.334197808986157 ], [ 103.888426475965062, 1.334221563131516 ], [ 103.888423941431398, 1.334234834732291 ], [ 103.888454265631708, 1.334261883580006 ], [ 103.888413277555586, 1.334405287715525 ], [ 103.888350550311188, 1.334572253738523 ], [ 103.888347850163527, 1.334572976386242 ] ] ] } },
{ "type": "Feature", "properties": { "class": "ALIGNED" }, "geometry": { "type": "Polygon", "coordinates": [ [ [ 103.888427226793738, 1.333599136307188 ], [ 103.888426241965988, 1.333598700425855 ], [ 103.888233316928691, 1.333538448789614 ], [ 103.888085501553377, 1.333492466994671 ], [ 103.888072887233264, 1.333475144181816 ], [ 103.88800965091481, 1.333457080017868 ], [ 103.887996325735614, 1.333475889281137 ], [ 103.888059999649599, 1.333493865712297 ], [ 103.888072428861449, 1.333510933498697 ], [ 103.888225460397535, 1.333558663313202 ], [ 103.888416194732486, 1.333617893972235 ], [ 103.888427226793738, 1.333599136307188 ] ] ] } },
{ "type": "Feature", "properties": { "class": "ALIGNED" }, "geometry": { "type": "Polygon", "coordinates": [ [ [ 103.887995586484436, 1.333487715667587 ], [ 103.888021585361031, 1.333448819288996 ], [ 103.887900092422115, 1.333407905854917 ], [ 103.887874093543971, 1.333446802232291 ], [ 103.887995586484436, 1.333487715667587 ] ] ] } },
{ "type": "Feature", "properties": { "class": "ALIGNED" }, "geometry": { "type": "Polygon", "coordinates": [ [ [ 103.887530012608977, 1.333352877192341 ], [ 103.887634756068422, 1.333376585489042 ], [ 103.887790103963525, 1.333419577316349 ], [ 103.887882842757648, 1.333445360480766 ], [ 103.887894955778094, 1.333426248283104 ], [ 103.887809137703499, 1.333402114525235 ], [ 103.887783056948322, 1.333395247364522 ], [ 103.887639855814911, 1.333355568857337 ], [ 103.887639601522665, 1.333355535401515 ], [ 103.887534887713286, 1.333331683310417 ], [ 103.887530012608977, 1.333352877192341 ] ] ] } },
{ "type": "Feature", "properties": { "class": "ALIGNED" }, "geometry": { "type": "Polygon", "coordinates": [ [ [ 103.887547033202409, 1.333317983733127 ], [ 103.887407509149511, 1.333286532131224 ], [ 103.887397818282892, 1.333330725908557 ], [ 103.887537342338177, 1.333362177510905 ], [ 103.887547033202409, 1.333317983733127 ] ] ] } },
{ "type": "Feature", "properties": { "class": "ALIGNED" }, "geometry": { "type": "Polygon", "coordinates": [ [ [ 103.887408559004029, 1.333302136911508 ], [ 103.887325726957528, 1.33328334334064 ], [ 103.887321172634273, 1.333304450396183 ], [ 103.88740382047861, 1.33332330004183 ], [ 103.887408559004029, 1.333302136911508 ] ] ] } },
{ "type": "Feature", "properties": { "class": "ALIGNED" }, "geometry": { "type": "Polygon", "coordinates": [ [ [ 103.866625604227565, 1.335548357704514 ], [ 103.86663916051657, 1.335529823475886 ], [ 103.866616588254729, 1.33549301705726 ], [ 103.866697940349539, 1.335380939877195 ], [ 103.866692706199572, 1.335377060225448 ], [ 103.86670279951916, 1.335363918768631 ], [ 103.866707741638223, 1.335367821937814 ], [ 103.866796903985673, 1.335255676820522 ], [ 103.866791304114059, 1.335251140605445 ], [ 103.866802973497656, 1.335237644615795 ], [ 103.866808261569901, 1.335242187165676 ], [ 103.866910895897377, 1.335123945539359 ], [ 103.86690616403115, 1.33511932158926 ], [ 103.866918490263231, 1.335106138500121 ], [ 103.86692318798049, 1.335110483906452 ], [ 103.867011669455849, 1.335016959653718 ], [ 103.867007192779468, 1.335012298621348 ], [ 103.867019679859453, 1.334999644582677 ], [ 103.86702441352648, 1.335004541650589 ], [ 103.86706730917345, 1.334961643438268 ], [ 103.867096423714059, 1.334989711793736 ], [ 103.867111471647988, 1.334974562577864 ], [ 103.867066944848858, 1.33493164386774 ], [ 103.867014795976743, 1.334983238575599 ], [ 103.866979481371871, 1.335019852254488 ], [ 103.866945905451658, 1.335054778365014 ], [ 103.866934031189786, 1.335067624120154 ], [ 103.866889133632824, 1.335116435092083 ], [ 103.866833521876885, 1.335180160987682 ], [ 103.866793883532551, 1.335225990196411 ], [ 103.866760506262565, 1.33526642659397 ], [ 103.86673919823356, 1.335293350717736 ], [ 103.866708589395401, 1.335332149272841 ], [ 103.866654341750618, 1.335404063261052 ], [ 103.866618813439629, 1.335452712219125 ], [ 103.866590547140603, 1.335491759441097 ], [ 103.866625604227565, 1.335548357704514 ] ] ] } },
{ "type": "Feature", "properties": { "class": "UNREPRESENTED-surface" }, "geometry": { "type": "Polygon", "coordinates": [ [ [ 103.84681737891546, 1.274053682969693 ], [ 103.846838774979602, 1.27407808985851 ], [ 103.846874197789859, 1.27404530825026 ], [ 103.846908432220758, 1.274085985500589 ], [ 103.846933395235226, 1.274064929038709 ], [ 103.84687800195222, 1.273999605242402 ], [ 103.84681737891546, 1.274053682969693 ] ] ] } },
{ "type": "Feature", "properties": { "class": "UNDERGROUND_OR_INDOOR" }, "geometry": { "type": "Polygon", "coordinates": [ [ [ 103.846644239929404, 1.274208898225458 ], [ 103.846792391454855, 1.27438538427291 ], [ 103.846955728354459, 1.274579785700354 ], [ 103.847048098448454, 1.274690171993704 ], [ 103.847092917710569, 1.274742932404678 ], [ 103.847093429879195, 1.274743502151839 ], [ 103.847094669855281, 1.274742787696856 ], [ 103.847126450954022, 1.274719346386074 ], [ 103.847111966464524, 1.274702986502057 ], [ 103.847094759576038, 1.274717763918036 ], [ 103.847046166437863, 1.274660318916834 ], [ 103.84704947303581, 1.274657488236788 ], [ 103.847049329269069, 1.274657307364572 ], [ 103.846974130311395, 1.274567965552335 ], [ 103.84684404843469, 1.274412994262978 ], [ 103.846701072503834, 1.274242811615373 ], [ 103.846681304592408, 1.274219497189818 ], [ 103.846706786966621, 1.2741989860595 ], [ 103.846686066602899, 1.274174803448576 ], [ 103.846644239929404, 1.274208898225458 ] ] ] } },
{ "type": "Feature", "properties": { "class": "UNREPRESENTED-surface" }, "geometry": { "type": "Polygon", "coordinates": [ [ [ 103.849573143980791, 1.330961553050434 ], [ 103.849584309558523, 1.330979918811518 ], [ 103.849639908667271, 1.330988142733347 ], [ 103.849698370470364, 1.330980343103886 ], [ 103.849694468769613, 1.330954495487 ], [ 103.849694520885734, 1.330954477399359 ], [ 103.849768961697265, 1.330944747747568 ], [ 103.849820520798644, 1.330938044251302 ], [ 103.849884974165278, 1.330929294994326 ], [ 103.849885486362453, 1.330932330038262 ], [ 103.849903208566943, 1.33092988542117 ], [ 103.849900430107112, 1.330911219355841 ], [ 103.849792239562561, 1.330925495479034 ], [ 103.849671048718619, 1.330941410392703 ], [ 103.849674094077557, 1.330964579287558 ], [ 103.849637707078102, 1.330968832756329 ], [ 103.849601001015586, 1.330961560100612 ], [ 103.849576982596716, 1.330959178163702 ], [ 103.849573143980791, 1.330961553050434 ] ] ] } },
{ "type": "Feature", "properties": { "class": "UNREPRESENTED-surface" }, "geometry": { "type": "Polygon", "coordinates": [ [ [ 103.849671070267988, 1.330938982173765 ], [ 103.849692241128025, 1.330936110675125 ], [ 103.849686845916693, 1.330893472636121 ], [ 103.849680606804824, 1.330827044389109 ], [ 103.849666391423639, 1.330656203691293 ], [ 103.849648915817795, 1.330444865570553 ], [ 103.849559992078269, 1.330451693208622 ], [ 103.84948663850912, 1.33045771766524 ], [ 103.849488094310942, 1.330479441396388 ], [ 103.849576334246578, 1.33047198975389 ], [ 103.849629543101372, 1.330467427786042 ], [ 103.849635630427258, 1.330544876620758 ], [ 103.849646450766869, 1.330670922357 ], [ 103.849657066266658, 1.330801494438957 ], [ 103.849665664272848, 1.330896116234918 ], [ 103.849671069369407, 1.330938980365045 ], [ 103.849671070267988, 1.330938982173765 ] ] ] } },
{ "type": "Feature", "properties": { "class": "UNREPRESENTED-surface" }, "geometry": { "type": "Polygon", "coordinates": [ [ [ 103.851762629558323, 1.34326684527947 ], [ 103.851609267905744, 1.343288875851888 ], [ 103.851416406470165, 1.343316672032403 ], [ 103.851376926458911, 1.343322541651301 ], [ 103.8513330902409, 1.343330453356762 ], [ 103.851336043965873, 1.343351831605891 ], [ 103.851380015867122, 1.343343952456496 ], [ 103.851419407819307, 1.343338020437042 ], [ 103.851543429709992, 1.343320284923494 ], [ 103.85155555127875, 1.343318546644115 ], [ 103.851591816244394, 1.343313284779395 ], [ 103.851684522430887, 1.343299752979826 ], [ 103.851763824805502, 1.34328842611901 ], [ 103.851765650678388, 1.343288144847818 ], [ 103.851762629558323, 1.34326684527947 ] ] ] } },
{ "type": "Feature", "properties": { "class": "UNREPRESENTED-surface" }, "geometry": { "type": "Polygon", "coordinates": [ [ [ 103.851764318288346, 1.343311530817958 ], [ 103.851869100211175, 1.343295679224905 ], [ 103.85186230945267, 1.343250990107973 ], [ 103.851757527531674, 1.343266841700731 ], [ 103.851764318288346, 1.343311530817958 ] ] ] } },
{ "type": "Feature", "properties": { "class": "UNREPRESENTED-surface" }, "geometry": { "type": "Polygon", "coordinates": [ [ [ 103.851860746131266, 1.34327407763966 ], [ 103.851913758449157, 1.343266528504664 ], [ 103.851958696317453, 1.343261026007174 ], [ 103.851955762356042, 1.343239715586044 ], [ 103.851910749008681, 1.343245168344009 ], [ 103.851857813067809, 1.343252576397503 ], [ 103.851860746131266, 1.34327407763966 ] ] ] } },
{ "type": "Feature", "properties": { "class": "ALIGNED" }, "geometry": { "type": "Polygon", "coordinates": [ [ [ 103.847615139751085, 1.331228321131302 ], [ 103.847637810307205, 1.331225591626847 ], [ 103.847648014936411, 1.331178242657028 ], [ 103.847653168162438, 1.331179380317508 ], [ 103.847661795877826, 1.331141151873285 ], [ 103.847635450180078, 1.331135574811029 ], [ 103.847615139751085, 1.331228321131302 ] ] ] } },
{ "type": "Feature", "properties": { "class": "UNREPRESENTED-surface" }, "geometry": { "type": "Polygon", "coordinates": [ [ [ 103.810021522612161, 1.32407126112355 ], [ 103.810009545063352, 1.324053102274332 ], [ 103.80979682824092, 1.324196149922906 ], [ 103.809783629793401, 1.324248354240416 ], [ 103.809800244699417, 1.324274691303629 ], [ 103.809818417164081, 1.324262309822116 ], [ 103.809806767586622, 1.324244291151583 ], [ 103.809815823535544, 1.324209716476945 ], [ 103.810021522612161, 1.32407126112355 ] ] ] } },
{ "type": "Feature", "properties": { "class": "UNREPRESENTED-surface" }, "geometry": { "type": "Polygon", "coordinates": [ [ [ 103.810009846504855, 1.324103657160043 ], [ 103.810039822442278, 1.324083155499234 ], [ 103.810038066697558, 1.324080060747135 ], [ 103.810134621387292, 1.324013350302581 ], [ 103.810141465575697, 1.324023430414327 ], [ 103.810157794194225, 1.324012215543145 ], [ 103.810140533219936, 1.323986543184133 ], [ 103.80999740260792, 1.324085369886586 ], [ 103.810009846504855, 1.324103657160043 ] ] ] } },
{ "type": "Feature", "properties": { "class": "UNREPRESENTED-surface" }, "geometry": { "type": "Polygon", "coordinates": [ [ [ 103.810364942388716, 1.324677922943599 ], [ 103.810415444960725, 1.324649930618185 ], [ 103.810402824947658, 1.324630983158989 ], [ 103.810353689983287, 1.324658041288337 ], [ 103.810364942388716, 1.324677922943599 ] ] ] } },
{ "type": "Feature", "properties": { "class": "UNREPRESENTED-surface" }, "geometry": { "type": "Polygon", "coordinates": [ [ [ 103.802693153485478, 1.328924906853999 ], [ 103.802767271108252, 1.328900897805919 ], [ 103.802734565629422, 1.328816997698471 ], [ 103.802713044230217, 1.32882544057674 ], [ 103.802736390644057, 1.328886035999985 ], [ 103.802685946449429, 1.328902564439982 ], [ 103.802693153485478, 1.328924906853999 ] ] ] } },
{ "type": "Feature", "properties": { "class": "UNREPRESENTED-surface" }, "geometry": { "type": "Polygon", "coordinates": [ [ [ 103.802598129786617, 1.328972271754673 ], [ 103.802592804309285, 1.32895127777138 ], [ 103.802482572801708, 1.32897916156216 ], [ 103.802487785959627, 1.329000086812556 ], [ 103.802598129786617, 1.328972271754673 ] ] ] } },
{ "type": "Feature", "properties": { "class": "UNREPRESENTED-surface" }, "geometry": { "type": "Polygon", "coordinates": [ [ [ 103.802484013218901, 1.328976490087656 ], [ 103.802418480397691, 1.32899973504721 ], [ 103.802426736030455, 1.329023292036627 ], [ 103.80249221853137, 1.329000190870178 ], [ 103.802484013218901, 1.328976490087656 ] ] ] } },
{ "type": "Feature", "properties": { "class": "UNREPRESENTED-surface" }, "geometry": { "type": "Polygon", "coordinates": [ [ [ 103.84940820954229, 1.277864311874268 ], [ 103.849420501418919, 1.277846224498336 ], [ 103.849422846611731, 1.277847942776925 ], [ 103.849473749264803, 1.277931234465097 ], [ 103.849474054784508, 1.277933965645246 ], [ 103.849470757153782, 1.277934119408124 ], [ 103.849487362289864, 1.277960978941333 ], [ 103.849510032348192, 1.277955136600353 ], [ 103.849512036060048, 1.277950949378044 ], [ 103.84941787736868, 1.277794523780849 ], [ 103.84937996822957, 1.277817918131311 ], [ 103.84940820954229, 1.277864311874268 ] ] ] } },
{ "type": "Feature", "properties": { "class": "ALIGNED" }, "geometry": { "type": "Polygon", "coordinates": [ [ [ 103.808190600233075, 1.318178986946844 ], [ 103.808176277159703, 1.318195337712947 ], [ 103.808253381110433, 1.318269821962701 ], [ 103.808313978879468, 1.318323867403665 ], [ 103.808416179216678, 1.318414883686656 ], [ 103.808418147066448, 1.318412668013251 ], [ 103.808421507619329, 1.318415652450216 ], [ 103.808419593683183, 1.318417813862299 ], [ 103.808539827801184, 1.318524584352849 ], [ 103.808553944208484, 1.318508116015207 ], [ 103.808449578368254, 1.31841559847081 ], [ 103.808391972742058, 1.318364401811705 ], [ 103.808327933548242, 1.318307353847437 ], [ 103.808267964758585, 1.318253977642964 ], [ 103.808241817204433, 1.318224775445559 ], [ 103.808211428463324, 1.318198060207439 ], [ 103.808190600233075, 1.318178986946844 ] ] ] } },
{ "type": "Feature", "properties": { "class": "ALIGNED" }, "geometry": { "type": "Polygon", "coordinates": [ [ [ 103.808548615964057, 1.318491321911508 ], [ 103.80851921502618, 1.318524891630145 ], [ 103.808638281045916, 1.318630712521463 ], [ 103.808667681983479, 1.318597142801449 ], [ 103.808548615964057, 1.318491321911508 ] ] ] } },
{ "type": "Feature", "properties": { "class": "ALIGNED" }, "geometry": { "type": "Polygon", "coordinates": [ [ [ 103.869541169228057, 1.333761542739761 ], [ 103.869517656807119, 1.33376962629654 ], [ 103.86952622581299, 1.333794749412083 ], [ 103.869520578412022, 1.333796759897662 ], [ 103.869523589599325, 1.333805180389799 ], [ 103.869528454360392, 1.333803386963248 ], [ 103.869538307437054, 1.333830745648475 ], [ 103.869535105895892, 1.333831925891378 ], [ 103.869535434780929, 1.333832828442155 ], [ 103.869544579348272, 1.333829632283076 ], [ 103.869549408396637, 1.333843539526915 ], [ 103.869568047066863, 1.333836932869076 ], [ 103.869541169228057, 1.333761542739761 ] ] ] } },
{ "type": "Feature", "properties": { "class": "ALIGNED" }, "geometry": { "type": "Polygon", "coordinates": [ [ [ 103.869541169228057, 1.333761542739761 ], [ 103.869541121597365, 1.333761051670619 ], [ 103.869532353973312, 1.333733390911606 ], [ 103.869499386386053, 1.33364219439127 ], [ 103.869497769867579, 1.333641190570718 ], [ 103.869479728957373, 1.333662770780147 ], [ 103.86948205894727, 1.333664955690041 ], [ 103.869481840602859, 1.333665293925543 ], [ 103.869508882895659, 1.33374212108821 ], [ 103.869517656807119, 1.33376962629654 ], [ 103.869541169228057, 1.333761542739761 ] ] ] } },
{ "type": "Feature", "properties": { "class": "ALIGNED" }, "geometry": { "type": "Polygon", "coordinates": [ [ [ 103.869487079398681, 1.333618047139989 ], [ 103.86944991574812, 1.333663437737097 ], [ 103.869471508939426, 1.333723035030562 ], [ 103.869484233025474, 1.333758684886224 ], [ 103.869457788612465, 1.333766725076268 ], [ 103.869465471595348, 1.333788746235333 ], [ 103.869511630236275, 1.333773081961967 ], [ 103.869513481254046, 1.333772430792229 ], [ 103.869491852149338, 1.333714913537797 ], [ 103.869474796855883, 1.333668067715182 ], [ 103.869505688705573, 1.333631341021184 ], [ 103.869487079398681, 1.333618047139989 ] ] ] } },
{ "type": "Feature", "properties": { "class": "ALIGNED" }, "geometry": { "type": "Polygon", "coordinates": [ [ [ 103.869918584850041, 1.333710829412876 ], [ 103.869945613355, 1.333704967822936 ], [ 103.869949800905786, 1.333723618466684 ], [ 103.869956423577179, 1.333744387095306 ], [ 103.869982435776208, 1.333735934516253 ], [ 103.869975271266938, 1.333714633225203 ], [ 103.869960887432171, 1.333671718638124 ], [ 103.869945271624161, 1.333625266195945 ], [ 103.869920309576287, 1.333555065285029 ], [ 103.869928605008596, 1.333552053627572 ], [ 103.869923182843323, 1.333533546796159 ], [ 103.869891318357688, 1.333542826051061 ], [ 103.869921647778241, 1.333632899384745 ], [ 103.869918612452281, 1.333632842455188 ], [ 103.869936075775428, 1.333684888363539 ], [ 103.869914918453176, 1.33369154661057 ], [ 103.869918584850041, 1.333710829412876 ] ] ] } },
{ "type": "Feature", "properties": { "class": "ALIGNED" }, "geometry": { "type": "Polygon", "coordinates": [ [ [ 103.869436444012919, 1.333500959831895 ], [ 103.869432013910242, 1.333486028841383 ], [ 103.869418814158166, 1.333489302835181 ], [ 103.869377723300687, 1.333499350929249 ], [ 103.869347657698384, 1.333506865735688 ], [ 103.86935135098453, 1.333521833816157 ], [ 103.869382557753241, 1.333514254782972 ], [ 103.869421824547572, 1.333504686028861 ], [ 103.869436444012919, 1.333500959831895 ] ] ] } },
{ "type": "Feature", "properties": { "class": "ALIGNED" }, "geometry": { "type": "Polygon", "coordinates": [ [ [ 103.869611059533796, 1.332509765748614 ], [ 103.869590289478779, 1.332515083718895 ], [ 103.869615515200067, 1.332613775725952 ], [ 103.869644348836488, 1.332726705087546 ], [ 103.869704172767513, 1.33296033407589 ], [ 103.869719579405782, 1.333020614254559 ], [ 103.869751762137625, 1.333083595519867 ], [ 103.86977850215807, 1.33313602564654 ], [ 103.869788582513053, 1.333159548918191 ], [ 103.869782421143341, 1.333161834338771 ], [ 103.86979120131592, 1.333187330048479 ], [ 103.869818488545647, 1.333177784980098 ], [ 103.869797855136994, 1.33312683882487 ], [ 103.869770779944943, 1.33307375123049 ], [ 103.869739693483368, 1.333012915101446 ], [ 103.869724881723329, 1.332954961843619 ], [ 103.869665061384964, 1.332721348229954 ], [ 103.869636225950472, 1.332608413442456 ], [ 103.869611059533796, 1.332509765748614 ] ] ] } },
{ "type": "Feature", "properties": { "class": "ALIGNED" }, "geometry": { "type": "Polygon", "coordinates": [ [ [ 103.847870262108785, 1.331194309193563 ], [ 103.847735468908894, 1.331212561874794 ], [ 103.847611417039346, 1.331229438947565 ], [ 103.847614296136172, 1.331250799117026 ], [ 103.847657892250638, 1.331244981989797 ], [ 103.847797911451224, 1.331225992224871 ], [ 103.847872480770235, 1.331215877370468 ], [ 103.847870262108785, 1.331194309193563 ] ] ] } },
{ "type": "Feature", "properties": { "class": "UNREPRESENTED-surface" }, "geometry": { "type": "Polygon", "coordinates": [ [ [ 103.84838787313187, 1.331120751386717 ], [ 103.84835658909661, 1.331136360006385 ], [ 103.848333925764237, 1.331144651359367 ], [ 103.848168701190204, 1.331166251303652 ], [ 103.848168658074897, 1.331168826934126 ], [ 103.848166188845809, 1.331169355097981 ], [ 103.848165186939539, 1.331166647436597 ], [ 103.847975060698005, 1.33119195993489 ], [ 103.84789363899219, 1.33120228102825 ], [ 103.847878765162577, 1.331197208535835 ], [ 103.847870262108785, 1.331194309193563 ], [ 103.847872480770235, 1.331215877370468 ], [ 103.847893226669569, 1.331221827061637 ], [ 103.847988170735462, 1.331209459310491 ], [ 103.848160750888908, 1.331186903420521 ], [ 103.848339137500034, 1.331162895977789 ], [ 103.848364546813329, 1.331153485004609 ], [ 103.848389273209008, 1.331141641294744 ], [ 103.84838787313187, 1.331120751386717 ] ] ] } },
{ "type": "Feature", "properties": { "class": "UNREPRESENTED-surface" }, "geometry": { "type": "Polygon", "coordinates": [ [ [ 103.848387603778747, 1.331155989952867 ], [ 103.848395816575362, 1.331154937222072 ], [ 103.848410746972377, 1.331153025303604 ], [ 103.848432172127971, 1.331150280425291 ], [ 103.848440384924572, 1.33114922859871 ], [ 103.848455315321488, 1.331147315775608 ], [ 103.848484953273541, 1.331143519974539 ], [ 103.848539989698182, 1.331121004573947 ], [ 103.84855193596529, 1.331115060111646 ], [ 103.848566771979947, 1.331107677691682 ], [ 103.848580263758706, 1.331100963605403 ], [ 103.848592374460296, 1.331094843695155 ], [ 103.848572531398872, 1.331054615874956 ], [ 103.84848624062279, 1.331097374765702 ], [ 103.848381712575105, 1.33111150701018 ], [ 103.848387603778747, 1.331155989952867 ] ] ] } },
{ "type": "Feature", "properties": { "class": "NEEDS_MANUAL" }, "geometry": { "type": "Polygon", "coordinates": [ [ [ 103.839586261735803, 1.33653631178583 ], [ 103.839607094820508, 1.336542232606949 ], [ 103.839617460490544, 1.336504351463172 ], [ 103.839631621632819, 1.33645203032108 ], [ 103.839642326950994, 1.336411767080107 ], [ 103.839622684458845, 1.336406679175944 ], [ 103.839606550994304, 1.336463982467287 ], [ 103.839586261735803, 1.33653631178583 ] ] ] } },
{ "type": "Feature", "properties": { "class": "NEEDS_MANUAL" }, "geometry": { "type": "Polygon", "coordinates": [ [ [ 103.839444481863211, 1.337269894667156 ], [ 103.839442492514991, 1.337294168720376 ], [ 103.839461285866363, 1.337295309076902 ], [ 103.839494412127607, 1.337298496878418 ], [ 103.839496401475316, 1.33727422282516 ], [ 103.839463274315833, 1.337271035023671 ], [ 103.839444481863211, 1.337269894667156 ] ] ] } },
{ "type": "Feature", "properties": { "class": "ALIGNED" }, "geometry": { "type": "Polygon", "coordinates": [ [ [ 103.839528769480992, 1.336970018934214 ], [ 103.839506646071356, 1.336967368297847 ], [ 103.839499857679996, 1.337054061603004 ], [ 103.839492320816049, 1.33715157563153 ], [ 103.839488334054167, 1.337208351646549 ], [ 103.839510457465934, 1.337211002283066 ], [ 103.839514444227319, 1.337154227172361 ], [ 103.839521981090385, 1.33705671223941 ], [ 103.839528769480992, 1.336970018934214 ] ] ] } },
{ "type": "Feature", "properties": { "class": "ALIGNED" }, "geometry": { "type": "Polygon", "coordinates": [ [ [ 103.840129127248957, 1.338110486113087 ], [ 103.840075345807989, 1.338107384292136 ], [ 103.83999400287334, 1.338102966695061 ], [ 103.839992068373789, 1.33813904180099 ], [ 103.840073444556253, 1.338143445832552 ], [ 103.84012722689657, 1.338146548557918 ], [ 103.840129127248957, 1.338110486113087 ] ] ] } },
{ "type": "Feature", "properties": { "class": "ALIGNED" }, "geometry": { "type": "Polygon", "coordinates": [ [ [ 103.840175673542362, 1.338130465203826 ], [ 103.840119062524877, 1.338122005032001 ], [ 103.840116623910021, 1.338148729914664 ], [ 103.840173234928116, 1.338157190086541 ], [ 103.840175673542362, 1.338130465203826 ] ] ] } },
{ "type": "Feature", "properties": { "class": "ALIGNED" }, "geometry": { "type": "Polygon", "coordinates": [ [ [ 103.839447659497509, 1.338130002295162 ], [ 103.839596597404366, 1.338133017972734 ], [ 103.839715436290959, 1.338135939666256 ], [ 103.839868088837491, 1.338137990360557 ], [ 103.839901229474194, 1.33813617702063 ], [ 103.839935458280252, 1.338139916475451 ], [ 103.840001010838748, 1.338142333663394 ], [ 103.840002926493781, 1.338115644956857 ], [ 103.839936159082541, 1.338112437357657 ], [ 103.839903221507996, 1.338109563376204 ], [ 103.839869123906752, 1.338111406562751 ], [ 103.839814906671151, 1.338110611771097 ], [ 103.839766442905713, 1.338109402764108 ], [ 103.839716453388917, 1.338108675786445 ], [ 103.839716810095211, 1.338100357440662 ], [ 103.83969230010878, 1.338099782328884 ], [ 103.839691094256835, 1.338105141596162 ], [ 103.839689275572937, 1.338104700271028 ], [ 103.839689203699535, 1.338109088247854 ], [ 103.839603147830076, 1.338106578859163 ], [ 103.839521819280279, 1.338104999142167 ], [ 103.839448207550916, 1.338102782730477 ], [ 103.839447659497509, 1.338130002295162 ] ] ] } },
{ "type": "Feature", "properties": { "class": "ALIGNED" }, "geometry": { "type": "Polygon", "coordinates": [ [ [ 103.839452524208909, 1.338095573125696 ], [ 103.839423621166418, 1.338093859427324 ], [ 103.839419814059795, 1.338128944258368 ], [ 103.839448717102698, 1.338130658861164 ], [ 103.839452524208909, 1.338095573125696 ] ] ] } },
{ "type": "Feature", "properties": { "class": "OFFSET" }, "geometry": { "type": "Polygon", "coordinates": [ [ [ 103.839586668784435, 1.336537028945854 ], [ 103.839572132950906, 1.336592883440847 ], [ 103.839561562446946, 1.336646007649086 ], [ 103.839545310426033, 1.336725701197258 ], [ 103.839529239912991, 1.336805454432855 ], [ 103.839518703620783, 1.336885892258241 ], [ 103.839508885278633, 1.336967402658042 ], [ 103.83953667589499, 1.33696995651296 ], [ 103.839546493337664, 1.336888445208693 ], [ 103.83955703052753, 1.33680800828757 ], [ 103.839573101039704, 1.336728255051779 ], [ 103.839589353059736, 1.336648560599065 ], [ 103.8395999235631, 1.336595436390709 ], [ 103.839612914788802, 1.336545162733054 ], [ 103.839586668784435, 1.336537028945854 ] ] ] } },
{ "type": "Feature", "properties": { "class": "ALIGNED" }, "geometry": { "type": "Polygon", "coordinates": [ [ [ 103.83945443334332, 1.337610833737401 ], [ 103.839452066615124, 1.337641066649353 ], [ 103.839446609836131, 1.33770847618584 ], [ 103.839440068531758, 1.337790076108711 ], [ 103.839437372912784, 1.3378130243652 ], [ 103.839429514156308, 1.337827921981622 ], [ 103.839415911808018, 1.337840685312085 ], [ 103.839397261344985, 1.337848366126429 ], [ 103.839377431066112, 1.337852655576599 ], [ 103.839367107528389, 1.337853417981445 ], [ 103.839328196346457, 1.337853016539586 ], [ 103.839285026893705, 1.337851913320631 ], [ 103.839240256209564, 1.337850798348039 ], [ 103.839179069757421, 1.337849151647708 ], [ 103.839159034593308, 1.337847728225911 ], [ 103.83910521452421, 1.337845932285953 ], [ 103.839026799994826, 1.337838314103585 ], [ 103.839023121352739, 1.337862947193025 ], [ 103.839084442599358, 1.337869073214432 ], [ 103.839118772934398, 1.337871423576607 ], [ 103.83917317796616, 1.33787341576195 ], [ 103.839227137311596, 1.337874839101878 ], [ 103.83927774054041, 1.337876124081007 ], [ 103.839332985723146, 1.337877485014293 ], [ 103.839373247437877, 1.337877409852644 ], [ 103.839387536311477, 1.337875307169694 ], [ 103.839398509503283, 1.337872975690688 ], [ 103.839408966021978, 1.337869869172511 ], [ 103.839429585224593, 1.337861210735119 ], [ 103.83944907761078, 1.337842929861876 ], [ 103.839461120934601, 1.33782002589576 ], [ 103.839466217424686, 1.337765999146414 ], [ 103.839470532168477, 1.337711919041484 ], [ 103.839478494947656, 1.33761281152211 ], [ 103.83948152030132, 1.33757552366081 ], [ 103.839487853140213, 1.33749472138774 ], [ 103.839496428712408, 1.337386606395912 ], [ 103.839498512402159, 1.337359673510729 ], [ 103.839494737450892, 1.337316597733567 ], [ 103.839496556970701, 1.337292173556232 ], [ 103.839472546588098, 1.33729051682097 ], [ 103.83947111881362, 1.337304526335432 ], [ 103.839474353758916, 1.337358881348347 ], [ 103.839472270068896, 1.33738581423351 ], [ 103.839463695394201, 1.337493928320894 ], [ 103.839457361655974, 1.337574730593907 ], [ 103.83945443334332, 1.337610833737401 ] ] ] } },
{ "type": "Feature", "properties": { "class": "NEEDS_MANUAL" }, "geometry": { "type": "Polygon", "coordinates": [ [ [ 103.839510455835466, 1.337277671131551 ], [ 103.839515218942537, 1.337217358144878 ], [ 103.839500909398055, 1.337216273848038 ], [ 103.839501772888823, 1.337206737321921 ], [ 103.839474888916243, 1.337204596758935 ], [ 103.839469160788767, 1.337277890091988 ], [ 103.839495867745811, 1.337279903140097 ], [ 103.839496145392232, 1.337276646522729 ], [ 103.839510455835466, 1.337277671131551 ] ] ] } },
{ "type": "Feature", "properties": { "class": "ALIGNED" }, "geometry": { "type": "Polygon", "coordinates": [ [ [ 103.839749040801323, 1.337179879770821 ], [ 103.839774552675166, 1.337181976924937 ], [ 103.839781992498644, 1.337090167627302 ], [ 103.839787568767107, 1.337019568395781 ], [ 103.839797446445729, 1.336953588646808 ], [ 103.839772021731605, 1.336950425246917 ], [ 103.83976214405233, 1.337016404995792 ], [ 103.839756567783141, 1.33708700422726 ], [ 103.839749040801323, 1.337179879770821 ] ] ] } },
{ "type": "Feature", "properties": { "class": "ALIGNED" }, "geometry": { "type": "Polygon", "coordinates": [ [ [ 103.839766864005455, 1.336949754222038 ], [ 103.839794952943393, 1.336952375900586 ], [ 103.839806466830296, 1.336861273804974 ], [ 103.839826480145035, 1.336757511487632 ], [ 103.839799615936855, 1.336752121546366 ], [ 103.839779601722469, 1.336855882959154 ], [ 103.839766864005455, 1.336949754222038 ] ] ] } },
{ "type": "Feature", "properties": { "class": "ALIGNED" }, "geometry": { "type": "Polygon", "coordinates": [ [ [ 103.839961054161776, 1.334951222935021 ], [ 103.839931269648361, 1.334941098654576 ], [ 103.839917402331849, 1.33498688214692 ], [ 103.83994169215967, 1.334994497735155 ], [ 103.839945971992975, 1.334995885923148 ], [ 103.84001387694228, 1.33501701892904 ], [ 103.840014782691341, 1.335018148477878 ], [ 103.840026060547643, 1.335040505242829 ], [ 103.840054261924109, 1.335094786933899 ], [ 103.840054353579248, 1.335095619853389 ], [ 103.840048327897208, 1.335112243898954 ], [ 103.840040382022138, 1.335137953195929 ], [ 103.840009214009939, 1.335232549812205 ], [ 103.839980025501589, 1.335321059144922 ], [ 103.839966778175409, 1.33536189123986 ], [ 103.839965108670256, 1.335367495591438 ], [ 103.839958318262646, 1.335364797890444 ], [ 103.839948158353636, 1.335395722663391 ], [ 103.839954648642561, 1.33539823497049 ], [ 103.839952014094933, 1.335407030827133 ], [ 103.839921928828772, 1.335498129357151 ], [ 103.839896495356513, 1.335575110743809 ], [ 103.839892208371822, 1.335588075725344 ], [ 103.839851918262696, 1.335710400180479 ], [ 103.839824257275737, 1.335792914474468 ], [ 103.83981323655027, 1.335825891252166 ], [ 103.839795255654977, 1.335881695113494 ], [ 103.83978870066835, 1.335879019116169 ], [ 103.839778231651309, 1.335909974637493 ], [ 103.839785146957951, 1.335911976882313 ], [ 103.839778444664489, 1.335931065322258 ], [ 103.839751598661124, 1.33601221854451 ], [ 103.839723987094615, 1.336097222552606 ], [ 103.839695467086187, 1.336183040490786 ], [ 103.839666861718001, 1.336270898675194 ], [ 103.839657871706649, 1.33629495750818 ], [ 103.839636566164074, 1.336360306040035 ], [ 103.83962267637169, 1.336406624009738 ], [ 103.839644165401367, 1.336411994070853 ], [ 103.839658055193368, 1.336365676101033 ], [ 103.839679360735445, 1.336300327568996 ], [ 103.839687252712466, 1.336277734713718 ], [ 103.839715858978551, 1.33618987743344 ], [ 103.839744378087801, 1.336104059495032 ], [ 103.839771990552251, 1.336019054582331 ], [ 103.839833628440033, 1.335832727289489 ], [ 103.839844648266677, 1.335799750511704 ], [ 103.839872310151605, 1.33571723712187 ], [ 103.839912599361256, 1.335594911762031 ], [ 103.839912812319142, 1.335594800524624 ], [ 103.8399171002023, 1.335581835543051 ], [ 103.839942532775439, 1.335504855060551 ], [ 103.839976132270735, 1.335402821849109 ], [ 103.840001510027676, 1.335325646927667 ], [ 103.840030698535315, 1.335237137594718 ], [ 103.840060493557999, 1.335145214283544 ], [ 103.840070502501987, 1.335112478068315 ], [ 103.840075927943587, 1.335094449546231 ], [ 103.840076058231105, 1.335093228653744 ], [ 103.840064751614619, 1.335068790041941 ], [ 103.840039281869153, 1.335020408417753 ], [ 103.840028553939689, 1.335001619369455 ], [ 103.840028102862291, 1.3350010631865 ], [ 103.84000529475054, 1.334991587317211 ], [ 103.839953253845025, 1.334974091622336 ], [ 103.839961054161776, 1.334951222935021 ] ] ] } },
{ "type": "Feature", "properties": { "class": "ALIGNED" }, "geometry": { "type": "Polygon", "coordinates": [ [ [ 103.840989325856256, 1.338207066980602 ], [ 103.840960633070722, 1.338204221035419 ], [ 103.840934505671314, 1.338201687087667 ], [ 103.840907721429559, 1.338200456330936 ], [ 103.84088086260688, 1.33819904017941 ], [ 103.840854021755291, 1.33819758875731 ], [ 103.840827500804949, 1.338200852690543 ], [ 103.840781943869146, 1.338197777990822 ], [ 103.840771878211001, 1.338196615913142 ], [ 103.840747836351767, 1.338189134178751 ], [ 103.84073492495736, 1.338187670051831 ], [ 103.840728449954597, 1.338191429514776 ], [ 103.840725874754966, 1.338214682543037 ], [ 103.840742146760249, 1.338216528301609 ], [ 103.840766305429625, 1.338223100245006 ], [ 103.840854967124216, 1.338225543565968 ], [ 103.840879396244091, 1.338226863862655 ], [ 103.840906365589817, 1.338228286344392 ], [ 103.840932546000346, 1.338229489972095 ], [ 103.840957917711933, 1.338231949764348 ], [ 103.840979474142244, 1.338234088518893 ], [ 103.841011474538462, 1.338241973572531 ], [ 103.841044516367631, 1.338250875128141 ], [ 103.841085081842891, 1.338264109469798 ], [ 103.841111495904173, 1.338273256128353 ], [ 103.841135030085127, 1.338282482379933 ], [ 103.841154862208512, 1.338293052528827 ], [ 103.841164934068345, 1.338266222714413 ], [ 103.841144750610525, 1.338256239499292 ], [ 103.841118429095459, 1.338245380878766 ], [ 103.841067200412922, 1.338228601462624 ], [ 103.841041356040265, 1.338220013699045 ], [ 103.841014887174495, 1.338213043845275 ], [ 103.840989325856256, 1.338207066980602 ] ] ] } },
{ "type": "Feature", "properties": { "class": "UNREPRESENTED-surface" }, "geometry": { "type": "Polygon", "coordinates": [ [ [ 103.849195134360556, 1.33101347690314 ], [ 103.849134157498824, 1.331021640995754 ], [ 103.848926025129799, 1.331049514844039 ], [ 103.84892271839179, 1.331041296000104 ], [ 103.848907779905346, 1.331042646311345 ], [ 103.848811468249139, 1.331055123534758 ], [ 103.848758961168755, 1.331062323511953 ], [ 103.848759272979919, 1.331064288694158 ], [ 103.848749460755002, 1.331065515978575 ], [ 103.848748977319261, 1.331063492013769 ], [ 103.848713036903732, 1.331068509654074 ], [ 103.848703484363398, 1.331070047133728 ], [ 103.848702791581516, 1.331070836648326 ], [ 103.848680776969047, 1.331072758560952 ], [ 103.848663862558809, 1.331074332261116 ], [ 103.848629772241054, 1.331074664375933 ], [ 103.848629310394074, 1.331076424272211 ], [ 103.848619156700281, 1.33107482089724 ], [ 103.848619495449356, 1.331073751031869 ], [ 103.848603179456603, 1.331071943308851 ], [ 103.848577431299518, 1.331066709911544 ], [ 103.848573969177821, 1.331069144482422 ], [ 103.848582751778821, 1.331087657674378 ], [ 103.848585207527421, 1.331086805747693 ], [ 103.848601653824602, 1.331090845441712 ], [ 103.848642165249089, 1.331094501534816 ], [ 103.848678174852296, 1.331089211681393 ], [ 103.848774284350696, 1.331079187101107 ], [ 103.84889905235471, 1.33106251977763 ], [ 103.848922936030036, 1.331071182533779 ], [ 103.848996187162385, 1.331061818276236 ], [ 103.84919796674626, 1.331034908515723 ], [ 103.849195134360556, 1.33101347690314 ] ] ] } },
{ "type": "Feature", "properties": { "class": "UNREPRESENTED-surface" }, "geometry": { "type": "Polygon", "coordinates": [ [ [ 103.849195134360556, 1.33101347690314 ], [ 103.84919796674626, 1.331034908515723 ], [ 103.849337748705295, 1.331016208965603 ], [ 103.849391487718549, 1.331011373881249 ], [ 103.849439299831033, 1.331002727842489 ], [ 103.849446186217236, 1.33098000202066 ], [ 103.849295021361883, 1.331000103416132 ], [ 103.849195134360556, 1.33101347690314 ] ] ] } },
{ "type": "Feature", "properties": { "class": "ALIGNED" }, "geometry": { "type": "Polygon", "coordinates": [ [ [ 103.869417036715575, 1.333420921157643 ], [ 103.869438329727274, 1.33341482542756 ], [ 103.869406615433633, 1.333309816529837 ], [ 103.869386844668696, 1.333260386072963 ], [ 103.869383911592735, 1.333247547759447 ], [ 103.86938307593681, 1.333247674382777 ], [ 103.869382780283573, 1.333245744473539 ], [ 103.869383427242738, 1.33324562870536 ], [ 103.869365431640205, 1.333169599961292 ], [ 103.869340275003879, 1.333063504824145 ], [ 103.86932461130634, 1.332997650144589 ], [ 103.86930094218873, 1.332919391320653 ], [ 103.869280091394359, 1.332872043629666 ], [ 103.869255845222213, 1.332781090250745 ], [ 103.869247664389292, 1.33275527800251 ], [ 103.869227441232667, 1.332676448473081 ], [ 103.869220804148043, 1.332652538984751 ], [ 103.869214614675172, 1.332637645098402 ], [ 103.869187202628609, 1.332590520880584 ], [ 103.869170486468846, 1.332568853459004 ], [ 103.869149348570929, 1.332551203288606 ], [ 103.869137362047056, 1.33256641758605 ], [ 103.869154445664108, 1.332584483823498 ], [ 103.869168782401644, 1.33260306739746 ], [ 103.869194711792886, 1.332647642234002 ], [ 103.869199797799837, 1.332659881827107 ], [ 103.869205996365807, 1.332682209588605 ], [ 103.869226330949047, 1.332761469594032 ], [ 103.869234543232722, 1.332787383130705 ], [ 103.869259102118846, 1.332879507657138 ], [ 103.869280105672587, 1.332927206239441 ], [ 103.869303182612384, 1.333003508027773 ], [ 103.869318687255102, 1.333068689862714 ], [ 103.869343841194762, 1.333174775956497 ], [ 103.869359745726754, 1.333241970900255 ], [ 103.869367790950051, 1.333272566333153 ], [ 103.86938566389378, 1.333317249809515 ], [ 103.869417036715575, 1.333420921157643 ] ] ] } },
{ "type": "Feature", "properties": { "class": "NEEDS_MANUAL" }, "geometry": { "type": "Polygon", "coordinates": [ [ [ 103.869612563614211, 1.332441297203167 ], [ 103.869616784887, 1.332431360889118 ], [ 103.869597406484559, 1.332422180069007 ], [ 103.8695929030728, 1.332432650866557 ], [ 103.869583802929881, 1.332462526678768 ], [ 103.869583624131394, 1.332463501586217 ], [ 103.869584191504345, 1.332489757988989 ], [ 103.869584506026357, 1.332491622783691 ], [ 103.86959086905091, 1.332515302566491 ], [ 103.869611804433447, 1.332509515228645 ], [ 103.869605700218798, 1.332487600761347 ], [ 103.869605059236804, 1.332466321981247 ], [ 103.86960508796794, 1.332464771900272 ], [ 103.869612563614211, 1.332441297203167 ] ] ] } },
{ "type": "Feature", "properties": { "class": "UNREPRESENTED-surface" }, "geometry": { "type": "Polygon", "coordinates": [ [ [ 103.86959237902667, 1.332419811613163 ], [ 103.869616804651031, 1.332431072396588 ], [ 103.869627613041871, 1.332407528014001 ], [ 103.86960331950111, 1.332395966979732 ], [ 103.86959237902667, 1.332419811613163 ] ] ] } },
{ "type": "Feature", "properties": { "class": "ALIGNED" }, "geometry": { "type": "Polygon", "coordinates": [ [ [ 103.869073674703699, 1.33285348547813 ], [ 103.869241864994848, 1.332809695501409 ], [ 103.86923486844961, 1.332783198631922 ], [ 103.869069341476745, 1.332826635867138 ], [ 103.869021508793651, 1.332839126741636 ], [ 103.869028028201171, 1.332865479824809 ], [ 103.869073674703699, 1.33285348547813 ] ] ] } },
{ "type": "Feature", "properties": { "class": "UNREPRESENTED-surface" }, "geometry": { "type": "Polygon", "coordinates": [ [ [ 103.869163355770525, 1.332523692318947 ], [ 103.869172786737863, 1.332504218502519 ], [ 103.869148742988997, 1.332492114841421 ], [ 103.869139167354902, 1.332511657391572 ], [ 103.869163355770525, 1.332523692318947 ] ] ] } },
{ "type": "Feature", "properties": { "class": "UNREPRESENTED-surface" }, "geometry": { "type": "Polygon", "coordinates": [ [ [ 103.869137656760216, 1.332565491512612 ], [ 103.869148782508773, 1.332553171193789 ], [ 103.869163379135529, 1.332523867765284 ], [ 103.869144169652202, 1.332513970682502 ], [ 103.869122164628408, 1.332557225848641 ], [ 103.869137656760216, 1.332565491512612 ] ] ] } },
{ "type": "Feature", "properties": { "class": "ALIGNED" }, "geometry": { "type": "Polygon", "coordinates": [ [ [ 103.86953105016191, 1.332071481203018 ], [ 103.869514543172414, 1.332098116786915 ], [ 103.869541089463098, 1.332114647271183 ], [ 103.869557511084565, 1.332087670743011 ], [ 103.86953105016191, 1.332071481203018 ] ] ] } },
{ "type": "Feature", "properties": { "class": "ALIGNED" }, "geometry": { "type": "Polygon", "coordinates": [ [ [ 103.869531912770313, 1.33207109412231 ], [ 103.869508642534356, 1.332048933016846 ], [ 103.869493685785585, 1.332029785130548 ], [ 103.869481962933293, 1.332010100908334 ], [ 103.869472098248053, 1.331987151903197 ], [ 103.869453527602886, 1.331912902052054 ], [ 103.86943628155079, 1.331846899984415 ], [ 103.86941547106494, 1.331852156456937 ], [ 103.869451698423518, 1.331993932223975 ], [ 103.869462486856904, 1.332019106856341 ], [ 103.869476399544979, 1.332042511601422 ], [ 103.869492788620406, 1.33206357581481 ], [ 103.869519705253182, 1.332089527057688 ], [ 103.869531912770313, 1.33207109412231 ] ] ] } },
{ "type": "Feature", "properties": { "class": "ALIGNED" }, "geometry": { "type": "Polygon", "coordinates": [ [ [ 103.869090511635406, 1.330406191976499 ], [ 103.869095236544965, 1.330427278972397 ], [ 103.869249398487284, 1.330388087896325 ], [ 103.869393860551824, 1.330351376720542 ], [ 103.869524927890183, 1.330317941341963 ], [ 103.869520027762306, 1.33029709038865 ], [ 103.869319755714017, 1.330347820944069 ], [ 103.86917240300771, 1.330385429287246 ], [ 103.869090511635406, 1.330406191976499 ] ] ] } },
{ "type": "Feature", "properties": { "class": "ALIGNED" }, "geometry": { "type": "Polygon", "coordinates": [ [ [ 103.778753267457503, 1.340084760757931 ], [ 103.778775178218879, 1.340071251858215 ], [ 103.778755850397047, 1.340063028946571 ], [ 103.778716083254125, 1.340045780926944 ], [ 103.778665752772653, 1.340023113719812 ], [ 103.778617671344762, 1.340002270664607 ], [ 103.778609749213032, 1.340021914179059 ], [ 103.778646190809681, 1.340038184508095 ], [ 103.778704692712594, 1.340064194428729 ], [ 103.778742992532031, 1.340080396970753 ], [ 103.778753267457503, 1.340084760757931 ] ] ] } },
{ "type": "Feature", "properties": { "class": "UNREPRESENTED-surface" }, "geometry": { "type": "Polygon", "coordinates": [ [ [ 103.7945284447772, 1.331774494143035 ], [ 103.79463361867677, 1.331736362379234 ], [ 103.794617423740377, 1.331695352816855 ], [ 103.794512129467506, 1.331731457897562 ], [ 103.7945284447772, 1.331774494143035 ] ] ] } },
{ "type": "Feature", "properties": { "class": "UNREPRESENTED-surface" }, "geometry": { "type": "Polygon", "coordinates": [ [ [ 103.79360528795641, 1.33210982849768 ], [ 103.793741319422182, 1.33205805403296 ], [ 103.793736312021437, 1.332042181453244 ], [ 103.793600646363444, 1.332088052233176 ], [ 103.79360528795641, 1.33210982849768 ] ] ] } },
{ "type": "Feature", "properties": { "class": "ALIGNED" }, "geometry": { "type": "Polygon", "coordinates": [ [ [ 103.796957703822983, 1.330929176809753 ], [ 103.796949145042873, 1.330931579578903 ], [ 103.796946372218287, 1.330923466484758 ], [ 103.796817545597179, 1.330968529950852 ], [ 103.796687420572425, 1.331012632955643 ], [ 103.796681732914152, 1.330999038465062 ], [ 103.796614048835906, 1.331022956081311 ], [ 103.796620744534934, 1.33104592884587 ], [ 103.796627188713131, 1.331063848018424 ], [ 103.796682639720629, 1.331048823738354 ], [ 103.796965307998946, 1.330949832605368 ], [ 103.796957703822983, 1.330929176809753 ] ] ] } },
{ "type": "Feature", "properties": { "class": "ALIGNED" }, "geometry": { "type": "Polygon", "coordinates": [ [ [ 103.775730850891321, 1.341018465078152 ], [ 103.775704657093158, 1.341014035787024 ], [ 103.775700412603058, 1.341039457359704 ], [ 103.77568836524766, 1.341093720725528 ], [ 103.775686396285508, 1.341103068185596 ], [ 103.775664753756942, 1.341210924841255 ], [ 103.775640803454152, 1.3413303799106 ], [ 103.77562374844409, 1.341422145325024 ], [ 103.775613456432978, 1.341495055813891 ], [ 103.775603529962808, 1.341575308842952 ], [ 103.775598198972318, 1.341645021618172 ], [ 103.775584193919187, 1.341764440747819 ], [ 103.775609654347349, 1.341775399531492 ], [ 103.775624640822329, 1.341647615057618 ], [ 103.775629965520153, 1.341577988196733 ], [ 103.775639785939504, 1.3414985879803 ], [ 103.775649964712457, 1.341426485085684 ], [ 103.775666877731339, 1.341335482046577 ], [ 103.77569079028909, 1.341216213275012 ], [ 103.775712406755304, 1.341108486846897 ], [ 103.775714320000404, 1.34109940888595 ], [ 103.775726489572293, 1.341044591147727 ], [ 103.775730850891321, 1.341018465078152 ] ] ] } },
{ "type": "Feature", "properties": { "class": "UNREPRESENTED-surface" }, "geometry": { "type": "Polygon", "coordinates": [ [ [ 103.77599044510923, 1.341887354341526 ], [ 103.775952429933625, 1.341879385997302 ], [ 103.775940821721576, 1.341905947799491 ], [ 103.775936482093798, 1.341926686573211 ], [ 103.775929056491293, 1.34196118969471 ], [ 103.775920829277069, 1.341999821219085 ], [ 103.775970469058365, 1.342010461329614 ], [ 103.775983249788808, 1.341949706454954 ], [ 103.775991286477051, 1.341912369975122 ], [ 103.775992288483522, 1.341907538886053 ], [ 103.77599044510923, 1.341887354341526 ] ] ] } },
{ "type": "Feature", "properties": { "class": "ALIGNED" }, "geometry": { "type": "Polygon", "coordinates": [ [ [ 103.792501252183627, 1.332512311250689 ], [ 103.792500335764743, 1.332505712088841 ], [ 103.792435476011192, 1.332515058515893 ], [ 103.792440220083833, 1.332533569124346 ], [ 103.792573049488254, 1.332515300466949 ], [ 103.792604523305144, 1.332510364970245 ], [ 103.792660704047279, 1.33249213753673 ], [ 103.792728345965003, 1.332468451548888 ], [ 103.792750216998556, 1.332458029112535 ], [ 103.792767976396263, 1.332437919961455 ], [ 103.792778142258882, 1.332407706221679 ], [ 103.792770186976014, 1.332374973526995 ], [ 103.792752268766733, 1.332380878729184 ], [ 103.792760028173262, 1.332413049810428 ], [ 103.792751910371948, 1.332427893007756 ], [ 103.792739077839542, 1.332443077976625 ], [ 103.792721580133176, 1.33245026014799 ], [ 103.792663336267026, 1.332470918480014 ], [ 103.792598140263593, 1.33249190317049 ], [ 103.79251030706898, 1.332504275220211 ], [ 103.792503357615757, 1.332505360341525 ], [ 103.792504273136103, 1.33251195950334 ], [ 103.792501252183627, 1.332512311250689 ] ] ] } },
{ "type": "Feature", "properties": { "class": "UNREPRESENTED-surface" }, "geometry": { "type": "Polygon", "coordinates": [ [ [ 103.79497873535837, 1.331611806989988 ], [ 103.794971852742179, 1.331590867229612 ], [ 103.794781328143429, 1.331658474518741 ], [ 103.794652317225328, 1.331704716252381 ], [ 103.794624969552729, 1.331712158739098 ], [ 103.794631388562451, 1.331729818363456 ], [ 103.794660074140438, 1.331725257202671 ], [ 103.794753497551255, 1.331691373951842 ], [ 103.794920276769929, 1.331632753865874 ], [ 103.79497873535837, 1.331611806989988 ] ] ] } },
{ "type": "Feature", "properties": { "class": "UNREPRESENTED-surface" }, "geometry": { "type": "Polygon", "coordinates": [ [ [ 103.795408847713347, 1.330932518472761 ], [ 103.795423261628812, 1.330979536599799 ], [ 103.795433991713594, 1.331010308668083 ], [ 103.795510382871711, 1.3312181463478 ], [ 103.795513817172051, 1.33121687576886 ], [ 103.795517381602394, 1.33122614736747 ], [ 103.795513790951631, 1.331227527372091 ], [ 103.795533460730312, 1.331261047941244 ], [ 103.795555915278314, 1.33128512518036 ], [ 103.79559454026419, 1.331307668866417 ], [ 103.795614061491406, 1.331360364670566 ], [ 103.795631898814293, 1.331354638509854 ], [ 103.795608997333815, 1.331294388498142 ], [ 103.795568799890162, 1.331270848178542 ], [ 103.795548475789431, 1.331248675563774 ], [ 103.795532538501959, 1.331222393584795 ], [ 103.795451678090615, 1.331003685376817 ], [ 103.795441489821144, 1.33097381225516 ], [ 103.795426709298397, 1.330926541804895 ], [ 103.795354307189413, 1.330696174658919 ], [ 103.795349949424491, 1.330681094315365 ], [ 103.795388046565847, 1.330610968682601 ], [ 103.795397742034652, 1.330607556665844 ], [ 103.795392890960372, 1.330592614682469 ], [ 103.795373124359443, 1.330603826686058 ], [ 103.795331362773965, 1.330682664003875 ], [ 103.79533665497722, 1.330701638554949 ], [ 103.795351876664611, 1.330750432866577 ], [ 103.795355780909901, 1.330749108033246 ], [ 103.795359027220542, 1.330760323106208 ], [ 103.795355621671902, 1.330761766419004 ], [ 103.79538279536321, 1.330848934904906 ], [ 103.795401820454558, 1.330909822435567 ], [ 103.795404284308589, 1.330908917204959 ], [ 103.795406836977449, 1.330917320598259 ], [ 103.795404389299748, 1.330918072991547 ], [ 103.795408847713347, 1.330932518472761 ] ] ] } },
{ "type": "Feature", "properties": { "class": "UNREPRESENTED-surface" }, "geometry": { "type": "Polygon", "coordinates": [ [ [ 103.795604734431677, 1.331363526184809 ], [ 103.795600459203115, 1.331356878136442 ], [ 103.795562558707218, 1.331376646957757 ], [ 103.795588046876958, 1.331394464233129 ], [ 103.795613639747614, 1.331381486998471 ], [ 103.795604734431677, 1.331363526184809 ] ] ] } },
{ "type": "Feature", "properties": { "class": "UNREPRESENTED-surface" }, "geometry": { "type": "Polygon", "coordinates": [ [ [ 103.793736312021437, 1.332042181453244 ], [ 103.793741319422182, 1.33205805403296 ], [ 103.793856278653365, 1.332017991643626 ], [ 103.794019124918123, 1.331960311191606 ], [ 103.79414623450316, 1.331914851736906 ], [ 103.794341085683357, 1.331847399213604 ], [ 103.794397605196352, 1.331826500252376 ], [ 103.794454682629194, 1.331810875551613 ], [ 103.794492806793386, 1.331796680349069 ], [ 103.794516996210788, 1.331778467738646 ], [ 103.794532264560232, 1.331773168405387 ], [ 103.794526308313209, 1.33175514704237 ], [ 103.794511819927763, 1.331759351202705 ], [ 103.794486509991955, 1.331778778356661 ], [ 103.794442211823466, 1.331794567855447 ], [ 103.794390401766222, 1.331807713776971 ], [ 103.794335092612911, 1.3318283495873 ], [ 103.794287019586605, 1.331845503708936 ], [ 103.794197187721807, 1.331877576461527 ], [ 103.794112593566069, 1.331907936428515 ], [ 103.79401481751114, 1.331943172513549 ], [ 103.793939376997187, 1.331970153011767 ], [ 103.793886635042469, 1.331988870696226 ], [ 103.793785138044825, 1.332025053581405 ], [ 103.793736312021437, 1.332042181453244 ] ] ] } },
{ "type": "Feature", "properties": { "class": "UNREPRESENTED-surface" }, "geometry": { "type": "Polygon", "coordinates": [ [ [ 103.79497536193486, 1.329707956235902 ], [ 103.794953465787245, 1.32971759189592 ], [ 103.794989855970144, 1.329802636178447 ], [ 103.795032383950826, 1.329903071029334 ], [ 103.795057177939015, 1.329951911614824 ], [ 103.795083762735459, 1.330001652974929 ], [ 103.795098879685071, 1.330024318390782 ], [ 103.795116040743153, 1.330053853390232 ], [ 103.795125323295309, 1.330081508997661 ], [ 103.795143711432601, 1.330075256508722 ], [ 103.795133794529065, 1.330045713483015 ], [ 103.795115330599799, 1.330013933830974 ], [ 103.795100406835076, 1.329991558719207 ], [ 103.795074367445835, 1.329942840203894 ], [ 103.795049974201007, 1.329894788230555 ], [ 103.795007696009051, 1.329794943029438 ], [ 103.794984823206107, 1.329741487502038 ], [ 103.794987173843623, 1.329740419484442 ], [ 103.794986258258689, 1.329737629506015 ], [ 103.794987479402849, 1.329737155638164 ], [ 103.794980168177119, 1.329716428396581 ], [ 103.794979012627692, 1.329716889604341 ], [ 103.79497536193486, 1.329707956235902 ] ] ] } },
{ "type": "Feature", "properties": { "class": "ALIGNED" }, "geometry": { "type": "Polygon", "coordinates": [ [ [ 103.775843951251417, 1.342421286504561 ], [ 103.775867094444735, 1.34242612268647 ], [ 103.775877261155429, 1.342370272117135 ], [ 103.775880468045884, 1.342334746060537 ], [ 103.775875657992387, 1.342298951218252 ], [ 103.775867695755778, 1.342264682867914 ], [ 103.775856294633797, 1.34223459078934 ], [ 103.77582546125042, 1.342166422716331 ], [ 103.775804932536658, 1.342175782398278 ], [ 103.775837482904564, 1.342250914115234 ], [ 103.77584886500145, 1.342287652364716 ], [ 103.775856426192533, 1.342334240856887 ], [ 103.775853895997159, 1.342366343911573 ], [ 103.775843951251417, 1.342421286504561 ] ] ] } },
{ "type": "Feature", "properties": { "class": "NEEDS_MANUAL" }, "geometry": { "type": "Polygon", "coordinates": [ [ [ 103.847205400140794, 1.338159789199686 ], [ 103.847213294991747, 1.338180144590863 ], [ 103.847300344464557, 1.338145382131112 ], [ 103.847395798133661, 1.338107044666937 ], [ 103.847447270151363, 1.338086446563672 ], [ 103.847451322706902, 1.338096249851364 ], [ 103.84747632414458, 1.33808608193641 ], [ 103.847472911363766, 1.338076464039777 ], [ 103.847515770711865, 1.33805869031534 ], [ 103.847578988687076, 1.338038289292428 ], [ 103.847639907255797, 1.338018939152924 ], [ 103.847633227251805, 1.337998353143065 ], [ 103.847619039935594, 1.338002804508297 ], [ 103.847619136045438, 1.337996596045461 ], [ 103.847595038500799, 1.337996643213487 ], [ 103.847595144609869, 1.338010348856821 ], [ 103.847508112180677, 1.338038494996301 ], [ 103.847463615659464, 1.338056342887973 ], [ 103.847440293624871, 1.338065937425984 ], [ 103.847387937427811, 1.338086883714511 ], [ 103.847292277990036, 1.338125332416403 ], [ 103.847205400140794, 1.338159789199686 ] ] ] } },
{ "type": "Feature", "properties": { "class": "UNREPRESENTED-surface" }, "geometry": { "type": "Polygon", "coordinates": [ [ [ 103.846878232156001, 1.338309855858222 ], [ 103.846958602671251, 1.338278716331876 ], [ 103.847050312969415, 1.338242906600855 ], [ 103.847042555600027, 1.338222719420173 ], [ 103.846951106780878, 1.338258128515974 ], [ 103.846868269729569, 1.338290562201357 ], [ 103.846774280685651, 1.338327044785316 ], [ 103.846685081845266, 1.338361611895426 ], [ 103.846613321297653, 1.33838974525829 ], [ 103.846502704321097, 1.338408439977045 ], [ 103.846501898312709, 1.338408219316467 ], [ 103.84649257676692, 1.338427520313934 ], [ 103.846498966436741, 1.338430965003811 ], [ 103.846618896069231, 1.338410748189014 ], [ 103.846678237663752, 1.338387604272947 ], [ 103.846789180681711, 1.338344491702993 ], [ 103.846878232156001, 1.338309855858222 ] ] ] } },
{ "type": "Feature", "properties": { "class": "UNREPRESENTED-surface" }, "geometry": { "type": "Polygon", "coordinates": [ [ [ 103.846475940627599, 1.33838578488645 ], [ 103.846461234076301, 1.338415862320221 ], [ 103.846491255001553, 1.338430256928043 ], [ 103.84649257676692, 1.338427520313934 ], [ 103.846501898312709, 1.338408219316467 ], [ 103.846505984914344, 1.338400039317492 ], [ 103.846475940627599, 1.33838578488645 ] ] ] } },
{ "type": "Feature", "properties": { "class": "UNREPRESENTED-surface" }, "geometry": { "type": "Polygon", "coordinates": [ [ [ 103.846267916962162, 1.338533630603244 ], [ 103.846269260299181, 1.338532025349127 ], [ 103.846289378991301, 1.338524456615769 ], [ 103.846292777336885, 1.33852372587118 ], [ 103.84628224967588, 1.338495895918417 ], [ 103.846256567111979, 1.338504251478351 ], [ 103.846267916962162, 1.338533630603244 ] ] ] } },
{ "type": "Feature", "properties": { "class": "UNREPRESENTED-surface" }, "geometry": { "type": "Polygon", "coordinates": [ [ [ 103.846269260299181, 1.338532025349127 ], [ 103.846295765451956, 1.338601238032064 ], [ 103.846315599300283, 1.338593456774338 ], [ 103.846309484523914, 1.338577574357588 ], [ 103.84630508609078, 1.338579923919972 ], [ 103.84630261771845, 1.338573980449635 ], [ 103.846307522941331, 1.338572123763214 ], [ 103.846289378991301, 1.338524456615769 ], [ 103.846269260299181, 1.338532025349127 ] ] ] } },
{ "type": "Feature", "properties": { "class": "UNREPRESENTED-surface" }, "geometry": { "type": "Polygon", "coordinates": [ [ [ 103.846202576900311, 1.338617927668423 ], [ 103.846210860714592, 1.338617982790887 ], [ 103.846245466010359, 1.338617506912044 ], [ 103.846265869567034, 1.33861387849348 ], [ 103.84629077936124, 1.338603577649522 ], [ 103.846298005555383, 1.338600523572179 ], [ 103.846294170453518, 1.338590477007374 ], [ 103.846289486201883, 1.338578203901692 ], [ 103.846282596966873, 1.338581164827666 ], [ 103.846257840824748, 1.338591147334424 ], [ 103.846203901244351, 1.338592668760982 ], [ 103.846202732226089, 1.338593969243303 ], [ 103.846202644237891, 1.338607504867212 ], [ 103.846202576900311, 1.338617927668423 ] ] ] } },
{ "type": "Feature", "properties": { "class": "UNREPRESENTED-surface" }, "geometry": { "type": "Polygon", "coordinates": [ [ [ 103.846210860714592, 1.338617982790887 ], [ 103.846209390145489, 1.33868924310362 ], [ 103.84624397118742, 1.338689965507879 ], [ 103.846245466010359, 1.338617506912044 ], [ 103.846210860714592, 1.338617982790887 ] ] ] } },
{ "type": "Feature", "properties": { "class": "ALIGNED" }, "geometry": { "type": "Polygon", "coordinates": [ [ [ 103.878151685232211, 1.343581240273303 ], [ 103.878135046762338, 1.343590740926375 ], [ 103.878146144342097, 1.343610428730318 ], [ 103.878162782812055, 1.343600928077167 ], [ 103.878151685232211, 1.343581240273303 ] ] ] } },
{ "type": "Feature", "properties": { "class": "ALIGNED" }, "geometry": { "type": "Polygon", "coordinates": [ [ [ 103.87813790504417, 1.343637930597877 ], [ 103.878173218076469, 1.343616415121482 ], [ 103.87816301013244, 1.343600082492442 ], [ 103.878127697100254, 1.343621597968687 ], [ 103.87813790504417, 1.343637930597877 ] ] ] } },
{ "type": "Feature", "properties": { "class": "OFFSET" }, "geometry": { "type": "Polygon", "coordinates": [ [ [ 103.878147690257734, 1.343631925438955 ], [ 103.878137291808272, 1.343615004072214 ], [ 103.877917767889286, 1.343751662067159 ], [ 103.877846743507035, 1.343781093190621 ], [ 103.87781798334737, 1.343784718409584 ], [ 103.877740843668931, 1.343831245743065 ], [ 103.877749937406819, 1.343848166231047 ], [ 103.877822926680125, 1.343804149488365 ], [ 103.877851932145845, 1.343800459150624 ], [ 103.877926727758549, 1.343769465216384 ], [ 103.878147690257734, 1.343631925438955 ] ] ] } },
{ "type": "Feature", "properties": { "class": "ALIGNED" }, "geometry": { "type": "Polygon", "coordinates": [ [ [ 103.840591199300931, 1.335027163348165 ], [ 103.840603081765892, 1.335006682169103 ], [ 103.84051412450124, 1.334983460159471 ], [ 103.840463043261835, 1.334969442658662 ], [ 103.840464485428711, 1.334963209774046 ], [ 103.840433732273027, 1.334954792038452 ], [ 103.840431684479853, 1.334961570256628 ], [ 103.840382490214395, 1.334948335023992 ], [ 103.840267329191349, 1.334915065590738 ], [ 103.840191391131029, 1.334891197816048 ], [ 103.840031034422424, 1.334840981610872 ], [ 103.839998650382185, 1.334830459417943 ], [ 103.839992269780097, 1.334850766941147 ], [ 103.840046835630744, 1.334868591816992 ], [ 103.840076320024025, 1.334878161721399 ], [ 103.840126861230956, 1.334893861349864 ], [ 103.840174081367238, 1.334908578846686 ], [ 103.840267326556997, 1.334936955734468 ], [ 103.840340224792655, 1.334958465837134 ], [ 103.840429343799656, 1.334983262351314 ], [ 103.840476788572389, 1.334995759626656 ], [ 103.840535512947341, 1.335011289202159 ], [ 103.840591199300931, 1.335027163348165 ] ] ] } },
{ "type": "Feature", "properties": { "class": "UNREPRESENTED-surface" }, "geometry": { "type": "Polygon", "coordinates": [ [ [ 103.79526616586088, 1.330474329996369 ], [ 103.795273459187271, 1.330490664739032 ], [ 103.795318038895942, 1.330512631537107 ], [ 103.795358322739688, 1.330526146078354 ], [ 103.795369500835378, 1.330522066663738 ], [ 103.795364123245378, 1.330504662992311 ], [ 103.795352945149773, 1.330508742406906 ], [ 103.795324930179149, 1.330495686568545 ], [ 103.795287327703136, 1.330477159176624 ], [ 103.795283110942734, 1.330466614222498 ], [ 103.79526616586088, 1.330474329996369 ] ] ] } },
{ "type": "Feature", "properties": { "class": "ALIGNED" }, "geometry": { "type": "Polygon", "coordinates": [ [ [ 103.778988962010629, 1.339929236206197 ], [ 103.778971631799166, 1.339915862987309 ], [ 103.778939425147911, 1.339938619686182 ], [ 103.778938950717972, 1.339938203668094 ], [ 103.778928250490054, 1.339946727060634 ], [ 103.778908603089718, 1.33996525885063 ], [ 103.778877954414156, 1.339993646154351 ], [ 103.778839045164176, 1.340027511910448 ], [ 103.778827422080241, 1.340037628771397 ], [ 103.778800191760979, 1.34005517463378 ], [ 103.778776019300906, 1.340069859156362 ], [ 103.778754246021322, 1.340083265866015 ], [ 103.778755095136177, 1.340084323086673 ], [ 103.778767660171255, 1.340103025617906 ], [ 103.778774595689001, 1.340123777311955 ], [ 103.778779945321574, 1.340141302199334 ], [ 103.778800432633574, 1.340133774731666 ], [ 103.778794588780855, 1.340116816869539 ], [ 103.778785132983174, 1.340088009948047 ], [ 103.77880292286558, 1.340078449409395 ], [ 103.778836830447091, 1.34005772756978 ], [ 103.778853581653067, 1.3400455344036 ], [ 103.778891669632358, 1.340011119679893 ], [ 103.778926349347074, 1.33997803791206 ], [ 103.778941806673046, 1.339963764678853 ], [ 103.778954295911319, 1.339956173725606 ], [ 103.778954175521761, 1.339955386926137 ], [ 103.778966817574741, 1.339945084692666 ], [ 103.778988962010629, 1.339929236206197 ] ] ] } },
{ "type": "Feature", "properties": { "class": "ALIGNED" }, "geometry": { "type": "Polygon", "coordinates": [ [ [ 103.796506418863387, 1.331086576501112 ], [ 103.796625186983178, 1.331046760023294 ], [ 103.796609391928229, 1.331002156534929 ], [ 103.796491570860937, 1.331043817025275 ], [ 103.796506418863387, 1.331086576501112 ] ] ] } },
{ "type": "Feature", "properties": { "class": "ALIGNED" }, "geometry": { "type": "Polygon", "coordinates": [ [ [ 103.797083951179829, 1.330850272886659 ], [ 103.797106419680915, 1.330842623200407 ], [ 103.797096943867672, 1.330818168142691 ], [ 103.797075363142653, 1.330825633351652 ], [ 103.797083951179829, 1.330850272886659 ] ] ] } },
{ "type": "Feature", "properties": { "class": "ALIGNED" }, "geometry": { "type": "Polygon", "coordinates": [ [ [ 103.775001230434697, 1.34038171934041 ], [ 103.775001667774802, 1.340430602940159 ], [ 103.775029443126755, 1.340430905663345 ], [ 103.775027431515809, 1.340381804074127 ], [ 103.775001230434697, 1.34038171934041 ] ] ] } },
{ "type": "Feature", "properties": { "class": "NEEDS_MANUAL" }, "geometry": { "type": "Polygon", "coordinates": [ [ [ 103.795631898814293, 1.331354638509854 ], [ 103.795613913228053, 1.331360470478904 ], [ 103.795613975219155, 1.331361080021458 ], [ 103.795604738025929, 1.331363524376139 ], [ 103.795613639747614, 1.331381486998471 ], [ 103.795615309243288, 1.33138289873696 ], [ 103.795650360281471, 1.331372101165631 ], [ 103.795698411497284, 1.331369933238407 ], [ 103.795753481379592, 1.331364771971821 ], [ 103.795780505498641, 1.33136172286947 ], [ 103.79583043763094, 1.331343743061668 ], [ 103.795942845085008, 1.331231664188735 ], [ 103.795922550461583, 1.331220898325385 ], [ 103.795814331242639, 1.331328620033929 ], [ 103.795778005140008, 1.331340388875446 ], [ 103.795698698471952, 1.331347821533777 ], [ 103.795644231551634, 1.331350966980222 ], [ 103.795632242063775, 1.331354567974716 ], [ 103.795631898814293, 1.331354638509854 ] ] ] } },
{ "type": "Feature", "properties": { "class": "ALIGNED" }, "geometry": { "type": "Polygon", "coordinates": [ [ [ 103.778971631799166, 1.339915862987309 ], [ 103.778988962010629, 1.339929236206197 ], [ 103.779001113025942, 1.339897403765369 ], [ 103.779024685510876, 1.339829873615015 ], [ 103.779032263563408, 1.33980692373619 ], [ 103.779044282102291, 1.339792673939023 ], [ 103.779059172546042, 1.3397733905152 ], [ 103.779072779342314, 1.339736224166864 ], [ 103.779052622142601, 1.339728435333896 ], [ 103.779040000216028, 1.339763356168009 ], [ 103.779013159523359, 1.33979690657323 ], [ 103.779004005293316, 1.339824625128738 ], [ 103.778978906943465, 1.3398972088314 ], [ 103.778971631799166, 1.339915862987309 ] ] ] } },
{ "type": "Feature", "properties": { "class": "ALIGNED" }, "geometry": { "type": "Polygon", "coordinates": [ [ [ 103.774856179631783, 1.340533701470154 ], [ 103.77489145347937, 1.340533206726081 ], [ 103.774983618723809, 1.340531605500403 ], [ 103.775088181373988, 1.340530603257005 ], [ 103.775158585323638, 1.34052860539227 ], [ 103.775192626481356, 1.34052246557403 ], [ 103.77522274746255, 1.340506274559757 ], [ 103.775247543716347, 1.340484390446369 ], [ 103.775299339246956, 1.340412757006471 ], [ 103.775274510347003, 1.340409192315573 ], [ 103.775231253177012, 1.340470099296917 ], [ 103.775210519395984, 1.340488288275705 ], [ 103.775183949576842, 1.340502089140544 ], [ 103.775156550585521, 1.340507494773881 ], [ 103.775104151100294, 1.340507998155721 ], [ 103.77499602205161, 1.340509778067432 ], [ 103.774888439327228, 1.340511544421981 ], [ 103.774855727266456, 1.34051226893605 ], [ 103.774856179631783, 1.340533701470154 ] ] ] } },
{ "type": "Feature", "properties": { "class": "UNREPRESENTED-surface" }, "geometry": { "type": "Polygon", "coordinates": [ [ [ 103.795047871897125, 1.331564353359913 ], [ 103.795055144488728, 1.331585196359182 ], [ 103.795099491177652, 1.331569031538601 ], [ 103.795185571523248, 1.331538618202385 ], [ 103.79527819608937, 1.33150568902305 ], [ 103.795318523504633, 1.331491452240811 ], [ 103.795321512473052, 1.331467238835465 ], [ 103.795266445964046, 1.331486612178416 ], [ 103.79521626313182, 1.331504341461676 ], [ 103.795163459195109, 1.331523088112972 ], [ 103.795047871897125, 1.331564353359913 ] ] ] } },
{ "type": "Feature", "properties": { "class": "UNREPRESENTED-surface" }, "geometry": { "type": "Polygon", "coordinates": [ [ [ 103.79532152056656, 1.33146681287997 ], [ 103.795318523504633, 1.331491452240811 ], [ 103.795349863295556, 1.331494596297488 ], [ 103.795353878526811, 1.33146305665219 ], [ 103.79532252706548, 1.331459231609033 ], [ 103.79532152056656, 1.33146681287997 ] ] ] } },
{ "type": "Feature", "properties": { "class": "ALIGNED" }, "geometry": { "type": "Polygon", "coordinates": [ [ [ 103.855744923809269, 1.339896975386333 ], [ 103.855743286059564, 1.339932610977881 ], [ 103.856048451180783, 1.339934113012064 ], [ 103.856309989513292, 1.33994221547179 ], [ 103.856310406444877, 1.339942223607138 ], [ 103.856673498999314, 1.339944995647548 ], [ 103.856673634681769, 1.33994499655061 ], [ 103.856673701175168, 1.339944996549972 ], [ 103.857038370661343, 1.339943642810285 ], [ 103.85703947948312, 1.339943604816178 ], [ 103.857040650304725, 1.339943488141761 ], [ 103.857041810342906, 1.339943295500847 ], [ 103.857042956003383, 1.339943026893438 ], [ 103.857044080996289, 1.339942683224007 ], [ 103.857045181727386, 1.339942266301283 ], [ 103.857046252805361, 1.339941777934044 ], [ 103.857047289737395, 1.339941219931093 ], [ 103.85704828803074, 1.339940595005545 ], [ 103.857049244091172, 1.339939905870542 ], [ 103.857050153425917, 1.339939154334835 ], [ 103.857051011542254, 1.339938345824664 ], [ 103.857051815744484, 1.339937481244434 ], [ 103.857052561539874, 1.339936566924729 ], [ 103.857053247131361, 1.339935604674293 ], [ 103.857053868026142, 1.339934599919363 ], [ 103.857054422427169, 1.339933555373029 ], [ 103.857054907638798, 1.339932477365909 ], [ 103.857055321863982, 1.339931369515437 ], [ 103.857055663305601, 1.339930237247843 ], [ 103.857055930166624, 1.339929085084957 ], [ 103.857056121548496, 1.339927916644242 ], [ 103.857056236552765, 1.339926739160625 ], [ 103.857056268894155, 1.339926038277868 ], [ 103.857057139282162, 1.339893197179347 ], [ 103.857021210381063, 1.339892232572351 ], [ 103.857020804379246, 1.339907533518156 ], [ 103.85667368376015, 1.339908821972706 ], [ 103.856310884141379, 1.33990605173819 ], [ 103.856049278420741, 1.339897946566015 ], [ 103.856048724908149, 1.339897938431914 ], [ 103.855744923809269, 1.339896975386333 ] ] ] } },
{ "type": "Feature", "properties": { "class": "OFFSET" }, "geometry": { "type": "Polygon", "coordinates": [ [ [ 103.840775252695011, 1.335044753589189 ], [ 103.840775107149355, 1.335051626760132 ], [ 103.840774843909543, 1.335064123270139 ], [ 103.840806761604782, 1.335074667158899 ], [ 103.840837503064549, 1.335077339461882 ], [ 103.840846893840691, 1.335061176629972 ], [ 103.840775252695011, 1.335044753589189 ] ] ] } },
{ "type": "Feature", "properties": { "class": "OFFSET" }, "geometry": { "type": "Polygon", "coordinates": [ [ [ 103.839863337390682, 1.33478560239756 ], [ 103.839772954105044, 1.334752747977888 ], [ 103.839775097145946, 1.334745584500679 ], [ 103.839745350373789, 1.33473492664275 ], [ 103.839742791299813, 1.334741744653768 ], [ 103.839682852065977, 1.334718216862242 ], [ 103.839683094677639, 1.334718669043891 ], [ 103.839681645309099, 1.334720466020002 ], [ 103.839674574554323, 1.334718035106466 ], [ 103.839675625859641, 1.334715341906118 ], [ 103.839580852213786, 1.334677085721276 ], [ 103.839579253686793, 1.334679735513474 ], [ 103.839573045547326, 1.334677280179586 ], [ 103.839573750907633, 1.334674395254885 ], [ 103.839556382671503, 1.334666611433532 ], [ 103.839533563774012, 1.334653977518836 ], [ 103.839517507417682, 1.334640461831389 ], [ 103.839512753110753, 1.334624581202008 ], [ 103.839494646265763, 1.33461871915674 ], [ 103.839481781652339, 1.334632007921762 ], [ 103.839484445891614, 1.334638664038107 ], [ 103.839484218557018, 1.334638839485407 ], [ 103.839500801474131, 1.334654891009917 ], [ 103.839523775834706, 1.334672643627864 ], [ 103.839569490000315, 1.334695046430147 ], [ 103.839591692481761, 1.334705229518167 ], [ 103.839660851822558, 1.334732719309141 ], [ 103.839783439442783, 1.334779907826215 ], [ 103.839855768892519, 1.33480511317842 ], [ 103.839965202509035, 1.334841914190257 ], [ 103.839972443931217, 1.334822293981829 ], [ 103.839863337390682, 1.33478560239756 ] ] ] } },
{ "type": "Feature", "properties": { "class": "OFFSET" }, "geometry": { "type": "Polygon", "coordinates": [ [ [ 103.840003189873244, 1.334822531745983 ], [ 103.839973859130723, 1.334811653224772 ], [ 103.839964400093621, 1.33484057573291 ], [ 103.839993731735007, 1.334851453349864 ], [ 103.840003189873244, 1.334822531745983 ] ] ] } },
{ "type": "Feature", "properties": { "class": "ALIGNED" }, "geometry": { "type": "Polygon", "coordinates": [ [ [ 103.840275193526779, 1.338172208579877 ], [ 103.840281550686186, 1.33812124762119 ], [ 103.84016985351316, 1.338107131711221 ], [ 103.840163495452927, 1.338158091765275 ], [ 103.840275193526779, 1.338172208579877 ] ] ] } },
{ "type": "Feature", "properties": { "class": "ALIGNED" }, "geometry": { "type": "Polygon", "coordinates": [ [ [ 103.840271386230015, 1.338135356640987 ], [ 103.840268710397567, 1.338162173769642 ], [ 103.840374289301408, 1.33818118501786 ], [ 103.840427091336466, 1.33819164384042 ], [ 103.840441388310978, 1.33819405393021 ], [ 103.840444064141593, 1.338167236801382 ], [ 103.840429768065803, 1.338164827615967 ], [ 103.840376966031272, 1.338154367889096 ], [ 103.840271386230015, 1.338135356640987 ] ] ] } },
{ "type": "Feature", "properties": { "class": "ALIGNED" }, "geometry": { "type": "Polygon", "coordinates": [ [ [ 103.840562278555694, 1.338178137663567 ], [ 103.840444153102339, 1.338168431466642 ], [ 103.840441939131054, 1.338195296525445 ], [ 103.840560064585688, 1.338205002722469 ], [ 103.840562278555694, 1.338178137663567 ] ] ] } },
{ "type": "Feature", "properties": { "class": "NEEDS_MANUAL" }, "geometry": { "type": "Polygon", "coordinates": [ [ [ 103.841920191622023, 1.338803173033974 ], [ 103.841865341675643, 1.338770646852691 ], [ 103.841818745011892, 1.338743256527498 ], [ 103.841787396003468, 1.338718328733103 ], [ 103.841733399658395, 1.338676029078601 ], [ 103.841701348878232, 1.338651405151976 ], [ 103.841684680683557, 1.338672796142934 ], [ 103.841716137514013, 1.338696713763138 ], [ 103.841762430487037, 1.338731183456755 ], [ 103.841803826311164, 1.338764457596614 ], [ 103.841872073801625, 1.338806084352424 ], [ 103.841903804677344, 1.338824614669819 ], [ 103.841920191622023, 1.338803173033974 ] ] ] } },
{ "type": "Feature", "properties": { "class": "ALIGNED" }, "geometry": { "type": "Polygon", "coordinates": [ [ [ 103.841145157786514, 1.338296975693203 ], [ 103.841299381270488, 1.338375299491547 ], [ 103.841319382158574, 1.338334614779695 ], [ 103.84116515957507, 1.338256290078214 ], [ 103.841145157786514, 1.338296975693203 ] ] ] } },
{ "type": "Feature", "properties": { "class": "ALIGNED" }, "geometry": { "type": "Polygon", "coordinates": [ [ [ 103.841314887577738, 1.338337724903988 ], [ 103.841299073020934, 1.338361693328442 ], [ 103.841326842165742, 1.338387858311635 ], [ 103.841348023044489, 1.338403656585764 ], [ 103.841393115536533, 1.338439408679385 ], [ 103.841430409420823, 1.338469924527529 ], [ 103.841448519031204, 1.338487024191515 ], [ 103.841467525411346, 1.33850650142666 ], [ 103.841506312730701, 1.338545585218017 ], [ 103.841521761700918, 1.338560119208238 ], [ 103.8415562304845, 1.338580102834793 ], [ 103.841581432410507, 1.338593887073512 ], [ 103.841607132157279, 1.338613314544828 ], [ 103.841623608054334, 1.338590046094321 ], [ 103.841596739282579, 1.338570605966025 ], [ 103.841539113696612, 1.338537850982482 ], [ 103.841502512578842, 1.338501297596222 ], [ 103.841463802534747, 1.338461740821882 ], [ 103.841445515011188, 1.338445057166275 ], [ 103.841406135569301, 1.338413669517871 ], [ 103.841364593289541, 1.338379853657223 ], [ 103.841343494179455, 1.338363965850879 ], [ 103.841314887577738, 1.338337724903988 ] ] ] } },
{ "type": "Feature", "properties": { "class": "ALIGNED" }, "geometry": { "type": "Polygon", "coordinates": [ [ [ 103.840733188955085, 1.33819205984247 ], [ 103.840647566174098, 1.338185144425419 ], [ 103.840561503999425, 1.338178595274307 ], [ 103.840559057302627, 1.338205436820426 ], [ 103.840731561745287, 1.338218766635941 ], [ 103.840733188955085, 1.33819205984247 ] ] ] } },
{ "type": "Feature", "properties": { "class": "ALIGNED" }, "geometry": { "type": "Polygon", "coordinates": [ [ [ 103.840233519371623, 1.337885968284361 ], [ 103.840231974831255, 1.337915274221004 ], [ 103.840276263890487, 1.337916731930893 ], [ 103.840324060028038, 1.33791961671712 ], [ 103.840377920539552, 1.337923137253166 ], [ 103.840404511587366, 1.337924155490645 ], [ 103.8404583828829, 1.337928060379805 ], [ 103.840537080458418, 1.337933315410773 ], [ 103.840538962938595, 1.337933273804446 ], [ 103.840539051902979, 1.33793569569236 ], [ 103.840549052862428, 1.33793641644131 ], [ 103.840548715904745, 1.337937032314542 ], [ 103.84061540334811, 1.337942908676905 ], [ 103.840672815866469, 1.337947688071231 ], [ 103.840716332174338, 1.337951908609057 ], [ 103.840728734082177, 1.337952506356411 ], [ 103.840744508285411, 1.337954737375779 ], [ 103.840769689494948, 1.337955660655275 ], [ 103.840772646649725, 1.33795511260136 ], [ 103.840777590523288, 1.337956455567589 ], [ 103.840796740598037, 1.337954282321091 ], [ 103.840796580650974, 1.337953085847334 ], [ 103.840799420095465, 1.337952840755851 ], [ 103.840847743660149, 1.337946513673223 ], [ 103.840848371669821, 1.337919300438575 ], [ 103.840818121706818, 1.337923418103274 ], [ 103.840777123188033, 1.337928330736848 ], [ 103.840733175573433, 1.337924474660319 ], [ 103.840686431644031, 1.337920431387991 ], [ 103.840633729371277, 1.337915915149948 ], [ 103.840592370505988, 1.337912581785823 ], [ 103.84055067917393, 1.337909179690274 ], [ 103.84055061807102, 1.337908865875961 ], [ 103.840550720501213, 1.337906984797469 ], [ 103.84051293880006, 1.337904370391187 ], [ 103.840459821397033, 1.337900958379693 ], [ 103.840459312813223, 1.33790108227911 ], [ 103.84038281850593, 1.337896300221904 ], [ 103.840325644110678, 1.337892702824479 ], [ 103.840280803330629, 1.337889026710902 ], [ 103.840233519371623, 1.337885968284361 ] ] ] } },
{ "type": "Feature", "properties": { "class": "ALIGNED" }, "geometry": { "type": "Polygon", "coordinates": [ [ [ 103.841099377869185, 1.337964683376557 ], [ 103.841075416885374, 1.337958432485225 ], [ 103.841044705928851, 1.337952027873038 ], [ 103.841015607887371, 1.337946313285515 ], [ 103.840988457924681, 1.337941759895568 ], [ 103.840894683401302, 1.337926133673686 ], [ 103.840848371669821, 1.337919300438575 ], [ 103.840847743660149, 1.337946513673223 ], [ 103.840848694334639, 1.337946338223571 ], [ 103.840890378487998, 1.337952601723382 ], [ 103.840940368921153, 1.337960064383928 ], [ 103.840975462147924, 1.337966475314238 ], [ 103.841045051961132, 1.337979955552605 ], [ 103.84113886695728, 1.338006552614518 ], [ 103.84114171808713, 1.338007591720204 ], [ 103.841220228835425, 1.338034487268226 ], [ 103.84125488088695, 1.338045663292573 ], [ 103.841279266008556, 1.338057141407649 ], [ 103.841342172404737, 1.338088543450902 ], [ 103.841410041554653, 1.338123786312169 ], [ 103.841484359690284, 1.33816752836768 ], [ 103.841577765974037, 1.338230075712134 ], [ 103.841694677750127, 1.338319068399521 ], [ 103.841712822270125, 1.338296426667253 ], [ 103.841697716563473, 1.338285902629296 ], [ 103.841678375019072, 1.338265911718012 ], [ 103.841618113041349, 1.338225244460104 ], [ 103.841549300357656, 1.338177553934681 ], [ 103.841525628675655, 1.33816198809233 ], [ 103.841491179660224, 1.338140117960778 ], [ 103.841467630185463, 1.338125321731637 ], [ 103.841431733598924, 1.338105244958899 ], [ 103.841401151997829, 1.33808833615695 ], [ 103.841364236451994, 1.33806984564194 ], [ 103.841342671006871, 1.338058347622436 ], [ 103.841318412580577, 1.338046514996685 ], [ 103.841282950907711, 1.338029216428097 ], [ 103.841265894440014, 1.338020654864783 ], [ 103.841220852346851, 1.338006851695303 ], [ 103.841151598557047, 1.33798205153022 ], [ 103.841124094548491, 1.337973331735595 ], [ 103.841119066207369, 1.337971095258198 ], [ 103.84110080837597, 1.337965149119727 ], [ 103.841099377869185, 1.337964683376557 ] ] ] } },
{ "type": "Feature", "properties": { "class": "ALIGNED" }, "geometry": { "type": "Polygon", "coordinates": [ [ [ 103.841947661271121, 1.33848958996918 ], [ 103.841946096873741, 1.338487728792539 ], [ 103.841862355394412, 1.338403506524378 ], [ 103.841789114569451, 1.338345882481548 ], [ 103.841766668670971, 1.338374966017692 ], [ 103.841781897483969, 1.338386351009802 ], [ 103.841792567821969, 1.338372500630289 ], [ 103.841818970244219, 1.338392852357499 ], [ 103.841850190753021, 1.338417237533315 ], [ 103.84188222359046, 1.338450540644339 ], [ 103.841936075307373, 1.33850496239807 ], [ 103.841947661271121, 1.33848958996918 ] ] ] } },
{ "type": "Feature", "properties": { "class": "NEEDS_MANUAL" }, "geometry": { "type": "Polygon", "coordinates": [ [ [ 103.839949041430657, 1.336326892561144 ], [ 103.83992661160552, 1.336319530190183 ], [ 103.839883934034901, 1.336448395015911 ], [ 103.839906364759656, 1.336455757387249 ], [ 103.839949041430657, 1.336326892561144 ] ] ] } },
{ "type": "Feature", "properties": { "class": "ALIGNED" }, "geometry": { "type": "Polygon", "coordinates": [ [ [ 103.775027014335762, 1.340430307820531 ], [ 103.775090009632478, 1.340429603925083 ], [ 103.775193470136387, 1.34041207168466 ], [ 103.775193330587072, 1.34038553311859 ], [ 103.775087277761699, 1.340402207055537 ], [ 103.775026445316001, 1.340402121492954 ], [ 103.775027014335762, 1.340430307820531 ] ] ] } },
{ "type": "Feature", "properties": { "class": "ALIGNED" }, "geometry": { "type": "Polygon", "coordinates": [ [ [ 103.774656318731815, 1.341468316183964 ], [ 103.774637115617566, 1.341468341947077 ], [ 103.774646386091405, 1.341843913696544 ], [ 103.774685064744034, 1.341875095292669 ], [ 103.774685604352001, 1.341855268028911 ], [ 103.774664452674031, 1.341837873885332 ], [ 103.774656318731815, 1.341468316183964 ] ] ] } },
{ "type": "Feature", "properties": { "class": "ALIGNED" }, "geometry": { "type": "Polygon", "coordinates": [ [ [ 103.775958196632999, 1.342006068543821 ], [ 103.77592673733713, 1.34199851817005 ], [ 103.775906667555844, 1.342094930137412 ], [ 103.775896531574304, 1.342143233789924 ], [ 103.775887414721382, 1.342184581098245 ], [ 103.775839545240387, 1.342206392322511 ], [ 103.775852388545971, 1.342236675256074 ], [ 103.775915907514758, 1.342207527295916 ], [ 103.775933460998345, 1.342125326445667 ], [ 103.775951709173043, 1.34203858660845 ], [ 103.775955493436086, 1.342020207307414 ], [ 103.775958196632999, 1.342006068543821 ] ] ] } },
{ "type": "Feature", "properties": { "class": "ALIGNED" }, "geometry": { "type": "Polygon", "coordinates": [ [ [ 103.775887891322398, 1.342400001527404 ], [ 103.775873700298973, 1.342479925267873 ], [ 103.775894513549432, 1.342483810907861 ], [ 103.775908704572203, 1.342403888071607 ], [ 103.775887891322398, 1.342400001527404 ] ] ] } },
{ "type": "Feature", "properties": { "class": "ALIGNED" }, "geometry": { "type": "Polygon", "coordinates": [ [ [ 103.775386365601008, 1.341940474116866 ], [ 103.775429565673448, 1.341939550886245 ], [ 103.775427025549718, 1.341820482257245 ], [ 103.775382267362005, 1.341822045740496 ], [ 103.775386365601008, 1.341940474116866 ] ] ] } },
{ "type": "Feature", "properties": { "class": "NEEDS_MANUAL" }, "geometry": { "type": "Polygon", "coordinates": [ [ [ 103.775818768953926, 1.341851138645356 ], [ 103.775900252614875, 1.341869083154348 ], [ 103.775952213368157, 1.341879926801878 ], [ 103.775984989057946, 1.341887240262956 ], [ 103.776030341836105, 1.341896733537436 ], [ 103.77603677806691, 1.3418646350962 ], [ 103.775986164256963, 1.341853678436735 ], [ 103.775915687000776, 1.341837937221396 ], [ 103.775824434226536, 1.341818897297017 ], [ 103.775818768953926, 1.341851138645356 ] ] ] } },
{ "type": "Feature", "properties": { "class": "ALIGNED" }, "geometry": { "type": "Polygon", "coordinates": [ [ [ 103.77576602966576, 1.343086115216292 ], [ 103.775794048897083, 1.34295664803012 ], [ 103.775826483147597, 1.342810176190987 ], [ 103.775805011267252, 1.342805556191122 ], [ 103.77577699114002, 1.342935022473298 ], [ 103.775756862151042, 1.34302663588117 ], [ 103.775744556884604, 1.343081495215782 ], [ 103.77576602966576, 1.343086115216292 ] ] ] } },
{ "type": "Feature", "properties": { "class": "ALIGNED" }, "geometry": { "type": "Polygon", "coordinates": [ [ [ 103.797294833431451, 1.330776327928195 ], [ 103.797106419680915, 1.330842623200407 ], [ 103.797083951179829, 1.330850272886659 ], [ 103.796999343619106, 1.330880256739801 ], [ 103.796938869598435, 1.330901510214598 ], [ 103.796949145042873, 1.330931579578903 ], [ 103.796957703822983, 1.330929176809753 ], [ 103.797006683461589, 1.330911729633916 ], [ 103.797089918025051, 1.330882079470704 ], [ 103.797115721089767, 1.330872887892395 ], [ 103.797305493471583, 1.330805714501689 ], [ 103.797294833431451, 1.330776327928195 ] ] ] } },
{ "type": "Feature", "properties": { "class": "ALIGNED" }, "geometry": { "type": "Polygon", "coordinates": [ [ [ 103.775187325778376, 1.340374449993816 ], [ 103.775188186429077, 1.340419705295284 ], [ 103.775324770175075, 1.340416596638143 ], [ 103.775323910420425, 1.34037134133665 ], [ 103.775187325778376, 1.340374449993816 ] ] ] } },
{ "type": "Feature", "properties": { "class": "OFFSET" }, "geometry": { "type": "Polygon", "coordinates": [ [ [ 103.774560450860051, 1.341266064611943 ], [ 103.774548045344957, 1.341266257846029 ], [ 103.774550070302411, 1.341358139470907 ], [ 103.774551568959438, 1.341476972035216 ], [ 103.774553104782825, 1.341582164982149 ], [ 103.774564396085239, 1.341581994330291 ], [ 103.774564824615283, 1.341547806667566 ], [ 103.77456257201095, 1.341468956922856 ], [ 103.774561574071555, 1.341378540392571 ], [ 103.774560450860051, 1.341266064611943 ] ] ] } },
{ "type": "Feature", "properties": { "class": "UNREPRESENTED-surface" }, "geometry": { "type": "Polygon", "coordinates": [ [ [ 103.795212899165207, 1.330319088692292 ], [ 103.795220148271042, 1.330347841261749 ], [ 103.795220901263306, 1.330347671252952 ], [ 103.795222122318705, 1.330352998882494 ], [ 103.795221248020795, 1.330353209585802 ], [ 103.795222758389741, 1.330359931749721 ], [ 103.795223762006501, 1.330364489761805 ], [ 103.79523846256977, 1.330410526659035 ], [ 103.79524700663805, 1.330429944399399 ], [ 103.79525042296774, 1.330428579766608 ], [ 103.795254430387345, 1.3304376325163 ], [ 103.795253125669191, 1.330438629105575 ], [ 103.795265531476801, 1.330474573260529 ], [ 103.795283110942734, 1.330466614222498 ], [ 103.795264586103698, 1.330421986265852 ], [ 103.795256042035305, 1.330402567621199 ], [ 103.795241341471751, 1.330356530724047 ], [ 103.795226018471695, 1.330293413087073 ], [ 103.795207725598772, 1.330298433833776 ], [ 103.795212899165207, 1.330319088692292 ] ] ] } },
{ "type": "Feature", "properties": { "class": "UNREPRESENTED-surface" }, "geometry": { "type": "Polygon", "coordinates": [ [ [ 103.795130706050699, 1.330113440379103 ], [ 103.795156191954845, 1.330102235701283 ], [ 103.795141918871153, 1.330071554917397 ], [ 103.795116432967248, 1.330082760499441 ], [ 103.795130706050699, 1.330113440379103 ] ] ] } },
{ "type": "Feature", "properties": { "class": "ALIGNED" }, "geometry": { "type": "Polygon", "coordinates": [ [ [ 103.775582749059353, 1.341763420590863 ], [ 103.775516257865334, 1.341822249699667 ], [ 103.775515504876921, 1.341822057052227 ], [ 103.775514126420362, 1.341824875922132 ], [ 103.775424356683672, 1.341826610164359 ], [ 103.775425200684467, 1.34185404768485 ], [ 103.775523168873775, 1.341852570477 ], [ 103.775533295856619, 1.341843356152646 ], [ 103.775533373145933, 1.341842793640067 ], [ 103.77555972393651, 1.341820169791376 ], [ 103.775609928412678, 1.341775200577912 ], [ 103.775582749059353, 1.341763420590863 ] ] ] } },
{ "type": "Feature", "properties": { "class": "ALIGNED" }, "geometry": { "type": "Polygon", "coordinates": [ [ [ 103.775772290982303, 1.340927242857941 ], [ 103.77572984243217, 1.340914941597807 ], [ 103.775701631551328, 1.341018000447312 ], [ 103.775744079204472, 1.341030301707978 ], [ 103.775772290982303, 1.340927242857941 ] ] ] } },
{ "type": "Feature", "properties": { "class": "UNREPRESENTED-surface" }, "geometry": { "type": "Polygon", "coordinates": [ [ [ 103.775990658941524, 1.34188842330487 ], [ 103.775952582671309, 1.341880134814325 ], [ 103.775947523285055, 1.341901404432768 ], [ 103.775985599555582, 1.341909692923404 ], [ 103.775990658941524, 1.34188842330487 ] ] ] } },
{ "type": "Feature", "properties": { "class": "NEEDS_MANUAL" }, "geometry": { "type": "Polygon", "coordinates": [ [ [ 103.796505893468691, 1.33106901464115 ], [ 103.796498277654621, 1.331045690064741 ], [ 103.796497459966631, 1.331045832037655 ], [ 103.796496845358647, 1.331045543536178 ], [ 103.79649634487977, 1.331044413073169 ], [ 103.796471083966864, 1.331031615937247 ], [ 103.796458973770456, 1.331055729727126 ], [ 103.796487776757971, 1.331070755270291 ], [ 103.796505893468691, 1.33106901464115 ] ] ] } },
{ "type": "Feature", "properties": { "class": "UNREPRESENTED-surface" }, "geometry": { "type": "Polygon", "coordinates": [ [ [ 103.795225973539971, 1.33029366992586 ], [ 103.795203397791724, 1.330205010212783 ], [ 103.79517746806296, 1.330212131678985 ], [ 103.795180352293571, 1.330220785586614 ], [ 103.795200044708892, 1.330300791392268 ], [ 103.795225973539971, 1.33029366992586 ] ] ] } },
{ "type": "Feature", "properties": { "class": "ALIGNED" }, "geometry": { "type": "Polygon", "coordinates": [ [ [ 103.775318806635653, 1.340408222989332 ], [ 103.775408997713711, 1.340407808225891 ], [ 103.775486301654496, 1.340407536042326 ], [ 103.775571580324524, 1.340406517945263 ], [ 103.775669281673657, 1.340439637169285 ], [ 103.775741968653193, 1.340484933059529 ], [ 103.775798277934427, 1.340554336192934 ], [ 103.775787952470594, 1.340636493805059 ], [ 103.775765290996929, 1.340743853038058 ], [ 103.77573573700424, 1.340875496090842 ], [ 103.775733490695927, 1.340910097910361 ], [ 103.77573111914657, 1.340920857977606 ], [ 103.775757156528314, 1.340928118828541 ], [ 103.775761624368215, 1.34088095634934 ], [ 103.775780410755146, 1.340795057583704 ], [ 103.77581164525651, 1.34065456355895 ], [ 103.775825058776746, 1.340546348578374 ], [ 103.775760109265988, 1.340463445798998 ], [ 103.775681207031198, 1.340414834363479 ], [ 103.775576594014581, 1.340379668400113 ], [ 103.775495098286697, 1.340380361920605 ], [ 103.775393021947593, 1.34038168709894 ], [ 103.77531933560968, 1.340381821902481 ], [ 103.775318806635653, 1.340408222989332 ] ] ] } },
{ "type": "Feature", "properties": { "class": "UNREPRESENTED-surface" }, "geometry": { "type": "Polygon", "coordinates": [ [ [ 103.795391911277022, 1.330609473828091 ], [ 103.79542606824873, 1.330598241246509 ], [ 103.795392771106449, 1.33049763109838 ], [ 103.795358613237454, 1.330508863679529 ], [ 103.795391911277022, 1.330609473828091 ] ] ] } },
{ "type": "Feature", "properties": { "class": "ALIGNED" }, "geometry": { "type": "Polygon", "coordinates": [ [ [ 103.775823677651786, 1.342818377801975 ], [ 103.775896483378176, 1.342475857072736 ], [ 103.775852496400404, 1.342466389149857 ], [ 103.775779690668315, 1.342808908973189 ], [ 103.775823677651786, 1.342818377801975 ] ] ] } },
{ "type": "Feature", "properties": { "class": "ALIGNED" }, "geometry": { "type": "Polygon", "coordinates": [ [ [ 103.77587753291138, 1.342315027237689 ], [ 103.775877257884531, 1.342356419068754 ], [ 103.775870754967997, 1.342396599809101 ], [ 103.775912302392427, 1.342404453384149 ], [ 103.775919495501867, 1.342360001348623 ], [ 103.775919793068894, 1.342315312206785 ], [ 103.77587753291138, 1.342315027237689 ] ] ] } },
{ "type": "Feature", "properties": { "class": "UNREPRESENTED-surface" }, "geometry": { "type": "Polygon", "coordinates": [ [ [ 103.795055144488728, 1.331585196359182 ], [ 103.795047871897125, 1.331564353359913 ], [ 103.794971852742179, 1.331590867229612 ], [ 103.794978682346056, 1.331611645107941 ], [ 103.794980867530555, 1.33161837361305 ], [ 103.795056781573876, 1.33159064879755 ], [ 103.795055144488728, 1.331585196359182 ] ] ] } },
{ "type": "Feature", "properties": { "class": "OFFSET" }, "geometry": { "type": "Polygon", "coordinates": [ [ [ 103.779400212624481, 1.340136741748206 ], [ 103.779381332322032, 1.340126701079493 ], [ 103.779348952254821, 1.340190259070931 ], [ 103.779351893202374, 1.340191912313747 ], [ 103.779352065717234, 1.34019229938541 ], [ 103.779317114411953, 1.340235791288547 ], [ 103.779335030471444, 1.340249923279598 ], [ 103.779371390819577, 1.340201754036282 ], [ 103.779367843324891, 1.340201004239797 ], [ 103.779367731907044, 1.340200845973608 ], [ 103.779400212624481, 1.340136741748206 ] ] ] } },
{ "type": "Feature", "properties": { "class": "ALIGNED" }, "geometry": { "type": "Polygon", "coordinates": [ [ [ 103.774685896813068, 1.341874975032331 ], [ 103.774722124955588, 1.341874248797408 ], [ 103.77472139896301, 1.341872418347119 ], [ 103.774723940106043, 1.341871723856819 ], [ 103.774723779210689, 1.34187395853643 ], [ 103.774823309107418, 1.341872023786297 ], [ 103.774829980013948, 1.341872015807569 ], [ 103.774829918996005, 1.341868476125314 ], [ 103.774838573027836, 1.341868286417124 ], [ 103.774838541510277, 1.341871147824142 ], [ 103.774918844917124, 1.341869654841375 ], [ 103.775028028944931, 1.341867429109582 ], [ 103.775153335838439, 1.341864737106976 ], [ 103.775283065446303, 1.341861871565595 ], [ 103.775387522156578, 1.341859458501396 ], [ 103.775388394398519, 1.341832296852852 ], [ 103.775292957449125, 1.341833917005247 ], [ 103.77516805939355, 1.341836951778882 ], [ 103.775072202796125, 1.341839449145687 ], [ 103.7749969609891, 1.341840398732252 ], [ 103.774984761955238, 1.341848378547633 ], [ 103.774881039358718, 1.341851222993828 ], [ 103.774745730593281, 1.341854180624431 ], [ 103.774686436421035, 1.341855147768572 ], [ 103.774685896813068, 1.341874975032331 ] ] ] } },
{ "type": "Feature", "properties": { "class": "UNREPRESENTED-surface" }, "geometry": { "type": "Polygon", "coordinates": [ [ [ 103.793180915927607, 1.332225122603838 ], [ 103.793083993490072, 1.332259520319082 ], [ 103.793037809222298, 1.332276090227303 ], [ 103.792915160084249, 1.332318448631482 ], [ 103.792845647357439, 1.332343389851488 ], [ 103.792852818401443, 1.332363873822359 ], [ 103.792922324833853, 1.332339240085959 ], [ 103.792978584664823, 1.332319666047729 ], [ 103.793188174128289, 1.332245963799183 ], [ 103.793275532272744, 1.332215142684296 ], [ 103.79349316473305, 1.332139172394812 ], [ 103.793549421861272, 1.332119497958673 ], [ 103.793592052146707, 1.332114547256091 ], [ 103.79360528795641, 1.33210982849768 ], [ 103.793600646363444, 1.332088052233176 ], [ 103.793587067303349, 1.332092894883903 ], [ 103.793544504410136, 1.332097838352604 ], [ 103.793485962240894, 1.332118311305191 ], [ 103.793268307318186, 1.332194289732995 ], [ 103.793180915927607, 1.332225122603838 ] ] ] } },
{ "type": "Feature", "properties": { "class": "ALIGNED" }, "geometry": { "type": "Polygon", "coordinates": [ [ [ 103.792389457167076, 1.332525690358113 ], [ 103.792394785283861, 1.332545244612848 ], [ 103.792440642430222, 1.332532061556056 ], [ 103.792435352947507, 1.332512721636391 ], [ 103.792389457167076, 1.332525690358113 ] ] ] } },
{ "type": "Feature", "properties": { "class": "ALIGNED" }, "geometry": { "type": "Polygon", "coordinates": [ [ [ 103.854464815553484, 1.277182496932748 ], [ 103.854485913231841, 1.277186240828792 ], [ 103.854495634081204, 1.277134648539261 ], [ 103.85447185965711, 1.277130342150453 ], [ 103.854464969104043, 1.277170343171532 ], [ 103.854464588221305, 1.27718221205968 ], [ 103.854464815553484, 1.277182496932748 ] ] ] } },
{ "type": "Feature", "properties": { "class": "ALIGNED" }, "geometry": { "type": "Polygon", "coordinates": [ [ [ 103.853568986070655, 1.276401693610407 ], [ 103.853769550926117, 1.276715922646704 ], [ 103.8540084478702, 1.277087108257565 ], [ 103.854061030322995, 1.277096079131268 ], [ 103.854464698645074, 1.277170423662245 ], [ 103.854468301611007, 1.277149948811026 ], [ 103.854064759087265, 1.277075613323168 ], [ 103.854066457236968, 1.277064996065375 ], [ 103.854035538534944, 1.277059163162515 ], [ 103.854033543867061, 1.277069671898903 ], [ 103.854020245501474, 1.277067275439634 ], [ 103.853787907938582, 1.27670398488298 ], [ 103.853586884827493, 1.276389674458909 ], [ 103.853568986070655, 1.276401693610407 ] ] ] } },
{ "type": "Feature", "properties": { "class": "OFFSET" }, "geometry": { "type": "Polygon", "coordinates": [ [ [ 103.853622882793772, 1.27637576775407 ], [ 103.853652124626933, 1.276357342895354 ], [ 103.853620980014099, 1.276302069263578 ], [ 103.853603624861023, 1.276312598017625 ], [ 103.853624783881713, 1.276348250627733 ], [ 103.853611114511267, 1.276356924500126 ], [ 103.853622882793772, 1.27637576775407 ] ] ] } },
{ "type": "Feature", "properties": { "class": "ALIGNED" }, "geometry": { "type": "Polygon", "coordinates": [ [ [ 103.854485913231841, 1.277186240828792 ], [ 103.854464815553484, 1.277182496932748 ], [ 103.854447932805485, 1.2772757913558 ], [ 103.8543608111206, 1.277332586190546 ], [ 103.854255368352028, 1.277400531991797 ], [ 103.854361864726386, 1.277617651042665 ], [ 103.854412021909226, 1.277720892926082 ], [ 103.854479817414244, 1.277828204304366 ], [ 103.854542949452238, 1.277927647744799 ], [ 103.854615013071268, 1.278041172070512 ], [ 103.854637746358009, 1.278076876206951 ], [ 103.854588174304524, 1.278106982927669 ], [ 103.854570976231415, 1.27809850917177 ], [ 103.854562080872881, 1.278118052571174 ], [ 103.854566645466264, 1.278120973631824 ], [ 103.854592307764364, 1.27812989045606 ], [ 103.854667955240757, 1.278084128961082 ], [ 103.854430837185689, 1.2777096967332 ], [ 103.854336219640345, 1.277514580785927 ], [ 103.85428352856411, 1.277408119382468 ], [ 103.854348753027239, 1.277366228664204 ], [ 103.854369248549474, 1.277353042855162 ], [ 103.854374738680889, 1.277361679494754 ], [ 103.854401191473229, 1.27734479478393 ], [ 103.854395890030034, 1.277335606480242 ], [ 103.854440052892784, 1.277307254275913 ], [ 103.854467098705754, 1.277288805008212 ], [ 103.854485913231841, 1.277186240828792 ] ] ] } },
{ "type": "Feature", "properties": { "class": "ALIGNED" }, "geometry": { "type": "Polygon", "coordinates": [ [ [ 103.853631559930577, 1.27637169532997 ], [ 103.853593120046966, 1.27630979185659 ], [ 103.853528524567466, 1.276350931927817 ], [ 103.853567440667973, 1.276411985295369 ], [ 103.853631559930577, 1.27637169532997 ] ] ] } },
{ "type": "Feature", "properties": { "class": "NEEDS_MANUAL" }, "geometry": { "type": "Polygon", "coordinates": [ [ [ 103.849966614331635, 1.330938291060068 ], [ 103.84996431836386, 1.330914839998774 ], [ 103.849887544945815, 1.330931050348535 ], [ 103.849883360372033, 1.330931304503238 ], [ 103.849885960923018, 1.330950772741118 ], [ 103.849936742758771, 1.330941911433861 ], [ 103.849966614331635, 1.330938291060068 ] ] ] } },
{ "type": "Feature", "properties": { "class": "ALIGNED" }, "geometry": { "type": "Polygon", "coordinates": [ [ [ 103.850011177092085, 1.33117186279528 ], [ 103.850007423656962, 1.331147124833257 ], [ 103.849916953516981, 1.3311597304801 ], [ 103.849919064392239, 1.331184713536182 ], [ 103.850011177092085, 1.33117186279528 ] ] ] } },
{ "type": "Feature", "properties": { "class": "NEEDS_MANUAL" }, "geometry": { "type": "Polygon", "coordinates": [ [ [ 103.847549647572535, 1.338267133473347 ], [ 103.847540075059214, 1.338238047358249 ], [ 103.847510408306476, 1.338248737119317 ], [ 103.847520659235286, 1.338278513260683 ], [ 103.847529554947641, 1.33827521680031 ], [ 103.847549647572535, 1.338267133473347 ] ] ] } },
{ "type": "Feature", "properties": { "class": "NEEDS_MANUAL" }, "geometry": { "type": "Polygon", "coordinates": [ [ [ 103.847536020175227, 1.338292190779868 ], [ 103.847526277374584, 1.338339433933487 ], [ 103.847515629719283, 1.338385696761203 ], [ 103.847523983744054, 1.338407273040696 ], [ 103.847532028551541, 1.338409164020006 ], [ 103.847541359858326, 1.338369896459263 ], [ 103.847547445645162, 1.33834356766024 ], [ 103.847558370016571, 1.33829049858356 ], [ 103.847549647572535, 1.338267133473347 ], [ 103.847529554947641, 1.33827521680031 ], [ 103.847536020175227, 1.338292190779868 ] ] ] } },
{ "type": "Feature", "properties": { "class": "ALIGNED" }, "geometry": { "type": "Polygon", "coordinates": [ [ [ 103.849578770869186, 1.340559216286553 ], [ 103.849553570813171, 1.340566246079691 ], [ 103.849443505530658, 1.340592920136579 ], [ 103.849443157746705, 1.340586585970127 ], [ 103.849410324394086, 1.340588628242257 ], [ 103.849411959959909, 1.340617364412502 ], [ 103.849431426346854, 1.340616232923841 ], [ 103.849444900242432, 1.340615461411765 ], [ 103.849444757367579, 1.340614868149632 ], [ 103.849480512793576, 1.340606318955268 ], [ 103.849506747095973, 1.340599854383817 ], [ 103.849558917380662, 1.340587243578319 ], [ 103.849585462577778, 1.340579797768483 ], [ 103.849647152167748, 1.340562101656087 ], [ 103.849685632893951, 1.340549124672033 ], [ 103.8496789564594, 1.340528433762179 ], [ 103.849578770869186, 1.340559216286553 ] ] ] } },
{ "type": "Feature", "properties": { "class": "UNREPRESENTED-surface" }, "geometry": { "type": "Polygon", "coordinates": [ [ [ 103.849835976045441, 1.3405139366443 ], [ 103.849823899163809, 1.34047781279182 ], [ 103.849673194899125, 1.340528948384259 ], [ 103.84968527177881, 1.340565072237512 ], [ 103.849835976045441, 1.3405139366443 ] ] ] } },
{ "type": "Feature", "properties": { "class": "ALIGNED" }, "geometry": { "type": "Polygon", "coordinates": [ [ [ 103.853025734226691, 1.340676691288396 ], [ 103.853061173320086, 1.340776974166606 ], [ 103.853081633467809, 1.34077018584104 ], [ 103.85304619437369, 1.340669902963133 ], [ 103.853025734226691, 1.340676691288396 ] ] ] } },
{ "type": "Feature", "properties": { "class": "UNREPRESENTED-surface" }, "geometry": { "type": "Polygon", "coordinates": [ [ [ 103.849828251088027, 1.340507779783383 ], [ 103.849932365085834, 1.340463742856331 ], [ 103.849980125254163, 1.340453917514495 ], [ 103.850001191914799, 1.340444035379735 ], [ 103.849988856327059, 1.340419912446355 ], [ 103.84997241813339, 1.340427848357016 ], [ 103.849922447514132, 1.340438410770803 ], [ 103.849819799964621, 1.340482190847983 ], [ 103.849828251088027, 1.340507779783383 ] ] ] } },
{ "type": "Feature", "properties": { "class": "UNREPRESENTED-surface" }, "geometry": { "type": "Polygon", "coordinates": [ [ [ 103.849591359670839, 1.330986250220902 ], [ 103.849577010344888, 1.330942815495879 ], [ 103.849437362276575, 1.330961477979754 ], [ 103.849434990385049, 1.331007188196727 ], [ 103.849591359670839, 1.330986250220902 ] ] ] } },
{ "type": "Feature", "properties": { "class": "UNREPRESENTED-surface" }, "geometry": { "type": "Polygon", "coordinates": [ [ [ 103.81027553565167, 1.324747069821523 ], [ 103.810291875045436, 1.32473711201642 ], [ 103.810275171183505, 1.324709784676458 ], [ 103.810258922543909, 1.32471972801248 ], [ 103.81027553565167, 1.324747069821523 ] ] ] } },
{ "type": "Feature", "properties": { "class": "NEEDS_MANUAL" }, "geometry": { "type": "Polygon", "coordinates": [ [ [ 103.810286993175325, 1.324740087330101 ], [ 103.810373172152481, 1.32468770191423 ], [ 103.810355975923017, 1.324655978454129 ], [ 103.810337364070776, 1.324667760341756 ], [ 103.810344095937879, 1.324678345087321 ], [ 103.810276326588806, 1.324724370278737 ], [ 103.810286993175325, 1.324740087330101 ] ] ] } },
{ "type": "Feature", "properties": { "class": "UNREPRESENTED-surface" }, "geometry": { "type": "Polygon", "coordinates": [ [ [ 103.85311273512778, 1.340859289904611 ], [ 103.853092341473484, 1.34086616233579 ], [ 103.853144977603719, 1.341015738361458 ], [ 103.853165435954594, 1.341008770066666 ], [ 103.85311273512778, 1.340859289904611 ] ] ] } },
{ "type": "Feature", "properties": { "class": "UNREPRESENTED-surface" }, "geometry": { "type": "Polygon", "coordinates": [ [ [ 103.8530588828595, 1.340772956093908 ], [ 103.853091876945868, 1.34086961791612 ], [ 103.85313436072606, 1.340854765193353 ], [ 103.853101366638228, 1.340758103371728 ], [ 103.8530588828595, 1.340772956093908 ] ] ] } },
{ "type": "Feature", "properties": { "class": "ALIGNED" }, "geometry": { "type": "Polygon", "coordinates": [ [ [ 103.849480872638622, 1.340944887687832 ], [ 103.849505063653012, 1.340943470388012 ], [ 103.849502027973941, 1.34089096843339 ], [ 103.849595698295715, 1.340886425186306 ], [ 103.849638764448997, 1.340884305067722 ], [ 103.84966409214023, 1.340882822644461 ], [ 103.849693823632762, 1.340875384046955 ], [ 103.849687141771653, 1.340849537355414 ], [ 103.849652517630403, 1.340858225817354 ], [ 103.849475581409422, 1.3408670617343 ], [ 103.849480872638622, 1.340944887687832 ] ] ] } },
{ "type": "Feature", "properties": { "class": "NEEDS_MANUAL" }, "geometry": { "type": "Polygon", "coordinates": [ [ [ 103.852762955821561, 1.338502714281083 ], [ 103.852868154096228, 1.338440310483012 ], [ 103.852854290990436, 1.3384224294998 ], [ 103.852835405171859, 1.338433711597758 ], [ 103.852747406132693, 1.338486276676414 ], [ 103.852762955821561, 1.338502714281083 ] ] ] } },
{ "type": "Feature", "properties": { "class": "ALIGNED" }, "geometry": { "type": "Polygon", "coordinates": [ [ [ 103.853023782367373, 1.340653166071689 ], [ 103.853044306304227, 1.340645418215256 ], [ 103.853031483595004, 1.340612336667432 ], [ 103.853012182527337, 1.340611242542625 ], [ 103.852974829382418, 1.34060813183071 ], [ 103.852927529182551, 1.340604903630959 ], [ 103.852887938088841, 1.340534264041993 ], [ 103.852868421457913, 1.340544573953513 ], [ 103.852912361652486, 1.340624410894301 ], [ 103.85292283887506, 1.340626707895689 ], [ 103.852967686019298, 1.340631383098446 ], [ 103.853017151737674, 1.340633290907775 ], [ 103.853023782367373, 1.340653166071689 ] ] ] } },
{ "type": "Feature", "properties": { "class": "NEEDS_MANUAL" }, "geometry": { "type": "Polygon", "coordinates": [ [ [ 103.84877809165144, 1.281953871988769 ], [ 103.848845800754361, 1.281907891856713 ], [ 103.848903395944618, 1.281868597754463 ], [ 103.84894994457153, 1.28184118888224 ], [ 103.848970092391852, 1.281822917874477 ], [ 103.849162068953689, 1.281708503675589 ], [ 103.849151732921271, 1.281685139472696 ], [ 103.849099250369648, 1.281715644026395 ], [ 103.849086718315419, 1.281693237559254 ], [ 103.84905883586579, 1.28170967094627 ], [ 103.849058495320904, 1.281709871717395 ], [ 103.849071585368847, 1.281732512411722 ], [ 103.848960531790979, 1.281798143761157 ], [ 103.848947031111933, 1.281775567278699 ], [ 103.849058495320904, 1.281709871717395 ], [ 103.84905833717643, 1.281709597695802 ], [ 103.84905883586579, 1.28170967094627 ], [ 103.849086642837335, 1.281693102809362 ], [ 103.849086718315419, 1.281693237559254 ], [ 103.849140334815687, 1.281661636908521 ], [ 103.849302084808869, 1.281593435028677 ], [ 103.849319377743129, 1.281538908951627 ], [ 103.849251055732267, 1.281419429211059 ], [ 103.849223953211933, 1.281434870506714 ], [ 103.849285369873414, 1.281541396168465 ], [ 103.849275814088287, 1.281569185552952 ], [ 103.849125851996845, 1.281633130512436 ], [ 103.848993344989964, 1.281710596515401 ], [ 103.848899359103285, 1.281768260302351 ], [ 103.8487366973538, 1.28188369894971 ], [ 103.848757034161039, 1.281914222950594 ], [ 103.848920585431728, 1.281793327358707 ], [ 103.848930356277393, 1.281815978022097 ], [ 103.848910811335642, 1.28182752959467 ], [ 103.848857537172208, 1.281859118481775 ], [ 103.848799027272264, 1.281898933502728 ], [ 103.848758482677653, 1.281926310683053 ], [ 103.84877809165144, 1.281953871988769 ] ] ] } },
{ "type": "Feature", "properties": { "class": "NEEDS_MANUAL" }, "geometry": { "type": "Polygon", "coordinates": [ [ [ 103.854397654538374, 1.274989284156931 ], [ 103.854422394283645, 1.275032073979264 ], [ 103.854449488590149, 1.275013123693262 ], [ 103.854421070207295, 1.274966626005342 ], [ 103.85439901934194, 1.274980313750052 ], [ 103.854400846089007, 1.274983140779747 ], [ 103.854397654538374, 1.274989284156931 ] ] ] } },
{ "type": "Feature", "properties": { "class": "ALIGNED" }, "geometry": { "type": "Polygon", "coordinates": [ [ [ 103.86920816797776, 1.330928410959604 ], [ 103.869228931729751, 1.330923034209242 ], [ 103.869203779019955, 1.330837783762955 ], [ 103.869163937414285, 1.330738297931046 ], [ 103.869158176425444, 1.33071421750432 ], [ 103.869095945509102, 1.330427533992823 ], [ 103.869083558102275, 1.33037082690784 ], [ 103.869081609300551, 1.330319900367888 ], [ 103.86904637119784, 1.3301710379783 ], [ 103.86902245197119, 1.330068508724928 ], [ 103.868979216968384, 1.329873513012978 ], [ 103.868958320228629, 1.329878216915855 ], [ 103.868986799095268, 1.330006789085724 ], [ 103.868987859391154, 1.330006811679416 ], [ 103.868989306960486, 1.330006553914516 ], [ 103.868989666417178, 1.330008955901172 ], [ 103.868987419139913, 1.330009667668618 ], [ 103.869012046525441, 1.330119098116927 ], [ 103.869014591227071, 1.330118551843804 ], [ 103.869015804353168, 1.330123845071033 ], [ 103.869013253362681, 1.330124463693396 ], [ 103.869024787015505, 1.330172597416768 ], [ 103.86902727959891, 1.330171907350439 ], [ 103.869028448687502, 1.330176619976359 ], [ 103.869025845582158, 1.33017733807958 ], [ 103.869048083490796, 1.330271405219528 ], [ 103.869050534740424, 1.330270693449034 ], [ 103.869050991242474, 1.33027318225323 ], [ 103.86904857862983, 1.330273829813297 ], [ 103.869059756431824, 1.330320278710701 ], [ 103.869063073888867, 1.330319546127193 ], [ 103.869063687639766, 1.330322144357186 ], [ 103.869060302793486, 1.33032304605782 ], [ 103.869060551711101, 1.330324275989784 ], [ 103.869062220140577, 1.330373642505255 ], [ 103.869113087157842, 1.330607788942543 ], [ 103.869137108036227, 1.330717628170293 ], [ 103.869143566345969, 1.330744603457337 ], [ 103.869153922590186, 1.330771515381877 ], [ 103.869183461874371, 1.33084478745813 ], [ 103.86920816797776, 1.330928410959604 ] ] ] } },
{ "type": "Feature", "properties": { "class": "NEEDS_MANUAL" }, "geometry": { "type": "Polygon", "coordinates": [ [ [ 103.844629065051336, 1.280903993043698 ], [ 103.844650943711059, 1.28093835881357 ], [ 103.844687698673226, 1.280995774065677 ], [ 103.844743726520278, 1.281083537908893 ], [ 103.844823182125197, 1.281207809048212 ], [ 103.844880228365724, 1.281170862770104 ], [ 103.844950838001736, 1.281125111532038 ], [ 103.844923258969374, 1.281081910145537 ], [ 103.844839280020267, 1.281136323450501 ], [ 103.844617845367409, 1.280781731095295 ], [ 103.844570656966823, 1.280812226489117 ], [ 103.844629065051336, 1.280903993043698 ] ] ] } },
{ "type": "Feature", "properties": { "class": "UNREPRESENTED-surface" }, "geometry": { "type": "Polygon", "coordinates": [ [ [ 103.844808347420681, 1.281244777744255 ], [ 103.844791576086138, 1.281218878617268 ], [ 103.84477692621185, 1.281195409509147 ], [ 103.844775007746662, 1.281176088665631 ], [ 103.844772138306809, 1.28108436437096 ], [ 103.844745289085282, 1.281085074417889 ], [ 103.844747830558575, 1.281176997674367 ], [ 103.844754586819548, 1.281211056026923 ], [ 103.844768782932192, 1.281234611051865 ], [ 103.844768689486543, 1.281235139201393 ], [ 103.844786740333106, 1.281259558781786 ], [ 103.844799554499119, 1.281284217137972 ], [ 103.844803371516818, 1.281290166033211 ], [ 103.844825413499592, 1.28127593213435 ], [ 103.844808347420681, 1.281244777744255 ] ] ] } },
{ "type": "Feature", "properties": { "class": "UNREPRESENTED-surface" }, "geometry": { "type": "Polygon", "coordinates": [ [ [ 103.844578037205821, 1.280937087599456 ], [ 103.844599854764255, 1.280971388255767 ], [ 103.844650943711059, 1.28093835881357 ], [ 103.844629065051336, 1.280903993043698 ], [ 103.844578037205821, 1.280937087599456 ] ] ] } },
{ "type": "Feature", "properties": { "class": "UNREPRESENTED-surface" }, "geometry": { "type": "Polygon", "coordinates": [ [ [ 103.77959601097136, 1.312870925714686 ], [ 103.77958707237002, 1.31282107334312 ], [ 103.779580049307015, 1.31277912425268 ], [ 103.779560020465482, 1.31266140543014 ], [ 103.779541238889877, 1.312666180971584 ], [ 103.779538262828297, 1.31266931181639 ], [ 103.779481853417778, 1.312683062358297 ], [ 103.779482357486941, 1.312683851879269 ], [ 103.779477354339065, 1.312685083515028 ], [ 103.77948204257973, 1.312703250486876 ], [ 103.779540115204327, 1.312689538868658 ], [ 103.779558143254533, 1.312794225758302 ], [ 103.779565838353392, 1.31283985381734 ], [ 103.7795717743182, 1.312874946898452 ], [ 103.77959601097136, 1.312870925714686 ] ] ] } },
{ "type": "Feature", "properties": { "class": "UNREPRESENTED-surface" }, "geometry": { "type": "Polygon", "coordinates": [ [ [ 103.77959601097136, 1.312870925714686 ], [ 103.7795717743182, 1.312874946898452 ], [ 103.779504386372196, 1.312891359651617 ], [ 103.779426896879443, 1.312910378561685 ], [ 103.779133880937565, 1.312991362532004 ], [ 103.779062804264214, 1.313015994055202 ], [ 103.77901333693174, 1.31303453244225 ], [ 103.778951848670559, 1.313059374888681 ], [ 103.778909569741103, 1.313077423265475 ], [ 103.778854453987805, 1.313102334580706 ], [ 103.778818353461261, 1.313121328152056 ], [ 103.778790305758534, 1.313139133565011 ], [ 103.778767147093504, 1.313155487580326 ], [ 103.77874024225585, 1.313177389788038 ], [ 103.778666226507212, 1.31323932174014 ], [ 103.778574669818639, 1.313317559895763 ], [ 103.778503075671239, 1.313378625514994 ], [ 103.778448474265417, 1.313426957154031 ], [ 103.778387419300955, 1.313483294986013 ], [ 103.778325108975508, 1.313543507085168 ], [ 103.778258819754925, 1.31360898520757 ], [ 103.778202161361378, 1.313666367672816 ], [ 103.778147983861004, 1.313723720347734 ], [ 103.777845791815153, 1.314048411136497 ], [ 103.777756616750537, 1.314143674874133 ], [ 103.777728083576179, 1.314172157187873 ], [ 103.777671621173823, 1.314223568126791 ], [ 103.777647126294468, 1.31424235574508 ], [ 103.777530888074082, 1.314325161248681 ], [ 103.777366489519281, 1.314442031253938 ], [ 103.777182265925973, 1.314573235876889 ], [ 103.777085152148388, 1.314667692715532 ], [ 103.776895174096182, 1.314804014078077 ], [ 103.776907461372332, 1.314821512901515 ], [ 103.777100156680987, 1.314683353931493 ], [ 103.777194537022069, 1.31459105484357 ], [ 103.777374177936466, 1.314463267708966 ], [ 103.7775430881848, 1.314343042613261 ], [ 103.777660139606809, 1.31425961673348 ], [ 103.777685107129287, 1.314240562338204 ], [ 103.777716978398303, 1.314212917541152 ], [ 103.777755348181216, 1.314176059225968 ], [ 103.777769913101622, 1.314161148393916 ], [ 103.777793771949618, 1.314135866520269 ], [ 103.77790165077063, 1.314020256811463 ], [ 103.77816825042774, 1.313733595551679 ], [ 103.778216358986484, 1.313682558821745 ], [ 103.77831051915031, 1.313588173313995 ], [ 103.778421093384395, 1.313481163239826 ], [ 103.778460834323411, 1.313444706480677 ], [ 103.778534418833317, 1.313380300185045 ], [ 103.778615872941529, 1.313310974318658 ], [ 103.778673790019042, 1.313261243697061 ], [ 103.778710440710384, 1.313230753861148 ], [ 103.778782357398526, 1.313171040267177 ], [ 103.778805354320284, 1.313154891538874 ], [ 103.778826660111577, 1.313141532737085 ], [ 103.778847583980763, 1.313129951002565 ], [ 103.778880154941703, 1.313113914624654 ], [ 103.7789201829913, 1.313096549898508 ], [ 103.778981354086326, 1.3130707569591 ], [ 103.779030787301025, 1.31305100672383 ], [ 103.779076951536922, 1.313033850132972 ], [ 103.779141116518105, 1.313011627685131 ], [ 103.779430810504621, 1.312931629399079 ], [ 103.779508826550114, 1.312912503785333 ], [ 103.779573143238437, 1.312896891328037 ], [ 103.779599542747633, 1.312890625558817 ], [ 103.77959601097136, 1.312870925714686 ] ] ] } },
{ "type": "Feature", "properties": { "class": "NEEDS_MANUAL" }, "geometry": { "type": "Polygon", "coordinates": [ [ [ 103.778084411075852, 1.313824200136102 ], [ 103.778070194788896, 1.313839455540757 ], [ 103.778091387546141, 1.313859102421999 ], [ 103.77810531630206, 1.313843627250328 ], [ 103.778084411075852, 1.313824200136102 ] ] ] } },
{ "type": "Feature", "properties": { "class": "NEEDS_MANUAL" }, "geometry": { "type": "Polygon", "coordinates": [ [ [ 103.777303614603554, 1.314513593083687 ], [ 103.777285946139159, 1.314526188670136 ], [ 103.777315125898298, 1.314555079245397 ], [ 103.777344205368692, 1.314568339690518 ], [ 103.777411944638303, 1.314595300316743 ], [ 103.777411445897968, 1.314597332412006 ], [ 103.777415403072567, 1.314599067976207 ], [ 103.777501080826184, 1.31463348096579 ], [ 103.77755278652775, 1.314653640408186 ], [ 103.777578358380765, 1.314693046847098 ], [ 103.777596211046188, 1.314680519090013 ], [ 103.777566382865942, 1.314636456888384 ], [ 103.777509337149482, 1.314613315637174 ], [ 103.777419412890353, 1.314577098345488 ], [ 103.777419937672562, 1.314575787933496 ], [ 103.777372393135281, 1.314556635139713 ], [ 103.777321540195445, 1.31453493015441 ], [ 103.777303614603554, 1.314513593083687 ] ] ] } },
{ "type": "Feature", "properties": { "class": "UNREPRESENTED-surface" }, "geometry": { "type": "Polygon", "coordinates": [ [ [ 103.77734730753663, 1.31535815543495 ], [ 103.77715458165089, 1.315214418656749 ], [ 103.777151927417222, 1.315210707085727 ], [ 103.777095681612678, 1.315137994924906 ], [ 103.777025173548395, 1.315046533159473 ], [ 103.77696512874509, 1.31497101376305 ], [ 103.776964319187101, 1.314969432915928 ], [ 103.77696700766235, 1.314968810774406 ], [ 103.77695214853847, 1.31487998649275 ], [ 103.776939047701632, 1.314799001280309 ], [ 103.77692087513725, 1.314812030947352 ], [ 103.776932338218373, 1.314879594452731 ], [ 103.776942917219912, 1.31494301414092 ], [ 103.776947863947456, 1.314973682149591 ], [ 103.776945359670464, 1.314974503255414 ], [ 103.776947339956834, 1.314979744091271 ], [ 103.776972420439165, 1.315012785609266 ], [ 103.776975099067045, 1.315010530185683 ], [ 103.777012149736407, 1.315056765745336 ], [ 103.777060261190144, 1.315119379592101 ], [ 103.777143127555448, 1.315226881441082 ], [ 103.77723215353214, 1.315292181268847 ], [ 103.777326822282859, 1.31536308466196 ], [ 103.77734730753663, 1.31535815543495 ] ] ] } },
{ "type": "Feature", "properties": { "class": "NEEDS_MANUAL" }, "geometry": { "type": "Polygon", "coordinates": [ [ [ 103.868238528016107, 1.328803542987998 ], [ 103.868202625137812, 1.328788632337606 ], [ 103.868173262032087, 1.32877999788297 ], [ 103.868111111442573, 1.328763795266805 ], [ 103.868007037582842, 1.328791725321196 ], [ 103.867901234003256, 1.328819746736408 ], [ 103.867799183681456, 1.328847435288304 ], [ 103.867819273814803, 1.328864527493848 ], [ 103.86795294866792, 1.328828375452995 ], [ 103.868011735525315, 1.328812966062127 ], [ 103.868111211496867, 1.328786294947944 ], [ 103.868158339082328, 1.328798126983982 ], [ 103.868196741691051, 1.328809479829889 ], [ 103.868226236036733, 1.328821712748413 ], [ 103.868238528016107, 1.328803542987998 ] ] ] } },
{ "type": "Feature", "properties": { "class": "UNREPRESENTED-surface" }, "geometry": { "type": "Polygon", "coordinates": [ [ [ 103.867799183681456, 1.328847435288304 ], [ 103.867796403101153, 1.328879752790192 ], [ 103.867797926882304, 1.32893242928364 ], [ 103.867798186599998, 1.328934972352774 ], [ 103.867810955770722, 1.328985556893339 ], [ 103.867811280161021, 1.328986412417526 ], [ 103.867824921430412, 1.329008235443869 ], [ 103.867825870332979, 1.329010272059217 ], [ 103.867827335070245, 1.329016922734635 ], [ 103.867829647047031, 1.329016503981416 ], [ 103.867830799940961, 1.329019933315122 ], [ 103.867828356777181, 1.329020501290315 ], [ 103.867844719468295, 1.329085268023065 ], [ 103.867864989268668, 1.329163719543182 ], [ 103.867885715268926, 1.329158273168903 ], [ 103.867862100858673, 1.329066381031929 ], [ 103.867845582718047, 1.329001674893877 ], [ 103.867844958197693, 1.328999911392041 ], [ 103.867819610809661, 1.328931959613953 ], [ 103.867819436466235, 1.328930248558898 ], [ 103.867819273814803, 1.328864527493848 ], [ 103.867799183681456, 1.328847435288304 ] ] ] } },
{ "type": "Feature", "properties": { "class": "NEEDS_MANUAL" }, "geometry": { "type": "Polygon", "coordinates": [ [ [ 103.846802095218081, 1.333146028940629 ], [ 103.84690306785042, 1.333146284317907 ], [ 103.846903117063732, 1.333108418574502 ], [ 103.846802144432942, 1.333108163197227 ], [ 103.846802095218081, 1.333146028940629 ] ] ] } },
{ "type": "Feature", "properties": { "class": "ALIGNED" }, "geometry": { "type": "Polygon", "coordinates": [ [ [ 103.846803808590892, 1.333279139634137 ], [ 103.846825658186333, 1.333331630640076 ], [ 103.846855216200098, 1.333328660543747 ], [ 103.846830846118962, 1.333270113022686 ], [ 103.846806995198662, 1.333173631023669 ], [ 103.846779484121669, 1.333180740384628 ], [ 103.846803808590892, 1.333279139634137 ] ] ] } },
{ "type": "Feature", "properties": { "class": "ALIGNED" }, "geometry": { "type": "Polygon", "coordinates": [ [ [ 103.846825414677539, 1.333331655059253 ], [ 103.846828495978457, 1.333359056383309 ], [ 103.846873560380999, 1.333354528885442 ], [ 103.846947845879328, 1.333354487776773 ], [ 103.846948677786713, 1.333326032846445 ], [ 103.846867696250328, 1.333327407025499 ], [ 103.846825414677539, 1.333331655059253 ] ] ] } },
{ "type": "Feature", "properties": { "class": "ALIGNED" }, "geometry": { "type": "Polygon", "coordinates": [ [ [ 103.846850406373704, 1.33335594072653 ], [ 103.846850400083824, 1.333355946152743 ], [ 103.84682904409307, 1.333358118554256 ], [ 103.846852460998193, 1.333451873896231 ], [ 103.84688709751606, 1.33358735293783 ], [ 103.846907970966711, 1.333582093037965 ], [ 103.846876669965567, 1.333460214716417 ], [ 103.846850406373704, 1.33335594072653 ] ] ] } },
{ "type": "Feature", "properties": { "class": "ALIGNED" }, "geometry": { "type": "Polygon", "coordinates": [ [ [ 103.846937148641814, 1.333696897431394 ], [ 103.84690765554889, 1.333577657131672 ], [ 103.846865142173115, 1.333587199317427 ], [ 103.846864719851851, 1.333587294278029 ], [ 103.846894460950054, 1.333707535708442 ], [ 103.846937148641814, 1.333696897431394 ] ] ] } },
{ "type": "Feature", "properties": { "class": "ALIGNED" }, "geometry": { "type": "Polygon", "coordinates": [ [ [ 103.846934992078886, 1.333692161286345 ], [ 103.846914042248642, 1.333697168869156 ], [ 103.846946673183496, 1.333830739711555 ], [ 103.846988666394495, 1.334001606494266 ], [ 103.847002173025729, 1.334077441906385 ], [ 103.847022810152126, 1.334070811894566 ], [ 103.847020444177019, 1.334057415556047 ], [ 103.847016913628693, 1.334036209131979 ], [ 103.847009588368579, 1.333996002030356 ], [ 103.847003427715904, 1.333969769162908 ], [ 103.846997120601728, 1.333944113280806 ], [ 103.846990464841582, 1.333917382111226 ], [ 103.846983971722864, 1.333891095888047 ], [ 103.846977481300755, 1.333864951650054 ], [ 103.846964823944873, 1.333813999822991 ], [ 103.846957808753899, 1.333785688730443 ], [ 103.846944951911937, 1.333733418340859 ], [ 103.846934992078886, 1.333692161286345 ] ] ] } },
{ "type": "Feature", "properties": { "class": "ALIGNED" }, "geometry": { "type": "Polygon", "coordinates": [ [ [ 103.847023616174312, 1.334073775492616 ], [ 103.847022407583381, 1.334068074385393 ], [ 103.84699503937712, 1.334076885762069 ], [ 103.846998838550661, 1.334090250439848 ], [ 103.847065403004137, 1.33413261502324 ], [ 103.847079504834383, 1.33410979601823 ], [ 103.847060963042992, 1.334098341441288 ], [ 103.847059397768277, 1.334100493837652 ], [ 103.847047570017637, 1.33409287191977 ], [ 103.847049063406018, 1.334090397570035 ], [ 103.847023616174312, 1.334073775492616 ] ] ] } },
{ "type": "Feature", "properties": { "class": "NEEDS_MANUAL" }, "geometry": { "type": "Polygon", "coordinates": [ [ [ 103.846765180374646, 1.33540445436571 ], [ 103.8467046294341, 1.335435080098024 ], [ 103.84666933852759, 1.335425177499454 ], [ 103.84664973127137, 1.33545694793201 ], [ 103.846667350250002, 1.335467962995746 ], [ 103.846678751050462, 1.335449490383802 ], [ 103.846706780701595, 1.335457355488725 ], [ 103.846774494026278, 1.335423106832697 ], [ 103.846805577746096, 1.335407301082749 ], [ 103.846851862337417, 1.335386330422572 ], [ 103.846843348399574, 1.335367294500895 ], [ 103.846796639690368, 1.3353884577929 ], [ 103.846765140838215, 1.335404474261947 ], [ 103.846765180374646, 1.33540445436571 ] ] ] } },
{ "type": "Feature", "properties": { "class": "ALIGNED" }, "geometry": { "type": "Polygon", "coordinates": [ [ [ 103.856370934553183, 1.34304402570944 ], [ 103.856371652300666, 1.343022423149848 ], [ 103.856340954773643, 1.343021564294642 ], [ 103.856186086951993, 1.343017483455715 ], [ 103.856162167269247, 1.3430169564362 ], [ 103.856161544832275, 1.343045560584157 ], [ 103.856159658767936, 1.343047064559912 ], [ 103.856071391363869, 1.343045149039657 ], [ 103.856003869920769, 1.343043028936274 ], [ 103.856000744726956, 1.343042952094463 ], [ 103.85600135461786, 1.343017812566707 ], [ 103.856001404911694, 1.343015039784928 ], [ 103.855976794236767, 1.343014593258466 ], [ 103.855975384853252, 1.34306433331455 ], [ 103.856074722530977, 1.343067183847474 ], [ 103.85618069787084, 1.343069617401889 ], [ 103.856181778554486, 1.343038978429693 ], [ 103.856269514913564, 1.343041368742274 ], [ 103.856370934553183, 1.34304402570944 ] ] ] } },
{ "type": "Feature", "properties": { "class": "NEEDS_MANUAL" }, "geometry": { "type": "Polygon", "coordinates": [ [ [ 103.77734730753663, 1.31535815543495 ], [ 103.777326822282859, 1.31536308466196 ], [ 103.777343732880666, 1.315408515782268 ], [ 103.777335704266292, 1.31541163656204 ], [ 103.777347217610853, 1.315441964677352 ], [ 103.77735531271594, 1.315438937048576 ], [ 103.777361889705304, 1.315456761312188 ], [ 103.777384400093595, 1.315460725648707 ], [ 103.777387983054709, 1.315440882169009 ], [ 103.777377443163587, 1.315436337500811 ], [ 103.777356083195656, 1.315379662319464 ], [ 103.77734730753663, 1.31535815543495 ] ] ] } },
{ "type": "Feature", "properties": { "class": "UNREPRESENTED-surface" }, "geometry": { "type": "Polygon", "coordinates": [ [ [ 103.782492436411999, 1.319586168536028 ], [ 103.782505759491642, 1.319573627085846 ], [ 103.782499838165165, 1.319567283752862 ], [ 103.782525016051835, 1.31954411626576 ], [ 103.7825578328288, 1.319505979897316 ], [ 103.782555248640094, 1.319503725264033 ], [ 103.782562520796844, 1.31949491509633 ], [ 103.782565196637549, 1.3194971823926 ], [ 103.782599651528585, 1.319456293172226 ], [ 103.782608508933322, 1.319437447306224 ], [ 103.782684388930107, 1.319348028032348 ], [ 103.78268255322547, 1.319346239162149 ], [ 103.782689136172493, 1.319338407502095 ], [ 103.782691141704447, 1.31934014301828 ], [ 103.78271785627021, 1.319309056946599 ], [ 103.782745399234358, 1.319281212133229 ], [ 103.782781502814117, 1.319247623876832 ], [ 103.782855400165587, 1.319179480631363 ], [ 103.782853208653165, 1.319176767493686 ], [ 103.782860310936826, 1.31917018386648 ], [ 103.782862691146661, 1.319172817423944 ], [ 103.782977081539215, 1.319068750032759 ], [ 103.783056284004601, 1.31899677871465 ], [ 103.783052055513195, 1.318992213397627 ], [ 103.783059575626353, 1.318985423583227 ], [ 103.783063485128935, 1.318990142635695 ], [ 103.78311902373909, 1.318943071601331 ], [ 103.783117945507968, 1.318941545916835 ], [ 103.783125435057514, 1.318935381921704 ], [ 103.783126536654947, 1.318936709550885 ], [ 103.783137261039954, 1.318928028775502 ], [ 103.783210769953627, 1.318872109803093 ], [ 103.783255273180217, 1.318838489152292 ], [ 103.783333791495238, 1.318783435754065 ], [ 103.783389562619263, 1.318746466467352 ], [ 103.783491880982425, 1.318685134542747 ], [ 103.783516440473917, 1.318670714043967 ], [ 103.783547368046356, 1.318653874498534 ], [ 103.783576053679809, 1.318639708208537 ], [ 103.783679654936819, 1.318589915990404 ], [ 103.783672590028317, 1.31856971506263 ], [ 103.783630249916044, 1.318588657931864 ], [ 103.783582577707293, 1.318612258169399 ], [ 103.7835411424048, 1.318632713152404 ], [ 103.783510030630794, 1.318649490292927 ], [ 103.783461439105665, 1.318677921623722 ], [ 103.783380126424291, 1.318726841571032 ], [ 103.783346681006407, 1.318748824183306 ], [ 103.783301450017561, 1.318779362747558 ], [ 103.783263775027351, 1.318805834537575 ], [ 103.783245015704225, 1.318819155444175 ], [ 103.783124581036915, 1.318910343673898 ], [ 103.783059200436142, 1.318965277956107 ], [ 103.782993320159264, 1.319024127219399 ], [ 103.782996017552435, 1.319027025761926 ], [ 103.782993491676478, 1.319029407806127 ], [ 103.782990914686792, 1.319026628642121 ], [ 103.782835334834004, 1.319168477725462 ], [ 103.782725457900099, 1.319270334031251 ], [ 103.782728035788608, 1.319273096012619 ], [ 103.782725715677003, 1.319275648081205 ], [ 103.782722914046886, 1.319272999140804 ], [ 103.782702004323212, 1.319294255795785 ], [ 103.782673775659603, 1.319327242810036 ], [ 103.782675761423747, 1.319328962047281 ], [ 103.782673450295135, 1.319331633492085 ], [ 103.782671548993363, 1.319329987510088 ], [ 103.782592126831403, 1.319423108273986 ], [ 103.782582898313862, 1.31944249403781 ], [ 103.782508572847064, 1.319529834206672 ], [ 103.782477108572309, 1.319558957707595 ], [ 103.782484826067673, 1.319567060066141 ], [ 103.782479571231903, 1.319572273618254 ], [ 103.782492436411999, 1.319586168536028 ] ] ] } },
{ "type": "Feature", "properties": { "class": "ALIGNED" }, "geometry": { "type": "Polygon", "coordinates": [ [ [ 103.795993509583539, 1.311047602321164 ], [ 103.79601478725327, 1.311045206074388 ], [ 103.796006449757584, 1.310975208134676 ], [ 103.795984186251218, 1.310804400471635 ], [ 103.795984223990345, 1.310804395046023 ], [ 103.795983891582864, 1.310800647354414 ], [ 103.795983891578615, 1.310800934037972 ], [ 103.795983463028335, 1.310797057925156 ], [ 103.795982750538812, 1.310793038014109 ], [ 103.795982229451113, 1.310788278335758 ], [ 103.795982015630571, 1.31078598124665 ], [ 103.795981088421968, 1.31077966424648 ], [ 103.79598058977426, 1.310776506198042 ], [ 103.795980019247978, 1.310772989115826 ], [ 103.795979945566955, 1.310772991827808 ], [ 103.795979190874007, 1.310767059185157 ], [ 103.795957697551174, 1.310769708650521 ], [ 103.795963205053212, 1.310810260438813 ], [ 103.795965882730883, 1.31081007960612 ], [ 103.795966906960004, 1.310817929505638 ], [ 103.795964283190543, 1.310818426866728 ], [ 103.795971246180102, 1.310869876269449 ], [ 103.795979682598798, 1.310934212888822 ], [ 103.795993509583539, 1.311047602321164 ] ] ] } },
{ "type": "Feature", "properties": { "class": "ALIGNED" }, "geometry": { "type": "Polygon", "coordinates": [ [ [ 103.811848969273882, 1.320839105874221 ], [ 103.811935253926535, 1.320913502367438 ], [ 103.812061493918407, 1.321058082416027 ], [ 103.81213424271796, 1.321141021413635 ], [ 103.812281711783015, 1.321303663602813 ], [ 103.812456373522011, 1.321495372291204 ], [ 103.812511349163998, 1.321555735474255 ], [ 103.812629874374906, 1.321685000919095 ], [ 103.812680296987224, 1.321754014307499 ], [ 103.812695112145548, 1.321775667632709 ], [ 103.81272035393016, 1.321819122562018 ], [ 103.812763238373677, 1.321914250317515 ], [ 103.812790092557321, 1.322019244556453 ], [ 103.81281070899837, 1.322013704590579 ], [ 103.812784109103802, 1.321908777276932 ], [ 103.812739178697228, 1.321808524470615 ], [ 103.812713325905193, 1.321764020473463 ], [ 103.812697869187915, 1.32174142750817 ], [ 103.812681334209287, 1.321718639191019 ], [ 103.812646536351792, 1.321671168802459 ], [ 103.812527217725886, 1.321541037874808 ], [ 103.812329519997817, 1.321324133398081 ], [ 103.812207747493005, 1.321189862253187 ], [ 103.812139083449765, 1.321113931213974 ], [ 103.811997122533029, 1.320951100051777 ], [ 103.811951193474172, 1.320898697152834 ], [ 103.811863035354278, 1.320822617621376 ], [ 103.811848969273882, 1.320839105874221 ] ] ] } },
{ "type": "Feature", "properties": { "class": "ALIGNED" }, "geometry": { "type": "Polygon", "coordinates": [ [ [ 103.770826166638386, 1.34226334477014 ], [ 103.771004207724147, 1.342422038990512 ], [ 103.771161413497921, 1.34256216155181 ], [ 103.771170157215394, 1.342568800711326 ], [ 103.771176293413831, 1.342571425332519 ], [ 103.771187941380376, 1.342573954232095 ], [ 103.771208317150425, 1.342572825202588 ], [ 103.771208430046627, 1.342549996346107 ], [ 103.771177537700339, 1.342544507875536 ], [ 103.770850523671683, 1.3422367435308 ], [ 103.770826166638386, 1.34226334477014 ] ] ] } },
{ "type": "Feature", "properties": { "class": "NEEDS_MANUAL" }, "geometry": { "type": "Polygon", "coordinates": [ [ [ 103.854077821817654, 1.275256261625296 ], [ 103.853932778135359, 1.27534951729058 ], [ 103.85383067527566, 1.275415044775515 ], [ 103.853849295859916, 1.27544226420156 ], [ 103.853929767462674, 1.275390089838215 ], [ 103.854034599153167, 1.275322002974547 ], [ 103.854194485666937, 1.275218305385192 ], [ 103.854314024509392, 1.275140905240316 ], [ 103.854467774932758, 1.275041611941571 ], [ 103.854449430190542, 1.275013766697205 ], [ 103.854357133936944, 1.275073773878455 ], [ 103.854217521011307, 1.275164933197167 ], [ 103.854077821817654, 1.275256261625296 ] ] ] } },
{ "type": "Feature", "properties": { "class": "ALIGNED" }, "geometry": { "type": "Polygon", "coordinates": [ [ [ 103.851276324843482, 1.343366954830085 ], [ 103.851272484195505, 1.343339510110756 ], [ 103.851253293657734, 1.343342229676339 ], [ 103.851086593774127, 1.343365857421844 ], [ 103.85094475613846, 1.3433865539306 ], [ 103.850892943389198, 1.343393560417182 ], [ 103.850896216152066, 1.343422309234781 ], [ 103.850709470280123, 1.343447207731468 ], [ 103.850713492460045, 1.343478728420973 ], [ 103.85085791258237, 1.343460289200663 ], [ 103.85092951880776, 1.34345076391648 ], [ 103.85092551908464, 1.343418613789537 ], [ 103.851276324843482, 1.343366954830085 ] ] ] } },
{ "type": "Feature", "properties": { "class": "UNREPRESENTED-surface" }, "geometry": { "type": "Polygon", "coordinates": [ [ [ 103.846680487851572, 1.335428933264413 ], [ 103.846680507619908, 1.335428945021041 ], [ 103.846680962284552, 1.335427915851729 ], [ 103.846698914340834, 1.335385764227667 ], [ 103.846721995300101, 1.335331878445696 ], [ 103.846744500287343, 1.335278806594723 ], [ 103.846753625921991, 1.335257300756299 ], [ 103.846765391529843, 1.335237835149689 ], [ 103.846788880512648, 1.335198883136145 ], [ 103.846814720997116, 1.335155743901651 ], [ 103.846828910896292, 1.335133336383573 ], [ 103.846835879166889, 1.335125377937276 ], [ 103.846845806378937, 1.335115850402155 ], [ 103.846826900670891, 1.335105435844813 ], [ 103.846824689323739, 1.335105992041204 ], [ 103.846818748994437, 1.335112371461346 ], [ 103.846811716027318, 1.335120262080594 ], [ 103.846797205345723, 1.335143169713933 ], [ 103.846786906172213, 1.335160364453315 ], [ 103.846789287357794, 1.335161831319457 ], [ 103.846787062548316, 1.335165348405339 ], [ 103.84678452231833, 1.335163933088845 ], [ 103.846775841433029, 1.335178580224411 ], [ 103.846777298898985, 1.335179600339574 ], [ 103.846775476640687, 1.335182639014402 ], [ 103.846773931117426, 1.335181864886876 ], [ 103.846734615083975, 1.335247250657728 ], [ 103.846711127085257, 1.335302268706468 ], [ 103.846682837254207, 1.335368559684946 ], [ 103.846659749107218, 1.335422804499294 ], [ 103.846680487851572, 1.335428933264413 ] ] ] } },
{ "type": "Feature", "properties": { "class": "NEEDS_MANUAL" }, "geometry": { "type": "Polygon", "coordinates": [ [ [ 103.846810852467996, 1.335111906661552 ], [ 103.846850400798687, 1.335133222314837 ], [ 103.846938401917328, 1.33496682418058 ], [ 103.846898853588584, 1.334945508528653 ], [ 103.846810852467996, 1.335111906661552 ] ] ] } },
{ "type": "Feature", "properties": { "class": "UNREPRESENTED-surface" }, "geometry": { "type": "MultiPolygon", "coordinates": [ [ [ [ 103.847034864160619, 1.334371024675601 ], [ 103.847030961747748, 1.334374908038753 ], [ 103.84701931574152, 1.334410178320491 ], [ 103.847013148187258, 1.334436087494324 ], [ 103.847016449489658, 1.334436594824344 ], [ 103.847016164668858, 1.334440550516376 ], [ 103.847012700728456, 1.334440204164148 ], [ 103.847009542561878, 1.334487715876558 ], [ 103.847005846212113, 1.334544787629336 ], [ 103.846999145961291, 1.334597588989605 ], [ 103.84698999713379, 1.334649031103623 ], [ 103.846987428231401, 1.334662306284835 ], [ 103.846982445873394, 1.334688206408278 ], [ 103.846968762922742, 1.334739343776672 ], [ 103.846950920635479, 1.334806183649367 ], [ 103.846946256323392, 1.334824310757861 ], [ 103.846948703098846, 1.3348249437994 ], [ 103.846947656301737, 1.334829005306313 ], [ 103.846945205931249, 1.3348282266621 ], [ 103.846944439475763, 1.334830778783065 ], [ 103.846926056164534, 1.334881038039393 ], [ 103.846902876425844, 1.334944650264394 ], [ 103.846902552953267, 1.334946134328377 ], [ 103.846901605957342, 1.334961402719859 ], [ 103.846902221471481, 1.334961809680475 ], [ 103.846902364347088, 1.334962714948581 ], [ 103.846902543163466, 1.334963341672199 ], [ 103.846922267457984, 1.334974002211577 ], [ 103.846923437301939, 1.334959807299518 ], [ 103.846923655603788, 1.33495113353818 ], [ 103.846924448114422, 1.334948020711084 ], [ 103.8469425214317, 1.334899191256825 ], [ 103.846965058710978, 1.334837507140178 ], [ 103.846970566754194, 1.334816798066236 ], [ 103.846990884513104, 1.334740238974023 ], [ 103.8470005941236, 1.33470380749926 ], [ 103.847007043804922, 1.334674140689346 ], [ 103.847012272358285, 1.334646593716676 ], [ 103.847020525351908, 1.334600272119512 ], [ 103.847030299295213, 1.334498337521688 ], [ 103.84703419152244, 1.334439927308245 ], [ 103.84704039412776, 1.334415381011515 ], [ 103.847045232724852, 1.334391171146023 ], [ 103.847047950847653, 1.33438881616554 ], [ 103.847034864160619, 1.334371024675601 ] ] ], [ [ [ 103.847034863262067, 1.334371023771243 ], [ 103.847034864160619, 1.334371024675601 ], [ 103.847034865059172, 1.334371023771233 ], [ 103.847034863262067, 1.334371023771243 ] ] ] ] } },
{ "type": "Feature", "properties": { "class": "UNREPRESENTED-surface" }, "geometry": { "type": "Polygon", "coordinates": [ [ [ 103.847063879299569, 1.334339499269782 ], [ 103.847028992058924, 1.334365646452673 ], [ 103.847044828352239, 1.334387229927676 ], [ 103.847079720988503, 1.334361831558368 ], [ 103.847063879299569, 1.334339499269782 ] ] ] } },
{ "type": "Feature", "properties": { "class": "NEEDS_MANUAL" }, "geometry": { "type": "Polygon", "coordinates": [ [ [ 103.847359784706171, 1.334446828476108 ], [ 103.847359801778438, 1.334446771501041 ], [ 103.847385959695004, 1.33444928819728 ], [ 103.847439335838587, 1.334456540893329 ], [ 103.847502832442842, 1.334465392446056 ], [ 103.847506581117841, 1.334446840290478 ], [ 103.847469377220705, 1.33444164402735 ], [ 103.847454976929683, 1.334439651795534 ], [ 103.847415560782878, 1.334434148060426 ], [ 103.847402440038749, 1.334432361111679 ], [ 103.847388564505721, 1.33443044212997 ], [ 103.847361950122419, 1.334427959802236 ], [ 103.84735912865149, 1.334427790702261 ], [ 103.847334873889139, 1.334426967869589 ], [ 103.847333993303337, 1.334427032988869 ], [ 103.847308363787292, 1.334433119508782 ], [ 103.847306935084504, 1.334433711875717 ], [ 103.847290935421313, 1.334442307951935 ], [ 103.847289551644977, 1.334442655235814 ], [ 103.847271874343917, 1.334445705758207 ], [ 103.847252290283848, 1.334445140641969 ], [ 103.84725099096552, 1.334444350234784 ], [ 103.847232654908254, 1.33442716017821 ], [ 103.847211378791499, 1.334413497159841 ], [ 103.847209180016023, 1.334412474336047 ], [ 103.84718460266096, 1.334409715259268 ], [ 103.847182296063878, 1.334409633879532 ], [ 103.847159403561392, 1.334417185452897 ], [ 103.847157067318477, 1.334418278842816 ], [ 103.847140244608312, 1.334432608593814 ], [ 103.847131889775795, 1.334424255025857 ], [ 103.847113326376885, 1.334405694857404 ], [ 103.847095386567929, 1.334385499594245 ], [ 103.847092889458352, 1.334382110954418 ], [ 103.84707764352504, 1.33436201244295 ], [ 103.847060444307687, 1.334374247687267 ], [ 103.84707619074463, 1.334395658428949 ], [ 103.847090813062621, 1.334412746314415 ], [ 103.847113033614889, 1.334435829189418 ], [ 103.847116598211329, 1.334439341721135 ], [ 103.847117267639419, 1.334439859013883 ], [ 103.847137163599399, 1.334458465297353 ], [ 103.847166656814224, 1.334434762640787 ], [ 103.847167929167213, 1.334434014724114 ], [ 103.847183331308202, 1.33442863909416 ], [ 103.847184871434962, 1.334428553170815 ], [ 103.847203029492277, 1.334430519156331 ], [ 103.847204689130692, 1.334431064478723 ], [ 103.847221551522011, 1.334442589604483 ], [ 103.847243381182153, 1.334461907610977 ], [ 103.847271295780175, 1.334464743539121 ], [ 103.847294390480656, 1.334461186541663 ], [ 103.847295326775324, 1.33446081845994 ], [ 103.847315438227596, 1.334450566468748 ], [ 103.84733562788611, 1.334445955902835 ], [ 103.847336488703874, 1.334445929671326 ], [ 103.847359784706171, 1.334446828476108 ] ] ] } },
{ "type": "Feature", "properties": { "class": "UNDERGROUND_OR_INDOOR" }, "geometry": { "type": "Polygon", "coordinates": [ [ [ 103.849120671492543, 1.334333698015253 ], [ 103.849121721734122, 1.334306737997814 ], [ 103.849065539441256, 1.334306779960783 ], [ 103.849065647301998, 1.334312111188915 ], [ 103.849043024324899, 1.334311994671367 ], [ 103.849009349992812, 1.334312018401013 ], [ 103.848959158380964, 1.33431203680963 ], [ 103.848911968849904, 1.334312208940047 ], [ 103.848878688084653, 1.334312036418281 ], [ 103.848850099586201, 1.33431198233802 ], [ 103.84881671279193, 1.334311926479094 ], [ 103.848775417794926, 1.334311839921302 ], [ 103.848746895790285, 1.33431187808459 ], [ 103.848745603665662, 1.334311997468869 ], [ 103.848744940531049, 1.334312102379325 ], [ 103.848693253784617, 1.334322564393382 ], [ 103.848627557648129, 1.334335766718525 ], [ 103.848627710537784, 1.334357613451298 ], [ 103.848746734187372, 1.334333952719189 ], [ 103.848748651707069, 1.334333708528672 ], [ 103.848966462889877, 1.334333717997899 ], [ 103.849096203778515, 1.334333794940147 ], [ 103.849093468593068, 1.334337395232927 ], [ 103.849088903944605, 1.334340931327623 ], [ 103.849105420463729, 1.334362564524748 ], [ 103.849120840521181, 1.334349363416348 ], [ 103.849120715522417, 1.334333787547056 ], [ 103.849120671492543, 1.334333698015253 ] ] ] } },
{ "type": "Feature", "properties": { "class": "UNDERGROUND_OR_INDOOR" }, "geometry": { "type": "Polygon", "coordinates": [ [ [ 103.849157010569499, 1.334415406210122 ], [ 103.849093293377621, 1.334337901678186 ], [ 103.84905937841053, 1.334366060190237 ], [ 103.849123095602081, 1.334443564723043 ], [ 103.849157010569499, 1.334415406210122 ] ] ] } },
{ "type": "Feature", "properties": { "class": "UNDERGROUND_OR_INDOOR" }, "geometry": { "type": "Polygon", "coordinates": [ [ [ 103.849163207720835, 1.334524924712996 ], [ 103.849154008760564, 1.334457827255963 ], [ 103.849146063464516, 1.334418332804536 ], [ 103.849127372675454, 1.334434242505952 ], [ 103.849132858539505, 1.334461148219266 ], [ 103.849141798714385, 1.334528195033647 ], [ 103.849163207720864, 1.334524930139191 ], [ 103.849163207720835, 1.334524924712996 ] ] ] } },
{ "type": "Feature", "properties": { "class": "ALIGNED" }, "geometry": { "type": "Polygon", "coordinates": [ [ [ 103.857109350629486, 1.295890755818327 ], [ 103.857110161125007, 1.295891753324985 ], [ 103.857120080075731, 1.295884161993536 ], [ 103.85712676173226, 1.295893505827019 ], [ 103.857176057279858, 1.295856594617517 ], [ 103.8571613740001, 1.295837238637723 ], [ 103.857139556620268, 1.295853742596541 ], [ 103.857102487488859, 1.295883731682088 ], [ 103.857109350629486, 1.295890755818327 ] ] ] } },
{ "type": "Feature", "properties": { "class": "ALIGNED" }, "geometry": { "type": "Polygon", "coordinates": [ [ [ 103.857257268465759, 1.295082548956685 ], [ 103.857281001553019, 1.29506824168066 ], [ 103.857304970550516, 1.295106323348261 ], [ 103.857300999915239, 1.295109214640189 ], [ 103.85736090037841, 1.295202365448225 ], [ 103.8573877222845, 1.295243764297668 ], [ 103.857445019580055, 1.295326958976738 ], [ 103.857449143869019, 1.295324345323111 ], [ 103.857455861467983, 1.295333796774831 ], [ 103.857451777615694, 1.295336646467287 ], [ 103.857510377831971, 1.295422870754203 ], [ 103.857550243105408, 1.295475598453746 ], [ 103.857553964846204, 1.295472891654239 ], [ 103.857558597792917, 1.295478921913847 ], [ 103.85755433333776, 1.295482241877888 ], [ 103.857604712617899, 1.29555063126415 ], [ 103.857719908271974, 1.29570714132371 ], [ 103.857730390603734, 1.295699225317486 ], [ 103.857738432668555, 1.295709805402762 ], [ 103.857727870367327, 1.295717817272463 ], [ 103.857756796634447, 1.295755130177238 ], [ 103.857840629025887, 1.295857596601763 ], [ 103.857855817883291, 1.295844974235032 ], [ 103.857853481641015, 1.295841930166044 ], [ 103.85785490132838, 1.295840754478033 ], [ 103.857773693613055, 1.295741496714633 ], [ 103.857737269803209, 1.295694113781228 ], [ 103.85762210739523, 1.295537649844743 ], [ 103.857572265450742, 1.295469990275999 ], [ 103.857527942435723, 1.295410111807533 ], [ 103.857462778271568, 1.29531448761667 ], [ 103.857405693933387, 1.295231602228692 ], [ 103.857319099158815, 1.295097272331264 ], [ 103.857318622933605, 1.295097557210685 ], [ 103.857283351890615, 1.295041459800341 ], [ 103.857246883826321, 1.295063803382569 ], [ 103.857257268465759, 1.295082548956685 ] ] ] } },
{ "type": "Feature", "properties": { "class": "ALIGNED" }, "geometry": { "type": "Polygon", "coordinates": [ [ [ 103.857176391674699, 1.295871210053136 ], [ 103.857214415971455, 1.295842791839026 ], [ 103.857210015756536, 1.295837713872676 ], [ 103.857300731151355, 1.295768030801979 ], [ 103.857314810623222, 1.295788733385832 ], [ 103.857328121606002, 1.295784496310109 ], [ 103.857352360531181, 1.295765085698263 ], [ 103.857388199409542, 1.295815257703809 ], [ 103.857415767891879, 1.29584390500248 ], [ 103.857497244435777, 1.295961568406378 ], [ 103.857519593525581, 1.29601593046124 ], [ 103.857547421744684, 1.296050265305779 ], [ 103.857625817902189, 1.296147805714687 ], [ 103.857651582046699, 1.296169258806433 ], [ 103.857694747674216, 1.296220795422833 ], [ 103.857802283933182, 1.296351729211879 ], [ 103.857818559124112, 1.296338188000212 ], [ 103.857710957270484, 1.296207176437133 ], [ 103.857666504015242, 1.296154101509006 ], [ 103.857640906102645, 1.296132785879265 ], [ 103.857537918317718, 1.29600491873989 ], [ 103.857515879232281, 1.295951309113688 ], [ 103.857432108677045, 1.295830538335056 ], [ 103.857404444946226, 1.295801589884016 ], [ 103.857368677952209, 1.29575152187995 ], [ 103.857355956219067, 1.295735048093038 ], [ 103.857322528858205, 1.295761813991039 ], [ 103.857322027470076, 1.295761719941873 ], [ 103.85730936502091, 1.295743101905329 ], [ 103.857307756625687, 1.295742837846133 ], [ 103.857187262817192, 1.295835395297159 ], [ 103.857191518364999, 1.295840305957438 ], [ 103.857167070965119, 1.29585857707016 ], [ 103.857176391674699, 1.295871210053136 ] ] ] } },
{ "type": "Feature", "properties": { "class": "ALIGNED" }, "geometry": { "type": "Polygon", "coordinates": [ [ [ 103.887584531088095, 1.336321233325894 ], [ 103.887603982366329, 1.336330403145801 ], [ 103.887641311181341, 1.33625018793039 ], [ 103.887688886625696, 1.336146364965085 ], [ 103.887669293380895, 1.336137392300335 ], [ 103.88762341522667, 1.336237366253811 ], [ 103.887584531088095, 1.336321233325894 ] ] ] } },
{ "type": "Feature", "properties": { "class": "ALIGNED" }, "geometry": { "type": "Polygon", "coordinates": [ [ [ 103.868978915024357, 1.329432953703208 ], [ 103.869022703267959, 1.329422070849723 ], [ 103.868993529052901, 1.329302401252923 ], [ 103.86894974081126, 1.329313284105845 ], [ 103.868978915024357, 1.329432953703208 ] ] ] } },
{ "type": "Feature", "properties": { "class": "ALIGNED" }, "geometry": { "type": "Polygon", "coordinates": [ [ [ 103.868979776462254, 1.329413660884667 ], [ 103.86897477480295, 1.329392724016804 ], [ 103.868918489483136, 1.329405795612584 ], [ 103.868898963837694, 1.329403165099601 ], [ 103.868895107231126, 1.329402674989975 ], [ 103.868884033414091, 1.329401215506281 ], [ 103.868867635647192, 1.329399095009249 ], [ 103.868864758780077, 1.329420579131938 ], [ 103.8689184367839, 1.329427834974112 ], [ 103.868979776462254, 1.329413660884667 ] ] ] } },
{ "type": "Feature", "properties": { "class": "ALIGNED" }, "geometry": { "type": "Polygon", "coordinates": [ [ [ 103.8877099028484, 1.336099125036754 ], [ 103.887723002263328, 1.336069317807604 ], [ 103.887731529928359, 1.336044561553931 ], [ 103.887745753399997, 1.336013017920497 ], [ 103.887726118820325, 1.336003948490113 ], [ 103.887711278965625, 1.336036748298955 ], [ 103.887703020860442, 1.336061176262386 ], [ 103.887690117316225, 1.336090317875079 ], [ 103.8877099028484, 1.336099125036754 ] ] ] } },
{ "type": "Feature", "properties": { "class": "ALIGNED" }, "geometry": { "type": "Polygon", "coordinates": [ [ [ 103.887297785388384, 1.337113087350082 ], [ 103.887298525723139, 1.337109562122323 ], [ 103.887298223582675, 1.337099258708488 ], [ 103.887292555176657, 1.337085395836135 ], [ 103.887281880083734, 1.33707509084297 ], [ 103.88728115854191, 1.337075098998205 ], [ 103.887279930522567, 1.337089269506901 ], [ 103.887276297195157, 1.33710946222951 ], [ 103.887297785388384, 1.337113087350082 ] ] ] } },
{ "type": "Feature", "properties": { "class": "ALIGNED" }, "geometry": { "type": "Polygon", "coordinates": [ [ [ 103.887486986590531, 1.336536538364849 ], [ 103.88746210400744, 1.336590228302159 ], [ 103.887455499011082, 1.336604000105619 ], [ 103.88747425749942, 1.336613000825724 ], [ 103.887498606409991, 1.336562544001926 ], [ 103.887552452617356, 1.336445833711045 ], [ 103.887573765346545, 1.336397567323908 ], [ 103.887554368888871, 1.336388807179526 ], [ 103.887539537126969, 1.336422071830377 ], [ 103.887486986590531, 1.336536538364849 ] ] ] } },
{ "type": "Feature", "properties": { "class": "ALIGNED" }, "geometry": { "type": "Polygon", "coordinates": [ [ [ 103.887301537282653, 1.336885196550079 ], [ 103.887341153417594, 1.336826611869551 ], [ 103.88734115431636, 1.336826621817536 ], [ 103.887375972308675, 1.33677525768591 ], [ 103.887394601667154, 1.336755125223369 ], [ 103.887438469491983, 1.336683692145986 ], [ 103.887419177250308, 1.336674252820842 ], [ 103.887377450604077, 1.336741835068002 ], [ 103.887358831136851, 1.336762294910011 ], [ 103.887306624801397, 1.336838747391446 ], [ 103.887278993259599, 1.336880363222332 ], [ 103.887301537282653, 1.336885196550079 ] ] ] } },
{ "type": "Feature", "properties": { "class": "ALIGNED" }, "geometry": { "type": "Polygon", "coordinates": [ [ [ 103.887626899359702, 1.336338580801016 ], [ 103.887586108027122, 1.336319883979565 ], [ 103.887554446187849, 1.336389857144566 ], [ 103.887595237521381, 1.336408553966481 ], [ 103.887626899359702, 1.336338580801016 ] ] ] } },
{ "type": "Feature", "properties": { "class": "NEEDS_MANUAL" }, "geometry": { "type": "Polygon", "coordinates": [ [ [ 103.868955036952968, 1.32919182788813 ], [ 103.868926837965887, 1.329217885749169 ], [ 103.868898176239355, 1.329245140090709 ], [ 103.868926021829395, 1.329263302037547 ], [ 103.868972847614742, 1.32921956629486 ], [ 103.869000271129551, 1.329192212490382 ], [ 103.868999255663326, 1.329185328483205 ], [ 103.868955036952968, 1.32919182788813 ] ] ] } },
{ "type": "Feature", "properties": { "class": "ALIGNED" }, "geometry": { "type": "Polygon", "coordinates": [ [ [ 103.887708462025302, 1.336161059541916 ], [ 103.88773470678214, 1.336106002173403 ], [ 103.887694039432347, 1.336086334063756 ], [ 103.887667794674755, 1.336141391431886 ], [ 103.887708462025302, 1.336161059541916 ] ] ] } },
{ "type": "Feature", "properties": { "class": "ALIGNED" }, "geometry": { "type": "Polygon", "coordinates": [ [ [ 103.88719567304571, 1.337309084305207 ], [ 103.887216995105192, 1.337317195076158 ], [ 103.887257129688322, 1.337216137828458 ], [ 103.887297927338295, 1.337112069032928 ], [ 103.887298611057105, 1.337108232705168 ], [ 103.887277604483472, 1.337104264819956 ], [ 103.887273813705718, 1.337115172439536 ], [ 103.887275808526397, 1.337116184378889 ], [ 103.887271975464813, 1.337124729800299 ], [ 103.887270306830089, 1.337124150139776 ], [ 103.887257155376901, 1.337158023388965 ], [ 103.887236952405615, 1.337208630243402 ], [ 103.887231217284807, 1.33722580605366 ], [ 103.887205124551983, 1.337289580579681 ], [ 103.887204077724036, 1.337289217952777 ], [ 103.88719567304571, 1.337309084305207 ] ] ] } },
{ "type": "Feature", "properties": { "class": "ALIGNED" }, "geometry": { "type": "Polygon", "coordinates": [ [ [ 103.868961916236813, 1.329313353565158 ], [ 103.868962959517816, 1.329317419572414 ], [ 103.868983840969435, 1.32931215858135 ], [ 103.868980864778791, 1.329299925287157 ], [ 103.86889177036754, 1.32924016798799 ], [ 103.868879742563863, 1.329258173153369 ], [ 103.868961916236813, 1.329313353565158 ] ] ] } },
{ "type": "Feature", "properties": { "class": "ALIGNED" }, "geometry": { "type": "Polygon", "coordinates": [ [ [ 103.887314083422055, 1.3368657967576 ], [ 103.887301331511964, 1.336885153145159 ], [ 103.887311697323241, 1.336887353233798 ], [ 103.887333640201803, 1.336891756097223 ], [ 103.887370845009727, 1.336892698525337 ], [ 103.887371087148878, 1.336871133957304 ], [ 103.887336465695526, 1.336870213176743 ], [ 103.887314083422055, 1.3368657967576 ] ] ] } },
{ "type": "Feature", "properties": { "class": "ALIGNED" }, "geometry": { "type": "Polygon", "coordinates": [ [ [ 103.887460188921537, 1.336701498594066 ], [ 103.887498163748361, 1.336618495211713 ], [ 103.887457872008923, 1.336599745924126 ], [ 103.887419897180976, 1.336682749305891 ], [ 103.887460188921537, 1.336701498594066 ] ] ] } },
{ "type": "Feature", "properties": { "class": "ALIGNED" }, "geometry": { "type": "Polygon", "coordinates": [ [ [ 103.887314480790451, 1.336998644222025 ], [ 103.887337385045626, 1.336999324701353 ], [ 103.88734315974402, 1.33698408332486 ], [ 103.88734148482385, 1.336983703528991 ], [ 103.88734251361835, 1.336981220122326 ], [ 103.887344199317567, 1.336981433514936 ], [ 103.887348298310116, 1.336970979879229 ], [ 103.887328777834497, 1.336961619238203 ], [ 103.887314480790451, 1.336998644222025 ] ] ] } },
{ "type": "Feature", "properties": { "class": "ALIGNED" }, "geometry": { "type": "Polygon", "coordinates": [ [ [ 103.868887570447541, 1.329423556873512 ], [ 103.868865060697999, 1.329420812453592 ], [ 103.868873412690235, 1.329478070356755 ], [ 103.868877802125922, 1.32947755661418 ], [ 103.868878042076005, 1.329480060795756 ], [ 103.868873907831443, 1.329480671301631 ], [ 103.868878858433845, 1.329512891925227 ], [ 103.868910560676497, 1.32966007586948 ], [ 103.868924984334001, 1.329725992069113 ], [ 103.868928340661313, 1.329741534427194 ], [ 103.868930468433433, 1.329741029760976 ], [ 103.86893116216514, 1.329744302645712 ], [ 103.868929046976163, 1.329745042446483 ], [ 103.868932265826032, 1.329760689712812 ], [ 103.868938465833722, 1.329758936060234 ], [ 103.868939646631176, 1.329765604826269 ], [ 103.868933446623473, 1.329767358478849 ], [ 103.868937840839337, 1.329786868268497 ], [ 103.868958781609962, 1.329782330768226 ], [ 103.868947151710998, 1.329726941330032 ], [ 103.868924038448924, 1.329621027931778 ], [ 103.868903824089145, 1.32952632951422 ], [ 103.868887570447541, 1.329423556873512 ] ] ] } },
{ "type": "Feature", "properties": { "class": "UNREPRESENTED-surface" }, "geometry": { "type": "Polygon", "coordinates": [ [ [ 103.884254977719905, 1.340280891716566 ], [ 103.884265985596187, 1.340262910918216 ], [ 103.884189277331188, 1.340215916334797 ], [ 103.884178342238741, 1.340233941445136 ], [ 103.884254977719905, 1.340280891716566 ] ] ] } },
{ "type": "Feature", "properties": { "class": "UNREPRESENTED-surface" }, "geometry": { "type": "Polygon", "coordinates": [ [ [ 103.885539617063728, 1.339896015960717 ], [ 103.885557450201446, 1.339911911586615 ], [ 103.885699118577563, 1.339731940081181 ], [ 103.885681286338695, 1.339716035412619 ], [ 103.885539617063728, 1.339896015960717 ] ] ] } },
{ "type": "Feature", "properties": { "class": "UNREPRESENTED-surface" }, "geometry": { "type": "Polygon", "coordinates": [ [ [ 103.884808036534992, 1.340590433979738 ], [ 103.884837667208259, 1.340580114557905 ], [ 103.884827697966628, 1.340550165846065 ], [ 103.884798067293659, 1.340560485267768 ], [ 103.884808036534992, 1.340590433979738 ] ] ] } },
{ "type": "Feature", "properties": { "class": "ALIGNED" }, "geometry": { "type": "Polygon", "coordinates": [ [ [ 103.881561881940343, 1.341799245612378 ], [ 103.881586073723213, 1.341792093420443 ], [ 103.88159702616386, 1.341786808098795 ], [ 103.881595719607034, 1.341784204460267 ], [ 103.88160918708914, 1.341777537220183 ], [ 103.881613144511931, 1.341785998372809 ], [ 103.881627722603, 1.341778781257158 ], [ 103.881618456253108, 1.341758265035549 ], [ 103.881600556212618, 1.341766791736422 ], [ 103.881537588456766, 1.341798054142217 ], [ 103.881506952356503, 1.341813030115869 ], [ 103.88151594907373, 1.341830272544951 ], [ 103.88153928976898, 1.341815355499527 ], [ 103.881560509857934, 1.341800178039061 ], [ 103.881561881940343, 1.341799245612378 ] ] ] } },
{ "type": "Feature", "properties": { "class": "ALIGNED" }, "geometry": { "type": "Polygon", "coordinates": [ [ [ 103.884735075977673, 1.340578727623918 ], [ 103.884690099750458, 1.340591011647362 ], [ 103.88466670312863, 1.340594048091479 ], [ 103.884563616048325, 1.340600154722035 ], [ 103.884459722961282, 1.340606336427393 ], [ 103.884342553770153, 1.340617799893302 ], [ 103.884242738462547, 1.34062975586903 ], [ 103.884083360550903, 1.340651138366923 ], [ 103.884010962933615, 1.340660887112696 ], [ 103.883924011461019, 1.340675981855486 ], [ 103.883867146360629, 1.340686846259389 ], [ 103.883839948880507, 1.340692305566124 ], [ 103.883820388227733, 1.34069640816789 ], [ 103.883770583129476, 1.340708391121506 ], [ 103.883717994317294, 1.340721512726241 ], [ 103.88366436769472, 1.34073591673971 ], [ 103.883614974172829, 1.340749755436926 ], [ 103.883590892937136, 1.340757282052985 ], [ 103.883497704813095, 1.340784914109873 ], [ 103.883404208665169, 1.340821612420294 ], [ 103.883355195383231, 1.340842975414318 ], [ 103.883283164894024, 1.340878633259981 ], [ 103.883249088277779, 1.340895838583172 ], [ 103.883187301223572, 1.340924643848653 ], [ 103.883130242343583, 1.340951284872382 ], [ 103.883059708821023, 1.340985619596234 ], [ 103.883003015723375, 1.341015810238927 ], [ 103.882949230333949, 1.341044579160578 ], [ 103.882871672954522, 1.341088241634373 ], [ 103.8827968453826, 1.341131242055697 ], [ 103.882725488932039, 1.34117368441163 ], [ 103.88263737367248, 1.341227437987953 ], [ 103.882566851117019, 1.341271758686865 ], [ 103.882522574224765, 1.341298091049842 ], [ 103.882446598271173, 1.341340595892461 ], [ 103.882332971309438, 1.341405050410047 ], [ 103.882197166270629, 1.341478403407342 ], [ 103.882116433250886, 1.341516858592825 ], [ 103.882012830298734, 1.341565911573034 ], [ 103.881887913691827, 1.341624301630383 ], [ 103.881766549086308, 1.341682748585678 ], [ 103.881780951788912, 1.341712656526306 ], [ 103.881833489822498, 1.341674547381313 ], [ 103.881883902132913, 1.341650166525806 ], [ 103.882012930500565, 1.341589273106273 ], [ 103.88212094894206, 1.341538527972093 ], [ 103.882193081962697, 1.341505824715393 ], [ 103.882254759350062, 1.341473521395929 ], [ 103.882310175609462, 1.341443067625794 ], [ 103.882402063084825, 1.34139170874108 ], [ 103.882452058376799, 1.341363563014558 ], [ 103.882542574647331, 1.341312356085589 ], [ 103.882631942470894, 1.341256947500752 ], [ 103.882701693184188, 1.341213729235571 ], [ 103.882765669865307, 1.341176163361862 ], [ 103.88284066092713, 1.34113068317158 ], [ 103.882916564080205, 1.341087998350108 ], [ 103.88298229117062, 1.341051535759498 ], [ 103.883038134246036, 1.341022034260108 ], [ 103.883036170799301, 1.341017352406969 ], [ 103.88304415620297, 1.341012706525089 ], [ 103.883046460197463, 1.341017077269997 ], [ 103.883098700999824, 1.340990205733856 ], [ 103.883124519082003, 1.340979080621996 ], [ 103.883211201375488, 1.340937977303891 ], [ 103.883292569612678, 1.340898191750511 ], [ 103.883364255058979, 1.340862704836494 ], [ 103.883412422804383, 1.340841709935894 ], [ 103.883504689733599, 1.340805494580953 ], [ 103.883596993681323, 1.34077812480764 ], [ 103.883666298249949, 1.34075794339311 ], [ 103.88375042810533, 1.340735720519584 ], [ 103.883826389242714, 1.340717696775509 ], [ 103.88389529497222, 1.340703608968504 ], [ 103.88395505522611, 1.340692514795209 ], [ 103.88416876254297, 1.340662043215772 ], [ 103.884255494849143, 1.340651031673023 ], [ 103.88433193150442, 1.340642042501241 ], [ 103.884407773294981, 1.34063219148055 ], [ 103.884440921093017, 1.340629663086747 ], [ 103.884601180721532, 1.34061960861228 ], [ 103.884695033294832, 1.340612810336477 ], [ 103.884741085973459, 1.34059942748777 ], [ 103.884754262273361, 1.340591154990572 ], [ 103.884735075977673, 1.340578727623918 ] ] ] } },
{ "type": "Feature", "properties": { "class": "NEEDS_MANUAL" }, "geometry": { "type": "Polygon", "coordinates": [ [ [ 103.8837662051141, 1.339950215713345 ], [ 103.883725959457308, 1.339989411689424 ], [ 103.883693123944582, 1.339971339555541 ], [ 103.883573853974241, 1.339895902674664 ], [ 103.883562377055696, 1.339914332948728 ], [ 103.883628954844752, 1.339956381794571 ], [ 103.883682196950659, 1.339990059215307 ], [ 103.883729658469392, 1.34001598906675 ], [ 103.883750179356895, 1.339996249989715 ], [ 103.883785091268237, 1.339961995569547 ], [ 103.8837662051141, 1.339950215713345 ] ] ] } },
{ "type": "Feature", "properties": { "class": "ALIGNED" }, "geometry": { "type": "Polygon", "coordinates": [ [ [ 103.881385485691851, 1.341661494545032 ], [ 103.881366565821367, 1.341671837227634 ], [ 103.881407543381059, 1.341745703979424 ], [ 103.881426203566406, 1.341735271769579 ], [ 103.881385485691851, 1.341661494545032 ] ] ] } },
{ "type": "Feature", "properties": { "class": "UNREPRESENTED-surface" }, "geometry": { "type": "Polygon", "coordinates": [ [ [ 103.884575782728916, 1.340479557507363 ], [ 103.884634693029881, 1.340516115186625 ], [ 103.884693721966514, 1.340553830447984 ], [ 103.884719832651527, 1.340570690861764 ], [ 103.884755264207655, 1.340593108395941 ], [ 103.884803556935054, 1.340576919256796 ], [ 103.884798748440332, 1.340562342817299 ], [ 103.884757422191072, 1.340576052947017 ], [ 103.884731398675711, 1.34055965918369 ], [ 103.884650947800594, 1.340508181761632 ], [ 103.884623001345616, 1.340490616886087 ], [ 103.884612370353523, 1.340483967320582 ], [ 103.884521828576297, 1.34042827667409 ], [ 103.884418173067658, 1.340364708383259 ], [ 103.884319906285313, 1.340304137942054 ], [ 103.884258978711387, 1.340266742855731 ], [ 103.884250959344513, 1.340279971157929 ], [ 103.884330993220871, 1.34032894170525 ], [ 103.884401671195747, 1.340372760283589 ], [ 103.884467088032352, 1.340412874694766 ], [ 103.884575782728916, 1.340479557507363 ] ] ] } },
{ "type": "Feature", "properties": { "class": "UNREPRESENTED-surface" }, "geometry": { "type": "Polygon", "coordinates": [ [ [ 103.884826633164067, 1.340549691981785 ], [ 103.884834006271859, 1.340570248022634 ], [ 103.884837566332493, 1.34056876659883 ], [ 103.884860914220027, 1.34055560760631 ], [ 103.884882362488852, 1.34053937472011 ], [ 103.884905313119049, 1.340521740941844 ], [ 103.885009529000456, 1.340440185886123 ], [ 103.885045087097097, 1.340412290923344 ], [ 103.885102217332445, 1.340362091168581 ], [ 103.885150281953045, 1.340309537545719 ], [ 103.885174201041991, 1.340283158543223 ], [ 103.885234381483627, 1.340214139807246 ], [ 103.885263906526063, 1.340180414534498 ], [ 103.885330955662766, 1.340116838113093 ], [ 103.885403308885998, 1.340048340931222 ], [ 103.885458991467743, 1.339995336766332 ], [ 103.88550153086203, 1.339944085539619 ], [ 103.885528290163094, 1.339911777461723 ], [ 103.885538108468424, 1.339900039509103 ], [ 103.88553727908085, 1.339899205703158 ], [ 103.885549160428809, 1.33988517152573 ], [ 103.88553344524982, 1.339871874996868 ], [ 103.885496031103543, 1.339916781095514 ], [ 103.885443403848299, 1.339980357212536 ], [ 103.885314931351616, 1.340102240209474 ], [ 103.885158346554704, 1.340268390614526 ], [ 103.885129503478652, 1.340300331561111 ], [ 103.885087043027937, 1.340346067063171 ], [ 103.885027583777784, 1.340398674284394 ], [ 103.88499264477484, 1.340425921709044 ], [ 103.884924597105609, 1.340479174826167 ], [ 103.884847513645127, 1.340538313734607 ], [ 103.884830161778723, 1.340548383292202 ], [ 103.884826633164067, 1.340549691981785 ] ] ] } },
{ "type": "Feature", "properties": { "class": "UNREPRESENTED-surface" }, "geometry": { "type": "Polygon", "coordinates": [ [ [ 103.883904133369214, 1.340054756444192 ], [ 103.884004970943238, 1.340116979122882 ], [ 103.884141220293415, 1.340201344414496 ], [ 103.884185547680687, 1.340228923882293 ], [ 103.884193816856225, 1.340216134191704 ], [ 103.884148093090616, 1.340187697415976 ], [ 103.884127639825991, 1.34017494359526 ], [ 103.884072489161326, 1.340140804998762 ], [ 103.884000758968995, 1.340096154417179 ], [ 103.88395433522291, 1.340067359523979 ], [ 103.883897000145666, 1.34003223159434 ], [ 103.883863493375884, 1.340012611205338 ], [ 103.883817301460326, 1.33998377651255 ], [ 103.883783778485721, 1.339962591572749 ], [ 103.883772368808593, 1.339973598825332 ], [ 103.883832625151982, 1.340011355684064 ], [ 103.883904133369214, 1.340054756444192 ] ] ] } },
{ "type": "Feature", "properties": { "class": "ALIGNED" }, "geometry": { "type": "Polygon", "coordinates": [ [ [ 103.870583702518829, 1.339644928100073 ], [ 103.870573850743824, 1.339646679100098 ], [ 103.870574767455679, 1.339658708035913 ], [ 103.870578537241826, 1.33974012608932 ], [ 103.870579975775087, 1.339914653911218 ], [ 103.870575573551847, 1.340021599581096 ], [ 103.870566284812, 1.340118528586452 ], [ 103.870559599809425, 1.340196458666316 ], [ 103.870508703715629, 1.340858424279058 ], [ 103.870484317009797, 1.340990815447693 ], [ 103.870456692490393, 1.341162870275405 ], [ 103.870430200253736, 1.341341638181654 ], [ 103.870429317586158, 1.341382582384891 ], [ 103.870428491377268, 1.341413528839815 ], [ 103.870427600952269, 1.341476363181262 ], [ 103.870425767191151, 1.341489596772161 ], [ 103.870420408770983, 1.341528782959409 ], [ 103.870419976716221, 1.341717928952325 ], [ 103.870399965898869, 1.341904301558252 ], [ 103.870305034869446, 1.342324791709691 ], [ 103.870288874094939, 1.342373164593404 ], [ 103.87026956897077, 1.34240238580193 ], [ 103.870243475173822, 1.342428207608031 ], [ 103.870224280356496, 1.342443078361778 ], [ 103.870191600884837, 1.342460422756325 ], [ 103.870144712386548, 1.342471383458114 ], [ 103.87011101550722, 1.34247288883058 ], [ 103.87006173471859, 1.342462219885899 ], [ 103.86998345641527, 1.342445995867816 ], [ 103.869880259041395, 1.342416062963546 ], [ 103.869775083113652, 1.342391058869972 ], [ 103.86969518475837, 1.342378077917188 ], [ 103.869622914422052, 1.342374721997215 ], [ 103.869529508153335, 1.342371169238565 ], [ 103.869528647961786, 1.342413943874592 ], [ 103.869495098436587, 1.342414774580535 ], [ 103.869496417843749, 1.342436622193936 ], [ 103.869549233376844, 1.342434495246839 ], [ 103.869550842993988, 1.342393546511212 ], [ 103.869627131686087, 1.342396539723222 ], [ 103.86969272571757, 1.342399611772573 ], [ 103.869770478305568, 1.342412151427802 ], [ 103.869875207648562, 1.342437069613648 ], [ 103.869927888655553, 1.342452328159806 ], [ 103.869978270236473, 1.342466817125467 ], [ 103.870068674648735, 1.342485712452552 ], [ 103.8701103059677, 1.342494502243851 ], [ 103.870147618652211, 1.342492935319838 ], [ 103.870200104256355, 1.342480283371812 ], [ 103.8702358927208, 1.342461251386146 ], [ 103.870257212610667, 1.342444906486195 ], [ 103.870285878044882, 1.342416310051174 ], [ 103.870308394550165, 1.342382265818802 ], [ 103.870325588627807, 1.342331194296163 ], [ 103.870362346298378, 1.342170281100079 ], [ 103.870395204428959, 1.342023622552996 ], [ 103.870421386708784, 1.341907024272446 ], [ 103.870435309725138, 1.341776533334214 ], [ 103.870441613143967, 1.341718334681756 ], [ 103.870441978734405, 1.341531230744508 ], [ 103.870444397065185, 1.341491936078378 ], [ 103.870445592791526, 1.341474902358365 ], [ 103.870456910265489, 1.341363239419983 ], [ 103.870451315825335, 1.341362734870091 ], [ 103.870451730669799, 1.341343481851959 ], [ 103.870478002780246, 1.341166202532536 ], [ 103.870505566201828, 1.340994525729843 ], [ 103.870530117329508, 1.340861244664027 ], [ 103.870563509337316, 1.340427615934533 ], [ 103.870581093373531, 1.340198232700283 ], [ 103.87058776130587, 1.340120504293878 ], [ 103.870597095864071, 1.340023091452868 ], [ 103.870601544794297, 1.339915010805034 ], [ 103.870600098158121, 1.339739532496413 ], [ 103.870598074780389, 1.339691796561086 ], [ 103.870596291517813, 1.339657285141535 ], [ 103.870595158245195, 1.339644730773373 ], [ 103.870583702518829, 1.339644928100073 ] ] ] } },
{ "type": "Feature", "properties": { "class": "ALIGNED" }, "geometry": { "type": "Polygon", "coordinates": [ [ [ 103.870544588761518, 1.339560152682222 ], [ 103.870544028959714, 1.339560183439161 ], [ 103.870544758796655, 1.339573905347873 ], [ 103.870569845232325, 1.339604694952093 ], [ 103.870573850743824, 1.339646679100098 ], [ 103.870595158245195, 1.339644730773373 ], [ 103.870591599319468, 1.339602898551797 ], [ 103.870566349349929, 1.339572382068324 ], [ 103.870565106441518, 1.339559047235396 ], [ 103.870544588761518, 1.339560152682222 ] ] ] } },
{ "type": "Feature", "properties": { "class": "ALIGNED" }, "geometry": { "type": "Polygon", "coordinates": [ [ [ 103.870505864981141, 1.339356079846617 ], [ 103.870522019766241, 1.339567557057688 ], [ 103.870566793114762, 1.339564212034253 ], [ 103.870550638325867, 1.33935273482358 ], [ 103.870505864981141, 1.339356079846617 ] ] ] } },
{ "type": "Feature", "properties": { "class": "UNREPRESENTED-surface" }, "geometry": { "type": "Polygon", "coordinates": [ [ [ 103.870206294785604, 1.339561332597407 ], [ 103.870210440878424, 1.339570795802938 ], [ 103.870335795339514, 1.339516589016841 ], [ 103.870331651043017, 1.33950709687186 ], [ 103.870206294785604, 1.339561332597407 ] ] ] } },
{ "type": "Feature", "properties": { "class": "NEEDS_MANUAL" }, "geometry": { "type": "Polygon", "coordinates": [ [ [ 103.870425413248, 1.339465207098785 ], [ 103.870428395690467, 1.339473532631316 ], [ 103.870432678201155, 1.339472105479192 ], [ 103.870471748240774, 1.339458567454114 ], [ 103.870492948722159, 1.33945064851671 ], [ 103.870502646783848, 1.339444980717491 ], [ 103.870489139563773, 1.339439569207505 ], [ 103.870468822404348, 1.33945004024752 ], [ 103.870425413248, 1.339465207098785 ] ] ] } },
{ "type": "Feature", "properties": { "class": "NEEDS_MANUAL" }, "geometry": { "type": "Polygon", "coordinates": [ [ [ 103.870488800811614, 1.339439873079076 ], [ 103.870504957913582, 1.339447371821486 ], [ 103.870534047810111, 1.339384342610151 ], [ 103.870518277090568, 1.33937695962066 ], [ 103.870488800811614, 1.339439873079076 ] ] ] } },
{ "type": "Feature", "properties": { "class": "NEEDS_MANUAL" }, "geometry": { "type": "Polygon", "coordinates": [ [ [ 103.870523218012522, 1.339360127516412 ], [ 103.870550043569835, 1.339358700924117 ], [ 103.870549684033705, 1.339351239019568 ], [ 103.870561911504481, 1.339283783202153 ], [ 103.870562794558808, 1.339268600720366 ], [ 103.870535986991456, 1.339271206603596 ], [ 103.870535215259778, 1.339279857764521 ], [ 103.870523072247664, 1.339346972635191 ], [ 103.870523218012522, 1.339360127516412 ] ] ] } },
{ "type": "Feature", "properties": { "class": "UNREPRESENTED-surface" }, "geometry": { "type": "Polygon", "coordinates": [ [ [ 103.8675247401478, 1.329854369332119 ], [ 103.867600910184677, 1.329817013496696 ], [ 103.867660663720699, 1.329787653374614 ], [ 103.867775803841411, 1.329731287248058 ], [ 103.867855658819664, 1.329691995108906 ], [ 103.867879030071293, 1.329679332773638 ], [ 103.867885176015946, 1.329666767447814 ], [ 103.867899754627487, 1.329634362960848 ], [ 103.867887752792527, 1.329581972394591 ], [ 103.867874934944538, 1.329585221956462 ], [ 103.867886226861302, 1.329633357498182 ], [ 103.867869128766785, 1.329670563291254 ], [ 103.867768272001541, 1.329720618566702 ], [ 103.867710834927976, 1.329748784897852 ], [ 103.867625796212337, 1.329790505323313 ], [ 103.867392335091481, 1.329905069843815 ], [ 103.867252445308679, 1.3299738604536 ], [ 103.867258034481651, 1.329985381074717 ], [ 103.867319921182627, 1.329954980912152 ], [ 103.867406397587501, 1.329912487245517 ], [ 103.8675247401478, 1.329854369332119 ] ] ] } },
{ "type": "Feature", "properties": { "class": "UNREPRESENTED-surface" }, "geometry": { "type": "Polygon", "coordinates": [ [ [ 103.868457900311711, 1.330643003515101 ], [ 103.868451721462293, 1.330616153928675 ], [ 103.868308387031618, 1.330651234464546 ], [ 103.868313364422448, 1.330671835814784 ], [ 103.868440843006283, 1.330641547732738 ], [ 103.868442157666806, 1.330646737861247 ], [ 103.868457900311711, 1.330643003515101 ] ] ] } },
{ "type": "Feature", "properties": { "class": "UNREPRESENTED-surface" }, "geometry": { "type": "Polygon", "coordinates": [ [ [ 103.868445777549553, 1.330618546962055 ], [ 103.868455672170569, 1.330662605645592 ], [ 103.868596823170392, 1.330631848898792 ], [ 103.868586928547032, 1.330587790215877 ], [ 103.868445777549553, 1.330618546962055 ] ] ] } },
{ "type": "Feature", "properties": { "class": "UNREPRESENTED-surface" }, "geometry": { "type": "Polygon", "coordinates": [ [ [ 103.867094429061709, 1.33005043969159 ], [ 103.866977880887276, 1.330107825929192 ], [ 103.866844411221209, 1.330173648304042 ], [ 103.866849990507774, 1.33018510200327 ], [ 103.866998858622821, 1.330111954969295 ], [ 103.867100028117889, 1.330061932277638 ], [ 103.867094429061709, 1.33005043969159 ] ] ] } },
{ "type": "Feature", "properties": { "class": "UNREPRESENTED-surface" }, "geometry": { "type": "Polygon", "coordinates": [ [ [ 103.868066376000272, 1.329987236368886 ], [ 103.868080079707269, 1.330039756233946 ], [ 103.868110654714499, 1.330157858558441 ], [ 103.868122187407025, 1.330202811636886 ], [ 103.868134548792227, 1.330199610915821 ], [ 103.86811913682341, 1.330139558624192 ], [ 103.868094839465385, 1.330045761004528 ], [ 103.868068237196368, 1.329943529314578 ], [ 103.868051480020483, 1.32987826880668 ], [ 103.868039094376755, 1.329881541876787 ], [ 103.868051589461174, 1.329929472109776 ], [ 103.868066376000272, 1.329987236368886 ] ] ] } },
{ "type": "Feature", "properties": { "class": "UNREPRESENTED-surface" }, "geometry": { "type": "Polygon", "coordinates": [ [ [ 103.868312707539829, 1.33066911640038 ], [ 103.868308387031618, 1.330651234464546 ], [ 103.868241010059336, 1.330611249856811 ], [ 103.868201675452525, 1.330459971050815 ], [ 103.868166345933602, 1.33032439104883 ], [ 103.868154122027221, 1.330327618899052 ], [ 103.868189762471317, 1.330465014860527 ], [ 103.868230310171654, 1.330619413706699 ], [ 103.868312707539829, 1.33066911640038 ] ] ] } },
{ "type": "Feature", "properties": { "class": "UNREPRESENTED-surface" }, "geometry": { "type": "Polygon", "coordinates": [ [ [ 103.868598774426872, 1.33060320945866 ], [ 103.868616060781903, 1.33059889991354 ], [ 103.868641834837646, 1.330590570346268 ], [ 103.86865379365058, 1.33058593078459 ], [ 103.868663840348461, 1.330582112413296 ], [ 103.868671469943195, 1.330579134231326 ], [ 103.868683092719195, 1.330576113486653 ], [ 103.868677856537985, 1.330555266153819 ], [ 103.86866590758838, 1.330558431601495 ], [ 103.868647762251499, 1.330565349346282 ], [ 103.868641525412741, 1.330567943153243 ], [ 103.868610574803, 1.330578075193253 ], [ 103.86858041937414, 1.330585337673202 ], [ 103.868586372680241, 1.330611688053353 ], [ 103.868600017203235, 1.330608399588129 ], [ 103.868598774426872, 1.33060320945866 ] ] ] } },
{ "type": "Feature", "properties": { "class": "NEEDS_MANUAL" }, "geometry": { "type": "Polygon", "coordinates": [ [ [ 103.868686090859669, 1.330552218327045 ], [ 103.868706858207091, 1.330547058628551 ], [ 103.868698497572794, 1.330513950872571 ], [ 103.868681576810644, 1.330446693535579 ], [ 103.868642539567588, 1.330292994653638 ], [ 103.868592115187013, 1.330093796456594 ], [ 103.868585540979382, 1.330067380970994 ], [ 103.868573726029084, 1.330015117921398 ], [ 103.86854951743382, 1.329908724317747 ], [ 103.868523582740153, 1.329804061691969 ], [ 103.868511259254973, 1.329754964828999 ], [ 103.868490202579778, 1.329760194165926 ], [ 103.868495814365033, 1.329781837334663 ], [ 103.868506893287574, 1.329826474794618 ], [ 103.868519771221273, 1.329878357092001 ], [ 103.868553058455163, 1.330022375742686 ], [ 103.868565176227932, 1.330075317061341 ], [ 103.868590892531813, 1.330176763769625 ], [ 103.868612724171044, 1.330263376243988 ], [ 103.868628415629942, 1.330325297849319 ], [ 103.86864957508044, 1.330406861266363 ], [ 103.868677730225599, 1.330519110570989 ], [ 103.868686090859669, 1.330552218327045 ] ] ] } },
{ "type": "Feature", "properties": { "class": "UNREPRESENTED-surface" }, "geometry": { "type": "Polygon", "coordinates": [ [ [ 103.867884089913531, 1.329620200834664 ], [ 103.867978873698235, 1.329596114464711 ], [ 103.867970089830919, 1.329561099407067 ], [ 103.867875262017549, 1.329585138750319 ], [ 103.867884089913531, 1.329620200834664 ] ] ] } },
{ "type": "Feature", "properties": { "class": "UNREPRESENTED-surface" }, "geometry": { "type": "Polygon", "coordinates": [ [ [ 103.868028294936067, 1.329838551258192 ], [ 103.868040520440246, 1.32988554095608 ], [ 103.868052869242547, 1.32988221995517 ], [ 103.868040643738155, 1.329835230257348 ], [ 103.868028294936067, 1.329838551258192 ] ] ] } },
{ "type": "Feature", "properties": { "class": "NEEDS_MANUAL" }, "geometry": { "type": "Polygon", "coordinates": [ [ [ 103.868226236036733, 1.328821712748413 ], [ 103.86823507347917, 1.328832582178797 ], [ 103.868275443455573, 1.328938448312655 ], [ 103.868265493801417, 1.328941825351036 ], [ 103.86827487612122, 1.328977764659665 ], [ 103.868285151093374, 1.328977295148227 ], [ 103.86828729557395, 1.329014842519801 ], [ 103.868301956716181, 1.329037261505001 ], [ 103.868313215073442, 1.329062767134369 ], [ 103.868323228891953, 1.329085433077139 ], [ 103.868338815933981, 1.329135346536011 ], [ 103.868338963301994, 1.329135698331678 ], [ 103.868356584103211, 1.329208888292841 ], [ 103.868364659889124, 1.329242209484654 ], [ 103.868380276797524, 1.329307169757948 ], [ 103.868399638212054, 1.329388090200833 ], [ 103.868442830697703, 1.32956677842667 ], [ 103.868471673285853, 1.329683828995795 ], [ 103.868490202579778, 1.329760194165926 ], [ 103.868511259254973, 1.329754964828999 ], [ 103.868479606710665, 1.329625857314355 ], [ 103.868450436136612, 1.32950784902803 ], [ 103.868449919423853, 1.329504776005133 ], [ 103.868421357163953, 1.329386001712907 ], [ 103.868401095343629, 1.329301348066762 ], [ 103.868380917104204, 1.329217672941436 ], [ 103.868359767472612, 1.329130068366327 ], [ 103.868343466950932, 1.329078279265949 ], [ 103.868321665501156, 1.329028356852025 ], [ 103.868307889479667, 1.329009064242137 ], [ 103.868306622909387, 1.328973092260921 ], [ 103.86829717226945, 1.328935054827929 ], [ 103.868282797545731, 1.328896893567059 ], [ 103.86825399421069, 1.328822306521128 ], [ 103.868238528016107, 1.328803542987998 ], [ 103.868226236036733, 1.328821712748413 ] ] ] } },
{ "type": "Feature", "properties": { "class": "UNREPRESENTED-surface" }, "geometry": { "type": "Polygon", "coordinates": [ [ [ 103.868110238388596, 1.330200995842609 ], [ 103.868144086163255, 1.330335080047959 ], [ 103.868167409880797, 1.330328474239049 ], [ 103.868133471351243, 1.330194416261907 ], [ 103.868110238388596, 1.330200995842609 ] ] ] } },
{ "type": "Feature", "properties": { "class": "NEEDS_MANUAL" }, "geometry": { "type": "Polygon", "coordinates": [ [ [ 103.868709705907051, 1.330748685727519 ], [ 103.868714635753548, 1.330774593887846 ], [ 103.868721722304784, 1.330812467662487 ], [ 103.868743334595621, 1.330828261170336 ], [ 103.86875812786657, 1.330852489783337 ], [ 103.86876691643765, 1.330901161644169 ], [ 103.868773089464483, 1.330960455302696 ], [ 103.868776716565421, 1.330997526051497 ], [ 103.868803510562032, 1.33099454216569 ], [ 103.868798378221001, 1.330946371270023 ], [ 103.868794157973966, 1.330902370385398 ], [ 103.868790567823311, 1.330872970454928 ], [ 103.868784542639347, 1.330847283879917 ], [ 103.868784142761328, 1.330845837807015 ], [ 103.868770142942523, 1.330823536383244 ], [ 103.868769523812205, 1.330821762933595 ], [ 103.868746470180554, 1.330801965825595 ], [ 103.868745775574652, 1.3308004067114 ], [ 103.868741088261288, 1.33076913114489 ], [ 103.86874557923656, 1.330768649958142 ], [ 103.868740847958875, 1.330741921536496 ], [ 103.868709705907051, 1.330748685727519 ] ] ] } },
{ "type": "Feature", "properties": { "class": "UNREPRESENTED-surface" }, "geometry": { "type": "Polygon", "coordinates": [ [ [ 103.868683420777103, 1.330582088617551 ], [ 103.868713820598074, 1.330573794253047 ], [ 103.868705991943941, 1.330543169874101 ], [ 103.868675592123324, 1.330551464238501 ], [ 103.868683420777103, 1.330582088617551 ] ] ] } },
{ "type": "Feature", "properties": { "class": "UNREPRESENTED-surface" }, "geometry": { "type": "Polygon", "coordinates": [ [ [ 103.868041247608446, 1.329838164911344 ], [ 103.868019066465649, 1.329752311197663 ], [ 103.867996674147392, 1.329665273673645 ], [ 103.867961139737886, 1.329526572708521 ], [ 103.867948622905971, 1.329529794231203 ], [ 103.867974317586174, 1.329629295659676 ], [ 103.86798860270099, 1.329685154430738 ], [ 103.867998407370692, 1.329723224416849 ], [ 103.86800893901335, 1.329764248951185 ], [ 103.868028886229297, 1.329841680350709 ], [ 103.868041247608446, 1.329838164911344 ] ] ] } },
{ "type": "Feature", "properties": { "class": "UNREPRESENTED-surface" }, "geometry": { "type": "Polygon", "coordinates": [ [ [ 103.769603390940404, 1.343841820556102 ], [ 103.769579959373175, 1.343869245681023 ], [ 103.769547435847983, 1.343909197815769 ], [ 103.769479729594835, 1.343968355001202 ], [ 103.769406048742582, 1.344030150056739 ], [ 103.769375207691112, 1.344055733699337 ], [ 103.769300709183995, 1.344150481942058 ], [ 103.769221848057839, 1.34424916766735 ], [ 103.769188075400649, 1.344293801655584 ], [ 103.769147195655918, 1.344352688230485 ], [ 103.769104643524713, 1.34441783295852 ], [ 103.769063591925587, 1.344485331784668 ], [ 103.769039299191789, 1.344525501176965 ], [ 103.769010959165698, 1.344572360945831 ], [ 103.768999208203482, 1.34459096159102 ], [ 103.769048834893525, 1.344621741123254 ], [ 103.769062582583729, 1.344598292235841 ], [ 103.769036416925303, 1.344582133272634 ], [ 103.769074170669029, 1.344520027081739 ], [ 103.769108274306717, 1.344463724096698 ], [ 103.769133122308389, 1.344425112937307 ], [ 103.769156398702819, 1.344387432326509 ], [ 103.769179306587716, 1.344353547321024 ], [ 103.769192602181022, 1.34433462747518 ], [ 103.769211246202858, 1.344308142766487 ], [ 103.769228882878068, 1.344283960541543 ], [ 103.769247950971007, 1.344259339737742 ], [ 103.769270545133111, 1.344230163745827 ], [ 103.769288559165318, 1.344207408616593 ], [ 103.769323991450904, 1.344163140033563 ], [ 103.769349037837372, 1.344131847893953 ], [ 103.769376885122298, 1.344097225959907 ], [ 103.769394755354099, 1.344075577767397 ], [ 103.769400499984442, 1.344070410383327 ], [ 103.769400969918891, 1.344070894230404 ], [ 103.769421503383299, 1.344053080610813 ], [ 103.769421107130555, 1.344052605809321 ], [ 103.769444445060088, 1.344032529544872 ], [ 103.769481577994782, 1.344000586579804 ], [ 103.769518210407895, 1.3439695126947 ], [ 103.769561756493403, 1.343932625739369 ], [ 103.769565202547668, 1.343929706543167 ], [ 103.769595209095115, 1.343894018417976 ], [ 103.769624569557109, 1.343859093558553 ], [ 103.769603390940404, 1.343841820556102 ] ] ] } },
{ "type": "Feature", "properties": { "class": "ALIGNED" }, "geometry": { "type": "Polygon", "coordinates": [ [ [ 103.86542928442762, 1.332360415909634 ], [ 103.86545045711334, 1.33236041563198 ], [ 103.865450457218913, 1.332299180212431 ], [ 103.865487805223836, 1.332261142154532 ], [ 103.865472745224181, 1.332246163364283 ], [ 103.865429284420429, 1.332290427146801 ], [ 103.86542928442762, 1.332360415909634 ] ] ] } },
{ "type": "Feature", "properties": { "class": "ALIGNED" }, "geometry": { "type": "Polygon", "coordinates": [ [ [ 103.865475603160988, 1.332217523914157 ], [ 103.865433294985579, 1.332175352147269 ], [ 103.865418190451265, 1.332190702122635 ], [ 103.865490216967586, 1.332262555644446 ], [ 103.865505492227371, 1.332247190292216 ], [ 103.865475603160988, 1.332217523914157 ] ] ] } },
{ "type": "Feature", "properties": { "class": "ALIGNED" }, "geometry": { "type": "Polygon", "coordinates": [ [ [ 103.865639848789513, 1.331964671407489 ], [ 103.865611213792079, 1.331979660721045 ], [ 103.865610040249621, 1.3319775155841 ], [ 103.865584808982703, 1.331992465964837 ], [ 103.865518036959742, 1.332038380520828 ], [ 103.865492736574183, 1.332058837576532 ], [ 103.865456211652258, 1.332097055592214 ], [ 103.865446452751627, 1.332121771999971 ], [ 103.865428722708671, 1.332142737208546 ], [ 103.865413155524934, 1.332166355793895 ], [ 103.865395500084404, 1.332189089033724 ], [ 103.86541354504665, 1.332200902509866 ], [ 103.865432759456411, 1.332176158847369 ], [ 103.865444470113573, 1.332158529013705 ], [ 103.865450019649344, 1.332162510857481 ], [ 103.865472105823699, 1.332136152866513 ], [ 103.865465122186393, 1.332131739659765 ], [ 103.865473134339567, 1.332110593705618 ], [ 103.865474301541923, 1.332108868162974 ], [ 103.865487414895753, 1.332095157826117 ], [ 103.865507808258982, 1.332074198008332 ], [ 103.865530580134063, 1.332055824641356 ], [ 103.865561983496775, 1.332034049845988 ], [ 103.865596255928722, 1.332010694183422 ], [ 103.865619516667778, 1.331996207767499 ], [ 103.865648637764664, 1.331979710871917 ], [ 103.865639848789513, 1.331964671407489 ] ] ] } },
{ "type": "Feature", "properties": { "class": "ALIGNED" }, "geometry": { "type": "Polygon", "coordinates": [ [ [ 103.865610099733132, 1.331991257400768 ], [ 103.86564677397665, 1.331965720378846 ], [ 103.865568372570692, 1.331852631544877 ], [ 103.865531698327999, 1.331878168565611 ], [ 103.865610099733132, 1.331991257400768 ] ] ] } },
{ "type": "Feature", "properties": { "class": "UNREPRESENTED-surface" }, "geometry": { "type": "Polygon", "coordinates": [ [ [ 103.866833492999021, 1.332047436367223 ], [ 103.866865680383569, 1.33212857821495 ], [ 103.866870062608825, 1.332126056786958 ], [ 103.866871599144503, 1.332126375102186 ], [ 103.866872228139627, 1.33212679381429 ], [ 103.866884611045492, 1.332119454727447 ], [ 103.866884068305225, 1.332118550370473 ], [ 103.866884814105418, 1.332118433697241 ], [ 103.866852617735262, 1.332037323502645 ], [ 103.866834951623886, 1.332000741299467 ], [ 103.866839082120265, 1.331988377677047 ], [ 103.86684047841473, 1.331983784391085 ], [ 103.866820163103057, 1.331994735617646 ], [ 103.866815210460075, 1.332009509382442 ], [ 103.866833492999021, 1.332047436367223 ] ] ] } },
{ "type": "Feature", "properties": { "class": "ALIGNED" }, "geometry": { "type": "Polygon", "coordinates": [ [ [ 103.866966957967549, 1.332224231449838 ], [ 103.866891545851999, 1.332100869943734 ], [ 103.866854369293705, 1.332123957067665 ], [ 103.866929781408146, 1.33224731857492 ], [ 103.866966957967549, 1.332224231449838 ] ] ] } },
{ "type": "Feature", "properties": { "class": "ALIGNED" }, "geometry": { "type": "Polygon", "coordinates": [ [ [ 103.86702476472442, 1.332285124223971 ], [ 103.867012151483635, 1.332270069443159 ], [ 103.866988549626598, 1.332242473992049 ], [ 103.866971375410458, 1.332234532099789 ], [ 103.866944683623402, 1.332222035054536 ], [ 103.866944319701929, 1.332221581972956 ], [ 103.866934386245021, 1.332227781527348 ], [ 103.866935114098183, 1.332229440121687 ], [ 103.866933680917256, 1.332230660128945 ], [ 103.8669390301623, 1.332240907408676 ], [ 103.866971748598104, 1.332255674325868 ], [ 103.866998737173432, 1.332287633288857 ], [ 103.867017278281836, 1.332309382093571 ], [ 103.867031588911686, 1.332325595341796 ], [ 103.867040838767366, 1.332334117040297 ], [ 103.867056332372186, 1.332319136030485 ], [ 103.867046404097408, 1.332309951442268 ], [ 103.867031845462805, 1.332293505775895 ], [ 103.867028530727879, 1.332296426014188 ], [ 103.867021320597161, 1.332288029994211 ], [ 103.86702476472442, 1.332285124223971 ] ] ] } },
{ "type": "Feature", "properties": { "class": "UNREPRESENTED-surface" }, "geometry": { "type": "Polygon", "coordinates": [ [ [ 103.865561236407473, 1.331865769340822 ], [ 103.865584898815541, 1.331852473967902 ], [ 103.865625894231712, 1.331828272635683 ], [ 103.865615060996063, 1.331809719742273 ], [ 103.865583729477351, 1.331828126684201 ], [ 103.865553188673729, 1.331845459230403 ], [ 103.865527417375574, 1.331860420469999 ], [ 103.865502321788497, 1.331875153800635 ], [ 103.865512799189176, 1.331893231003534 ], [ 103.865546247701758, 1.33187435647824 ], [ 103.865561236407473, 1.331865769340822 ] ] ] } },
{ "type": "Feature", "properties": { "class": "UNREPRESENTED-surface" }, "geometry": { "type": "Polygon", "coordinates": [ [ [ 103.865610889958802, 1.331814398074411 ], [ 103.865628554173639, 1.331844819756514 ], [ 103.865731854110507, 1.331784550642554 ], [ 103.865714189894859, 1.331754128961202 ], [ 103.865610889958802, 1.331814398074411 ] ] ] } },
{ "type": "Feature", "properties": { "class": "UNREPRESENTED-surface" }, "geometry": { "type": "Polygon", "coordinates": [ [ [ 103.865792654813404, 1.331707819942221 ], [ 103.865753836583039, 1.331730524525224 ], [ 103.865709512939631, 1.33175642339557 ], [ 103.865719928350913, 1.331775270212528 ], [ 103.865729828569016, 1.331769561733339 ], [ 103.865726812947941, 1.331764479245158 ], [ 103.865731905924406, 1.331761394390723 ], [ 103.865735030270116, 1.331766425328709 ], [ 103.865775098382969, 1.331742958350209 ], [ 103.865772472733127, 1.331737716688781 ], [ 103.865777691508967, 1.331734755730523 ], [ 103.865780885939429, 1.331739578663703 ], [ 103.865803364949542, 1.331726512108592 ], [ 103.865792654813404, 1.331707819942221 ] ] ] } },
{ "type": "Feature", "properties": { "class": "UNREPRESENTED-surface" }, "geometry": { "type": "Polygon", "coordinates": [ [ [ 103.865805176626765, 1.331740868869839 ], [ 103.865916933697747, 1.33167541129739 ], [ 103.86589937191647, 1.331645018555684 ], [ 103.86578761484634, 1.331710476127325 ], [ 103.865805176626765, 1.331740868869839 ] ] ] } },
{ "type": "Feature", "properties": { "class": "UNREPRESENTED-surface" }, "geometry": { "type": "Polygon", "coordinates": [ [ [ 103.866022150904612, 1.33159733068859 ], [ 103.86601103193297, 1.331579289671028 ], [ 103.865895059780243, 1.33164768196623 ], [ 103.865905393414778, 1.331665836944691 ], [ 103.865977520866693, 1.331623830065744 ], [ 103.866022150904612, 1.33159733068859 ] ] ] } },
{ "type": "Feature", "properties": { "class": "UNREPRESENTED-surface" }, "geometry": { "type": "Polygon", "coordinates": [ [ [ 103.866070804320287, 1.331543863109728 ], [ 103.866006553564304, 1.331581969362551 ], [ 103.86602451250738, 1.331612296079574 ], [ 103.866088763263846, 1.331574189826277 ], [ 103.866070804320287, 1.331543863109728 ] ] ] } },
{ "type": "Feature", "properties": { "class": "UNREPRESENTED-surface" }, "geometry": { "type": "Polygon", "coordinates": [ [ [ 103.866077049574329, 1.331565749549701 ], [ 103.866145551367779, 1.33152536604852 ], [ 103.866195345383233, 1.331497283961361 ], [ 103.866320825973901, 1.331423833414001 ], [ 103.86651272098473, 1.33130940882737 ], [ 103.866604262450878, 1.33125495851732 ], [ 103.866593530746556, 1.331236337799574 ], [ 103.866492718052854, 1.331296284057298 ], [ 103.866406045821705, 1.331348007638805 ], [ 103.866254437250859, 1.331438636943866 ], [ 103.866211196374991, 1.331464297056335 ], [ 103.866163581322837, 1.331489646125306 ], [ 103.866105756991146, 1.331523803839455 ], [ 103.866066041117577, 1.331547157772971 ], [ 103.866077049574329, 1.331565749549701 ] ] ] } },
{ "type": "Feature", "properties": { "class": "UNREPRESENTED-surface" }, "geometry": { "type": "Polygon", "coordinates": [ [ [ 103.86663400498513, 1.331212521717166 ], [ 103.86659336541274, 1.331236374880747 ], [ 103.86660917856571, 1.331263515546725 ], [ 103.866649924169295, 1.331239759148435 ], [ 103.86663400498513, 1.331212521717166 ] ] ] } },
{ "type": "Feature", "properties": { "class": "UNREPRESENTED-surface" }, "geometry": { "type": "Polygon", "coordinates": [ [ [ 103.866744454309199, 1.331391663952998 ], [ 103.866728488231203, 1.33141880414691 ], [ 103.86675585667524, 1.331435312041809 ], [ 103.866771822753023, 1.331408171847728 ], [ 103.866744454309199, 1.331391663952998 ] ] ] } },
{ "type": "Feature", "properties": { "class": "UNREPRESENTED-surface" }, "geometry": { "type": "Polygon", "coordinates": [ [ [ 103.8667383014226, 1.331423277903913 ], [ 103.866723932282781, 1.331465596928424 ], [ 103.866723732831375, 1.331467681491142 ], [ 103.866729895652171, 1.331506540137491 ], [ 103.866771641890395, 1.331589467072122 ], [ 103.866808227578474, 1.331661662888272 ], [ 103.866812621489331, 1.331659520388919 ], [ 103.866817426200654, 1.331669255806183 ], [ 103.866813251537721, 1.331671416389839 ], [ 103.866856263882028, 1.33175691170041 ], [ 103.866861461994731, 1.33175431791211 ], [ 103.866864260177223, 1.331760121180277 ], [ 103.866859208529036, 1.331762703209826 ], [ 103.866879978322558, 1.331804487274551 ], [ 103.86693069958487, 1.331904682921549 ], [ 103.866949936638918, 1.331894553776148 ], [ 103.866933632800695, 1.331862564821811 ], [ 103.866942997486248, 1.331857560845009 ], [ 103.866928256278769, 1.331828606916149 ], [ 103.866918792750127, 1.331833465291573 ], [ 103.866900347590118, 1.331796813463417 ], [ 103.866891046382136, 1.331778152935517 ], [ 103.86685429713917, 1.331704960513437 ], [ 103.866833107724176, 1.331663396214718 ], [ 103.866815314036046, 1.331627935424833 ], [ 103.86677806249601, 1.331554096387716 ], [ 103.866750422178427, 1.331499853891444 ], [ 103.866750099583157, 1.331498842816423 ], [ 103.866745075359972, 1.331469439284596 ], [ 103.866745273912755, 1.331467351104438 ], [ 103.866757010407639, 1.331434299137923 ], [ 103.8667383014226, 1.331423277903913 ] ] ] } },
{ "type": "Feature", "properties": { "class": "UNREPRESENTED-surface" }, "geometry": { "type": "Polygon", "coordinates": [ [ [ 103.866936016775014, 1.331936626808429 ], [ 103.866963937417196, 1.331922070679942 ], [ 103.866949612254984, 1.331894175756261 ], [ 103.866921645784117, 1.331908543777412 ], [ 103.866936016775014, 1.331936626808429 ] ] ] } },
{ "type": "Feature", "properties": { "class": "NEEDS_MANUAL" }, "geometry": { "type": "Polygon", "coordinates": [ [ [ 103.867003900021061, 1.331871470941928 ], [ 103.866953216470662, 1.331902033729191 ], [ 103.866962796244536, 1.331921614895946 ], [ 103.867015054952759, 1.331890199271179 ], [ 103.867003900021061, 1.331871470941928 ] ] ] } },
{ "type": "Feature", "properties": { "class": "UNREPRESENTED-surface" }, "geometry": { "type": "Polygon", "coordinates": [ [ [ 103.866770558815531, 1.331899502200659 ], [ 103.866805028365135, 1.331968497499782 ], [ 103.86682426273029, 1.331958795215389 ], [ 103.86679528710124, 1.331900764355665 ], [ 103.866770558815531, 1.331899502200659 ] ] ] } },
{ "type": "Feature", "properties": { "class": "UNREPRESENTED-surface" }, "geometry": { "type": "Polygon", "coordinates": [ [ [ 103.866805004100797, 1.331968252417353 ], [ 103.866819241207693, 1.331996469296838 ], [ 103.866844267623065, 1.331983518456097 ], [ 103.866829614480622, 1.331955021229487 ], [ 103.866805004100797, 1.331968252417353 ] ] ] } },
{ "type": "Feature", "properties": { "class": "ALIGNED" }, "geometry": { "type": "Polygon", "coordinates": [ [ [ 103.866973701209488, 1.332259237494833 ], [ 103.866971528448289, 1.332255416585036 ], [ 103.866950813904992, 1.332246374129796 ], [ 103.8669275818811, 1.332257582236806 ], [ 103.866891778244508, 1.332275455681651 ], [ 103.866797378983534, 1.332370200902608 ], [ 103.866706576594183, 1.332461768134451 ], [ 103.866709415173588, 1.332464702758254 ], [ 103.866707222724145, 1.332466810861596 ], [ 103.866704291595084, 1.332464000136967 ], [ 103.866666389195487, 1.332501930601154 ], [ 103.866681487846691, 1.33251728107705 ], [ 103.866810906979836, 1.332387166594032 ], [ 103.866904121057061, 1.332293313996488 ], [ 103.866973701209488, 1.332259237494833 ] ] ] } },
{ "type": "Feature", "properties": { "class": "ALIGNED" }, "geometry": { "type": "Polygon", "coordinates": [ [ [ 103.866653562927311, 1.332481629603422 ], [ 103.866599640375412, 1.332535408366579 ], [ 103.866631285272746, 1.332567641292713 ], [ 103.866685207824617, 1.33251386252889 ], [ 103.866653562927311, 1.332481629603422 ] ] ] } },
{ "type": "Feature", "properties": { "class": "UNREPRESENTED-surface" }, "geometry": { "type": "Polygon", "coordinates": [ [ [ 103.867141735963742, 1.332406783138095 ], [ 103.867096354644318, 1.332360933393181 ], [ 103.867081268089493, 1.332376201985513 ], [ 103.867112193236139, 1.332407629126602 ], [ 103.867136162557671, 1.332431698454516 ], [ 103.867150643483143, 1.332416261658438 ], [ 103.867141735963742, 1.332406783138095 ] ] ] } },
{ "type": "Feature", "properties": { "class": "UNREPRESENTED-surface" }, "geometry": { "type": "Polygon", "coordinates": [ [ [ 103.867156193698449, 1.332403947755978 ], [ 103.867132246601457, 1.332428239314717 ], [ 103.867200802907149, 1.332497095768916 ], [ 103.867224750004098, 1.33247280420952 ], [ 103.867156193698449, 1.332403947755978 ] ] ] } },
{ "type": "Feature", "properties": { "class": "UNREPRESENTED-surface" }, "geometry": { "type": "Polygon", "coordinates": [ [ [ 103.867279999169156, 1.332576534041444 ], [ 103.867327209980886, 1.332624122850023 ], [ 103.867341563308159, 1.332608463580977 ], [ 103.867336051481743, 1.332602579862716 ], [ 103.867304380524246, 1.332570884138763 ], [ 103.86729980779117, 1.332572418004255 ], [ 103.867295970001706, 1.332568432523566 ], [ 103.867299298212757, 1.332565346786038 ], [ 103.867260014579216, 1.332525879059361 ], [ 103.867212632146291, 1.332478283921201 ], [ 103.867197063957192, 1.33249296468402 ], [ 103.867211776224266, 1.332507730942501 ], [ 103.867279999169156, 1.332576534041444 ] ] ] } },
{ "type": "Feature", "properties": { "class": "UNREPRESENTED-surface" }, "geometry": { "type": "Polygon", "coordinates": [ [ [ 103.867347937499474, 1.332596167753958 ], [ 103.867323870892633, 1.332620317330971 ], [ 103.867395298139797, 1.332692277518106 ], [ 103.86741936474661, 1.332668127940405 ], [ 103.867347937499474, 1.332596167753958 ] ] ] } },
{ "type": "Feature", "properties": { "class": "ALIGNED" }, "geometry": { "type": "Polygon", "coordinates": [ [ [ 103.867391371400984, 1.332688879875675 ], [ 103.867428605404768, 1.332726390584043 ], [ 103.867505484277387, 1.332803901680496 ], [ 103.86752787137786, 1.332837358328869 ], [ 103.867659301498151, 1.332970216663045 ], [ 103.867654311883527, 1.332975306495864 ], [ 103.867677104990818, 1.332998342146066 ], [ 103.86768233812225, 1.332993825676815 ], [ 103.867699277944368, 1.333010554371633 ], [ 103.867759201652419, 1.333065344446411 ], [ 103.867826859100134, 1.333110035373406 ], [ 103.867849524442931, 1.33312069931877 ], [ 103.867873815285549, 1.333132121098312 ], [ 103.867887557069935, 1.33314335401446 ], [ 103.86788793986257, 1.333143889392777 ], [ 103.867897296913057, 1.333171097967834 ], [ 103.86790702151535, 1.333201308123085 ], [ 103.867928425952684, 1.333195385138102 ], [ 103.867918325737151, 1.333164007453827 ], [ 103.867906722203543, 1.333130265782197 ], [ 103.867887708526894, 1.333114724548634 ], [ 103.867837268614096, 1.333090966703336 ], [ 103.867816060684888, 1.333077017181461 ], [ 103.867772426371474, 1.333048193893891 ], [ 103.867726150113313, 1.333005740062403 ], [ 103.867712487383372, 1.332993062874252 ], [ 103.867687283415989, 1.332967695806812 ], [ 103.867592845593123, 1.332872493785912 ], [ 103.867544486398188, 1.332823597287933 ], [ 103.867522142426253, 1.332789988705894 ], [ 103.867446640163692, 1.332714038523743 ], [ 103.867406914426525, 1.33267390790666 ], [ 103.867391371400984, 1.332688879875675 ] ] ] } },
{ "type": "Feature", "properties": { "class": "UNREPRESENTED-surface" }, "geometry": { "type": "Polygon", "coordinates": [ [ [ 103.867939828466305, 1.333247468226736 ], [ 103.867935390123279, 1.333220879071924 ], [ 103.867928222868485, 1.333194641753439 ], [ 103.867906839996422, 1.33320055840756 ], [ 103.867913707117765, 1.333225698736336 ], [ 103.867917539782681, 1.333248659589799 ], [ 103.86791661628115, 1.333264053693576 ], [ 103.867915893967222, 1.333273062077533 ], [ 103.867904647607205, 1.333335785333427 ], [ 103.86790582562459, 1.333336462685706 ], [ 103.867906380945826, 1.333337405025557 ], [ 103.867925320785218, 1.3333416652185 ], [ 103.867938635460519, 1.333267347981722 ], [ 103.867939828466305, 1.333247468226736 ] ] ] } },
{ "type": "Feature", "properties": { "class": "UNREPRESENTED-surface" }, "geometry": { "type": "Polygon", "coordinates": [ [ [ 103.867898321705241, 1.333331326906337 ], [ 103.867886774343887, 1.333395187856802 ], [ 103.86792208322025, 1.333401396723763 ], [ 103.867933630580723, 1.333337535773158 ], [ 103.867898321705241, 1.333331326906337 ] ] ] } },
{ "type": "Feature", "properties": { "class": "ALIGNED" }, "geometry": { "type": "Polygon", "coordinates": [ [ [ 103.867870351417821, 1.333523891803059 ], [ 103.867857742900085, 1.333590680195848 ], [ 103.867847678908092, 1.333644060446183 ], [ 103.867842691381242, 1.33367008631504 ], [ 103.86783043398286, 1.333721431776338 ], [ 103.867818629259204, 1.333758592275683 ], [ 103.867809244211102, 1.333785835480957 ], [ 103.867829274964436, 1.333794584923994 ], [ 103.867838819938569, 1.333766126250661 ], [ 103.867851096381415, 1.333727322514464 ], [ 103.867857437129388, 1.333700895993065 ], [ 103.867863745530912, 1.333674591561292 ], [ 103.867868917247051, 1.333647514818373 ], [ 103.867874200373763, 1.33361969468632 ], [ 103.867891514286455, 1.333528023545089 ], [ 103.867908908152387, 1.333435126988811 ], [ 103.867916023264357, 1.333395035510297 ], [ 103.867897124771531, 1.333391731229884 ], [ 103.867870351417821, 1.333523891803059 ] ] ] } },
{ "type": "Feature", "properties": { "class": "ALIGNED" }, "geometry": { "type": "Polygon", "coordinates": [ [ [ 103.867817701974872, 1.333760490549627 ], [ 103.867769075722961, 1.33376447857737 ], [ 103.867716828287939, 1.333768579700604 ], [ 103.867685488449368, 1.333770779555208 ], [ 103.867705912029848, 1.333790938454943 ], [ 103.867757338185442, 1.333786918736281 ], [ 103.867810575828258, 1.33378265662134 ], [ 103.867817701974872, 1.333760490549627 ] ] ] } },
{ "type": "Feature", "properties": { "class": "ALIGNED" }, "geometry": { "type": "Polygon", "coordinates": [ [ [ 103.806122436505504, 1.327530922753389 ], [ 103.806051435735, 1.327582799931257 ], [ 103.806066803484853, 1.327604006544977 ], [ 103.806028763752096, 1.327632719695392 ], [ 103.805672155459789, 1.327125441381137 ], [ 103.805676909818473, 1.327115870545139 ], [ 103.805650758764443, 1.327072799891458 ], [ 103.805636494130653, 1.327079977671789 ], [ 103.805626984913914, 1.327063227829724 ], [ 103.805674534045295, 1.327034514792345 ], [ 103.805661574521437, 1.327004942831693 ], [ 103.805581776890222, 1.327058378117295 ], [ 103.80601789892134, 1.327669609506884 ], [ 103.806045405701582, 1.327649469615156 ], [ 103.806103267672171, 1.32760984914402 ], [ 103.806092955206282, 1.327587257100156 ], [ 103.806142881970771, 1.327553758183351 ], [ 103.806122436505504, 1.327530922753389 ] ] ] } },
{ "type": "Feature", "properties": { "class": "ALIGNED" }, "geometry": { "type": "Polygon", "coordinates": [ [ [ 103.803627106075396, 1.329177462112561 ], [ 103.803707501332298, 1.32912597128461 ], [ 103.803768118333281, 1.32908727878173 ], [ 103.803821581880271, 1.329053098970004 ], [ 103.803881576174078, 1.329014817038195 ], [ 103.803924158129931, 1.328987733641572 ], [ 103.803965732807356, 1.328960402436266 ], [ 103.803949025412351, 1.328931526783062 ], [ 103.803930921188055, 1.328942806704327 ], [ 103.803937664725751, 1.328952904014428 ], [ 103.803912451970291, 1.328969289892237 ], [ 103.80386994639241, 1.328996324453899 ], [ 103.803809937721908, 1.329034614524546 ], [ 103.803756458899599, 1.329068804283854 ], [ 103.803695841898886, 1.329107497690821 ], [ 103.8036146891546, 1.329159461491855 ], [ 103.803575857789781, 1.32918426050377 ], [ 103.803520394133741, 1.329211664787069 ], [ 103.803456582847332, 1.329243233565852 ], [ 103.803368464603807, 1.329285967329937 ], [ 103.803277776463617, 1.329330794663015 ], [ 103.803195660596188, 1.329370875088894 ], [ 103.803120522043741, 1.329408086953804 ], [ 103.803120850008867, 1.329408711873685 ], [ 103.803115208847842, 1.329411197902132 ], [ 103.803115022852907, 1.329410700499389 ], [ 103.803104334476402, 1.32941563367587 ], [ 103.803091235680682, 1.329387281688571 ], [ 103.803071430526643, 1.329395052648226 ], [ 103.803093227067592, 1.329445671100247 ], [ 103.803151897701483, 1.329416304395446 ], [ 103.803213714184054, 1.329386308290144 ], [ 103.803271138505039, 1.329358082875049 ], [ 103.803286741112544, 1.329350488213377 ], [ 103.803367431864658, 1.329310773130238 ], [ 103.803444909357708, 1.329272937274609 ], [ 103.803511329164323, 1.32924027424686 ], [ 103.803586730077242, 1.329203646592312 ], [ 103.803627106075396, 1.329177462112561 ] ] ] } },
{ "type": "Feature", "properties": { "class": "ALIGNED" }, "geometry": { "type": "Polygon", "coordinates": [ [ [ 103.80395930373804, 1.328952490074563 ], [ 103.804046581065649, 1.328896731621476 ], [ 103.804021045424975, 1.328862778761235 ], [ 103.803933767199453, 1.328918538117796 ], [ 103.80395930373804, 1.328952490074563 ] ] ] } },
{ "type": "Feature", "properties": { "class": "ALIGNED" }, "geometry": { "type": "Polygon", "coordinates": [ [ [ 103.804047631337482, 1.32890855167768 ], [ 103.804077737661885, 1.328888879396276 ], [ 103.804065568735183, 1.328871321014942 ], [ 103.804049652510358, 1.328881196485179 ], [ 103.804042627729388, 1.328870693112368 ], [ 103.804026247826869, 1.328882529239086 ], [ 103.804047631337482, 1.32890855167768 ] ] ] } },
{ "type": "Feature", "properties": { "class": "ALIGNED" }, "geometry": { "type": "Polygon", "coordinates": [ [ [ 103.804553068226014, 1.32855738659803 ], [ 103.804544235593539, 1.328543198824508 ], [ 103.804532080768666, 1.328549247071606 ], [ 103.804531871404777, 1.328549293191744 ], [ 103.804527364821084, 1.328577773385087 ], [ 103.804458173779679, 1.328620892670711 ], [ 103.804359938499829, 1.328684457483868 ], [ 103.804270592695005, 1.328741718073416 ], [ 103.804191885866175, 1.328791587415058 ], [ 103.804145634187421, 1.328821200280331 ], [ 103.80410697535801, 1.328845801247185 ], [ 103.804064459917925, 1.328871331854093 ], [ 103.804077365639074, 1.328890660085482 ], [ 103.804439322552653, 1.328658679509961 ], [ 103.804541440502391, 1.328593714782885 ], [ 103.80455317391187, 1.328587082311352 ], [ 103.804553068226014, 1.32855738659803 ] ] ] } },
{ "type": "Feature", "properties": { "class": "ALIGNED" }, "geometry": { "type": "Polygon", "coordinates": [ [ [ 103.804556426850667, 1.328572453349634 ], [ 103.804653595526176, 1.328509765749464 ], [ 103.804629382602428, 1.328471617563969 ], [ 103.804532213029276, 1.328534305163209 ], [ 103.804556426850667, 1.328572453349634 ] ] ] } },
{ "type": "Feature", "properties": { "class": "ALIGNED" }, "geometry": { "type": "Polygon", "coordinates": [ [ [ 103.804672182769025, 1.32845502026258 ], [ 103.804660555682631, 1.328436265416213 ], [ 103.804650373144966, 1.328445951040882 ], [ 103.804633157256177, 1.328486881471808 ], [ 103.804637685888082, 1.328494309070224 ], [ 103.804638863901289, 1.328493660654664 ], [ 103.804640473180442, 1.328496520273954 ], [ 103.804639445225504, 1.328497207578943 ], [ 103.804651068695435, 1.328517901382817 ], [ 103.804669948360313, 1.328507157753251 ], [ 103.804657969095814, 1.328483569074599 ], [ 103.804672182769025, 1.32845502026258 ] ] ] } },
{ "type": "Feature", "properties": { "class": "ALIGNED" }, "geometry": { "type": "Polygon", "coordinates": [ [ [ 103.805875740172397, 1.327686993425391 ], [ 103.80585155123903, 1.327672332502091 ], [ 103.805823030141894, 1.32767860666379 ], [ 103.805766757749396, 1.327714562661067 ], [ 103.805695790287004, 1.327759768331789 ], [ 103.805628160074207, 1.327803224997117 ], [ 103.805574288631675, 1.327837660780199 ], [ 103.805525863367222, 1.327868649186259 ], [ 103.805491512269427, 1.327890446694545 ], [ 103.805442234268554, 1.327921953290084 ], [ 103.80540052034992, 1.327949150673832 ], [ 103.805354542767475, 1.327978116040862 ], [ 103.805301660631443, 1.328012103264223 ], [ 103.805264141194101, 1.328036648192395 ], [ 103.805200361299612, 1.328077866587395 ], [ 103.805135893098992, 1.328120050834078 ], [ 103.805061903737894, 1.328168384647922 ], [ 103.804982678438677, 1.328221576645041 ], [ 103.804903702945964, 1.328273755754179 ], [ 103.804822366930637, 1.328327269675265 ], [ 103.804783091686772, 1.328353607930193 ], [ 103.804749672373063, 1.328375789793476 ], [ 103.80470464723372, 1.328405619731434 ], [ 103.804671304294757, 1.32842789293531 ], [ 103.804660240286339, 1.328436565661533 ], [ 103.80467183682434, 1.328455106173156 ], [ 103.804706792698525, 1.328430355029405 ], [ 103.804753720091625, 1.328399455250378 ], [ 103.804819132696977, 1.328356417305032 ], [ 103.804816884539846, 1.328354013478134 ], [ 103.80482707333671, 1.328346916143953 ], [ 103.804829042941776, 1.328349321776351 ], [ 103.8049880767053, 1.328243670331752 ], [ 103.805066689192174, 1.328190341768386 ], [ 103.805063607220035, 1.328184056399724 ], [ 103.805076743291565, 1.328175572707645 ], [ 103.8050802853123, 1.328182878204711 ], [ 103.805126144306172, 1.328152697375789 ], [ 103.805263353761589, 1.328063098131624 ], [ 103.805328126566735, 1.328021092949157 ], [ 103.805324491969017, 1.328016036605846 ], [ 103.805343776890766, 1.328003934620066 ], [ 103.805347299170108, 1.328008905047437 ], [ 103.805380814608895, 1.32798762573259 ], [ 103.805419554284612, 1.327962842968607 ], [ 103.805414500003238, 1.327954828433029 ], [ 103.805428531945353, 1.32794511933529 ], [ 103.805437387127824, 1.327951896743379 ], [ 103.805489046330067, 1.32791768522075 ], [ 103.805643570108842, 1.327819482931363 ], [ 103.805678132370005, 1.327797212440631 ], [ 103.805677134097024, 1.327795283419935 ], [ 103.805685685700297, 1.327790164813151 ], [ 103.805686752270944, 1.3277914191787 ], [ 103.80570800054717, 1.327777909116539 ], [ 103.805771759756254, 1.327736935790451 ], [ 103.805770422730575, 1.327734779770483 ], [ 103.805773055517221, 1.327732879730223 ], [ 103.805774748368165, 1.327735258227839 ], [ 103.805816456883392, 1.327708466897126 ], [ 103.805847331450607, 1.327688186868887 ], [ 103.80586685870604, 1.327700648325659 ], [ 103.805875740172397, 1.327686993425391 ] ] ] } },
{ "type": "Feature", "properties": { "class": "ALIGNED" }, "geometry": { "type": "Polygon", "coordinates": [ [ [ 103.806129972080456, 1.32750394564379 ], [ 103.806279551919729, 1.327409518980075 ], [ 103.806404191305063, 1.327329815087917 ], [ 103.806416847453349, 1.327329291599532 ], [ 103.806417097250915, 1.327329350385945 ], [ 103.806469934089776, 1.327326871196596 ], [ 103.80646932510372, 1.327305184529124 ], [ 103.806415193453418, 1.327307167208177 ], [ 103.806414883451509, 1.327307217849192 ], [ 103.806397500001182, 1.327308300183053 ], [ 103.806283912024085, 1.327380353272873 ], [ 103.806089515557076, 1.327503477639132 ], [ 103.806050098250267, 1.327540533537152 ], [ 103.806030288493019, 1.327560518868195 ], [ 103.806013627269934, 1.327580632653821 ], [ 103.806001492027875, 1.327604306972723 ], [ 103.805989156256928, 1.327641718586032 ], [ 103.805987187401684, 1.327652796124875 ], [ 103.806007421908333, 1.327657229544771 ], [ 103.806009777131393, 1.327647123297681 ], [ 103.806021397624633, 1.327612246609993 ], [ 103.806032565086127, 1.327591941038019 ], [ 103.806047748165611, 1.3275737363493 ], [ 103.806064891877966, 1.327556754383036 ], [ 103.806103066465965, 1.327521311857271 ], [ 103.806112060161979, 1.327515680479176 ], [ 103.806129972080456, 1.32750394564379 ] ] ] } },
{ "type": "Feature", "properties": { "class": "ALIGNED" }, "geometry": { "type": "Polygon", "coordinates": [ [ [ 103.806598866435294, 1.327193645241033 ], [ 103.806579064133686, 1.327189429782596 ], [ 103.806569538873731, 1.327243467266838 ], [ 103.806590976554133, 1.327246852536548 ], [ 103.806599962679442, 1.327192946179202 ], [ 103.806598866435294, 1.327193645241033 ] ] ] } },
{ "type": "Feature", "properties": { "class": "ALIGNED" }, "geometry": { "type": "Polygon", "coordinates": [ [ [ 103.806579064133686, 1.327189429782596 ], [ 103.806598866435294, 1.327193645241033 ], [ 103.806600047185654, 1.327189027568701 ], [ 103.806668850011221, 1.327142553024093 ], [ 103.806720971053579, 1.327106800442517 ], [ 103.806789455794672, 1.327059541806922 ], [ 103.80685626740059, 1.327014540445148 ], [ 103.806918000348105, 1.326971961819442 ], [ 103.806997673964418, 1.326916992686233 ], [ 103.807021416741307, 1.326891393998601 ], [ 103.807034085621609, 1.326876234271867 ], [ 103.807095438390348, 1.326841608618982 ], [ 103.807145692130476, 1.32681476309422 ], [ 103.807185892781177, 1.326793706298779 ], [ 103.807234121165095, 1.326768053607426 ], [ 103.807265924778136, 1.326751260800155 ], [ 103.807329529305918, 1.326717804508477 ], [ 103.807312393776542, 1.326726971870267 ], [ 103.807355887646594, 1.326703990619121 ], [ 103.807381972829262, 1.326689906321623 ], [ 103.807374404462081, 1.326674844050721 ], [ 103.80732112706778, 1.326703954981409 ], [ 103.807258478611502, 1.326736523197074 ], [ 103.80719319017399, 1.326771619986232 ], [ 103.807137271025567, 1.326800710084342 ], [ 103.807087864626936, 1.326827136897202 ], [ 103.807027222616455, 1.326861632329024 ], [ 103.807005383083251, 1.32687731377586 ], [ 103.806985381928115, 1.326899064432451 ], [ 103.806896279712817, 1.326960294379409 ], [ 103.806844146994678, 1.326996057817087 ], [ 103.806778020084153, 1.327041384757166 ], [ 103.806706855837007, 1.327090190731105 ], [ 103.806656467224016, 1.327124455651577 ], [ 103.806581888432333, 1.327176264979215 ], [ 103.806578932951467, 1.32718880034348 ], [ 103.806579064133686, 1.327189429782596 ] ] ] } },
{ "type": "Feature", "properties": { "class": "ALIGNED" }, "geometry": { "type": "Polygon", "coordinates": [ [ [ 103.807381799403672, 1.326690345840942 ], [ 103.807415153923372, 1.32667320125027 ], [ 103.807463650083406, 1.326646439806235 ], [ 103.807454443632153, 1.326633204334652 ], [ 103.807421543775391, 1.326650964802903 ], [ 103.807374355029324, 1.326676022437166 ], [ 103.807381799403672, 1.326690345840942 ] ] ] } },
{ "type": "Feature", "properties": { "class": "ALIGNED" }, "geometry": { "type": "Polygon", "coordinates": [ [ [ 103.807602475869146, 1.326557175058819 ], [ 103.807521624272553, 1.326612148721749 ], [ 103.807535388116932, 1.3266326480967 ], [ 103.807586826229823, 1.326597400124396 ], [ 103.807592357773359, 1.326593285323752 ], [ 103.807615967454822, 1.326577392268748 ], [ 103.807602475869146, 1.326557175058819 ] ] ] } },
{ "type": "Feature", "properties": { "class": "ALIGNED" }, "geometry": { "type": "Polygon", "coordinates": [ [ [ 103.807562644170304, 1.326613147570418 ], [ 103.807537246340686, 1.326631373866583 ], [ 103.807562004764918, 1.326664680967008 ], [ 103.807596196074158, 1.326711567199163 ], [ 103.80759583306272, 1.32671112676985 ], [ 103.807633659902947, 1.326760115687047 ], [ 103.807678375854877, 1.326819504867518 ], [ 103.807696634239392, 1.326843107163136 ], [ 103.807716903629569, 1.32686278815504 ], [ 103.807749667197783, 1.326904174929585 ], [ 103.807771281192956, 1.326888154337016 ], [ 103.807738935459028, 1.326846129085742 ], [ 103.807698030209977, 1.326793032514386 ], [ 103.807650383213272, 1.32672977352788 ], [ 103.807621898528069, 1.326691993402462 ], [ 103.807621720616027, 1.3266918251888 ], [ 103.807591499949524, 1.326651624061072 ], [ 103.807562644170304, 1.326613147570418 ] ] ] } },
{ "type": "Feature", "properties": { "class": "UNREPRESENTED-surface" }, "geometry": { "type": "Polygon", "coordinates": [ [ [ 103.808425130882426, 1.325238871459795 ], [ 103.808408304771376, 1.325217865614452 ], [ 103.808384113684127, 1.325239689494296 ], [ 103.808308251847208, 1.325291725859403 ], [ 103.808233905877643, 1.325342771958368 ], [ 103.808144119935861, 1.325405296091678 ], [ 103.808064621605084, 1.325460862146532 ], [ 103.808009452704184, 1.325498277853136 ], [ 103.807937866213038, 1.325546268123494 ], [ 103.807940572339064, 1.325577560972817 ], [ 103.807995762822671, 1.325538704615369 ], [ 103.808081932941676, 1.325481106524218 ], [ 103.808156717425916, 1.325428759958317 ], [ 103.808242746475898, 1.325370026882401 ], [ 103.80832858862793, 1.325310764748227 ], [ 103.80839906899439, 1.325261836628889 ], [ 103.808423409235274, 1.325240655753598 ], [ 103.808425130882426, 1.325238871459795 ] ] ] } },
{ "type": "Feature", "properties": { "class": "UNREPRESENTED-surface" }, "geometry": { "type": "Polygon", "coordinates": [ [ [ 103.808534401157928, 1.325165935563398 ], [ 103.808509981527351, 1.325128860893154 ], [ 103.808393987295673, 1.325209608621234 ], [ 103.808418407823808, 1.325246683292597 ], [ 103.808534401157928, 1.325165935563398 ] ] ] } },
{ "type": "Feature", "properties": { "class": "UNREPRESENTED-surface" }, "geometry": { "type": "Polygon", "coordinates": [ [ [ 103.802693153485478, 1.328924906853999 ], [ 103.802767271108252, 1.328900897805919 ], [ 103.802734565629422, 1.328816997698471 ], [ 103.802713044230217, 1.32882544057674 ], [ 103.802736390644057, 1.328886035999985 ], [ 103.802685946449429, 1.328902564439982 ], [ 103.802693153485478, 1.328924906853999 ] ] ] } },
{ "type": "Feature", "properties": { "class": "UNREPRESENTED-surface" }, "geometry": { "type": "Polygon", "coordinates": [ [ [ 103.802598129786617, 1.328972271754673 ], [ 103.802592804309285, 1.32895127777138 ], [ 103.802482572801708, 1.32897916156216 ], [ 103.802487785959627, 1.329000086812556 ], [ 103.802598129786617, 1.328972271754673 ] ] ] } },
{ "type": "Feature", "properties": { "class": "UNREPRESENTED-surface" }, "geometry": { "type": "Polygon", "coordinates": [ [ [ 103.802484013218901, 1.328976490087656 ], [ 103.802418480397691, 1.32899973504721 ], [ 103.802426736030455, 1.329023292036627 ], [ 103.80249221853137, 1.329000190870178 ], [ 103.802484013218901, 1.328976490087656 ] ] ] } },
{ "type": "Feature", "properties": { "class": "ALIGNED" }, "geometry": { "type": "MultiPolygon", "coordinates": [ [ [ [ 103.802870176331098, 1.329488830039349 ], [ 103.802869776482197, 1.329488154474135 ], [ 103.802866200290367, 1.329483361298083 ], [ 103.802836233259697, 1.329500245410253 ], [ 103.802837994382188, 1.329504007588287 ], [ 103.802838206436604, 1.329504388328371 ], [ 103.802744400497645, 1.329532493903667 ], [ 103.802635234592628, 1.329565221489937 ], [ 103.802641437063528, 1.329586065359547 ], [ 103.802848861271997, 1.329523543804396 ], [ 103.802857321884844, 1.329538644987231 ], [ 103.802891089751611, 1.32952614708962 ], [ 103.802881520358326, 1.329508014463443 ], [ 103.802881288535829, 1.3295076219664 ], [ 103.802870176331098, 1.329488830039349 ] ] ], [ [ [ 103.802870176331098, 1.329488830039349 ], [ 103.802881372101851, 1.329507592123411 ], [ 103.802910957168351, 1.329497072018659 ], [ 103.802941796619379, 1.329486437074789 ], [ 103.802964339930284, 1.329531140089199 ], [ 103.802986848886064, 1.329519519284405 ], [ 103.802971960167667, 1.329491257710817 ], [ 103.802964861571937, 1.32949189972172 ], [ 103.802959587180965, 1.329481309548598 ], [ 103.802963495969237, 1.329475404097064 ], [ 103.802959039230473, 1.329467536071079 ], [ 103.802955579793988, 1.329467382286301 ], [ 103.802952309128742, 1.32946112404374 ], [ 103.802954259023196, 1.329458736545702 ], [ 103.802950790677102, 1.329452369776954 ], [ 103.802951374750506, 1.329451356895993 ], [ 103.80294670961473, 1.329437946921987 ], [ 103.80291603010761, 1.329448548406442 ], [ 103.802920554171834, 1.329461810967327 ], [ 103.802929539768513, 1.329458338319162 ], [ 103.802930626960375, 1.329463258075297 ], [ 103.802932440199186, 1.329467022062655 ], [ 103.802897955291741, 1.329479065961008 ], [ 103.802870176331098, 1.329488830039349 ] ] ] ] } },
{ "type": "Feature", "properties": { "class": "ALIGNED" }, "geometry": { "type": "MultiPolygon", "coordinates": [ [ [ [ 103.802870176331098, 1.329488830039349 ], [ 103.802869776482197, 1.329488154474135 ], [ 103.802866200290367, 1.329483361298083 ], [ 103.802836233259697, 1.329500245410253 ], [ 103.802837994382188, 1.329504007588287 ], [ 103.802838206436604, 1.329504388328371 ], [ 103.802744400497645, 1.329532493903667 ], [ 103.802635234592628, 1.329565221489937 ], [ 103.802641437063528, 1.329586065359547 ], [ 103.802848861271997, 1.329523543804396 ], [ 103.802857321884844, 1.329538644987231 ], [ 103.802891089751611, 1.32952614708962 ], [ 103.802881520358326, 1.329508014463443 ], [ 103.802881288535829, 1.3295076219664 ], [ 103.802870176331098, 1.329488830039349 ] ] ], [ [ [ 103.802870176331098, 1.329488830039349 ], [ 103.802881372101851, 1.329507592123411 ], [ 103.802910957168351, 1.329497072018659 ], [ 103.802941796619379, 1.329486437074789 ], [ 103.802964339930284, 1.329531140089199 ], [ 103.802986848886064, 1.329519519284405 ], [ 103.802971960167667, 1.329491257710817 ], [ 103.802964861571937, 1.32949189972172 ], [ 103.802959587180965, 1.329481309548598 ], [ 103.802963495969237, 1.329475404097064 ], [ 103.802959039230473, 1.329467536071079 ], [ 103.802955579793988, 1.329467382286301 ], [ 103.802952309128742, 1.32946112404374 ], [ 103.802954259023196, 1.329458736545702 ], [ 103.802950790677102, 1.329452369776954 ], [ 103.802951374750506, 1.329451356895993 ], [ 103.80294670961473, 1.329437946921987 ], [ 103.80291603010761, 1.329448548406442 ], [ 103.802920554171834, 1.329461810967327 ], [ 103.802929539768513, 1.329458338319162 ], [ 103.802930626960375, 1.329463258075297 ], [ 103.802932440199186, 1.329467022062655 ], [ 103.802897955291741, 1.329479065961008 ], [ 103.802870176331098, 1.329488830039349 ] ] ] ] } },
{ "type": "Feature", "properties": { "class": "ALIGNED" }, "geometry": { "type": "MultiPolygon", "coordinates": [ [ [ [ 103.802870176331098, 1.329488830039349 ], [ 103.802869776482197, 1.329488154474135 ], [ 103.802866200290367, 1.329483361298083 ], [ 103.802836233259697, 1.329500245410253 ], [ 103.802837994382188, 1.329504007588287 ], [ 103.802838206436604, 1.329504388328371 ], [ 103.802744400497645, 1.329532493903667 ], [ 103.802635234592628, 1.329565221489937 ], [ 103.802641437063528, 1.329586065359547 ], [ 103.802848861271997, 1.329523543804396 ], [ 103.802857321884844, 1.329538644987231 ], [ 103.802891089751611, 1.32952614708962 ], [ 103.802881520358326, 1.329508014463443 ], [ 103.802881288535829, 1.3295076219664 ], [ 103.802870176331098, 1.329488830039349 ] ] ], [ [ [ 103.802870176331098, 1.329488830039349 ], [ 103.802881372101851, 1.329507592123411 ], [ 103.802910957168351, 1.329497072018659 ], [ 103.802941796619379, 1.329486437074789 ], [ 103.802964339930284, 1.329531140089199 ], [ 103.802986848886064, 1.329519519284405 ], [ 103.802971960167667, 1.329491257710817 ], [ 103.802964861571937, 1.32949189972172 ], [ 103.802959587180965, 1.329481309548598 ], [ 103.802963495969237, 1.329475404097064 ], [ 103.802959039230473, 1.329467536071079 ], [ 103.802955579793988, 1.329467382286301 ], [ 103.802952309128742, 1.32946112404374 ], [ 103.802954259023196, 1.329458736545702 ], [ 103.802950790677102, 1.329452369776954 ], [ 103.802951374750506, 1.329451356895993 ], [ 103.80294670961473, 1.329437946921987 ], [ 103.80291603010761, 1.329448548406442 ], [ 103.802920554171834, 1.329461810967327 ], [ 103.802929539768513, 1.329458338319162 ], [ 103.802930626960375, 1.329463258075297 ], [ 103.802932440199186, 1.329467022062655 ], [ 103.802897955291741, 1.329479065961008 ], [ 103.802870176331098, 1.329488830039349 ] ] ] ] } },
{ "type": "Feature", "properties": { "class": "ALIGNED" }, "geometry": { "type": "Polygon", "coordinates": [ [ [ 103.802675578995519, 1.329552126797052 ], [ 103.802701092689148, 1.329543187473072 ], [ 103.802701724382544, 1.329542463085029 ], [ 103.802745742099304, 1.329527750528814 ], [ 103.802747014413285, 1.329531043335668 ], [ 103.802766322648097, 1.32952490746344 ], [ 103.80275668419111, 1.329496683937317 ], [ 103.80269183426266, 1.329519760700532 ], [ 103.80269384075244, 1.329518503658989 ], [ 103.80269190802764, 1.329512993342221 ], [ 103.802665355594655, 1.329522706789105 ], [ 103.802665723990913, 1.329523634671651 ], [ 103.802675578995519, 1.329552126797052 ] ] ] } },
{ "type": "Feature", "properties": { "class": "UNREPRESENTED-surface" }, "geometry": { "type": "Polygon", "coordinates": [ [ [ 103.810364942388716, 1.324677922943599 ], [ 103.810415444960725, 1.324649930618185 ], [ 103.810402824947658, 1.324630983158989 ], [ 103.810353689983287, 1.324658041288337 ], [ 103.810364942388716, 1.324677922943599 ] ] ] } },
{ "type": "Feature", "properties": { "class": "UNREPRESENTED-surface" }, "geometry": { "type": "Polygon", "coordinates": [ [ [ 103.810364942388716, 1.324677922943599 ], [ 103.810415444960725, 1.324649930618185 ], [ 103.810402824947658, 1.324630983158989 ], [ 103.810353689983287, 1.324658041288337 ], [ 103.810364942388716, 1.324677922943599 ] ] ] } },
{ "type": "Feature", "properties": { "class": "NEEDS_MANUAL" }, "geometry": { "type": "Polygon", "coordinates": [ [ [ 103.810286993175325, 1.324740087330101 ], [ 103.810373172152481, 1.32468770191423 ], [ 103.810355975923017, 1.324655978454129 ], [ 103.810337364070776, 1.324667760341756 ], [ 103.810344095937879, 1.324678345087321 ], [ 103.810276326588806, 1.324724370278737 ], [ 103.810286993175325, 1.324740087330101 ] ] ] } },
{ "type": "Feature", "properties": { "class": "UNREPRESENTED-surface" }, "geometry": { "type": "Polygon", "coordinates": [ [ [ 103.81027553565167, 1.324747069821523 ], [ 103.810291875045436, 1.32473711201642 ], [ 103.810275171183505, 1.324709784676458 ], [ 103.810258922543909, 1.32471972801248 ], [ 103.81027553565167, 1.324747069821523 ] ] ] } },
{ "type": "Feature", "properties": { "class": "UNREPRESENTED-surface" }, "geometry": { "type": "Polygon", "coordinates": [ [ [ 103.808667482804978, 1.32512333680905 ], [ 103.808655627459146, 1.325105725999619 ], [ 103.808614105035815, 1.32513074844537 ], [ 103.808554428993759, 1.325169185146865 ], [ 103.808521162532031, 1.325189162224332 ], [ 103.808509418616069, 1.325170702217055 ], [ 103.8084913746398, 1.325182260718128 ], [ 103.80851496132199, 1.325218242003431 ], [ 103.808565211454038, 1.325187979759142 ], [ 103.808611430665962, 1.325158329728112 ], [ 103.808667482804978, 1.32512333680905 ] ] ] } },
{ "type": "Feature", "properties": { "class": "UNREPRESENTED-surface" }, "geometry": { "type": "Polygon", "coordinates": [ [ [ 103.808661992613494, 1.325126084213492 ], [ 103.808749308364966, 1.325067909125128 ], [ 103.80872580527128, 1.325029390195933 ], [ 103.808638489520618, 1.325087566187876 ], [ 103.808661992613494, 1.325126084213492 ] ] ] } },
{ "type": "Feature", "properties": { "class": "UNREPRESENTED-surface" }, "geometry": { "type": "Polygon", "coordinates": [ [ [ 103.808745307082148, 1.325070179944519 ], [ 103.808776202262294, 1.325049653891002 ], [ 103.808842235632341, 1.325004531280183 ], [ 103.808841776526776, 1.324998884423448 ], [ 103.808832632081518, 1.324984907378513 ], [ 103.808793229326128, 1.325012406902931 ], [ 103.808732005955306, 1.325053330595928 ], [ 103.808745307082148, 1.325070179944519 ] ] ] } },
{ "type": "Feature", "properties": { "class": "UNREPRESENTED-surface" }, "geometry": { "type": "Polygon", "coordinates": [ [ [ 103.808816190494696, 1.324969497747466 ], [ 103.808839993716887, 1.325006932345726 ], [ 103.808934178058536, 1.324943349218962 ], [ 103.808910374835506, 1.324905914621578 ], [ 103.808816190494696, 1.324969497747466 ] ] ] } },
{ "type": "Feature", "properties": { "class": "UNREPRESENTED-surface" }, "geometry": { "type": "Polygon", "coordinates": [ [ [ 103.809037046343093, 1.324846544342788 ], [ 103.808971456864668, 1.324891833366487 ], [ 103.808913330832922, 1.324930901338758 ], [ 103.808920434708483, 1.324940199181043 ], [ 103.80892250677357, 1.324940203723404 ], [ 103.808932929961998, 1.324943887303489 ], [ 103.808989367605477, 1.324905397203018 ], [ 103.809049237742968, 1.324864832522797 ], [ 103.809037046343093, 1.324846544342788 ] ] ] } },
{ "type": "Feature", "properties": { "class": "UNREPRESENTED-surface" }, "geometry": { "type": "Polygon", "coordinates": [ [ [ 103.809164257871871, 1.324787552991382 ], [ 103.8091398948511, 1.324749777445195 ], [ 103.809019408780884, 1.324831122944537 ], [ 103.809043771800589, 1.324868897587492 ], [ 103.809164257871871, 1.324787552991382 ] ] ] } },
{ "type": "Feature", "properties": { "class": "UNREPRESENTED-surface" }, "geometry": { "type": "Polygon", "coordinates": [ [ [ 103.809160969132549, 1.324790906342817 ], [ 103.80922032802458, 1.32474650081707 ], [ 103.809290511865896, 1.324694380261634 ], [ 103.80932872943508, 1.324665156998615 ], [ 103.809326566633558, 1.324663356387717 ], [ 103.809328924452672, 1.324661890435774 ], [ 103.809330955164569, 1.324663921658336 ], [ 103.809418695988256, 1.32459658262362 ], [ 103.80948459370488, 1.324546058224236 ], [ 103.809567468820674, 1.324482027302401 ], [ 103.809610032719903, 1.324449392813712 ], [ 103.809607484452485, 1.32444615697282 ], [ 103.809609873722636, 1.32444447759086 ], [ 103.809599155014752, 1.324429896418001 ], [ 103.809515518815147, 1.324495120190446 ], [ 103.809460641932262, 1.324538256039235 ], [ 103.809465404209604, 1.324544238456875 ], [ 103.809458268743938, 1.324549543390136 ], [ 103.809453642155759, 1.324542774176648 ], [ 103.809374762035347, 1.32460363352694 ], [ 103.809315814685291, 1.324648221742236 ], [ 103.809238950939033, 1.32470636801405 ], [ 103.809147440676867, 1.324773370581509 ], [ 103.809160969132549, 1.324790906342817 ] ] ] } },
{ "type": "Feature", "properties": { "class": "ALIGNED" }, "geometry": { "type": "Polygon", "coordinates": [ [ [ 103.806129972080456, 1.32750394564379 ], [ 103.806112060161979, 1.327515680479176 ], [ 103.806112556164081, 1.327515691337043 ], [ 103.806139104447951, 1.327553633339238 ], [ 103.806157511483448, 1.327540688469437 ], [ 103.806129972080456, 1.32750394564379 ] ] ] } },
{ "type": "Feature", "properties": { "class": "UNREPRESENTED-surface" }, "geometry": { "type": "Polygon", "coordinates": [ [ [ 103.782254130252042, 1.333495474778051 ], [ 103.782229868938146, 1.333509265825341 ], [ 103.782261559859748, 1.333566105776972 ], [ 103.782285821174071, 1.333552314729406 ], [ 103.782254130252042, 1.333495474778051 ] ] ] } },
{ "type": "Feature", "properties": { "class": "UNREPRESENTED-surface" }, "geometry": { "type": "Polygon", "coordinates": [ [ [ 103.787693188423077, 1.334703216082482 ], [ 103.787624726898898, 1.334727822554568 ], [ 103.787630037078898, 1.334743685203009 ], [ 103.78769849860349, 1.334719078730775 ], [ 103.787693188423077, 1.334703216082482 ] ] ] } },
{ "type": "Feature", "properties": { "class": "UNREPRESENTED-surface" }, "geometry": { "type": "Polygon", "coordinates": [ [ [ 103.785298265314964, 1.335518668870725 ], [ 103.785310887528595, 1.335555818592525 ], [ 103.785460628638788, 1.335503833250183 ], [ 103.785448007321676, 1.33546668352907 ], [ 103.785298265314964, 1.335518668870725 ] ] ] } },
{ "type": "Feature", "properties": { "class": "UNREPRESENTED-surface" }, "geometry": { "type": "Polygon", "coordinates": [ [ [ 103.785516581398412, 1.335478603488601 ], [ 103.785626995127984, 1.335437536659232 ], [ 103.785779945052809, 1.335381418414871 ], [ 103.785900077622586, 1.335337635051826 ], [ 103.786026104762001, 1.335291891135192 ], [ 103.786111055846035, 1.335261839850831 ], [ 103.786150523462055, 1.335247054258131 ], [ 103.78618713091808, 1.335234974467366 ], [ 103.786339665662084, 1.335180077975053 ], [ 103.786332499152067, 1.335159904184088 ], [ 103.786180229485424, 1.335214704818503 ], [ 103.786128336574706, 1.335231829761943 ], [ 103.786128454246295, 1.335233896236509 ], [ 103.786123400729451, 1.335235490533013 ], [ 103.786123216537817, 1.33523482943919 ], [ 103.78601896431266, 1.335271707395887 ], [ 103.785892842824978, 1.33531748567621 ], [ 103.785772675212087, 1.335361281699367 ], [ 103.785619660591763, 1.335417424359885 ], [ 103.785509354690703, 1.335458448685953 ], [ 103.785465173189721, 1.335475608131723 ], [ 103.785451319986748, 1.335483017316321 ], [ 103.785455670394526, 1.335504061052784 ], [ 103.785472974099463, 1.335494513114396 ], [ 103.785516581398412, 1.335478603488601 ] ] ] } },
{ "type": "Feature", "properties": { "class": "UNREPRESENTED-surface" }, "geometry": { "type": "Polygon", "coordinates": [ [ [ 103.786644502983719, 1.335087204707283 ], [ 103.78663172800421, 1.335049684199327 ], [ 103.786324694314743, 1.335158249047368 ], [ 103.786337469290004, 1.335195770461113 ], [ 103.786644502983719, 1.335087204707283 ] ] ] } },
{ "type": "Feature", "properties": { "class": "UNREPRESENTED-surface" }, "geometry": { "type": "Polygon", "coordinates": [ [ [ 103.786632591077492, 1.335073016813349 ], [ 103.786682048908432, 1.335054993778739 ], [ 103.78674701951455, 1.335032550506494 ], [ 103.786793300026815, 1.335015518592204 ], [ 103.786788044654614, 1.335000138873704 ], [ 103.786786006716227, 1.335000699540724 ], [ 103.78678347648723, 1.334994944118457 ], [ 103.786700716082834, 1.335026035487559 ], [ 103.786625430867829, 1.335052176506811 ], [ 103.786632591077492, 1.335073016813349 ] ] ] } },
{ "type": "Feature", "properties": { "class": "UNREPRESENTED-surface" }, "geometry": { "type": "Polygon", "coordinates": [ [ [ 103.786905500608952, 1.3349924558209 ], [ 103.786891952861566, 1.334955207513119 ], [ 103.786778254063705, 1.334995410670911 ], [ 103.786791029045176, 1.335032932082532 ], [ 103.786905500608952, 1.3349924558209 ] ] ] } },
{ "type": "Feature", "properties": { "class": "UNREPRESENTED-surface" }, "geometry": { "type": "Polygon", "coordinates": [ [ [ 103.787402238028179, 1.334815341851762 ], [ 103.787394880124367, 1.334794807218639 ], [ 103.787291873328968, 1.334832026199835 ], [ 103.787189596166584, 1.334868840035175 ], [ 103.787084909952767, 1.334906543714936 ], [ 103.786981957965665, 1.334943483235212 ], [ 103.786897365413168, 1.334974249005248 ], [ 103.786904722414732, 1.334994782735333 ], [ 103.786989314967869, 1.334964016965051 ], [ 103.787092267854291, 1.334927077444532 ], [ 103.787196953170337, 1.334889373764471 ], [ 103.787299230333474, 1.334852559928855 ], [ 103.787402238028179, 1.334815341851762 ] ] ] } },
{ "type": "Feature", "properties": { "class": "UNREPRESENTED-surface" }, "geometry": { "type": "Polygon", "coordinates": [ [ [ 103.787349657393378, 1.334270390856942 ], [ 103.787346302159307, 1.33427158907648 ], [ 103.787290506784146, 1.334291865681748 ], [ 103.787226739597827, 1.334302069326261 ], [ 103.787226307367604, 1.334303375220104 ], [ 103.7872316732374, 1.334320169365582 ], [ 103.787232775773504, 1.334319812162492 ], [ 103.787295419754287, 1.334310130314853 ], [ 103.787353266545338, 1.334289321981897 ], [ 103.787353747274864, 1.33428923969378 ], [ 103.787385594130669, 1.334278544376429 ], [ 103.787414852262785, 1.334266807182388 ], [ 103.787473975890194, 1.334246603890153 ], [ 103.787587062727425, 1.334206311154657 ], [ 103.787691388568689, 1.334169385198409 ], [ 103.787684863577695, 1.334151498560151 ], [ 103.787618594562829, 1.334175293858904 ], [ 103.787539511149006, 1.334203239947788 ], [ 103.787511059050502, 1.334213533793109 ], [ 103.787454516985179, 1.334233369962839 ], [ 103.787417437790396, 1.334246357746278 ], [ 103.787378609988238, 1.334260160328466 ], [ 103.787378493175268, 1.334260190170291 ], [ 103.787349657393378, 1.334270390856942 ] ] ] } },
{ "type": "Feature", "properties": { "class": "UNREPRESENTED-surface" }, "geometry": { "type": "Polygon", "coordinates": [ [ [ 103.787215627613236, 1.334325086995782 ], [ 103.787221245990551, 1.334341182072463 ], [ 103.787237553120562, 1.334334886196032 ], [ 103.787226381953928, 1.334303047841649 ], [ 103.787208697377864, 1.334307107199208 ], [ 103.787211810530579, 1.334325755248952 ], [ 103.787215627613236, 1.334325086995782 ] ] ] } },
{ "type": "Feature", "properties": { "class": "UNREPRESENTED-surface" }, "geometry": { "type": "Polygon", "coordinates": [ [ [ 103.787154640024056, 1.334315911973486 ], [ 103.787158641694518, 1.334342859390857 ], [ 103.787220498563173, 1.334331941264374 ], [ 103.787215912828273, 1.334305086081228 ], [ 103.787154640024056, 1.334315911973486 ] ] ] } },
{ "type": "Feature", "properties": { "class": "UNREPRESENTED-surface" }, "geometry": { "type": "Polygon", "coordinates": [ [ [ 103.787162153787648, 1.33431430958195 ], [ 103.787075287310472, 1.334329049077206 ], [ 103.787081655042982, 1.334347310120758 ], [ 103.787165266937023, 1.334333118608574 ], [ 103.787162153787648, 1.33431430958195 ] ] ] } },
{ "type": "Feature", "properties": { "class": "NEEDS_MANUAL" }, "geometry": { "type": "Polygon", "coordinates": [ [ [ 103.787075287310472, 1.334329049077206 ], [ 103.786977752794485, 1.33436349898603 ], [ 103.786917442140435, 1.334385107625506 ], [ 103.786905638236078, 1.334409597585346 ], [ 103.786902025111971, 1.334410996568221 ], [ 103.786859952579263, 1.334426709097621 ], [ 103.786866619533313, 1.334444787465772 ], [ 103.786908807081005, 1.334429106591199 ], [ 103.786919625786354, 1.334424919590147 ], [ 103.786931307482149, 1.334400682849902 ], [ 103.786984160961651, 1.334381746465102 ], [ 103.787081655042982, 1.334347310120758 ], [ 103.787075287310472, 1.334329049077206 ] ] ] } },
{ "type": "Feature", "properties": { "class": "OFFSET" }, "geometry": { "type": "Polygon", "coordinates": [ [ [ 103.786338476455569, 1.334633999309082 ], [ 103.786338480049963, 1.334633990265506 ], [ 103.78633893292664, 1.334633785887905 ], [ 103.786348691334538, 1.334629695636028 ], [ 103.786376816942735, 1.334636447255628 ], [ 103.786412403638153, 1.334623819396744 ], [ 103.786478791285035, 1.334600030464419 ], [ 103.786560367336932, 1.334571180094261 ], [ 103.786610868390895, 1.334552737455638 ], [ 103.786656306216727, 1.334526774930531 ], [ 103.786715782403121, 1.33448995849257 ], [ 103.786729187296174, 1.334478339476283 ], [ 103.786757933933288, 1.334478366250754 ], [ 103.786784890647809, 1.334478229300864 ], [ 103.786777371920081, 1.334457072460369 ], [ 103.786729453685865, 1.334456194313955 ], [ 103.786717490168471, 1.334463031983931 ], [ 103.786686133755865, 1.334482432712027 ], [ 103.786659032948975, 1.334499716404247 ], [ 103.786630395608356, 1.33451703985882 ], [ 103.786604335372928, 1.334532039146197 ], [ 103.78660248971957, 1.334532946188245 ], [ 103.786534203411776, 1.334557405221596 ], [ 103.786457229802224, 1.334584529247815 ], [ 103.786401832482639, 1.334604356370852 ], [ 103.786369183187787, 1.334616081730519 ], [ 103.78634025066799, 1.33460972891997 ], [ 103.786330336802706, 1.334614191766887 ], [ 103.786338476455569, 1.334633999309082 ] ] ] } },
{ "type": "Feature", "properties": { "class": "ALIGNED" }, "geometry": { "type": "Polygon", "coordinates": [ [ [ 103.786221707233025, 1.334630230384022 ], [ 103.786236597310335, 1.334672872349427 ], [ 103.786292501417691, 1.334653106736767 ], [ 103.78634466120991, 1.334634752763408 ], [ 103.786329771130895, 1.33459211170297 ], [ 103.786273866126649, 1.334611877316517 ], [ 103.786221707233025, 1.334630230384022 ] ] ] } },
{ "type": "Feature", "properties": { "class": "OFFSET" }, "geometry": { "type": "Polygon", "coordinates": [ [ [ 103.7859444907225, 1.333782879139094 ], [ 103.785929236718601, 1.333788295080957 ], [ 103.785939527325354, 1.333817792928978 ], [ 103.785953659964477, 1.33385758432525 ], [ 103.785973118052084, 1.333912980629624 ], [ 103.785995684088931, 1.333976740554562 ], [ 103.786018902429035, 1.334043124956966 ], [ 103.786046059851174, 1.334119603044661 ], [ 103.786082577006923, 1.334224163631486 ], [ 103.786111030084498, 1.334304183233923 ], [ 103.786135347277764, 1.334375183531583 ], [ 103.786161615178429, 1.3344493997859 ], [ 103.786184545118616, 1.334514291980218 ], [ 103.786206608884768, 1.334577406177514 ], [ 103.786226867543121, 1.334635665712599 ], [ 103.786242120653142, 1.334630250673426 ], [ 103.786231830938263, 1.334600752826641 ], [ 103.786217698290812, 1.334560960527543 ], [ 103.786198239294521, 1.334505564225012 ], [ 103.786175673248053, 1.334441805206221 ], [ 103.786152455798884, 1.334375420805254 ], [ 103.786125297472339, 1.334298942718666 ], [ 103.786088780313776, 1.334194382132438 ], [ 103.786060327238062, 1.334114362529742 ], [ 103.786036010049301, 1.33404336132699 ], [ 103.786009743054848, 1.333969145975748 ], [ 103.785986813123856, 1.333904252875485 ], [ 103.785964748470192, 1.333841139580619 ], [ 103.7859444907225, 1.333782879139094 ] ] ] } },
{ "type": "Feature", "properties": { "class": "ALIGNED" }, "geometry": { "type": "Polygon", "coordinates": [ [ [ 103.785417916374854, 1.33500551415766 ], [ 103.785470203769492, 1.334987472211689 ], [ 103.78550860477543, 1.334973808020058 ], [ 103.785579652385863, 1.334948542377298 ], [ 103.785678874448351, 1.334913302144528 ], [ 103.785727091356662, 1.334896223261415 ], [ 103.785817704278202, 1.334864133660113 ], [ 103.785879794999602, 1.334842258295731 ], [ 103.785927402679505, 1.33482538830488 ], [ 103.785980136662161, 1.334806705162096 ], [ 103.786064558482408, 1.334776510074494 ], [ 103.786137113869671, 1.334750785027211 ], [ 103.786198699593271, 1.334729081473951 ], [ 103.786247363077052, 1.334712033337302 ], [ 103.786256334571618, 1.334696254162807 ], [ 103.786257902017624, 1.334677197429682 ], [ 103.786250768764759, 1.334656574170071 ], [ 103.786234723127052, 1.334661996428921 ], [ 103.786241523010986, 1.334682836729554 ], [ 103.786236811683935, 1.334692929343724 ], [ 103.78620755536798, 1.334703130008436 ], [ 103.786165965367559, 1.334717995145538 ], [ 103.78610493406201, 1.334739265518213 ], [ 103.786048528551049, 1.334759313278379 ], [ 103.785984664963323, 1.334782050471965 ], [ 103.785908449729277, 1.334808874246157 ], [ 103.785861123299313, 1.334825674606082 ], [ 103.785804446421821, 1.33484564457986 ], [ 103.785701340776313, 1.334882089355368 ], [ 103.785519942398523, 1.334946550703996 ], [ 103.785518918933988, 1.334946957647873 ], [ 103.785438868618257, 1.334975319655524 ], [ 103.785411061680364, 1.334984922554096 ], [ 103.785417916374854, 1.33500551415766 ] ] ] } },
{ "type": "Feature", "properties": { "class": "ALIGNED" }, "geometry": { "type": "Polygon", "coordinates": [ [ [ 103.785431361094794, 1.335025770371294 ], [ 103.785416173605867, 1.334983196223034 ], [ 103.785328229394565, 1.335015063387891 ], [ 103.785343416882142, 1.335057637536656 ], [ 103.785431361094794, 1.335025770371294 ] ] ] } },
{ "type": "Feature", "properties": { "class": "ALIGNED" }, "geometry": { "type": "Polygon", "coordinates": [ [ [ 103.785313934158964, 1.335019622007076 ], [ 103.785220992149618, 1.335052523662429 ], [ 103.785155201130806, 1.335075839588894 ], [ 103.785079704729853, 1.335102432737821 ], [ 103.784993716696306, 1.335132931625859 ], [ 103.785000577680321, 1.335153380341042 ], [ 103.785072407048489, 1.335127960987 ], [ 103.785149183902092, 1.335100972656419 ], [ 103.785226061396983, 1.335073754616828 ], [ 103.785301967538075, 1.33504714428843 ], [ 103.785339839297791, 1.335033365234857 ], [ 103.785332991793467, 1.335012715751927 ], [ 103.785313934158964, 1.335019622007076 ] ] ] } },
{ "type": "Feature", "properties": { "class": "ALIGNED" }, "geometry": { "type": "Polygon", "coordinates": [ [ [ 103.784907532780664, 1.33516315196274 ], [ 103.784921846856875, 1.335206091459662 ], [ 103.785014582181759, 1.335174505661948 ], [ 103.785000269002666, 1.335131565261161 ], [ 103.784907532780664, 1.33516315196274 ] ] ] } },
{ "type": "Feature", "properties": { "class": "ALIGNED" }, "geometry": { "type": "Polygon", "coordinates": [ [ [ 103.784139432506151, 1.335435836792772 ], [ 103.784091850856612, 1.335452957257245 ], [ 103.784098942757026, 1.33547371346315 ], [ 103.784186178924671, 1.335442408844127 ], [ 103.784275755836319, 1.335410894456414 ], [ 103.784357829748515, 1.335381569380652 ], [ 103.784426571663758, 1.335357285865676 ], [ 103.784489487289818, 1.335335133818678 ], [ 103.784559439571836, 1.335310216364742 ], [ 103.784745361368067, 1.335244152646087 ], [ 103.784849921821731, 1.335206892204422 ], [ 103.784919305299013, 1.335182539051876 ], [ 103.784912926838999, 1.335162184399942 ], [ 103.784840723675956, 1.33518722571753 ], [ 103.784740965149538, 1.335222638638237 ], [ 103.784492995739299, 1.335310732333591 ], [ 103.784398802911682, 1.335343916997767 ], [ 103.78430222438891, 1.335378260100899 ], [ 103.784244092709557, 1.335398904663966 ], [ 103.784139432506151, 1.335435836792772 ] ] ] } },
{ "type": "Feature", "properties": { "class": "ALIGNED" }, "geometry": { "type": "Polygon", "coordinates": [ [ [ 103.784032423377809, 1.33552252789263 ], [ 103.784112666012874, 1.335494382983706 ], [ 103.784097796638875, 1.335451547473302 ], [ 103.784017576467733, 1.335479755687734 ], [ 103.784032423377809, 1.33552252789263 ] ] ] } },
{ "type": "Feature", "properties": { "class": "ALIGNED" }, "geometry": { "type": "Polygon", "coordinates": [ [ [ 103.783844682935637, 1.335540044343695 ], [ 103.78375859602987, 1.335570635430176 ], [ 103.783702015255855, 1.33559108828623 ], [ 103.783702108262744, 1.335613174670675 ], [ 103.783745168328124, 1.335598485053209 ], [ 103.783812113132214, 1.335574590396152 ], [ 103.783870808213052, 1.335554017299861 ], [ 103.783945300044422, 1.335527823898044 ], [ 103.784029436161248, 1.335498099146358 ], [ 103.784022532054834, 1.335477594357326 ], [ 103.783922581219159, 1.335512788383641 ], [ 103.783844682935637, 1.335540044343695 ] ] ] } },
{ "type": "Feature", "properties": { "class": "ALIGNED" }, "geometry": { "type": "Polygon", "coordinates": [ [ [ 103.783488149780936, 1.335403826279714 ], [ 103.783470022047226, 1.33541561610582 ], [ 103.783504890362167, 1.33547033989511 ], [ 103.783537476433736, 1.3355205472426 ], [ 103.783569407495889, 1.335568882542441 ], [ 103.783617905895895, 1.335585709226071 ], [ 103.783668940010045, 1.335603314617911 ], [ 103.783701900692904, 1.335613328408363 ], [ 103.783701031326402, 1.335591540448343 ], [ 103.783636220633355, 1.335568782614046 ], [ 103.783583109064509, 1.335550725901511 ], [ 103.783540454949289, 1.335485946329013 ], [ 103.783488149780936, 1.335403826279714 ] ] ] } },
{ "type": "Feature", "properties": { "class": "ALIGNED" }, "geometry": { "type": "Polygon", "coordinates": [ [ [ 103.783488750023338, 1.33540352423431 ], [ 103.783471899007083, 1.335377300946052 ], [ 103.783433814066939, 1.335401377056467 ], [ 103.783450759426046, 1.335427868943066 ], [ 103.783488750023338, 1.33540352423431 ] ] ] } },
{ "type": "Feature", "properties": { "class": "ALIGNED" }, "geometry": { "type": "Polygon", "coordinates": [ [ [ 103.783452940993072, 1.335389756367139 ], [ 103.783470918669309, 1.335377881527849 ], [ 103.783395661489692, 1.335259470681456 ], [ 103.783341933958695, 1.33517516836935 ], [ 103.783325888930335, 1.335149985115478 ], [ 103.783280596794526, 1.33507877545528 ], [ 103.783258174909605, 1.33504356538445 ], [ 103.783227547659905, 1.334995560200486 ], [ 103.783209652563926, 1.334967445863585 ], [ 103.783172367226157, 1.334908644242567 ], [ 103.783132230846419, 1.334845990875334 ], [ 103.783115220940701, 1.334856779590746 ], [ 103.783114946849437, 1.334858323334807 ], [ 103.783124026459717, 1.334873595519612 ], [ 103.783152654484255, 1.334918245472542 ], [ 103.783162521228064, 1.334933665989107 ], [ 103.783179415360024, 1.334960326088165 ], [ 103.783206169944421, 1.335002522461991 ], [ 103.78323959341688, 1.335054826146572 ], [ 103.783290084439983, 1.335134114599376 ], [ 103.783338738873155, 1.335210533466009 ], [ 103.783452940993072, 1.335389756367139 ] ] ] } },
{ "type": "Feature", "properties": { "class": "ALIGNED" }, "geometry": { "type": "Polygon", "coordinates": [ [ [ 103.78313552305805, 1.334851009259907 ], [ 103.783061055737022, 1.334732826319918 ], [ 103.783022993264098, 1.334757055262286 ], [ 103.783097461482512, 1.334875238203388 ], [ 103.78313552305805, 1.334851009259907 ] ] ] } },
{ "type": "Feature", "properties": { "class": "OFFSET" }, "geometry": { "type": "Polygon", "coordinates": [ [ [ 103.783063714456333, 1.334738301395469 ], [ 103.783063713557894, 1.334738295064895 ], [ 103.783034186998549, 1.334692726258473 ], [ 103.782986761784187, 1.334617608791598 ], [ 103.782929329642272, 1.334527786155652 ], [ 103.782872610050944, 1.334438415715266 ], [ 103.782813273930742, 1.334345860048863 ], [ 103.782798156415907, 1.334355291350632 ], [ 103.78282584187933, 1.334398135272354 ], [ 103.78288999858583, 1.334499221001085 ], [ 103.782928974954686, 1.334560016784028 ], [ 103.782992894465849, 1.334660341030696 ], [ 103.783048691285487, 1.334747877398922 ], [ 103.783063714456333, 1.334738301395469 ] ] ] } },
{ "type": "Feature", "properties": { "class": "UNREPRESENTED-surface" }, "geometry": { "type": "Polygon", "coordinates": [ [ [ 103.782812952265047, 1.334344991852593 ], [ 103.78279745265425, 1.334320646047986 ], [ 103.782781863185107, 1.334296444939724 ], [ 103.782744958940924, 1.334321431759159 ], [ 103.782760458551195, 1.334345777564062 ], [ 103.782776048020409, 1.334369978672455 ], [ 103.782812952265047, 1.334344991852593 ] ] ] } },
{ "type": "Feature", "properties": { "class": "UNREPRESENTED-surface" }, "geometry": { "type": "Polygon", "coordinates": [ [ [ 103.782783866972636, 1.334296173671903 ], [ 103.782772060300331, 1.334278248929323 ], [ 103.782746064693413, 1.334295612184172 ], [ 103.78275787136559, 1.334313536926872 ], [ 103.782783866972636, 1.334296173671903 ] ] ] } },
{ "type": "Feature", "properties": { "class": "NEEDS_MANUAL" }, "geometry": { "type": "Polygon", "coordinates": [ [ [ 103.78272204818137, 1.334201901468857 ], [ 103.782696537811759, 1.334218477936406 ], [ 103.782749308374989, 1.334300948000059 ], [ 103.782774818745139, 1.334284371531989 ], [ 103.78272204818137, 1.334201901468857 ] ] ] } },
{ "type": "Feature", "properties": { "class": "UNREPRESENTED-surface" }, "geometry": { "type": "Polygon", "coordinates": [ [ [ 103.782429864003916, 1.33378545377793 ], [ 103.782451877942322, 1.333819639202696 ], [ 103.782479175221411, 1.333862289586048 ], [ 103.782479184206792, 1.333862298629878 ], [ 103.782531550418085, 1.333944126590923 ], [ 103.782574059782576, 1.334010417369406 ], [ 103.782635680846255, 1.334106389776526 ], [ 103.782669771007804, 1.334159494748882 ], [ 103.782704367940724, 1.334213390145587 ], [ 103.78272204818137, 1.334201901468857 ], [ 103.78267755306004, 1.334132626249775 ], [ 103.7826188162677, 1.334041239029945 ], [ 103.782555919307995, 1.333942707245264 ], [ 103.782491018627837, 1.33384143519389 ], [ 103.782457314843526, 1.333788827627582 ], [ 103.782443378679474, 1.333766860331271 ], [ 103.782425429767827, 1.333778567856639 ], [ 103.782429864003916, 1.33378545377793 ] ] ] } },
{ "type": "Feature", "properties": { "class": "UNREPRESENTED-surface" }, "geometry": { "type": "Polygon", "coordinates": [ [ [ 103.78261627709611, 1.334472677674156 ], [ 103.782652414849977, 1.334448899975871 ], [ 103.782621526145462, 1.334400586391199 ], [ 103.782585677718856, 1.334424781006952 ], [ 103.78261627709611, 1.334472677674156 ] ] ] } },
{ "type": "Feature", "properties": { "class": "UNREPRESENTED-surface" }, "geometry": { "type": "Polygon", "coordinates": [ [ [ 103.782658240120725, 1.334496435287511 ], [ 103.782634351847435, 1.334459143334551 ], [ 103.782614817851368, 1.334472099755162 ], [ 103.782652686323289, 1.33453137076124 ], [ 103.782695625206159, 1.334597891255213 ], [ 103.782736736460521, 1.334662733210708 ], [ 103.782778817253799, 1.334727882669441 ], [ 103.78281696160208, 1.334786583929422 ], [ 103.782889648947261, 1.334901021867528 ], [ 103.782925975546632, 1.334958393673018 ], [ 103.782981527108348, 1.335043753233043 ], [ 103.783087561550815, 1.335211056461762 ], [ 103.783187995573158, 1.335364851987581 ], [ 103.783206368655925, 1.335350987557171 ], [ 103.783106751397767, 1.335198362296129 ], [ 103.782947714518698, 1.334949648919607 ], [ 103.782914850819125, 1.334899106944271 ], [ 103.782840158884696, 1.334780117300437 ], [ 103.782819746108061, 1.33474855275943 ], [ 103.782658240120725, 1.334496435287511 ] ] ] } },
{ "type": "Feature", "properties": { "class": "UNREPRESENTED-surface" }, "geometry": { "type": "Polygon", "coordinates": [ [ [ 103.783204355833391, 1.335353658103335 ], [ 103.783186018691907, 1.335367570465772 ], [ 103.783218711702133, 1.335416877072713 ], [ 103.783237803610305, 1.335404036397094 ], [ 103.783204355833391, 1.335353658103335 ] ] ] } },
{ "type": "Feature", "properties": { "class": "OFFSET" }, "geometry": { "type": "Polygon", "coordinates": [ [ [ 103.78332558698304, 1.335596190265595 ], [ 103.78334452344636, 1.335583117164402 ], [ 103.783305307151423, 1.335521611456777 ], [ 103.78328839965566, 1.335489041338212 ], [ 103.783236226638891, 1.335404197341593 ], [ 103.783217290176438, 1.335417269537617 ], [ 103.783256506467566, 1.335478776150924 ], [ 103.78332558698304, 1.335596190265595 ] ] ] } },
{ "type": "Feature", "properties": { "class": "UNREPRESENTED-surface" }, "geometry": { "type": "Polygon", "coordinates": [ [ [ 103.783312796481567, 1.335484376223062 ], [ 103.783293246312681, 1.335497027877745 ], [ 103.78330707633323, 1.335525455040858 ], [ 103.783329947611634, 1.335510763208431 ], [ 103.783312796481567, 1.335484376223062 ] ] ] } },
{ "type": "Feature", "properties": { "class": "ALIGNED" }, "geometry": { "type": "Polygon", "coordinates": [ [ [ 103.783366640050104, 1.335696288848241 ], [ 103.783339887085219, 1.335617926951825 ], [ 103.783365932858473, 1.335608644186349 ], [ 103.783346406041531, 1.335577308471706 ], [ 103.783314372064297, 1.335597353952658 ], [ 103.783303273824743, 1.335605106839604 ], [ 103.783339035263765, 1.335706311351689 ], [ 103.783366640050104, 1.335696288848241 ] ] ] } },
{ "type": "Feature", "properties": { "class": "ALIGNED" }, "geometry": { "type": "Polygon", "coordinates": [ [ [ 103.78332582880482, 1.335724114394858 ], [ 103.783315474413357, 1.335695188998365 ], [ 103.783080738063532, 1.335778476121648 ], [ 103.7831065629058, 1.335852204943713 ], [ 103.783241408604042, 1.335804359612814 ], [ 103.783232800898688, 1.335780882141742 ], [ 103.783333575736947, 1.335745408712848 ], [ 103.78332582880482, 1.335724114394858 ] ] ] } },
{ "type": "Feature", "properties": { "class": "ALIGNED" }, "geometry": { "type": "Polygon", "coordinates": [ [ [ 103.783173201867655, 1.335801020204511 ], [ 103.783232563698022, 1.335779967824678 ], [ 103.783220861550788, 1.335747115650848 ], [ 103.78316075210634, 1.33576890507188 ], [ 103.783090091723594, 1.335794397645707 ], [ 103.783002724978957, 1.335838537862775 ], [ 103.782975138112505, 1.335850934318343 ], [ 103.782926142931089, 1.335872255501939 ], [ 103.782934879133862, 1.33589542006661 ], [ 103.783014860447437, 1.335860621782043 ], [ 103.783021925861348, 1.335857860903741 ], [ 103.78304411681394, 1.335849194838806 ], [ 103.783063830424268, 1.335841467452702 ], [ 103.78308560264523, 1.335832976825416 ], [ 103.783115659624016, 1.335821641238566 ], [ 103.783173201867655, 1.335801020204511 ] ] ] } },
{ "type": "Feature", "properties": { "class": "UNREPRESENTED-surface" }, "geometry": { "type": "Polygon", "coordinates": [ [ [ 103.782942327177452, 1.335900317352412 ], [ 103.782930819068866, 1.335870074272038 ], [ 103.782821754903466, 1.335911601326281 ], [ 103.782833263010843, 1.335941845311478 ], [ 103.782942327177452, 1.335900317352412 ] ] ] } },
{ "type": "Feature", "properties": { "class": "UNREPRESENTED-surface" }, "geometry": { "type": "Polygon", "coordinates": [ [ [ 103.78283712428572, 1.335933366072713 ], [ 103.782827604543556, 1.33591010472455 ], [ 103.782715478037389, 1.335954236279415 ], [ 103.782724998677182, 1.335977497627991 ], [ 103.782766410834171, 1.335961116833113 ], [ 103.782771077127407, 1.335957013829428 ], [ 103.782784820674536, 1.335951659373636 ], [ 103.782791113280908, 1.335951274244752 ], [ 103.78283712428572, 1.335933366072713 ] ] ] } },
{ "type": "Feature", "properties": { "class": "UNREPRESENTED-surface" }, "geometry": { "type": "Polygon", "coordinates": [ [ [ 103.782639302213127, 1.33598391412288 ], [ 103.782574326042038, 1.336011962532494 ], [ 103.782510716610361, 1.336038319807739 ], [ 103.782480335237253, 1.336050136501895 ], [ 103.782361369923237, 1.336088153491285 ], [ 103.782276503284891, 1.336115745677823 ], [ 103.782283306744048, 1.336136043369714 ], [ 103.782366741968133, 1.336109064312004 ], [ 103.782487309426713, 1.336070296733485 ], [ 103.782513858415996, 1.33606022990417 ], [ 103.782595053668331, 1.336026568444866 ], [ 103.782648124728283, 1.336004481356321 ], [ 103.782639302213127, 1.33598391412288 ] ] ] } },
{ "type": "Feature", "properties": { "class": "UNREPRESENTED-surface" }, "geometry": { "type": "Polygon", "coordinates": [ [ [ 103.782298520600449, 1.336161289013838 ], [ 103.782285109621114, 1.336118093587201 ], [ 103.782221849854452, 1.336138080520725 ], [ 103.782110886245761, 1.336173320362693 ], [ 103.782124297222296, 1.336216515790161 ], [ 103.782235260832763, 1.336181275947663 ], [ 103.782298520600449, 1.336161289013838 ] ] ] } },
{ "type": "Feature", "properties": { "class": "OFFSET" }, "geometry": { "type": "Polygon", "coordinates": [ [ [ 103.781311911079641, 1.336524558509148 ], [ 103.781310857144419, 1.336521089345758 ], [ 103.781315668955926, 1.336519433557535 ], [ 103.78131718204348, 1.336523410079002 ], [ 103.781323466607887, 1.336520956672951 ], [ 103.781376344225336, 1.336511892452813 ], [ 103.781471347748891, 1.336473194017711 ], [ 103.781538952203263, 1.336446182095614 ], [ 103.781541700505329, 1.336421710963988 ], [ 103.781540846878357, 1.336421575291245 ], [ 103.781541155120891, 1.336419797317841 ], [ 103.781542555972052, 1.336419811817384 ], [ 103.781545445490224, 1.336388530826568 ], [ 103.781636483603265, 1.336353099768288 ], [ 103.781701085935509, 1.336327811496019 ], [ 103.781739891364495, 1.336312594580632 ], [ 103.78176375995038, 1.336303068512841 ], [ 103.78176318309832, 1.336302015820764 ], [ 103.781771605328345, 1.336299661938732 ], [ 103.781772085140062, 1.336300528329752 ], [ 103.781861722267621, 1.336271241483388 ], [ 103.781960916493802, 1.336239954381243 ], [ 103.781959601078256, 1.336236448133655 ], [ 103.781996114212177, 1.336224682219511 ], [ 103.781997159162586, 1.336228156808651 ], [ 103.782058053929589, 1.336208165309639 ], [ 103.782058035086635, 1.336206874781552 ], [ 103.782069468403549, 1.33620351530877 ], [ 103.782070484655407, 1.336204327449141 ], [ 103.782119072692453, 1.33618837458051 ], [ 103.782112946747191, 1.336168067858787 ], [ 103.782054638048038, 1.33618720840686 ], [ 103.781973854495718, 1.336212556940844 ], [ 103.78187540966222, 1.336244116272975 ], [ 103.781662716799048, 1.336319459785416 ], [ 103.781582898166789, 1.336350684884879 ], [ 103.781526056745108, 1.3363726543022 ], [ 103.781519176170164, 1.336430744179598 ], [ 103.781443865608125, 1.336461424038378 ], [ 103.781368079718305, 1.336491577544693 ], [ 103.781367096690062, 1.336491866920292 ], [ 103.781317314625539, 1.336499926457641 ], [ 103.781282406262775, 1.336513877339351 ], [ 103.781290376046911, 1.33653396886351 ], [ 103.781311911079641, 1.336524558509148 ] ] ] } },
{ "type": "Feature", "properties": { "class": "ALIGNED" }, "geometry": { "type": "Polygon", "coordinates": [ [ [ 103.781249972373217, 1.336535157240508 ], [ 103.781239637059699, 1.33654001797729 ], [ 103.781248711179259, 1.336559718839831 ], [ 103.781276034756729, 1.33654862920507 ], [ 103.781265244571031, 1.336520413717448 ], [ 103.78124818169691, 1.33652807241345 ], [ 103.781249972373217, 1.336535157240508 ] ] ] } },
{ "type": "Feature", "properties": { "class": "ALIGNED" }, "geometry": { "type": "Polygon", "coordinates": [ [ [ 103.781188120586705, 1.336557121116522 ], [ 103.781198387853536, 1.336583320765571 ], [ 103.781252221802177, 1.336561722081364 ], [ 103.781241953636268, 1.336535522432482 ], [ 103.781188120586705, 1.336557121116522 ] ] ] } },
{ "type": "Feature", "properties": { "class": "ALIGNED" }, "geometry": { "type": "Polygon", "coordinates": [ [ [ 103.78120071433834, 1.336577688435281 ], [ 103.781193894633489, 1.336561164652027 ], [ 103.781143493194634, 1.336581834626352 ], [ 103.781102379313182, 1.336599418203501 ], [ 103.781051694003679, 1.336616537636107 ], [ 103.781025530552995, 1.336623355981213 ], [ 103.780973793920964, 1.336640898632054 ], [ 103.780979869587696, 1.336658885661097 ], [ 103.781031872195214, 1.336641246248891 ], [ 103.78105698970073, 1.336635567380142 ], [ 103.781122862566477, 1.336612172889523 ], [ 103.781149787219562, 1.336599464435851 ], [ 103.78120071433834, 1.336577688435281 ] ] ] } },
{ "type": "Feature", "properties": { "class": "ALIGNED" }, "geometry": { "type": "Polygon", "coordinates": [ [ [ 103.780983945362934, 1.336662797123496 ], [ 103.780976233606111, 1.336636139015843 ], [ 103.780920006879526, 1.336653718648101 ], [ 103.78092771863578, 1.336680376755906 ], [ 103.780983945362934, 1.336662797123496 ] ] ] } },
{ "type": "Feature", "properties": { "class": "ALIGNED" }, "geometry": { "type": "Polygon", "coordinates": [ [ [ 103.780728290798464, 1.336728504534084 ], [ 103.780798195369798, 1.336711156718085 ], [ 103.780862880197233, 1.3366947882142 ], [ 103.780931536683852, 1.336676789225287 ], [ 103.780924726050984, 1.336656264534535 ], [ 103.780839346417537, 1.33667843047365 ], [ 103.780733599086076, 1.336704691836016 ], [ 103.780622738019972, 1.336732836873795 ], [ 103.780520563355282, 1.336758855029955 ], [ 103.78044531405061, 1.336781271683071 ], [ 103.780452752773613, 1.336801705952178 ], [ 103.780526804296514, 1.336779511746528 ], [ 103.780615917444621, 1.336757296159248 ], [ 103.780728290798464, 1.336728504534084 ] ] ] } },
{ "type": "Feature", "properties": { "class": "ALIGNED" }, "geometry": { "type": "Polygon", "coordinates": [ [ [ 103.782719928057062, 1.336463343667211 ], [ 103.782805924256479, 1.336432506630301 ], [ 103.782795525892695, 1.33640096400103 ], [ 103.782708839606201, 1.336431593019544 ], [ 103.782719928057062, 1.336463343667211 ] ] ] } },
{ "type": "Feature", "properties": { "class": "ALIGNED" }, "geometry": { "type": "Polygon", "coordinates": [ [ [ 103.783057921846961, 1.336311116315864 ], [ 103.783068304096489, 1.336339868980291 ], [ 103.783181549239998, 1.336299633433701 ], [ 103.783169601708195, 1.336270567827521 ], [ 103.783057921846961, 1.336311116315864 ] ] ] } },
{ "type": "Feature", "properties": { "class": "NEEDS_MANUAL" }, "geometry": { "type": "Polygon", "coordinates": [ [ [ 103.782158284738472, 1.336671242566437 ], [ 103.782171871972849, 1.336707803581732 ], [ 103.782182319811184, 1.336736408839532 ], [ 103.782190311139544, 1.33675791297831 ], [ 103.78221852067071, 1.336747923058356 ], [ 103.782210622840694, 1.336724070287842 ], [ 103.78220295804114, 1.336728969972362 ], [ 103.782192416768069, 1.336699616803501 ], [ 103.782178483578022, 1.336663570364273 ], [ 103.782158284738472, 1.336671242566437 ] ] ] } },
{ "type": "Feature", "properties": { "class": "UNREPRESENTED-surface" }, "geometry": { "type": "Polygon", "coordinates": [ [ [ 103.782190725538754, 1.336706553241273 ], [ 103.782272725843953, 1.336676788715955 ], [ 103.78225779538937, 1.336634174763639 ], [ 103.78217579508545, 1.336663939288513 ], [ 103.782190725538754, 1.336706553241273 ] ] ] } },
{ "type": "Feature", "properties": { "class": "UNREPRESENTED-surface" }, "geometry": { "type": "Polygon", "coordinates": [ [ [ 103.782251315352212, 1.336616674276873 ], [ 103.782265261065874, 1.336655481739826 ], [ 103.782282842374968, 1.336649318865808 ], [ 103.78226967571328, 1.336610384808273 ], [ 103.782251315352212, 1.336616674276873 ] ] ] } },
{ "type": "Feature", "properties": { "class": "ALIGNED" }, "geometry": { "type": "Polygon", "coordinates": [ [ [ 103.782268505789276, 1.336610470698379 ], [ 103.782275771996211, 1.336631282078797 ], [ 103.782277372337859, 1.336630787425072 ], [ 103.782405194916777, 1.33658532589994 ], [ 103.782498482105524, 1.33655041124826 ], [ 103.782564962431834, 1.336524583991094 ], [ 103.782626734924662, 1.336512805027425 ], [ 103.782725580593493, 1.336477524214794 ], [ 103.782718379970106, 1.336457089956784 ], [ 103.782621096905288, 1.336491816426379 ], [ 103.782559031482009, 1.336503651454419 ], [ 103.782490850172778, 1.336530139766233 ], [ 103.782397853221113, 1.336564945900008 ], [ 103.782268505789276, 1.336610470698379 ] ] ] } },
{ "type": "Feature", "properties": { "class": "ALIGNED" }, "geometry": { "type": "Polygon", "coordinates": [ [ [ 103.783238966823873, 1.336267710556738 ], [ 103.783144350665182, 1.33630377465717 ], [ 103.783050920647923, 1.336337482005175 ], [ 103.782913840181095, 1.336386446880817 ], [ 103.78279782925236, 1.336427497189489 ], [ 103.782716977340172, 1.336456177424238 ], [ 103.782728432431469, 1.33648652812372 ], [ 103.782808525956298, 1.336458117373457 ], [ 103.782924581814555, 1.336417050786702 ], [ 103.783061754835018, 1.336368053355325 ], [ 103.783155503843616, 1.336334231159251 ], [ 103.783250980828228, 1.336297839696258 ], [ 103.783238966823873, 1.336267710556738 ] ] ] } },
{ "type": "Feature", "properties": { "class": "ALIGNED" }, "geometry": { "type": "Polygon", "coordinates": [ [ [ 103.783343093428925, 1.336270416740223 ], [ 103.783332028373266, 1.336236685537959 ], [ 103.783240485400341, 1.33626701874929 ], [ 103.78325325052208, 1.336300942616363 ], [ 103.783343093428925, 1.336270416740223 ] ] ] } },
{ "type": "Feature", "properties": { "class": "ALIGNED" }, "geometry": { "type": "Polygon", "coordinates": [ [ [ 103.783546878148812, 1.33618478394612 ], [ 103.783674387993997, 1.336138898199399 ], [ 103.783666524266891, 1.336116528591001 ], [ 103.783439507439525, 1.336197650856569 ], [ 103.783332028373266, 1.336236685537959 ], [ 103.783340049384122, 1.336257131567897 ], [ 103.783546878148812, 1.33618478394612 ] ] ] } },
{ "type": "Feature", "properties": { "class": "OFFSET" }, "geometry": { "type": "Polygon", "coordinates": [ [ [ 103.783666789324698, 1.336117360611456 ], [ 103.783673794067923, 1.336137877160138 ], [ 103.783724835196963, 1.336119922951017 ], [ 103.783717830453355, 1.336099406402465 ], [ 103.783666789324698, 1.336117360611456 ] ] ] } },
{ "type": "Feature", "properties": { "class": "OFFSET" }, "geometry": { "type": "Polygon", "coordinates": [ [ [ 103.783719155403631, 1.336120451888667 ], [ 103.783878911069053, 1.336065155067818 ], [ 103.783864280709651, 1.336022456120037 ], [ 103.78370452504673, 1.336077753844402 ], [ 103.783719155403631, 1.336120451888667 ] ] ] } },
{ "type": "Feature", "properties": { "class": "UNREPRESENTED-surface" }, "geometry": { "type": "Polygon", "coordinates": [ [ [ 103.783876449019544, 1.336065238219446 ], [ 103.783910191867619, 1.33605458187499 ], [ 103.783974184013914, 1.336031120344653 ], [ 103.784066598634482, 1.335997594717031 ], [ 103.784059459104043, 1.335977109819369 ], [ 103.783966836915795, 1.336010714122241 ], [ 103.783903269790841, 1.336034019206001 ], [ 103.783869992398778, 1.336044529052814 ], [ 103.783876449019544, 1.336065238219446 ] ] ] } },
{ "type": "Feature", "properties": { "class": "UNREPRESENTED-surface" }, "geometry": { "type": "Polygon", "coordinates": [ [ [ 103.784063684445954, 1.336005941939818 ], [ 103.784319395877247, 1.33591962100099 ], [ 103.784304699900332, 1.335877724225283 ], [ 103.784048988472975, 1.335964045162744 ], [ 103.784063684445954, 1.336005941939818 ] ] ] } },
{ "type": "Feature", "properties": { "class": "UNREPRESENTED-surface" }, "geometry": { "type": "Polygon", "coordinates": [ [ [ 103.78429868315763, 1.335877794644875 ], [ 103.784309061718531, 1.335911965350509 ], [ 103.784332904189981, 1.335904629626619 ], [ 103.784329069443402, 1.335889636095451 ], [ 103.784365883584783, 1.335877577137257 ], [ 103.784455187060374, 1.335860661889539 ], [ 103.784566321976598, 1.335839285845935 ], [ 103.784562455884981, 1.335818925817219 ], [ 103.784451348825016, 1.33584029733941 ], [ 103.784360771190805, 1.335857453122356 ], [ 103.78429868315763, 1.335877794644875 ] ] ] } },
{ "type": "Feature", "properties": { "class": "UNREPRESENTED-surface" }, "geometry": { "type": "Polygon", "coordinates": [ [ [ 103.784700655887733, 1.33577024755215 ], [ 103.78470679089061, 1.335787939751444 ], [ 103.784779269039419, 1.335762480627818 ], [ 103.784843221678386, 1.335736759971462 ], [ 103.784854553777251, 1.33571684519203 ], [ 103.784870783969083, 1.33569405553589 ], [ 103.784896950189321, 1.335682493758465 ], [ 103.785005223519505, 1.335644191556935 ], [ 103.785133127763061, 1.335599119667418 ], [ 103.78522464736804, 1.335566720814825 ], [ 103.78528979230812, 1.33554487627493 ], [ 103.785283692345558, 1.33552717141653 ], [ 103.785218615696721, 1.335548992444145 ], [ 103.785126963104929, 1.335581437416477 ], [ 103.784999060659302, 1.335626510210123 ], [ 103.78489011160994, 1.335665050245797 ], [ 103.78485862588353, 1.335678963264539 ], [ 103.784838868756509, 1.33570670424465 ], [ 103.784830289932586, 1.335721781634512 ], [ 103.78477274405941, 1.335744925884294 ], [ 103.784700655887733, 1.33577024755215 ] ] ] } },
{ "type": "Feature", "properties": { "class": "SYNTHESIZED: UNREPRESENTED-surface" }, "geometry": { "type": "LineString", "coordinates": [ [ 103.779956748916064, 1.321087005917208 ], [ 103.779960285618259, 1.321087155293475 ] ] } },
{ "type": "Feature", "properties": { "class": "SYNTHESIZED: UNREPRESENTED-surface" }, "geometry": { "type": "LineString", "coordinates": [ [ 103.790138124614828, 1.31463753721325 ], [ 103.79015, 1.314619498190976 ] ] } },
{ "type": "Feature", "properties": { "class": "SYNTHESIZED: UNREPRESENTED-surface" }, "geometry": { "type": "LineString", "coordinates": [ [ 103.862669436154007, 1.300497809384555 ], [ 103.862675301031501, 1.30049639684557 ] ] } },
{ "type": "Feature", "properties": { "class": "SYNTHESIZED: OFFSET" }, "geometry": { "type": "LineString", "coordinates": [ [ 103.7769627, 1.3287882 ], [ 103.7769627, 1.3287882 ] ] } },
{ "type": "Feature", "properties": { "class": "SYNTHESIZED: UNREPRESENTED-surface" }, "geometry": { "type": "LineString", "coordinates": [ [ 103.8537645, 1.3400018 ], [ 103.8537645, 1.3400018 ] ] } },
{ "type": "Feature", "properties": { "class": "SYNTHESIZED: UNREPRESENTED-surface" }, "geometry": { "type": "LineString", "coordinates": [ [ 103.7763233, 1.3433031 ], [ 103.7763233, 1.3433031 ] ] } },
{ "type": "Feature", "properties": { "class": "SYNTHESIZED: UNREPRESENTED-surface" }, "geometry": { "type": "LineString", "coordinates": [ [ 103.790536404943751, 1.314764846233596 ], [ 103.790540045778641, 1.314761620832865 ] ] } },
{ "type": "Feature", "properties": { "class": "SYNTHESIZED: UNREPRESENTED-surface" }, "geometry": { "type": "LineString", "coordinates": [ [ 103.7795729, 1.3208033 ], [ 103.7795729, 1.3208033 ] ] } },
{ "type": "Feature", "properties": { "class": "SYNTHESIZED: UNREPRESENTED-surface" }, "geometry": { "type": "LineString", "coordinates": [ [ 103.862521423082143, 1.30036248815489 ], [ 103.862517732601091, 1.300359847678177 ] ] } },
{ "type": "Feature", "properties": { "class": "SYNTHESIZED: UNREPRESENTED-surface" }, "geometry": { "type": "LineString", "coordinates": [ [ 103.8537645, 1.3400018 ], [ 103.853781146582463, 1.339991697809779 ] ] } },
{ "type": "Feature", "properties": { "class": "SYNTHESIZED: UNREPRESENTED-surface" }, "geometry": { "type": "LineString", "coordinates": [ [ 103.779592407083001, 1.320800935505172 ], [ 103.7795729, 1.3208033 ] ] } },
{ "type": "Feature", "properties": { "class": "SYNTHESIZED: UNREPRESENTED-surface" }, "geometry": { "type": "LineString", "coordinates": [ [ 103.779950023429151, 1.321086721859316 ], [ 103.7799353, 1.3210861 ] ] } },
{ "type": "Feature", "properties": { "class": "SYNTHESIZED: UNREPRESENTED-surface" }, "geometry": { "type": "LineString", "coordinates": [ [ 103.847817773389181, 1.331468612785617 ], [ 103.847813404485848, 1.33146913338624 ] ] } },
{ "type": "Feature", "properties": { "class": "SYNTHESIZED: UNREPRESENTED-surface" }, "geometry": { "type": "LineString", "coordinates": [ [ 103.775346578598118, 1.343178875169307 ], [ 103.775347499713192, 1.343174037471597 ] ] } },
{ "type": "Feature", "properties": { "class": "SYNTHESIZED: UNREPRESENTED-surface" }, "geometry": { "type": "LineString", "coordinates": [ [ 103.790126113922796, 1.314646373977252 ], [ 103.790123198466503, 1.314648518999276 ] ] } },
{ "type": "Feature", "properties": { "class": "SYNTHESIZED: UNREPRESENTED-surface" }, "geometry": { "type": "LineString", "coordinates": [ [ 103.855583780113179, 1.336298034516385 ], [ 103.855580898935187, 1.336300871800574 ] ] } },
{ "type": "Feature", "properties": { "class": "SYNTHESIZED: OFFSET" }, "geometry": { "type": "LineString", "coordinates": [ [ 103.773744150396709, 1.320097936328126 ], [ 103.773748042395013, 1.320099552066313 ] ] } },
{ "type": "Feature", "properties": { "class": "SYNTHESIZED: UNREPRESENTED-surface" }, "geometry": { "type": "LineString", "coordinates": [ [ 103.856236985705948, 1.298972579492128 ], [ 103.856240086540481, 1.298969345567968 ] ] } },
{ "type": "Feature", "properties": { "class": "SYNTHESIZED: UNREPRESENTED-surface" }, "geometry": { "type": "LineString", "coordinates": [ [ 103.856332000655414, 1.296844893107009 ], [ 103.856337190957518, 1.296844211722106 ] ] } },
{ "type": "Feature", "properties": { "class": "SYNTHESIZED: UNREPRESENTED-surface" }, "geometry": { "type": "LineString", "coordinates": [ [ 103.855220885460724, 1.29556724250782 ], [ 103.855224364909375, 1.295564866207049 ] ] } },
{ "type": "Feature", "properties": { "class": "SYNTHESIZED: OFFSET" }, "geometry": { "type": "LineString", "coordinates": [ [ 103.853057300000017, 1.2970553 ], [ 103.853057300000017, 1.2970553 ] ] } },
{ "type": "Feature", "properties": { "class": "SYNTHESIZED: UNREPRESENTED-surface" }, "geometry": { "type": "LineString", "coordinates": [ [ 103.855701886653605, 1.298460700177682 ], [ 103.855704686567606, 1.298458337557993 ] ] } },
{ "type": "Feature", "properties": { "class": "SYNTHESIZED: OFFSET" }, "geometry": { "type": "LineString", "coordinates": [ [ 103.850734975133761, 1.292724644104917 ], [ 103.85073719662293, 1.292728927435049 ] ] } },
{ "type": "Feature", "properties": { "class": "SYNTHESIZED: UNREPRESENTED-surface" }, "geometry": { "type": "LineString", "coordinates": [ [ 103.868852651161973, 1.332557835416233 ], [ 103.868848769214679, 1.332558785202728 ] ] } },
{ "type": "Feature", "properties": { "class": "SYNTHESIZED: UNREPRESENTED-surface" }, "geometry": { "type": "LineString", "coordinates": [ [ 103.856029490794612, 1.299161962839881 ], [ 103.856025918700169, 1.299165342986857 ] ] } },
{ "type": "Feature", "properties": { "class": "SYNTHESIZED: OFFSET" }, "geometry": { "type": "LineString", "coordinates": [ [ 103.8564994, 1.2965325 ], [ 103.8564994, 1.2965325 ] ] } },
{ "type": "Feature", "properties": { "class": "SYNTHESIZED: UNREPRESENTED-surface" }, "geometry": { "type": "LineString", "coordinates": [ [ 103.7754078329463, 1.342857167193994 ], [ 103.775408710364943, 1.3428525589886 ] ] } },
{ "type": "Feature", "properties": { "class": "SYNTHESIZED: UNREPRESENTED-surface" }, "geometry": { "type": "LineString", "coordinates": [ [ 103.855624439189029, 1.296197344438813 ], [ 103.855628053060698, 1.296194500073951 ] ] } },
{ "type": "Feature", "properties": { "class": "SYNTHESIZED: UNREPRESENTED-surface" }, "geometry": { "type": "LineString", "coordinates": [ [ 103.855600904985636, 1.29612651259211 ], [ 103.855604362800833, 1.296123803376322 ] ] } },
{ "type": "Feature", "properties": { "class": "SYNTHESIZED: UNREPRESENTED-surface" }, "geometry": { "type": "LineString", "coordinates": [ [ 103.854188650537338, 1.296366494730679 ], [ 103.854192132426249, 1.296363933733412 ] ] } },
{ "type": "Feature", "properties": { "class": "SYNTHESIZED: OFFSET" }, "geometry": { "type": "LineString", "coordinates": [ [ 103.851553156073692, 1.29294990823723 ], [ 103.851553938648919, 1.292949730340351 ] ] } },
{ "type": "Feature", "properties": { "class": "SYNTHESIZED: UNREPRESENTED-surface" }, "geometry": { "type": "LineString", "coordinates": [ [ 103.787270745362662, 1.33674013219655 ], [ 103.787269391575308, 1.336735408943431 ] ] } },
{ "type": "Feature", "properties": { "class": "SYNTHESIZED: UNREPRESENTED-surface" }, "geometry": { "type": "LineString", "coordinates": [ [ 103.854806837647544, 1.296748675324532 ], [ 103.854810383599954, 1.29674589702134 ] ] } },
{ "type": "Feature", "properties": { "class": "SYNTHESIZED: UNREPRESENTED-surface" }, "geometry": { "type": "LineString", "coordinates": [ [ 103.856844563179948, 1.296968925555227 ], [ 103.856847205367529, 1.296972524333074 ] ] } },
{ "type": "Feature", "properties": { "class": "SYNTHESIZED: UNREPRESENTED-surface" }, "geometry": { "type": "LineString", "coordinates": [ [ 103.848762911807498, 1.331339146521128 ], [ 103.848767318493586, 1.331338623013253 ] ] } },
{ "type": "Feature", "properties": { "class": "SYNTHESIZED: UNREPRESENTED-surface" }, "geometry": { "type": "LineString", "coordinates": [ [ 103.853893842989592, 1.296025733589614 ], [ 103.85389135528969, 1.296022363479068 ] ] } },
{ "type": "Feature", "properties": { "class": "SYNTHESIZED: UNREPRESENTED-surface" }, "geometry": { "type": "LineString", "coordinates": [ [ 103.855831171611058, 1.298642077792563 ], [ 103.855828500700341, 1.298691428240829 ] ] } },
{ "type": "Feature", "properties": { "class": "SYNTHESIZED: UNREPRESENTED-surface" }, "geometry": { "type": "LineString", "coordinates": [ [ 103.853908970673004, 1.33789874299801 ], [ 103.853904763006796, 1.337893958777847 ] ] } },
{ "type": "Feature", "properties": { "class": "SYNTHESIZED: UNREPRESENTED-surface" }, "geometry": { "type": "LineString", "coordinates": [ [ 103.773593432086486, 1.322835400152544 ], [ 103.773589477647832, 1.322837419019625 ] ] } },
{ "type": "Feature", "properties": { "class": "SYNTHESIZED: UNREPRESENTED-surface" }, "geometry": { "type": "LineString", "coordinates": [ [ 103.868621993930006, 1.332614269741977 ], [ 103.868617184880179, 1.332615446359867 ] ] } },
{ "type": "Feature", "properties": { "class": "SYNTHESIZED: UNREPRESENTED-surface" }, "geometry": { "type": "LineString", "coordinates": [ [ 103.868396281834265, 1.332862341144504 ], [ 103.868398460283601, 1.332856960881246 ] ] } },
{ "type": "Feature", "properties": { "class": "SYNTHESIZED: OFFSET" }, "geometry": { "type": "LineString", "coordinates": [ [ 103.8550124, 1.2978462 ], [ 103.8550124, 1.2978462 ] ] } },
{ "type": "Feature", "properties": { "class": "SYNTHESIZED: UNREPRESENTED-surface" }, "geometry": { "type": "LineString", "coordinates": [ [ 103.866263161419099, 1.329277199419807 ], [ 103.866258984360655, 1.329278470919153 ] ] } },
{ "type": "Feature", "properties": { "class": "SYNTHESIZED: OFFSET" }, "geometry": { "type": "LineString", "coordinates": [ [ 103.8512629, 1.2924684 ], [ 103.8512915, 1.2924963 ] ] } },
{ "type": "Feature", "properties": { "class": "SYNTHESIZED: UNREPRESENTED-surface" }, "geometry": { "type": "LineString", "coordinates": [ [ 103.8683746, 1.3328002 ], [ 103.8683746, 1.3328002 ] ] } },
{ "type": "Feature", "properties": { "class": "SYNTHESIZED: UNREPRESENTED-surface" }, "geometry": { "type": "LineString", "coordinates": [ [ 103.854455061846579, 1.296341181284563 ], [ 103.854452321215817, 1.29633740167831 ] ] } },
{ "type": "Feature", "properties": { "class": "SYNTHESIZED: OFFSET" }, "geometry": { "type": "LineString", "coordinates": [ [ 103.85322753118885, 1.295127472598869 ], [ 103.853224395722904, 1.2951296096204 ] ] } },
{ "type": "Feature", "properties": { "class": "SYNTHESIZED: UNREPRESENTED-surface" }, "geometry": { "type": "LineString", "coordinates": [ [ 103.854841141844091, 1.296805396239682 ], [ 103.854844645904393, 1.296802905608683 ] ] } },
{ "type": "Feature", "properties": { "class": "SYNTHESIZED: OFFSET" }, "geometry": { "type": "LineString", "coordinates": [ [ 103.851230257674246, 1.292389756407933 ], [ 103.851232469971862, 1.292393605111679 ] ] } },
{ "type": "Feature", "properties": { "class": "SYNTHESIZED: UNREPRESENTED-surface" }, "geometry": { "type": "LineString", "coordinates": [ [ 103.870883842401255, 1.338596835845052 ], [ 103.870883324509236, 1.33859269455821 ] ] } },
{ "type": "Feature", "properties": { "class": "SYNTHESIZED: UNREPRESENTED-surface" }, "geometry": { "type": "LineString", "coordinates": [ [ 103.854351903641245, 1.296246418875442 ], [ 103.854355399675157, 1.296243847473804 ] ] } },
{ "type": "Feature", "properties": { "class": "SYNTHESIZED: UNREPRESENTED-surface" }, "geometry": { "type": "LineString", "coordinates": [ [ 103.786842451773609, 1.336808033889402 ], [ 103.786847153989314, 1.336805214788549 ] ] } },
{ "type": "Feature", "properties": { "class": "SYNTHESIZED: OFFSET" }, "geometry": { "type": "LineString", "coordinates": [ [ 103.8554749, 1.2984567 ], [ 103.8554749, 1.2984567 ] ] } },
{ "type": "Feature", "properties": { "class": "SYNTHESIZED: UNREPRESENTED-surface" }, "geometry": { "type": "LineString", "coordinates": [ [ 103.853904071852781, 1.337893172918709 ], [ 103.853900717636719, 1.337889359092381 ] ] } },
{ "type": "Feature", "properties": { "class": "SYNTHESIZED: UNREPRESENTED-surface" }, "geometry": { "type": "LineString", "coordinates": [ [ 103.848440305684079, 1.276146376987268 ], [ 103.848437067928614, 1.27614095495455 ] ] } },
{ "type": "Feature", "properties": { "class": "SYNTHESIZED: UNREPRESENTED-surface" }, "geometry": { "type": "LineString", "coordinates": [ [ 103.808317651798461, 1.331239156465064 ], [ 103.808315659530507, 1.331235785330749 ] ] } },
{ "type": "Feature", "properties": { "class": "SYNTHESIZED: UNREPRESENTED-surface" }, "geometry": { "type": "LineString", "coordinates": [ [ 103.860142052230003, 1.28316650396688 ], [ 103.860142003721748, 1.283164156277236 ] ] } },
{ "type": "Feature", "properties": { "class": "SYNTHESIZED: UNREPRESENTED-surface" }, "geometry": { "type": "LineString", "coordinates": [ [ 103.8381561, 1.3334537 ], [ 103.8381561, 1.3334537 ] ] } },
{ "type": "Feature", "properties": { "class": "SYNTHESIZED: UNREPRESENTED-surface" }, "geometry": { "type": "LineString", "coordinates": [ [ 103.8381561, 1.3334537 ], [ 103.838147681385536, 1.33346931401229 ] ] } },
{ "type": "Feature", "properties": { "class": "SYNTHESIZED: UNREPRESENTED-surface" }, "geometry": { "type": "LineString", "coordinates": [ [ 103.871016600000019, 1.339959 ], [ 103.871016600000019, 1.339959 ] ] } },
{ "type": "Feature", "properties": { "class": "SYNTHESIZED: OFFSET" }, "geometry": { "type": "LineString", "coordinates": [ [ 103.8072827, 1.3174228 ], [ 103.8072827, 1.3174228 ] ] } },
{ "type": "Feature", "properties": { "class": "SYNTHESIZED: UNREPRESENTED-surface" }, "geometry": { "type": "LineString", "coordinates": [ [ 103.8380859, 1.3335839 ], [ 103.838091613357903, 1.333573303430811 ] ] } },
{ "type": "Feature", "properties": { "class": "SYNTHESIZED: UNREPRESENTED-surface" }, "geometry": { "type": "LineString", "coordinates": [ [ 103.870993311871331, 1.340330373694216 ], [ 103.87099346947285, 1.340326135100928 ] ] } },
{ "type": "Feature", "properties": { "class": "SYNTHESIZED: UNREPRESENTED-surface" }, "geometry": { "type": "LineString", "coordinates": [ [ 103.782710754927493, 1.31876481382108 ], [ 103.782713625897173, 1.318762538754866 ] ] } },
{ "type": "Feature", "properties": { "class": "SYNTHESIZED: UNREPRESENTED-surface" }, "geometry": { "type": "LineString", "coordinates": [ [ 103.807647615965706, 1.325683038192783 ], [ 103.807642736620735, 1.325684979791024 ] ] } },
{ "type": "Feature", "properties": { "class": "SYNTHESIZED: OFFSET" }, "geometry": { "type": "LineString", "coordinates": [ [ 103.8072681, 1.3173985 ], [ 103.8072681, 1.3173985 ] ] } },
{ "type": "Feature", "properties": { "class": "SYNTHESIZED: UNREPRESENTED-surface" }, "geometry": { "type": "LineString", "coordinates": [ [ 103.85413707657068, 1.278464961569429 ], [ 103.854133343260273, 1.278467368399395 ] ] } },
{ "type": "Feature", "properties": { "class": "SYNTHESIZED: UNREPRESENTED-surface" }, "geometry": { "type": "LineString", "coordinates": [ [ 103.860480398428578, 1.300413142136857 ], [ 103.860484070625418, 1.3004156153081 ] ] } },
{ "type": "Feature", "properties": { "class": "SYNTHESIZED: UNREPRESENTED-surface" }, "geometry": { "type": "LineString", "coordinates": [ [ 103.8710067, 1.3419716 ], [ 103.8710067, 1.3419716 ] ] } },
{ "type": "Feature", "properties": { "class": "SYNTHESIZED: UNREPRESENTED-surface" }, "geometry": { "type": "LineString", "coordinates": [ [ 103.838682859167108, 1.332997981539267 ], [ 103.838683713056383, 1.332991944773581 ] ] } },
{ "type": "Feature", "properties": { "class": "SYNTHESIZED: UNREPRESENTED-surface" }, "geometry": { "type": "LineString", "coordinates": [ [ 103.858042737194395, 1.34309590317125 ], [ 103.858038524110455, 1.343095874674019 ] ] } },
{ "type": "Feature", "properties": { "class": "SYNTHESIZED: UNREPRESENTED-surface" }, "geometry": { "type": "LineString", "coordinates": [ [ 103.810159020320441, 1.324024228716545 ], [ 103.810158875731801, 1.324024408308465 ] ] } },
{ "type": "Feature", "properties": { "class": "SYNTHESIZED: UNREPRESENTED-surface" }, "geometry": { "type": "LineString", "coordinates": [ [ 103.784011757940348, 1.31770262315999 ], [ 103.784008764178353, 1.317705062521618 ] ] } },
{ "type": "Feature", "properties": { "class": "SYNTHESIZED: UNREPRESENTED-surface" }, "geometry": { "type": "LineString", "coordinates": [ [ 103.843166883788882, 1.334003362194163 ], [ 103.843167867860373, 1.333998943647841 ] ] } },
{ "type": "Feature", "properties": { "class": "SYNTHESIZED: OFFSET" }, "geometry": { "type": "LineString", "coordinates": [ [ 103.808915038722361, 1.318818040045647 ], [ 103.808918405261565, 1.318820885502587 ] ] } },
{ "type": "Feature", "properties": { "class": "SYNTHESIZED: UNREPRESENTED-surface" }, "geometry": { "type": "LineString", "coordinates": [ [ 103.8468324, 1.2740663 ], [ 103.8468324, 1.2740663 ] ] } },
{ "type": "Feature", "properties": { "class": "SYNTHESIZED: UNREPRESENTED-surface" }, "geometry": { "type": "LineString", "coordinates": [ [ 103.8498587, 1.3309503 ], [ 103.8498587, 1.3309503 ] ] } },
{ "type": "Feature", "properties": { "class": "SYNTHESIZED: UNREPRESENTED-surface" }, "geometry": { "type": "LineString", "coordinates": [ [ 103.8495, 1.3304732 ], [ 103.8495, 1.3304732 ] ] } },
{ "type": "Feature", "properties": { "class": "SYNTHESIZED: UNREPRESENTED-surface" }, "geometry": { "type": "LineString", "coordinates": [ [ 103.851761879028771, 1.34327998739595 ], [ 103.851758323216998, 1.343280504663249 ] ] } },
{ "type": "Feature", "properties": { "class": "SYNTHESIZED: UNREPRESENTED-surface" }, "geometry": { "type": "LineString", "coordinates": [ [ 103.851762462464933, 1.343279902522941 ], [ 103.851766464609184, 1.343279320327228 ] ] } },
{ "type": "Feature", "properties": { "class": "SYNTHESIZED: UNREPRESENTED-surface" }, "geometry": { "type": "LineString", "coordinates": [ [ 103.851955015134365, 1.343251121329194 ], [ 103.851950722929573, 1.343251767776928 ] ] } },
{ "type": "Feature", "properties": { "class": "SYNTHESIZED: UNREPRESENTED-surface" }, "geometry": { "type": "LineString", "coordinates": [ [ 103.80982356856677, 1.324277036504629 ], [ 103.809820238008243, 1.324279463330114 ] ] } },
{ "type": "Feature", "properties": { "class": "SYNTHESIZED: UNREPRESENTED-surface" }, "geometry": { "type": "LineString", "coordinates": [ [ 103.810054962405971, 1.324108430387456 ], [ 103.810011895922614, 1.324053996106599 ] ] } },
{ "type": "Feature", "properties": { "class": "SYNTHESIZED: UNREPRESENTED-surface" }, "geometry": { "type": "LineString", "coordinates": [ [ 103.8103785, 1.3246044 ], [ 103.810378062009761, 1.324604689765558 ] ] } },
{ "type": "Feature", "properties": { "class": "SYNTHESIZED: UNREPRESENTED-surface" }, "geometry": { "type": "LineString", "coordinates": [ [ 103.802696331633015, 1.328907465683164 ], [ 103.802693242161197, 1.328908673555491 ] ] } },
{ "type": "Feature", "properties": { "class": "SYNTHESIZED: UNREPRESENTED-surface" }, "geometry": { "type": "LineString", "coordinates": [ [ 103.802488743230825, 1.328988625268212 ], [ 103.802491400780553, 1.328987586262184 ] ] } },
{ "type": "Feature", "properties": { "class": "SYNTHESIZED: UNREPRESENTED-surface" }, "geometry": { "type": "LineString", "coordinates": [ [ 103.802486544982798, 1.328989484703862 ], [ 103.802482322994408, 1.328991135348942 ] ] } },
{ "type": "Feature", "properties": { "class": "SYNTHESIZED: UNREPRESENTED-surface" }, "geometry": { "type": "LineString", "coordinates": [ [ 103.849495352907013, 1.277924359724169 ], [ 103.849496489451724, 1.277926214212923 ] ] } },
{ "type": "Feature", "properties": { "class": "SYNTHESIZED: UNREPRESENTED-surface" }, "geometry": { "type": "LineString", "coordinates": [ [ 103.848162945694654, 1.331191462985206 ], [ 103.848164761664179, 1.331191346667418 ] ] } },
{ "type": "Feature", "properties": { "class": "SYNTHESIZED: UNREPRESENTED-surface" }, "geometry": { "type": "LineString", "coordinates": [ [ 103.848550308857, 1.33106717105541 ], [ 103.848552126206584, 1.331071302005007 ] ] } },
{ "type": "Feature", "properties": { "class": "SYNTHESIZED: OFFSET" }, "geometry": { "type": "LineString", "coordinates": [ [ 103.83957560070192, 1.336974521551874 ], [ 103.839576287395616, 1.336970504149283 ] ] } },
{ "type": "Feature", "properties": { "class": "SYNTHESIZED: UNREPRESENTED-surface" }, "geometry": { "type": "LineString", "coordinates": [ [ 103.848920991760195, 1.331093089673977 ], [ 103.848925403316329, 1.331092372363785 ] ] } },
{ "type": "Feature", "properties": { "class": "SYNTHESIZED: UNREPRESENTED-surface" }, "geometry": { "type": "LineString", "coordinates": [ [ 103.849437969143565, 1.331009030129955 ], [ 103.849433523498789, 1.331009752983868 ] ] } },
{ "type": "Feature", "properties": { "class": "SYNTHESIZED: UNREPRESENTED-surface" }, "geometry": { "type": "LineString", "coordinates": [ [ 103.8696074, 1.3324136 ], [ 103.8696074, 1.3324136 ] ] } },
{ "type": "Feature", "properties": { "class": "SYNTHESIZED: UNREPRESENTED-surface" }, "geometry": { "type": "LineString", "coordinates": [ [ 103.869153333531656, 1.332472151535015 ], [ 103.869157861581641, 1.332473114590384 ] ] } },
{ "type": "Feature", "properties": { "class": "SYNTHESIZED: UNREPRESENTED-surface" }, "geometry": { "type": "LineString", "coordinates": [ [ 103.8691302, 1.33255 ], [ 103.8691302, 1.33255 ] ] } },
{ "type": "Feature", "properties": { "class": "SYNTHESIZED: UNREPRESENTED-surface" }, "geometry": { "type": "LineString", "coordinates": [ [ 103.794491696908494, 1.33172119976605 ], [ 103.794534271742663, 1.331767479454267 ] ] } },
{ "type": "Feature", "properties": { "class": "SYNTHESIZED: UNREPRESENTED-surface" }, "geometry": { "type": "LineString", "coordinates": [ [ 103.793746409795091, 1.33207485068249 ], [ 103.793742298732141, 1.332076462530591 ] ] } },
{ "type": "Feature", "properties": { "class": "SYNTHESIZED: UNREPRESENTED-surface" }, "geometry": { "type": "LineString", "coordinates": [ [ 103.775965488938112, 1.342004597601742 ], [ 103.775966328405659, 1.342000763185143 ] ] } },
{ "type": "Feature", "properties": { "class": "SYNTHESIZED: UNREPRESENTED-surface" }, "geometry": { "type": "LineString", "coordinates": [ [ 103.794972900345485, 1.331602064630793 ], [ 103.794970023859037, 1.331603117670241 ] ] } },
{ "type": "Feature", "properties": { "class": "SYNTHESIZED: UNREPRESENTED-surface" }, "geometry": { "type": "LineString", "coordinates": [ [ 103.795494168918793, 1.331216002636943 ], [ 103.795495689574324, 1.331220384410277 ] ] } },
{ "type": "Feature", "properties": { "class": "SYNTHESIZED: UNREPRESENTED-surface" }, "geometry": { "type": "LineString", "coordinates": [ [ 103.795579790653875, 1.33141102728161 ], [ 103.795565675056906, 1.331372021665756 ] ] } },
{ "type": "Feature", "properties": { "class": "SYNTHESIZED: UNREPRESENTED-surface" }, "geometry": { "type": "LineString", "coordinates": [ [ 103.79452856906434, 1.33176960687836 ], [ 103.794524569443325, 1.33177109896499 ] ] } },
{ "type": "Feature", "properties": { "class": "SYNTHESIZED: UNREPRESENTED-surface" }, "geometry": { "type": "LineString", "coordinates": [ [ 103.794958199973763, 1.329727677610347 ], [ 103.794956268720711, 1.329722956345453 ] ] } },
{ "type": "Feature", "properties": { "class": "SYNTHESIZED: UNREPRESENTED-surface" }, "geometry": { "type": "LineString", "coordinates": [ [ 103.847050782245532, 1.338264790513498 ], [ 103.847054450239298, 1.338263545773993 ] ] } },
{ "type": "Feature", "properties": { "class": "SYNTHESIZED: UNREPRESENTED-surface" }, "geometry": { "type": "LineString", "coordinates": [ [ 103.846470622984071, 1.338412570683036 ], [ 103.846470602372477, 1.338412522003883 ] ] } },
{ "type": "Feature", "properties": { "class": "SYNTHESIZED: UNREPRESENTED-surface" }, "geometry": { "type": "LineString", "coordinates": [ [ 103.8463058, 1.3385161 ], [ 103.8463058, 1.3385161 ] ] } },
{ "type": "Feature", "properties": { "class": "SYNTHESIZED: UNREPRESENTED-surface" }, "geometry": { "type": "LineString", "coordinates": [ [ 103.84629156535614, 1.338559762422678 ], [ 103.846298179531161, 1.338557178639614 ] ] } },
{ "type": "Feature", "properties": { "class": "SYNTHESIZED: UNREPRESENTED-surface" }, "geometry": { "type": "LineString", "coordinates": [ [ 103.846233527450352, 1.338590029170579 ], [ 103.846235745741623, 1.338595339478842 ] ] } },
{ "type": "Feature", "properties": { "class": "SYNTHESIZED: UNREPRESENTED-surface" }, "geometry": { "type": "LineString", "coordinates": [ [ 103.846245979972068, 1.338619838929552 ], [ 103.846246883451244, 1.338622001744164 ] ] } },
{ "type": "Feature", "properties": { "class": "SYNTHESIZED: OFFSET" }, "geometry": { "type": "LineString", "coordinates": [ [ 103.8781011, 1.3435992 ], [ 103.8781011, 1.3435992 ] ] } },
{ "type": "Feature", "properties": { "class": "SYNTHESIZED: UNREPRESENTED-surface" }, "geometry": { "type": "LineString", "coordinates": [ [ 103.795256583365685, 1.330487096896984 ], [ 103.795254929421517, 1.330482983929413 ] ] } },
{ "type": "Feature", "properties": { "class": "SYNTHESIZED: UNREPRESENTED-surface" }, "geometry": { "type": "LineString", "coordinates": [ [ 103.795311093970653, 1.331478256881145 ], [ 103.795307729732158, 1.331479488480045 ] ] } },
{ "type": "Feature", "properties": { "class": "SYNTHESIZED: UNREPRESENTED-surface" }, "geometry": { "type": "LineString", "coordinates": [ [ 103.795348817751517, 1.331482302654727 ], [ 103.795343611581998, 1.331480134499343 ] ] } },
{ "type": "Feature", "properties": { "class": "SYNTHESIZED: OFFSET" }, "geometry": { "type": "LineString", "coordinates": [ [ 103.8407718, 1.3350808 ], [ 103.8407718, 1.3350808 ] ] } },
{ "type": "Feature", "properties": { "class": "SYNTHESIZED: OFFSET" }, "geometry": { "type": "LineString", "coordinates": [ [ 103.8396507, 1.3347443 ], [ 103.8396507, 1.3347443 ] ] } },
{ "type": "Feature", "properties": { "class": "SYNTHESIZED: OFFSET" }, "geometry": { "type": "LineString", "coordinates": [ [ 103.839964373518399, 1.334847815061826 ], [ 103.839968319287181, 1.334849115527146 ] ] } },
{ "type": "Feature", "properties": { "class": "SYNTHESIZED: OFFSET" }, "geometry": { "type": "LineString", "coordinates": [ [ 103.774563201401321, 1.34126837417499 ], [ 103.7745649, 1.3413642 ] ] } },
{ "type": "Feature", "properties": { "class": "SYNTHESIZED: UNREPRESENTED-surface" }, "geometry": { "type": "LineString", "coordinates": [ [ 103.795234465779444, 1.330432095695336 ], [ 103.795232700257216, 1.330427705259321 ] ] } },
{ "type": "Feature", "properties": { "class": "SYNTHESIZED: UNREPRESENTED-surface" }, "geometry": { "type": "LineString", "coordinates": [ [ 103.79510061721983, 1.330091737754557 ], [ 103.795101583817086, 1.330094269039145 ] ] } },
{ "type": "Feature", "properties": { "class": "SYNTHESIZED: UNREPRESENTED-surface" }, "geometry": { "type": "LineString", "coordinates": [ [ 103.776009594143304, 1.341896714635683 ], [ 103.7760098, 1.341895 ] ] } },
{ "type": "Feature", "properties": { "class": "SYNTHESIZED: UNREPRESENTED-surface" }, "geometry": { "type": "LineString", "coordinates": [ [ 103.795182804416214, 1.330303626103416 ], [ 103.795181418190609, 1.330300178888028 ] ] } },
{ "type": "Feature", "properties": { "class": "SYNTHESIZED: UNREPRESENTED-surface" }, "geometry": { "type": "LineString", "coordinates": [ [ 103.795420145492415, 1.330588069001828 ], [ 103.795416033763573, 1.330589543841309 ] ] } },
{ "type": "Feature", "properties": { "class": "SYNTHESIZED: UNREPRESENTED-surface" }, "geometry": { "type": "LineString", "coordinates": [ [ 103.795039346327869, 1.331577739731251 ], [ 103.795043469918269, 1.331576230145211 ] ] } },
{ "type": "Feature", "properties": { "class": "SYNTHESIZED: OFFSET" }, "geometry": { "type": "LineString", "coordinates": [ [ 103.7793602, 1.3401955 ], [ 103.7793602, 1.3401955 ] ] } },
{ "type": "Feature", "properties": { "class": "SYNTHESIZED: UNREPRESENTED-surface" }, "geometry": { "type": "LineString", "coordinates": [ [ 103.792817415800542, 1.332358667489807 ], [ 103.792816238082452, 1.332354836521774 ] ] } },
{ "type": "Feature", "properties": { "class": "SYNTHESIZED: OFFSET" }, "geometry": { "type": "LineString", "coordinates": [ [ 103.853578214770238, 1.276380519495177 ], [ 103.853580562094905, 1.27638426044953 ] ] } },
{ "type": "Feature", "properties": { "class": "SYNTHESIZED: UNREPRESENTED-surface" }, "geometry": { "type": "LineString", "coordinates": [ [ 103.84981527175897, 1.340468895211314 ], [ 103.849811700973078, 1.340470243512536 ] ] } },
{ "type": "Feature", "properties": { "class": "SYNTHESIZED: UNREPRESENTED-surface" }, "geometry": { "type": "LineString", "coordinates": [ [ 103.849819496179734, 1.340467300102594 ], [ 103.849823222422245, 1.340465893102133 ] ] } },
{ "type": "Feature", "properties": { "class": "SYNTHESIZED: UNREPRESENTED-surface" }, "geometry": { "type": "LineString", "coordinates": [ [ 103.849449130801602, 1.331007215264222 ], [ 103.849453291364568, 1.331006538764074 ] ] } },
{ "type": "Feature", "properties": { "class": "SYNTHESIZED: UNREPRESENTED-surface" }, "geometry": { "type": "LineString", "coordinates": [ [ 103.810248034253277, 1.324692546008736 ], [ 103.810245498000882, 1.324694467712836 ] ] } },
{ "type": "Feature", "properties": { "class": "SYNTHESIZED: UNREPRESENTED-surface" }, "geometry": { "type": "LineString", "coordinates": [ [ 103.853123178755155, 1.340856588645762 ], [ 103.85312464449008, 1.340860091051517 ] ] } },
{ "type": "Feature", "properties": { "class": "SYNTHESIZED: UNREPRESENTED-surface" }, "geometry": { "type": "LineString", "coordinates": [ [ 103.853086661060374, 1.340847514840873 ], [ 103.8530824, 1.3408497 ] ] } },
{ "type": "Feature", "properties": { "class": "SYNTHESIZED: UNREPRESENTED-surface" }, "geometry": { "type": "LineString", "coordinates": [ [ 103.844831744208648, 1.281269418406144 ], [ 103.84482948601098, 1.281265587588891 ] ] } },
{ "type": "Feature", "properties": { "class": "SYNTHESIZED: UNREPRESENTED-surface" }, "geometry": { "type": "LineString", "coordinates": [ [ 103.844587099346882, 1.280977229345449 ], [ 103.844616679559266, 1.280952635337048 ] ] } },
{ "type": "Feature", "properties": { "class": "SYNTHESIZED: UNREPRESENTED-surface" }, "geometry": { "type": "LineString", "coordinates": [ [ 103.779538193208666, 1.312666209213097 ], [ 103.779545208913191, 1.312664488379905 ] ] } },
{ "type": "Feature", "properties": { "class": "SYNTHESIZED: UNREPRESENTED-surface" }, "geometry": { "type": "LineString", "coordinates": [ [ 103.779570409272523, 1.312891945978075 ], [ 103.77957242234362, 1.312896500240829 ] ] } },
{ "type": "Feature", "properties": { "class": "SYNTHESIZED: UNREPRESENTED-surface" }, "geometry": { "type": "LineString", "coordinates": [ [ 103.776974421895318, 1.315011277372571 ], [ 103.776979823595312, 1.315006776715043 ] ] } },
{ "type": "Feature", "properties": { "class": "SYNTHESIZED: UNREPRESENTED-surface" }, "geometry": { "type": "LineString", "coordinates": [ [ 103.8678467, 1.3290227 ], [ 103.8678467, 1.3290227 ] ] } },
{ "type": "Feature", "properties": { "class": "SYNTHESIZED: UNREPRESENTED-surface" }, "geometry": { "type": "LineString", "coordinates": [ [ 103.782536668968007, 1.319464915205049 ], [ 103.782533727043642, 1.319468772162437 ] ] } },
{ "type": "Feature", "properties": { "class": "SYNTHESIZED: UNREPRESENTED-surface" }, "geometry": { "type": "LineString", "coordinates": [ [ 103.846765738255911, 1.335155921564772 ], [ 103.846764050670018, 1.335158890721859 ] ] } },
{ "type": "Feature", "properties": { "class": "SYNTHESIZED: UNREPRESENTED-surface" }, "geometry": { "type": "LineString", "coordinates": [ [ 103.847005878567529, 1.334430163378641 ], [ 103.847005790047518, 1.334432667230113 ] ] } },
{ "type": "Feature", "properties": { "class": "SYNTHESIZED: UNREPRESENTED-surface" }, "geometry": { "type": "LineString", "coordinates": [ [ 103.847007619053613, 1.334379385318603 ], [ 103.847007737322173, 1.334374503044871 ] ] } },
{ "type": "Feature", "properties": { "class": "SYNTHESIZED: UNREPRESENTED-surface" }, "geometry": { "type": "LineString", "coordinates": [ [ 103.884245891883282, 1.340264729351207 ], [ 103.884243852466057, 1.34026684214255 ] ] } },
{ "type": "Feature", "properties": { "class": "SYNTHESIZED: UNREPRESENTED-surface" }, "geometry": { "type": "LineString", "coordinates": [ [ 103.885666658321554, 1.339711979482958 ], [ 103.885669090681873, 1.339709176614723 ] ] } },
{ "type": "Feature", "properties": { "class": "SYNTHESIZED: UNREPRESENTED-surface" }, "geometry": { "type": "LineString", "coordinates": [ [ 103.8848384, 1.3405836 ], [ 103.8848384, 1.3405836 ] ] } },
{ "type": "Feature", "properties": { "class": "SYNTHESIZED: UNREPRESENTED-surface" }, "geometry": { "type": "LineString", "coordinates": [ [ 103.8842576, 1.3402526 ], [ 103.884248012799034, 1.340262532129176 ] ] } },
{ "type": "Feature", "properties": { "class": "SYNTHESIZED: UNREPRESENTED-surface" }, "geometry": { "type": "LineString", "coordinates": [ [ 103.884825832618574, 1.340567876295003 ], [ 103.884827435663468, 1.340569881947904 ] ] } },
{ "type": "Feature", "properties": { "class": "SYNTHESIZED: UNREPRESENTED-surface" }, "geometry": { "type": "LineString", "coordinates": [ [ 103.8837927, 1.3399761 ], [ 103.8837927, 1.3399761 ] ] } },
{ "type": "Feature", "properties": { "class": "SYNTHESIZED: UNREPRESENTED-surface" }, "geometry": { "type": "LineString", "coordinates": [ [ 103.870342673492758, 1.339546571604605 ], [ 103.870340298891904, 1.339547391595598 ] ] } },
{ "type": "Feature", "properties": { "class": "SYNTHESIZED: UNREPRESENTED-surface" }, "geometry": { "type": "LineString", "coordinates": [ [ 103.867881843407659, 1.329635852942028 ], [ 103.867880643902581, 1.329631521536906 ] ] } },
{ "type": "Feature", "properties": { "class": "SYNTHESIZED: UNREPRESENTED-surface" }, "geometry": { "type": "LineString", "coordinates": [ [ 103.868440102309293, 1.330627587278891 ], [ 103.868444494195771, 1.330626522236965 ] ] } },
{ "type": "Feature", "properties": { "class": "SYNTHESIZED: UNREPRESENTED-surface" }, "geometry": { "type": "LineString", "coordinates": [ [ 103.868449175504594, 1.330625387009487 ], [ 103.868453505521302, 1.330624336971103 ] ] } },
{ "type": "Feature", "properties": { "class": "SYNTHESIZED: UNREPRESENTED-surface" }, "geometry": { "type": "LineString", "coordinates": [ [ 103.866852431487047, 1.330184849555683 ], [ 103.866856084289182, 1.330183026822382 ] ] } },
{ "type": "Feature", "properties": { "class": "SYNTHESIZED: UNREPRESENTED-surface" }, "geometry": { "type": "LineString", "coordinates": [ [ 103.868114316953694, 1.330202157050603 ], [ 103.868113408655773, 1.330198343606293 ] ] } },
{ "type": "Feature", "properties": { "class": "SYNTHESIZED: UNREPRESENTED-surface" }, "geometry": { "type": "LineString", "coordinates": [ [ 103.868147994, 1.330332230568709 ], [ 103.868148952138839, 1.330335615152579 ] ] } },
{ "type": "Feature", "properties": { "class": "SYNTHESIZED: UNREPRESENTED-surface" }, "geometry": { "type": "LineString", "coordinates": [ [ 103.868671933371246, 1.330567446173285 ], [ 103.868676137350761, 1.330566212128362 ] ] } },
{ "type": "Feature", "properties": { "class": "SYNTHESIZED: UNREPRESENTED-surface" }, "geometry": { "type": "LineString", "coordinates": [ [ 103.867870791348551, 1.329595944027161 ], [ 103.867869576500567, 1.329591557218744 ] ] } },
{ "type": "Feature", "properties": { "class": "SYNTHESIZED: UNREPRESENTED-surface" }, "geometry": { "type": "LineString", "coordinates": [ [ 103.868028359838718, 1.329841270262212 ], [ 103.868029217459764, 1.329844870943175 ] ] } },
{ "type": "Feature", "properties": { "class": "SYNTHESIZED: UNREPRESENTED-surface" }, "geometry": { "type": "LineString", "coordinates": [ [ 103.868147820232636, 1.330331616743113 ], [ 103.868146599189288, 1.330327303460473 ] ] } },
{ "type": "Feature", "properties": { "class": "SYNTHESIZED: UNREPRESENTED-surface" }, "geometry": { "type": "LineString", "coordinates": [ [ 103.8686973, 1.33056 ], [ 103.8686973, 1.33056 ] ] } },
{ "type": "Feature", "properties": { "class": "SYNTHESIZED: UNREPRESENTED-surface" }, "geometry": { "type": "LineString", "coordinates": [ [ 103.867959213909529, 1.329529795933341 ], [ 103.867960023840965, 1.329533773934601 ] ] } },
{ "type": "Feature", "properties": { "class": "SYNTHESIZED: UNREPRESENTED-surface" }, "geometry": { "type": "LineString", "coordinates": [ [ 103.769600037829505, 1.343841693612996 ], [ 103.769597357380732, 1.343844632701753 ] ] } },
{ "type": "Feature", "properties": { "class": "SYNTHESIZED: UNREPRESENTED-surface" }, "geometry": { "type": "LineString", "coordinates": [ [ 103.8668781, 1.3321129 ], [ 103.8668781, 1.3321129 ] ] } },
{ "type": "Feature", "properties": { "class": "SYNTHESIZED: UNREPRESENTED-surface" }, "geometry": { "type": "LineString", "coordinates": [ [ 103.8655454, 1.3318637 ], [ 103.8655454, 1.3318637 ] ] } },
{ "type": "Feature", "properties": { "class": "SYNTHESIZED: UNREPRESENTED-surface" }, "geometry": { "type": "LineString", "coordinates": [ [ 103.865620962586448, 1.331820867417123 ], [ 103.865617531340916, 1.331822812415585 ] ] } },
{ "type": "Feature", "properties": { "class": "SYNTHESIZED: UNREPRESENTED-surface" }, "geometry": { "type": "LineString", "coordinates": [ [ 103.865786117659837, 1.331735028074829 ], [ 103.865782442052023, 1.331736858160482 ] ] } },
{ "type": "Feature", "properties": { "class": "SYNTHESIZED: UNREPRESENTED-surface" }, "geometry": { "type": "LineString", "coordinates": [ [ 103.865801214134876, 1.331727511537675 ], [ 103.865804753532061, 1.331725749271271 ] ] } },
{ "type": "Feature", "properties": { "class": "SYNTHESIZED: UNREPRESENTED-surface" }, "geometry": { "type": "LineString", "coordinates": [ [ 103.865913485182503, 1.331668711828937 ], [ 103.865916204078786, 1.331667053490227 ] ] } },
{ "type": "Feature", "properties": { "class": "SYNTHESIZED: UNREPRESENTED-surface" }, "geometry": { "type": "LineString", "coordinates": [ [ 103.866081388429947, 1.331566302449098 ], [ 103.866077661797576, 1.331568575437571 ] ] } },
{ "type": "Feature", "properties": { "class": "SYNTHESIZED: UNREPRESENTED-surface" }, "geometry": { "type": "LineString", "coordinates": [ [ 103.86660246602672, 1.331256539327144 ], [ 103.866598388703963, 1.331258766668339 ] ] } },
{ "type": "Feature", "properties": { "class": "SYNTHESIZED: UNREPRESENTED-surface" }, "geometry": { "type": "LineString", "coordinates": [ [ 103.866611852551458, 1.331251411699354 ], [ 103.866607947876403, 1.331253544727383 ] ] } },
{ "type": "Feature", "properties": { "class": "SYNTHESIZED: UNREPRESENTED-surface" }, "geometry": { "type": "LineString", "coordinates": [ [ 103.866735, 1.3314346 ], [ 103.866727944676597, 1.331421745988489 ] ] } },
{ "type": "Feature", "properties": { "class": "SYNTHESIZED: UNREPRESENTED-surface" }, "geometry": { "type": "LineString", "coordinates": [ [ 103.866864994528825, 1.331748545961184 ], [ 103.866862963376349, 1.331744543046823 ] ] } },
{ "type": "Feature", "properties": { "class": "SYNTHESIZED: UNREPRESENTED-surface" }, "geometry": { "type": "LineString", "coordinates": [ [ 103.866954537901464, 1.331924473398937 ], [ 103.8669456, 1.3319074 ] ] } },
{ "type": "Feature", "properties": { "class": "SYNTHESIZED: UNREPRESENTED-surface" }, "geometry": { "type": "LineString", "coordinates": [ [ 103.866815321758622, 1.33196040196385 ], [ 103.866813749303063, 1.331957226470275 ] ] } },
{ "type": "Feature", "properties": { "class": "SYNTHESIZED: UNREPRESENTED-surface" }, "geometry": { "type": "LineString", "coordinates": [ [ 103.866828605837455, 1.331990011791826 ], [ 103.8668226, 1.3319751 ] ] } },
{ "type": "Feature", "properties": { "class": "SYNTHESIZED: UNREPRESENTED-surface" }, "geometry": { "type": "LineString", "coordinates": [ [ 103.867094808565753, 1.332365766651779 ], [ 103.867097758626656, 1.332368718118081 ] ] } },
{ "type": "Feature", "properties": { "class": "SYNTHESIZED: UNREPRESENTED-surface" }, "geometry": { "type": "LineString", "coordinates": [ [ 103.867150843326058, 1.332421828104886 ], [ 103.86714795285414, 1.332418936256155 ] ] } },
{ "type": "Feature", "properties": { "class": "SYNTHESIZED: UNREPRESENTED-surface" }, "geometry": { "type": "LineString", "coordinates": [ [ 103.867293942807223, 1.332565119136479 ], [ 103.867291449388077, 1.332562621761676 ] ] } },
{ "type": "Feature", "properties": { "class": "SYNTHESIZED: UNREPRESENTED-surface" }, "geometry": { "type": "LineString", "coordinates": [ [ 103.867405838125379, 1.332678423662604 ], [ 103.867403188487771, 1.332675673659833 ] ] } },
{ "type": "Feature", "properties": { "class": "SYNTHESIZED: UNREPRESENTED-surface" }, "geometry": { "type": "LineString", "coordinates": [ [ 103.867905107382398, 1.333367221798049 ], [ 103.867901127712955, 1.333366100764404 ] ] } },
{ "type": "Feature", "properties": { "class": "SYNTHESIZED: UNREPRESENTED-surface" }, "geometry": { "type": "LineString", "coordinates": [ [ 103.867899790077729, 1.333365723965748 ], [ 103.867902238155978, 1.333366413565255 ] ] } },
{ "type": "Feature", "properties": { "class": "SYNTHESIZED: UNREPRESENTED-surface" }, "geometry": { "type": "LineString", "coordinates": [ [ 103.807945921494564, 1.32555016605374 ], [ 103.807948736483851, 1.325548241006957 ] ] } },
{ "type": "Feature", "properties": { "class": "SYNTHESIZED: UNREPRESENTED-surface" }, "geometry": { "type": "LineString", "coordinates": [ [ 103.808417739048352, 1.325241379654154 ], [ 103.808421090907586, 1.325239430372708 ] ] } },
{ "type": "Feature", "properties": { "class": "SYNTHESIZED: UNREPRESENTED-surface" }, "geometry": { "type": "LineString", "coordinates": [ [ 103.802696331633015, 1.328907465683164 ], [ 103.802693242161197, 1.328908673555491 ] ] } },
{ "type": "Feature", "properties": { "class": "SYNTHESIZED: UNREPRESENTED-surface" }, "geometry": { "type": "LineString", "coordinates": [ [ 103.802488743230825, 1.328988625268212 ], [ 103.802491400780553, 1.328987586262184 ] ] } },
{ "type": "Feature", "properties": { "class": "SYNTHESIZED: UNREPRESENTED-surface" }, "geometry": { "type": "LineString", "coordinates": [ [ 103.802486544982798, 1.328989484703862 ], [ 103.802482322994408, 1.328991135348942 ] ] } },
{ "type": "Feature", "properties": { "class": "SYNTHESIZED: UNREPRESENTED-surface" }, "geometry": { "type": "LineString", "coordinates": [ [ 103.8103785, 1.3246044 ], [ 103.810378062009761, 1.324604689765558 ] ] } },
{ "type": "Feature", "properties": { "class": "SYNTHESIZED: UNREPRESENTED-surface" }, "geometry": { "type": "LineString", "coordinates": [ [ 103.8103785, 1.3246044 ], [ 103.810378062009761, 1.324604689765558 ] ] } },
{ "type": "Feature", "properties": { "class": "SYNTHESIZED: UNREPRESENTED-surface" }, "geometry": { "type": "LineString", "coordinates": [ [ 103.810248034253277, 1.324692546008736 ], [ 103.810245498000882, 1.324694467712836 ] ] } },
{ "type": "Feature", "properties": { "class": "SYNTHESIZED: UNREPRESENTED-surface" }, "geometry": { "type": "LineString", "coordinates": [ [ 103.808502222126094, 1.32519199963158 ], [ 103.808506026054175, 1.325189749641405 ] ] } },
{ "type": "Feature", "properties": { "class": "SYNTHESIZED: UNREPRESENTED-surface" }, "geometry": { "type": "LineString", "coordinates": [ [ 103.808653355775121, 1.325102605392704 ], [ 103.808656335546743, 1.325100842883543 ] ] } },
{ "type": "Feature", "properties": { "class": "SYNTHESIZED: UNREPRESENTED-surface" }, "geometry": { "type": "LineString", "coordinates": [ [ 103.808734003023076, 1.325052251577751 ], [ 103.808737737803895, 1.325049783256727 ] ] } },
{ "type": "Feature", "properties": { "class": "SYNTHESIZED: UNREPRESENTED-surface" }, "geometry": { "type": "LineString", "coordinates": [ [ 103.808927105713508, 1.324945976029864 ], [ 103.808915500000012, 1.3249323 ] ] } },
{ "type": "Feature", "properties": { "class": "SYNTHESIZED: UNREPRESENTED-surface" }, "geometry": { "type": "LineString", "coordinates": [ [ 103.80903559695777, 1.324855931948142 ], [ 103.809039346718109, 1.324853547525436 ] ] } },
{ "type": "Feature", "properties": { "class": "SYNTHESIZED: UNREPRESENTED-surface" }, "geometry": { "type": "LineString", "coordinates": [ [ 103.80913730546105, 1.324750309080595 ], [ 103.809134000883432, 1.324752566145966 ] ] } },
{ "type": "Feature", "properties": { "class": "SYNTHESIZED: UNREPRESENTED-surface" }, "geometry": { "type": "LineString", "coordinates": [ [ 103.809318139683327, 1.324662218041623 ], [ 103.809319846530045, 1.324661019592775 ] ] } },
{ "type": "Feature", "properties": { "class": "SYNTHESIZED: UNREPRESENTED-surface" }, "geometry": { "type": "LineString", "coordinates": [ [ 103.782267171382813, 1.333495980091217 ], [ 103.782268209045156, 1.333499839262623 ] ] } },
{ "type": "Feature", "properties": { "class": "SYNTHESIZED: UNREPRESENTED-surface" }, "geometry": { "type": "LineString", "coordinates": [ [ 103.787692075408728, 1.334719645752573 ], [ 103.787695570278999, 1.334718401703251 ] ] } },
{ "type": "Feature", "properties": { "class": "SYNTHESIZED: UNREPRESENTED-surface" }, "geometry": { "type": "LineString", "coordinates": [ [ 103.785307624660163, 1.335539718528394 ], [ 103.785311600186148, 1.335538326367794 ] ] } },
{ "type": "Feature", "properties": { "class": "SYNTHESIZED: UNREPRESENTED-surface" }, "geometry": { "type": "LineString", "coordinates": [ [ 103.78633004500864, 1.335179549855706 ], [ 103.786334008289003, 1.335178154965825 ] ] } },
{ "type": "Feature", "properties": { "class": "SYNTHESIZED: UNREPRESENTED-surface" }, "geometry": { "type": "LineString", "coordinates": [ [ 103.786333854007907, 1.335178209265573 ], [ 103.786337801654483, 1.335176819878043 ] ] } },
{ "type": "Feature", "properties": { "class": "SYNTHESIZED: UNREPRESENTED-surface" }, "geometry": { "type": "LineString", "coordinates": [ [ 103.786789584960033, 1.335033196389864 ], [ 103.786785711642636, 1.335034291927917 ] ] } },
{ "type": "Feature", "properties": { "class": "SYNTHESIZED: UNREPRESENTED-surface" }, "geometry": { "type": "LineString", "coordinates": [ [ 103.786793879496031, 1.335031981713352 ], [ 103.786797404106252, 1.335030984804431 ] ] } },
{ "type": "Feature", "properties": { "class": "SYNTHESIZED: UNREPRESENTED-surface" }, "geometry": { "type": "LineString", "coordinates": [ [ 103.787403895595787, 1.334826703516108 ], [ 103.78739976513404, 1.334828130249786 ] ] } },
{ "type": "Feature", "properties": { "class": "SYNTHESIZED: UNREPRESENTED-surface" }, "geometry": { "type": "LineString", "coordinates": [ [ 103.787240600380656, 1.334330224974078 ], [ 103.787243900829296, 1.334328975229203 ] ] } },
{ "type": "Feature", "properties": { "class": "SYNTHESIZED: UNREPRESENTED-surface" }, "geometry": { "type": "LineString", "coordinates": [ [ 103.787220678957993, 1.334337779003254 ], [ 103.787227414198966, 1.334335223201168 ] ] } },
{ "type": "Feature", "properties": { "class": "SYNTHESIZED: UNREPRESENTED-surface" }, "geometry": { "type": "LineString", "coordinates": [ [ 103.78723380000001, 1.3343328 ], [ 103.787217443721389, 1.334339006668963 ] ] } },
{ "type": "Feature", "properties": { "class": "SYNTHESIZED: UNREPRESENTED-surface" }, "geometry": { "type": "LineString", "coordinates": [ [ 103.787174678396795, 1.334355234700305 ], [ 103.787169893926503, 1.334357050249048 ] ] } },
{ "type": "Feature", "properties": { "class": "SYNTHESIZED: OFFSET" }, "geometry": { "type": "LineString", "coordinates": [ [ 103.786352132991055, 1.334654513399787 ], [ 103.7863093, 1.3346693 ] ] } },
{ "type": "Feature", "properties": { "class": "SYNTHESIZED: OFFSET" }, "geometry": { "type": "LineString", "coordinates": [ [ 103.786288824497703, 1.334611038479067 ], [ 103.786287487158674, 1.33460723318006 ] ] } },
{ "type": "Feature", "properties": { "class": "SYNTHESIZED: OFFSET" }, "geometry": { "type": "LineString", "coordinates": [ [ 103.7828033, 1.3343803 ], [ 103.7828033, 1.3343803 ] ] } },
{ "type": "Feature", "properties": { "class": "SYNTHESIZED: UNREPRESENTED-surface" }, "geometry": { "type": "LineString", "coordinates": [ [ 103.782783717612446, 1.334357992555431 ], [ 103.7827724, 1.3343451 ] ] } },
{ "type": "Feature", "properties": { "class": "SYNTHESIZED: UNREPRESENTED-surface" }, "geometry": { "type": "LineString", "coordinates": [ [ 103.782748879962284, 1.334315431692153 ], [ 103.782746474467089, 1.33431239738693 ] ] } },
{ "type": "Feature", "properties": { "class": "SYNTHESIZED: UNREPRESENTED-surface" }, "geometry": { "type": "LineString", "coordinates": [ [ 103.782677482334833, 1.334220980758295 ], [ 103.78267904407565, 1.334223446876858 ] ] } },
{ "type": "Feature", "properties": { "class": "SYNTHESIZED: UNREPRESENTED-surface" }, "geometry": { "type": "LineString", "coordinates": [ [ 103.782597683633824, 1.334419764634565 ], [ 103.782599736152278, 1.334422787056298 ] ] } },
{ "type": "Feature", "properties": { "class": "SYNTHESIZED: UNREPRESENTED-surface" }, "geometry": { "type": "LineString", "coordinates": [ [ 103.782628321295192, 1.334466042094051 ], [ 103.782630706125246, 1.334469770031626 ] ] } },
{ "type": "Feature", "properties": { "class": "SYNTHESIZED: UNREPRESENTED-surface" }, "geometry": { "type": "LineString", "coordinates": [ [ 103.783207596828234, 1.335355609496126 ], [ 103.783209830066596, 1.335358905830896 ] ] } },
{ "type": "Feature", "properties": { "class": "SYNTHESIZED: OFFSET" }, "geometry": { "type": "LineString", "coordinates": [ [ 103.783243916650378, 1.335409218771266 ], [ 103.783241603315389, 1.335405804211358 ] ] } },
{ "type": "Feature", "properties": { "class": "SYNTHESIZED: UNREPRESENTED-surface" }, "geometry": { "type": "LineString", "coordinates": [ [ 103.7832979, 1.3354889 ], [ 103.7832979, 1.3354889 ] ] } },
{ "type": "Feature", "properties": { "class": "SYNTHESIZED: UNREPRESENTED-surface" }, "geometry": { "type": "LineString", "coordinates": [ [ 103.782828955909892, 1.335922087054021 ], [ 103.782831709942599, 1.335920948934975 ] ] } },
{ "type": "Feature", "properties": { "class": "SYNTHESIZED: UNREPRESENTED-surface" }, "geometry": { "type": "LineString", "coordinates": [ [ 103.782827647844655, 1.335922627619116 ], [ 103.782823800214345, 1.33592421767333 ] ] } },
{ "type": "Feature", "properties": { "class": "SYNTHESIZED: UNREPRESENTED-surface" }, "geometry": { "type": "LineString", "coordinates": [ [ 103.782643364983528, 1.335998783507488 ], [ 103.782639251152375, 1.336000483570233 ] ] } },
{ "type": "Feature", "properties": { "class": "SYNTHESIZED: UNREPRESENTED-surface" }, "geometry": { "type": "LineString", "coordinates": [ [ 103.782267647807927, 1.336128495484329 ], [ 103.782269235271713, 1.336131910267158 ] ] } },
{ "type": "Feature", "properties": { "class": "SYNTHESIZED: OFFSET" }, "geometry": { "type": "LineString", "coordinates": [ [ 103.7813082, 1.3365326 ], [ 103.7813082, 1.3365326 ] ] } },
{ "type": "Feature", "properties": { "class": "SYNTHESIZED: UNREPRESENTED-surface" }, "geometry": { "type": "LineString", "coordinates": [ [ 103.782251350988886, 1.336631968323739 ], [ 103.78224774679191, 1.336633306251471 ] ] } },
{ "type": "Feature", "properties": { "class": "SYNTHESIZED: UNREPRESENTED-surface" }, "geometry": { "type": "LineString", "coordinates": [ [ 103.782258243236612, 1.336629409826107 ], [ 103.782261899948338, 1.336628052404157 ] ] } },
{ "type": "Feature", "properties": { "class": "SYNTHESIZED: OFFSET" }, "geometry": { "type": "LineString", "coordinates": [ [ 103.783709108868578, 1.336100856646757 ], [ 103.783712595075087, 1.336099503435914 ] ] } },
{ "type": "Feature", "properties": { "class": "SYNTHESIZED: OFFSET" }, "geometry": { "type": "LineString", "coordinates": [ [ 103.783777, 1.3360918 ], [ 103.783777, 1.3360918 ] ] } },
{ "type": "Feature", "properties": { "class": "SYNTHESIZED: UNREPRESENTED-surface" }, "geometry": { "type": "LineString", "coordinates": [ [ 103.783872780661483, 1.336038952768875 ], [ 103.783876503739378, 1.33603764415587 ] ] } },
{ "type": "Feature", "properties": { "class": "SYNTHESIZED: UNREPRESENTED-surface" }, "geometry": { "type": "LineString", "coordinates": [ [ 103.784306725819491, 1.335890215772729 ], [ 103.784302923931037, 1.335891547126494 ] ] } },
{ "type": "Feature", "properties": { "class": "SYNTHESIZED: UNREPRESENTED-surface" }, "geometry": { "type": "LineString", "coordinates": [ [ 103.784547295703248, 1.335805972459905 ], [ 103.784551948952611, 1.335804342974094 ] ] } },
{ "type": "Feature", "properties": { "class": "SYNTHESIZED: UNREPRESENTED-surface" }, "geometry": { "type": "LineString", "coordinates": [ [ 103.785287679362838, 1.335546703027239 ], [ 103.7852842670722, 1.335547897952502 ] ] } }
]
}
