018906
018940
018951
018959
018974
018980
018981
019959
039805
048825
048941
048942
048979
048980
049034
049035
049036
049037
049327
049370
049371
049372
049373
049374
049377
049378
049379
049380
049381
049382
049383
049384
049385
049386
049387
049388
049389
049390
049391
049392
049393
049394
049395
049396
049397
049398
049400
049401
049403
049404
049405
049407
049409
049411
049412
049413
049415
049416
049417
049418
049419
049420
049421
049422
049423
049426
049427
049428
049429
049430
049431
049432
049513
049745
049747
049748
049817
049818
049820
049821
049822
049823
049824
049825
049826
049828
049829
049830
049831
049832
049833
049834
049835
049836
049837
049838
049839
049840
049841
049842
049843
049844
049845
049846
049847
049848
049849
049850
049851
049858
049873
058282
059568
059570
068897
069110
069111
069112
069114
069120
069545
069720
078881
078882
078883
078884
078885
079212
079424
079907
079994
079997
080109
082003
088660
088661
088702
089053
089054
089059
089070
089359
089360
089361
089362
089367
089368
089369
089370
089379
089381
090009
090011
090012
090013
090016
090017
090018
090020
090021
090026
090042
090101
090102
090103
090105
090109
090110
090113
090114
090115
091014
091016
091021
091023
098008
098022
098033
098034
098137
098139
098403
098404
098406
098465
098585
098632
098633
098686
098727
098730
098731
098732
098733
098734
098735
098736
098737
098738
098739
098740
098741
098742
098745
098747
098748
098749
098750
098751
098752
098753
098754
098771
098772
098773
098774
098801
098827
098833
098838
098857
098915
098917
098997
099107
099109
099111
099138
099163
099164
099165
099166
099167
099168
099169
099170
099171
099172
099196
099197
099199
099200
099201
099203
099204
099206
099207
099208
099209
099253
099254
099279
099280
099282
099283
099308
099309
099394
099450
099455
099457
099549
099567
099593
099696
099741
099744
099745
099746
099748
099749
099750
099754
099755
099756
099758
099759
099760
099761
099762
099763
099764
099765
099766
099777
099778
099779
099780
099781
099782
099783
099784
099785
099786
099787
099788
099789
099790
099791
099792
099794
099795
099796
099797
099798
099799
099800
099801
099802
100064
100073
100074
100090
100105
100110
101088
101092
101105
102104
102110
102111
103104
108933
108934
108935
108936
108937
109134
109178
109341
109350
109351
109352
109353
109355
109433
109441
109442
109443
109444
109452
109454
109673
109679
109680
109684
109685
109700
109701
109708
109757
109760
109761
109762
109764
109765
109766
109767
109840
109842
109923
110002
110013
110014
110015
110016
111016
117275
117285
117288
117289
117290
117291
117292
117352
117353
117361
117370
117371
117372
117382
117383
117384
117385
117411
117426
117427
117428
117429
117430
117431
117432
117440
117444
117445
117446
117447
117481
117484
117488
117491
117492
117503
117506
117509
117522
117526
117532
117533
117534
117538
117544
117546
117547
117548
117552
117556
117557
117559
117560
117566
117570
117576
117577
117578
117579
117580
117581
117582
117584
117585
117605
117608
117609
117621
117637
117638
117639
117640
117641
117642
117643
117644
117679
117680
117681
117682
117683
117688
117694
117695
117696
117697
117698
117699
117700
117701
117712
117713
117714
117715
117716
117822
117825
117826
117827
117828
117829
117835
117836
117837
117838
117839
117840
117841
117842
117843
117845
117868
117929
117930
117931
117932
117933
117934
117935
117936
117937
117938
117939
117940
118028
118029
118030
118031
118032
118034
118036
118038
118050
118052
118054
118056
118057
118076
118077
118078
118079
118080
118081
118082
118083
118084
118085
118086
118087
118088
118089
118090
118112
118113
118114
118115
118116
118161
118175
118194
118195
118196
118197
118198
118199
118200
118201
118202
118203
118204
118205
118206
118230
118254
118255
118304
118420
118422
118424
118426
118429
118451
118453
118479
118485
118504
118505
118506
118519
118520
118521
118523
118530
118535
118557
118558
118559
118560
118561
118562
118571
118572
118607
118609
118628
118647
118648
118649
118681
118682
118687
118693
118694
118695
118700
118707
118717
118728
118729
118730
118731
118732
118734
118735
118736
118737
118742
118769
118779
118781
118782
118783
118797
118811
118812
118813
118814
118823
118824
118825
118831
118833
118834
118836
118838
118840
118842
118843
118844
118846
118847
118848
118850
118851
118852
118853
118854
118856
118858
118859
118860
118861
118862
118866
118867
118868
118869
118870
118871
118872
118873
118874
118875
118876
118877
118878
118879
118880
118881
118882
118883
118884
118885
118886
118887
118888
118889
118890
118891
118892
118893
118894
118895
118896
118902
118903
118904
118905
118906
118907
118908
118917
118918
118919
118930
118931
118932
118938
118940
118941
118960
118964
118976
118977
118978
118979
118980
118981
118992
118993
119002
119004
119006
119008
119015
119016
119017
119018
119019
119020
119021
119022
119027
119028
119040
119044
119045
119046
119047
119048
119054
119055
119073
119076
119077
119080
119097
119098
119101
119112
119133
119151
119153
119155
119157
119170
119220
119221
119222
119223
119224
119227
119242
119243
119276
119344
119346
119348
119349
119350
119351
119352
119353
119354
119355
119356
119357
119358
119359
119360
119361
119362
119363
119364
119365
119366
119367
119368
119369
119370
119371
119372
119373
119374
119375
119376
119377
119378
119379
119380
119381
119382
119383
119384
119385
119386
119387
119388
119389
119408
119410
119424
119426
119427
119428
119429
119430
119431
119434
119475
119572
119573
119579
119613
119614
119617
119618
119620
119637
119639
119647
119664
119665
119666
119667
119668
119670
119687
119688
119689
119690
119691
119692
119693
119694
119695
119696
119697
119698
119699
119700
119701
119702
119703
119704
119705
119706
119708
119709
119710
119711
119712
119713
119714
119715
119716
119717
119718
119719
119720
119721
119722
119723
119724
119725
119726
119727
119728
119744
119747
119748
119749
119750
119751
119752
119753
119758
119779
119780
119781
119782
119783
119784
119785
119786
119787
119791
119792
119793
119794
119795
119844
119866
119887
119931
119932
119938
119953
119954
119961
119963
119964
119969
119970
119971
119972
119973
119974
119975
119976
119982
120208
120212
120213
120339
120340
120341
120371
120413
120418
120419
120423
120508
120509
120518
120519
120520
120604
120605
120613
120702
120703
120704
120705
120708
120709
120712
120801
121211
121420
121423
121801
122423
122801
123801
126740
126751
126752
126754
126755
126758
126764
126771
126777
126778
126786
126794
126799
126809
126810
126817
126818
126820
126822
126823
126824
126826
126827
126828
126833
126834
126836
126837
126838
126841
126844
126872
126873
126874
126888
126892
126893
126898
126904
126981
126995
127017
127018
127019
127020
127023
127135
127136
127137
127138
127139
127141
127142
127143
127144
127159
127160
127161
127194
127195
127211
127212
127213
127214
127215
127216
127217
127218
127219
127220
127221
127222
127223
127224
127225
127226
127228
127230
127232
127234
127236
127238
127240
127242
127244
127246
127248
127250
127260
127261
127262
127263
127264
127265
127266
127267
127268
127269
127270
127271
127272
127303
127308
127343
127357
127358
127359
127360
127366
127368
127390
127391
127409
127410
127411
127412
127416
127417
127418
127419
127420
127428
127429
127430
127431
127434
127435
127441
127443
127445
127446
127452
127453
127454
127455
127457
127458
127459
127461
127464
127465
127466
127468
127470
127472
127473
127474
127475
127476
127483
127485
127487
127492
127494
127496
127498
127500
127502
127510
127511
127512
127513
127514
127515
127516
127527
127528
127529
127530
127531
127532
127555
127557
127569
127571
127573
127575
127577
127579
127581
127583
127585
127587
127589
127591
127593
127595
127597
127599
127602
127603
127604
127651
127656
127657
127658
127659
127660
127661
127662
127663
127664
127665
127666
127667
127668
127669
127703
127704
127705
127706
127712
127713
127714
127715
127716
127718
127719
127720
127721
127722
127724
127725
127726
127727
127728
127732
127748
127749
127750
127751
127752
127754
127756
127758
127760
127762
127770
127772
127774
127776
127780
127782
127783
127784
127786
127788
127790
127812
127813
127814
127815
127816
127817
127818
127820
127822
127826
127828
127830
127832
127834
127835
127836
127838
127840
127862
127863
127864
127865
127879
127881
127882
127883
127884
127893
127895
127896
127897
127898
127899
127900
127901
127902
127903
127904
127905
127906
127907
127908
127909
127910
127911
127912
127913
127914
127920
127921
127922
127923
127924
127925
127926
127927
127928
127929
127930
127931
127932
127933
127934
127935
127936
127964
127966
127967
127968
127969
127970
127971
127972
127973
127974
127975
127976
127977
127978
127979
127997
127999
128001
128002
128015
128016
128017
128018
128019
128036
128043
128044
128046
128063
128064
128065
128066
128067
128068
128069
128070
128071
128072
128073
128074
128075
128076
128077
128078
128079
128080
128081
128082
128083
128084
128085
128086
128087
128088
128090
128092
128094
128095
128096
128097
128098
128099
128100
128101
128103
128104
128105
128128
128129
128130
128131
128132
128134
128135
128136
128138
128140
128142
128143
128145
128152
128154
128156
128157
128158
128159
128160
128161
128162
128164
128166
128168
128170
128171
128172
128173
128174
128175
128176
128177
128178
128179
128180
128181
128182
128183
128184
128186
128188
128220
128222
128224
128226
128252
128254
128255
128256
128257
128258
128260
128261
128262
128263
128264
128265
128266
128268
128269
128270
128271
128272
128273
128274
128275
128276
128277
128278
128279
128280
128281
128282
128283
128285
128288
128289
128292
128294
128296
128298
128300
128302
128304
128308
128316
128317
128318
128319
128321
128323
128325
128326
128328
128329
128331
128332
128334
128336
128337
128339
128341
128343
128344
128345
128350
128352
128354
128356
128357
128358
128359
128360
128361
128363
128365
128366
128368
128369
128372
128376
128383
128384
128388
128390
128391
128392
128393
128394
128400
128401
128402
128408
128416
128417
128423
128424
128426
128430
128431
128432
128433
128438
128439
128440
128441
128445
128446
128447
128461
128462
128463
128464
128466
128472
128473
128475
128476
128477
128496
128527
128529
128530
128533
128535
128536
128537
128538
128540
128542
128544
128545
128548
128549
128553
128554
128557
128558
128561
128563
128564
128566
128567
128568
128569
128570
128571
128572
128573
128574
128576
128577
128578
128579
128580
128581
128582
128583
128585
128588
128589
128591
128592
128593
128594
128615
128626
128634
128635
128636
128645
128646
128652
128653
128654
128655
128656
128657
128658
128660
128661
128662
128663
128732
128734
128736
128738
128740
128742
128744
128746
128748
128749
128750
128751
128752
128753
128754
128755
128757
128759
128761
128763
128764
128765
128771
128793
128794
128795
128796
128797
128798
128799
128800
128801
128802
128804
128805
128806
128808
128809
128810
128811
128812
128813
128816
128817
128818
128819
128820
128821
128823
128824
128825
128826
128827
128945
128946
128947
128949
128950
128951
128952
128953
128954
128955
128957
128958
128959
128960
128961
128962
128963
128964
128965
128966
128967
128968
128969
128970
128971
128972
128973
128974
128975
128978
128979
128980
128981
128982
128983
128984
128995
128998
129000
129001
129002
129003
129004
129005
129006
129007
129008
129017
129032
129033
129058
129062
129063
129070
129097
129099
129101
129102
129103
129104
129105
129106
129107
129108
129109
129110
129112
129120
129122
129125
129128
129162
129165
129166
129167
129168
129169
129170
129171
129172
129173
129174
129175
129176
129177
129178
129179
129180
129181
129182
129195
129204
129206
129207
129216
129217
129218
129219
129220
129221
129222
129223
129224
129225
129226
129227
129228
129229
129230
129231
129232
129233
129234
129235
129236
129405
129406
129407
129409
129410
129412
129413
129415
129416
129417
129421
129422
129424
129425
129426
129427
129428
129429
129430
129450
129452
129454
129456
129457
129458
129459
129460
129461
129462
129463
129464
129465
129466
129467
129468
129469
129470
129471
129472
129473
129474
129475
129476
129477
129478
129479
129481
129482
129486
129487
129488
129489
129490
129491
129492
129493
129494
129495
129526
129530
129532
129534
129536
129538
129543
129544
129545
129546
129547
129548
129549
129632
129633
129650
129752
129782
129790
129797
129799
129803
129805
129809
129810
129814
129881
129904
129955
129957
129960
129961
129962
129963
129964
130013
130035
130037
130038
130039
138497
138498
138528
138533
138537
138542
138543
138562
138563
138568
138588
138589
138592
138611
138612
138615
138622
138623
138628
138660
138664
138665
138667
138669
138673
138681
138682
138683
138685
138686
138687
138688
138689
138693
138695
138697
138698
138699
138700
138701
138702
138703
138704
138705
138706
138707
138751
138752
138753
138754
138755
138756
138757
138758
138759
138760
138761
138762
138763
138764
138809
138810
138811
138812
138813
138814
138815
138816
138821
138822
138823
138824
138825
138826
138828
138829
138830
138831
138832
138833
138834
138835
138836
138837
138838
138887
138888
138889
138890
138891
138892
138944
138947
139100
139101
139102
139103
139104
139105
139213
139214
139215
139216
139217
139218
139219
139225
139227
139228
139229
139230
139231
139232
139233
139234
139246
139247
139252
139253
139256
139295
139299
139402
139406
139451
139455
139456
139457
139458
139459
139460
139462
139463
139466
139467
139470
139471
139525
139579
139580
139581
139582
139583
139584
139585
139586
139587
139588
139593
139594
139595
139596
139597
139656
139663
139745
139790
139817
139835
139836
139837
139838
139839
139840
139841
139842
139843
139844
139845
139935
139937
139938
139939
139940
139941
139944
139946
139948
139950
139951
139959
139960
139961
139962
139965
139966
140023
140025
140043
140057
140061
140081
140083
140100
140101
140102
140103
140104
140131
140132
140185
140189
141026
141062
141103
141186
141204
141205
142041
142074
142075
142084
142093
142204
143043
143061
143083
144061
148800
148960
148961
149000
149001
149002
149004
149005
149006
149007
149008
149009
149010
149055
149056
149059
149072
149073
149154
149156
149158
149160
149162
149163
149164
149165
149166
149167
149168
149169
149170
149171
149253
149375
149376
149377
149378
149379
149380
149546
149547
149551
149554
149555
149596
149597
149598
149644
149735
149740
149860
149861
149862
149863
149864
149865
149866
149867
149868
149869
149870
149954
149955
149957
149958
149959
150038
150120
150122
150123
150125
150129
150137
150140
151008
151120
151121
151124
151125
151126
151128
151129
152095
152124
152125
152138
153095
158901
159013
159015
159017
159018
159021
159022
159024
159025
159026
159027
159028
159097
159102
159142
159144
159190
159191
159192
159193
159194
159306
159309
159346
159349
159357
159358
159360
159361
159402
159405
159407
159409
159455
159456
159465
159467
159470
159471
159543
159544
159546
159547
159548
159549
159550
159551
159553
159554
159555
159556
159557
159558
159562
159563
159637
159681
159682
159718
159719
159720
159723
159848
159883
159943
159944
159955
159956
159960
159963
159972
160001
160096
160104
160106
160108
160130
160133
160138
161002
161051
161105
161118
161133
161134
161139
162127
163078
163126
164118
164127
168581
168751
168752
168753
168789
168875
168877
168935
168936
168937
169073
169074
169078
169202
169203
169204
169205
169206
169207
169277
169278
169311
169423
169480
169481
169545
169587
169588
169609
169633
169640
169661
169690
169796
169831
169907
179429
179885
189685
190007
190009
190467
191463
198372
199018
199587
200818
200819
201818
207721
207723
207852
209082
209083
209307
209308
209309
209310
210018
210040
210056
211037
211039
212016
213018
217658
217659
217660
217661
217663
217755
218252
218254
218447
218451
218452
218453
218469
218502
218505
218507
218652
218653
218654
218655
218657
218915
218917
218919
218921
219013
219057
219062
219067
219250
219257
219258
219259
219260
219569
219570
219599
219601
219604
219606
219609
219610
219611
219612
219613
219614
219615
219616
219617
219618
219619
219620
219621
219627
219628
219649
219652
219653
219678
219679
219680
219681
219684
219687
219688
219689
219690
219691
219692
219693
219694
219695
219696
219697
219698
219699
219701
219703
219711
219714
219715
219749
227976
227987
227988
228001
228126
228219
228241
228242
228313
228314
228488
228517
228518
228519
228603
228636
228638
228640
228641
228642
228644
228646
228647
228649
228650
228868
228869
228870
228871
228872
228873
228874
228876
228877
228878
228879
228880
228881
228925
228926
228927
228928
228929
228931
228933
228935
228940
228942
229001
229004
229005
229006
229007
229008
229009
229010
229011
229012
229013
229014
229015
229016
229017
229018
229019
229020
229023
229024
229050
229051
229052
229053
229054
229055
229056
229057
229058
229059
229060
229061
229062
229063
229065
229067
229068
229069
229070
229071
229072
229073
229074
229075
229076
229098
229099
229100
229101
229102
229103
229104
229105
229106
229107
229108
229109
229110
229111
229112
229113
229116
229117
229160
229184
229185
229186
229188
229190
229192
229204
229206
229208
229212
229213
229214
229215
229216
229217
229218
229219
229220
229221
229260
229261
229262
229290
229292
229294
229295
229296
229298
229300
229302
229304
229306
229309
229310
229311
229312
229313
229314
229316
229323
229328
229330
229332
229334
229336
229468
229492
229546
229573
229627
229628
229722
229747
229837
229843
229847
229851
229944
229953
229955
229956
229957
237995
238098
238099
238100
238101
238103
238108
238112
238113
238115
238118
238120
238126
238139
238140
238141
238142
238143
238144
238145
238212
238213
238214
238215
238216
238236
238237
238243
238245
238247
238250
238252
238255
238259
238260
238363
238373
238432
238510
238512
238513
238514
238515
238539
238550
238551
238567
238568
238590
238596
238599
238619
238623
238624
238625
238626
238627
238631
238632
238633
238634
238635
238643
238645
238647
238649
238651
238653
238664
238665
238668
238669
238670
238671
238672
238673
238674
238675
238693
238694
238764
238765
238766
238767
238768
238769
238770
238771
238772
238773
238909
238910
238993
238995
238997
238999
239001
239002
239003
239006
239007
239013
239015
239070
239097
239098
239099
239100
239101
239102
239103
239104
239105
239106
239107
239114
239115
239116
239117
239118
239119
239120
239121
239122
239123
239124
239125
239126
239128
239195
239220
239222
239223
239270
239321
239328
239331
239333
239334
239378
239427
239527
239529
239533
239534
239535
239536
239537
239538
239539
239540
239541
239542
239543
239544
239546
239547
239548
239549
239550
239551
239553
239554
239555
239562
239565
239566
239571
239591
239638
239641
239664
239665
239666
239669
239670
239699
239700
239702
239704
239711
239756
239757
239758
239759
239760
239761
239762
239763
239786
239788
239789
239790
239791
239792
239793
239794
239795
239796
239797
239798
239799
239800
239801
239802
239803
239804
239805
239806
239807
239808
239809
239810
239811
239812
239813
239814
239815
239816
239817
239818
239819
239820
239845
239847
239848
239849
239850
239851
239852
239853
239855
239864
239877
239878
239879
239880
239881
239882
239883
239884
239885
239886
239893
239894
239895
239897
239899
239900
239949
239974
239975
240112
241112
247671
247672
247673
247676
247685
247688
247689
247692
247693
247713
247715
247716
247717
247722
247723
247725
247785
247854
247879
247880
247881
247882
247883
247884
247951
247952
247957
247961
247966
247967
247969
247971
247972
247973
247974
247975
247977
247978
247979
247980
247982
247983
247984
247985
247986
247987
247988
247989
247990
247991
247992
247993
247994
247995
247996
247997
247998
248019
248021
248022
248023
248024
248025
248026
248027
248113
248114
248116
248134
248137
248140
248159
248160
248163
248230
248231
248233
248235
248236
248238
248239
248240
248241
248242
248243
248244
248245
248246
248247
248248
248249
248260
248261
248263
248363
248365
248366
248367
248368
248369
248370
248373
248390
248391
248420
248421
248422
248423
248424
248425
248426
248427
248428
248429
248430
248433
248434
248435
248436
248438
248439
248441
248444
248445
248449
248450
248453
248466
248467
248468
248469
248471
248472
248473
248474
248475
248476
248477
248478
248479
248480
248481
248483
248484
248488
248494
248554
248555
248591
248592
248593
248618
248619
248621
248622
248623
248648
248668
248669
248674
248676
248677
248678
248679
248680
248681
248682
248683
248684
248685
248686
248687
248688
248689
248690
248691
248692
248693
248694
248695
248696
248706
248707
248708
248709
248710
248714
248715
248716
248726
248727
248728
248730
248732
248733
248734
248735
248736
248737
248738
248739
248742
248817
248819
248860
248861
248862
248863
248864
248865
248866
248867
248868
248869
248870
248871
248872
248873
248874
248875
248876
248877
248878
248879
248880
248881
248882
248883
248884
248885
248886
248887
248923
248927
248928
248931
248933
248935
249061
249062
249103
249105
249107
249109
249116
249161
249162
249163
249169
249170
249193
249196
249197
249198
249199
249200
249201
249202
249203
249205
249207
249208
249209
249210
249211
249212
249213
249215
249217
249219
249221
249222
249223
249225
249226
249249
249251
249253
249254
249255
249256
249257
249258
249259
249260
249261
249262
249263
249264
249265
249266
249267
249268
249269
249270
249271
249272
249273
249274
249275
249276
249277
249278
249279
249280
249281
249282
249283
249284
249285
249286
249287
249288
249289
249329
249330
249331
249332
249333
249334
249335
249336
249337
249338
249339
249340
249341
249342
249343
249344
249345
249346
249348
249350
249351
249352
249353
249355
249357
249359
249361
249363
249365
249367
249371
249372
249373
249374
249375
249376
249377
249378
249441
249442
249444
249445
249446
249469
249477
249478
249479
249480
249481
249482
249483
249484
249485
249486
249487
249488
249489
249490
249491
249492
249493
249494
249495
249496
249498
249499
249507
249511
249514
249515
249537
249565
249566
249568
249570
249575
249578
249585
249591
249592
249594
249595
249617
249618
249631
249633
249670
249679
249689
249690
249694
249695
249697
249746
249747
249748
249749
249750
249751
249752
249753
249754
249755
249756
249757
249758
249759
249760
249761
249762
249763
249764
249765
249766
249767
249768
249769
249775
249776
249777
249778
249785
249786
249789
249790
249791
249792
249793
249795
249797
249798
249839
249840
249841
249842
249843
249844
249845
249846
249847
249963
249965
249966
249967
249968
249990
249993
249994
249998
257460
257461
257462
257484
257485
257486
257487
257498
257513
257515
257516
257518
257520
257522
257524
257525
257526
257530
257534
257535
257536
257537
257556
257557
257558
257559
257560
257561
257562
257563
257564
257565
257586
257650
257662
257663
257721
257722
257724
257748
257749
257750
257751
257752
257753
257824
257825
257826
257828
257829
257830
257831
257840
257878
257905
257906
257909
257913
257990
257992
257996
258004
258006
258007
258008
258009
258010
258011
258024
258039
258121
258122
258125
258126
258127
258128
258129
258299
258301
258303
258308
258317
258318
258321
258324
258325
258326
258350
258352
258354
258363
258372
258373
258374
258376
258378
258379
258391
258401
258402
258461
258462
258463
258466
258470
258471
258477
258478
258479
258480
258484
258485
258500
258508
258540
258541
258543
258544
258545
258546
258547
258549
258550
258551
258552
258553
258554
258556
258558
258559
258560
258561
258562
258563
258564
258565
258566
258567
258568
258569
258570
258571
258572
258596
258599
258601
258602
258607
258608
258609
258610
258611
258702
258704
258705
258706
258708
258709
258710
258711
258798
258800
258802
258804
258806
258807
258808
258809
258810
258811
258812
258813
258814
258815
258816
258817
258818
258820
258821
258822
258823
258824
258825
258826
258852
258854
258855
258856
258857
258860
258861
258863
258865
258878
258879
258881
258882
258883
258884
258891
258892
258896
258897
258898
258899
258900
258901
258902
258903
258904
258905
258906
258909
258910
258911
258912
258913
258931
258932
258933
258934
258935
258936
258939
258991
258992
258993
258995
258997
258998
258999
259001
259028
259029
259238
259239
259240
259241
259242
259243
259244
259275
259278
259279
259283
259285
259288
259296
259306
259307
259313
259316
259324
259325
259326
259328
259333
259342
259346
259372
259374
259385
259387
259388
259389
259390
259396
259397
259398
259399
259400
259401
259402
259403
259404
259405
259406
259421
259541
259542
259543
259544
259545
259546
259547
259548
259549
259550
259551
259555
259585
259586
259619
259621
259622
259623
259624
259625
259626
259627
259628
259629
259630
259631
259634
259703
259704
259713
259715
259719
259724
259725
259738
259741
259781
259787
259792
259796
259798
259801
259803
259804
259805
259806
259807
259808
259809
259810
259811
259816
259819
259820
259830
259841
259844
259845
259846
259847
259848
259849
259851
259856
259859
259860
259861
259862
259864
259865
259886
259887
259888
259889
259895
259896
259900
259905
259910
259912
259913
259914
259915
259916
259928
259929
259947
259948
259953
259955
259959
259960
259978
260006
266077
266078
266221
266230
266260
266261
266262
266278
266279
266280
266281
266282
266283
266302
266357
266359
266368
266369
266370
266371
266372
266373
266374
266375
266376
266377
266378
266379
266380
266381
266382
266383
266384
266385
266386
266387
266388
266389
266390
266391
266392
266393
266394
266395
266396
266397
266398
266399
266400
266401
266403
266405
266407
266409
266411
266413
266415
266417
266419
266420
266421
266422
266423
266424
266425
266426
266427
266429
266431
266432
266433
266434
266435
266436
266437
266438
266439
266440
266441
266442
266443
266444
266445
266446
266447
266448
266449
266451
266453
266455
266457
266459
266460
266461
266462
266463
266464
266465
266466
266467
266468
266469
266478
266479
266480
266481
266483
266484
266485
266486
266488
266489
266530
266531
266532
266575
266576
266577
266600
266601
266746
266747
266748
266749
266750
266751
266752
266753
266754
266755
266767
266768
266769
266770
266771
266772
266780
266781
266795
266796
266797
266800
266804
266805
266806
266807
266808
266809
266810
266811
266812
266813
266814
266815
266816
266817
266818
266819
266820
266821
266822
266823
266824
266825
266826
266827
266828
266829
266830
266833
266834
266839
266840
266841
266845
266846
266848
266849
266860
266861
266862
266863
266864
266865
266866
266867
266868
266869
266870
266871
266872
266873
266874
266875
266876
266877
266878
266879
266880
266881
266882
267008
267009
267011
267012
267013
267016
267026
267027
267028
267029
267030
267031
267032
267033
267035
267036
267039
267040
267041
267042
267043
267045
267049
267050
267051
267052
267053
267055
267057
267059
267061
267128
267385
267387
267389
267392
267393
267395
267396
267398
267399
267400
267533
267549
267553
267555
267556
267559
267561
267611
267612
267613
267701
267702
267744
267745
267751
267752
267753
267770
267771
267772
267773
267774
267775
267776
267777
267778
267779
267780
267781
267782
267783
267784
267785
267786
267787
267788
267789
267790
267791
267792
267793
267794
267795
267796
267797
267798
267799
267800
267801
267802
267803
267804
267805
267806
267807
267808
267809
267810
267811
267812
267837
267857
267935
267936
268067
268070
268071
268072
268073
268074
268075
268076
268077
268078
268079
268080
268081
268082
268083
268084
268085
268086
268087
268088
268089
268090
268091
268092
268093
268094
268095
268096
268097
268098
268099
268100
268101
268102
268103
268104
268105
268106
268107
268108
268110
268111
268112
268113
268114
268115
268116
268117
268118
268119
268120
268124
268125
268126
268127
268128
268129
268130
268131
268132
268133
268134
268135
268136
268137
268142
268144
268145
268146
268147
268149
268150
268151
268152
268153
268154
268155
268156
268166
268167
268168
268169
268171
268174
268175
268176
268177
268178
268179
268180
268181
268182
268183
268184
268185
268186
268187
268188
268189
268190
268192
268193
268194
268363
268364
268369
268371
268373
268374
268380
268381
268382
268383
268384
268385
268387
268389
268390
268391
268392
268393
268395
268396
268397
268398
268399
268401
268402
268404
268405
268408
268410
268412
268414
268416
268420
268422
268435
268436
268437
268438
268439
268440
268441
268442
268444
268446
268459
268461
268565
268571
268577
268642
268663
268664
268666
268669
268670
268693
268695
268697
268698
268700
268701
268702
268703
268704
268706
268716
268719
268723
268741
268744
268745
268747
268778
268779
268781
268782
268783
268784
268786
268787
268788
268789
268790
268792
268793
268794
268795
268796
268797
268798
268799
268803
268831
268845
268846
268850
268852
268853
268988
268989
268994
269031
269032
269099
269100
269102
269106
269107
269108
269109
269110
269198
269199
269200
269216
269237
269240
269242
269440
269441
269634
269635
269636
269637
269639
269641
269675
269783
269854
269929
269934
269944
269967
269968
269969
269970
269971
269972
269973
269974
269975
269976
269977
269978
269979
269980
269981
269982
270017
270018
270024
270026
270027
270028
270029
270032
270033
271022
271023
271029
271031
271032
271033
271048
271050
272031
272033
273031
275750
275758
275771
275772
275773
275774
275786
275787
275788
275789
275790
275791
275825
275826
275829
275830
275900
275901
275902
275903
275904
275905
275906
275907
275984
276205
276207
276209
276211
276213
276215
276217
276219
276221
276223
276225
276227
276229
276231
276233
276235
276280
276281
276282
276283
276284
276285
276286
276287
276288
276289
276301
276302
276303
276309
276314
276337
276338
276340
276341
276342
276343
276345
276347
276349
276350
276352
276545
276553
276566
276567
276568
276569
276570
276571
276572
276573
276575
276576
276577
276582
276583
276600
276601
276602
276603
276604
276609
276611
276616
276618
276620
276621
276622
276632
276649
276651
276660
276661
276678
276692
276693
276695
276696
276698
276719
276728
276730
276732
276751
276763
276765
276766
276767
276768
276769
276782
276783
276784
276785
276788
276789
276790
276807
276808
276809
276810
276811
276812
276813
276814
276815
276816
276817
276818
276819
276820
276821
276822
276839
276843
276863
276864
276868
276870
276871
276873
276875
276877
276898
276952
276953
276954
276955
276959
277000
277001
277003
277005
277006
277007
277008
277009
277010
277011
277012
277013
277014
277015
277050
277053
277054
277057
277058
277060
277061
277093
277095
277097
277099
277101
277104
277106
277108
277112
277113
277114
277115
277117
277118
277145
277164
277175
277176
277178
277180
277229
277231
277233
277235
277238
277240
277256
277258
277259
277260
277261
277262
277263
277264
277265
277266
277267
277268
277269
277270
277271
277272
277273
277274
277275
277276
277277
277278
277279
277292
277293
277294
277295
277296
277298
277299
277310
277311
277312
277313
277314
277315
277316
277317
277318
277319
277320
277321
277322
277323
277324
277325
277326
277327
277328
277342
277344
277345
277346
277347
277348
277349
277350
277351
277352
277353
277354
277355
277356
277372
277374
277376
277378
277380
277381
277383
277392
277394
277396
277398
277406
277408
277410
277418
277419
277420
277421
277422
277423
277424
277425
277426
277427
277428
277429
277430
277431
277432
277433
277434
277435
277437
277439
277441
277443
277444
277445
277446
277448
277450
277457
277459
277461
277463
277469
277470
277471
277472
277473
277474
277475
277476
277477
277478
277479
277480
277503
277504
277505
277507
277508
277509
277510
277511
277512
277513
277514
277515
277516
277517
277518
277519
277521
277522
277523
277524
277526
277527
277528
277534
277535
277546
277548
277549
277550
277551
277552
277553
277554
277555
277578
277581
277612
277614
277773
277774
277775
277776
277777
277778
277779
277780
277781
277782
277783
277784
277785
277786
277787
277788
277789
277858
277859
277860
277861
277867
277868
277879
277883
277884
278091
278092
278093
278148
278197
278199
278253
278255
278293
278295
278297
278306
278308
278309
278310
278311
278312
278313
278314
278315
278316
278317
278320
278331
278348
278350
278351
278352
278353
278354
278355
278356
278357
278358
278359
278360
278361
278363
278374
278389
278391
278393
278395
278397
278398
278399
278400
278401
278402
278403
278416
278418
278420
278422
278433
278437
278442
278459
278461
278463
278465
278467
278473
278536
278537
278539
278544
278546
278548
278550
278552
278553
278554
278555
278556
278559
278561
278563
278569
278598
278599
278607
278609
278631
278633
278634
278635
278636
278638
278640
278677
278678
278679
278704
278707
278708
278710
278711
278712
278713
278714
278715
278716
278717
278718
278731
278732
278735
278737
278738
278741
278743
278744
278745
278746
278755
278771
278772
278774
278775
278777
278781
278791
278793
278794
278795
278796
278797
278798
278799
278802
278803
278804
278805
278817
278818
278819
278820
278852
278854
278869
278870
278871
278874
278875
278876
278877
278884
278885
278886
278887
278888
278889
278890
278891
278892
278893
278894
278895
278896
278897
278898
278899
278900
278901
278902
278903
278904
278905
278906
278907
278910
278911
278912
278916
278918
278920
279012
279013
279014
279015
279017
279018
279019
279020
279021
279022
279023
279024
279025
279026
279027
279028
279044
279046
279050
279052
279063
279065
279067
279069
279103
279105
279110
279112
279113
279114
279115
279117
279119
279121
279122
279123
279124
279125
279126
279127
279128
279129
279130
279131
279132
279133
279137
279139
279140
279147
279149
279150
279151
279152
279153
279161
279220
279241
279242
279243
279244
279245
279246
279248
279250
279252
279307
279309
279327
279328
279330
279332
279333
279334
279335
279336
279338
279340
279342
279363
279364
279461
279463
279464
279465
279466
279467
279468
279469
279470
279471
279472
279473
279622
279623
279656
279665
279666
279667
279668
279669
279670
279671
279672
279673
279674
279675
279676
279677
279678
279682
279683
279684
279685
279686
279687
279800
279801
279802
279803
279804
279805
279806
279808
279809
279810
279811
279812
279813
279814
279816
279833
279835
279837
279839
279840
279842
279843
279862
279913
279914
279915
279916
279918
279920
279922
279926
279927
279928
279931
279954
279955
279956
279958
279991
279994
279995
286647
286648
286653
286654
286730
286734
286735
286736
286750
286751
286752
286753
286754
286755
286756
286774
286775
286776
286777
286778
286888
286889
287230
287232
287234
287236
287237
287239
287241
287243
287245
287253
287255
287259
287260
287261
287262
287308
287309
287314
287315
287317
287318
287319
287320
287323
287324
287325
287327
287328
287329
287330
287332
287333
287334
287384
287392
287393
287394
287395
287396
287397
287398
287399
287400
287401
287402
287403
287516
287517
287518
287519
287524
287526
287528
287530
287532
287533
287534
287535
287536
287537
287540
287653
287655
287657
287659
287663
287665
287667
287669
287671
287673
287675
287677
287680
287682
287684
287686
287726
287728
287730
287732
287734
287735
287736
287737
287738
287739
287740
287741
287742
287743
287744
287745
287746
287747
287748
287749
287773
287776
287777
287778
287779
287780
287781
287782
287783
287784
287785
287786
287787
287788
287790
287792
287794
287796
287798
287800
287802
287819
287820
287840
287841
287842
287843
287844
287845
287846
287847
287848
287849
287850
287851
287852
287853
287854
287855
287856
287857
287858
287859
287860
287861
287863
287870
287891
287893
288086
288087
288089
288090
288091
288092
288093
288096
288097
288098
288100
288101
288102
288103
288141
288142
288146
288286
288287
288288
288289
288290
288291
288297
288298
288299
288304
288305
288306
288307
288350
288353
288370
288374
288375
288376
288377
288378
288383
288407
288408
288411
288413
288438
288439
288440
288455
288475
288476
288477
288478
288479
288480
288481
288482
288483
288484
288497
288498
288499
288500
288501
288502
288503
288525
288526
288527
288533
288534
288535
288612
288614
288616
288617
288618
288619
288620
288621
288623
288625
288682
288684
288685
288686
288687
288688
288689
288690
288691
288692
288695
288698
288700
288702
288704
288706
288708
288710
288712
288714
288735
288737
288753
288754
288755
288756
288757
288758
288759
288760
288761
288762
288763
288764
288802
288804
288829
288831
288834
288835
288837
288838
288840
288841
288842
288843
288844
288846
288848
288851
288852
288853
288854
288855
288856
288857
288858
288859
288860
288861
288862
288863
288864
288865
288866
288867
288868
288869
288870
288871
288905
288906
288907
288908
288909
288910
288912
288913
288914
289599
289604
289619
289620
289621
289622
289623
289625
289626
289627
289628
289672
289676
289684
289813
289815
289816
289817
289818
289819
289820
289821
289882
289883
289884
289896
289901
289903
289921
289922
289923
289924
289927
289936
289937
289964
297619
297629
297630
297644
297645
297646
297647
297648
297649
297650
297655
297656
297657
297658
297659
297660
297661
297662
297663
297664
297665
297666
297667
297668
297715
297716
297717
297718
297721
297722
297729
297732
297738
297745
297748
297749
297754
297760
297761
297762
297763
297764
297766
297768
297770
297772
297800
297801
297804
297806
297823
297824
297832
297835
297850
297853
298023
298025
298029
298031
298039
298041
298042
298043
298044
298045
298046
298047
298048
298049
298050
298051
298063
298065
298067
298069
298071
298094
298095
298130
298133
298135
298136
298137
298140
298179
298182
298183
298187
298188
298189
298190
298191
298201
298202
298203
298204
298205
298254
298255
298256
298257
298259
298260
298261
298262
298263
298264
298265
298266
298268
298269
298271
298273
298274
298275
298277
298278
298297
298334
298409
298410
298411
298412
298413
298414
298415
298416
298417
298418
298419
298420
298421
298422
298423
298424
298425
298426
298427
298428
298503
298504
298505
298506
298507
298509
298510
298511
298512
298513
298514
298515
298516
298517
298518
298523
298524
298525
298530
298531
298537
298539
298547
298548
298549
298550
298551
298572
298573
298574
298575
298576
298577
298578
298599
298600
298601
298602
298603
298604
298605
298606
298607
298608
298609
298610
298611
298612
298613
298614
298615
298671
298672
298695
298696
298697
298698
298699
298705
298714
298721
298722
298726
298727
298731
298732
298736
298737
298738
298743
298744
298745
298746
298747
298749
298750
298751
298752
298887
298889
298890
298892
298893
298894
298895
298896
298897
298898
298899
298900
298901
298903
298904
298915
298916
298917
298918
298919
298920
298921
298922
298923
298924
298925
298926
298927
298928
298940
298966
298967
298971
298972
298974
298975
298976
298977
298979
298980
298981
298982
298983
298984
298988
298989
298992
299069
299071
299109
299110
299111
299112
299113
299114
299115
299116
299117
299118
299119
299121
299122
299123
299128
299132
299440
299442
299453
299465
299466
299505
299527
299528
299529
299530
299531
299532
299544
299545
299547
299548
299549
299550
299593
299594
299595
299616
299617
299619
299743
299744
299745
299747
299749
299750
299751
299752
299753
299754
299755
299762
299763
299764
299765
299767
299791
299793
299799
299800
299801
299802
299803
299806
299807
299809
299818
299838
299839
299871
299877
299878
299880
299881
299882
299883
299884
299885
299886
299888
299889
299890
299891
299893
299894
299896
299920
299924
299925
299927
299928
299929
299932
299933
299934
299935
299939
299940
299943
299945
299947
299949
299950
299975
299976
299977
299978
299980
299985
307392
307393
307394
307395
307396
307397
307398
307399
307400
307401
307403
307404
307405
307422
307427
307428
307429
307434
307435
307436
307437
307438
307439
307440
307447
307454
307455
307456
307457
307458
307459
307465
307467
307509
307510
307512
307516
307518
307519
307520
307522
307653
307668
307677
307678
307701
307706
307707
307708
307709
307710
307711
307712
307713
307714
307715
307716
307717
307718
307719
307720
307722
307723
307725
307726
307728
307743
307746
307748
307754
307758
307759
307760
307762
307830
307831
307832
307833
307835
307836
307855
307856
307858
307876
307878
307963
307964
307965
307971
307987
307988
307992
307993
307994
308080
308141
308142
308184
308185
308216
308271
308272
308274
308298
308299
308301
308302
308342
308345
308346
308347
308349
308353
308362
308363
308364
308365
308366
308436
308438
308439
308456
308459
308462
308526
308527
308528
308536
308537
308559
308560
308561
308562
308564
308566
308567
308569
308570
308571
308572
308573
308574
308576
308577
308578
308579
308580
308581
308582
308583
308584
308585
308610
308612
308638
308639
308641
308643
308644
308649
308650
308652
308654
308656
308658
308660
308662
308675
308702
308706
308708
308710
308712
308716
308718
308719
308720
308721
308722
308723
308724
308726
308727
308728
308823
308825
308827
308831
308832
308833
308834
308835
308836
308837
308863
308864
308865
308866
308867
308868
308869
308870
308871
308872
308873
308874
308875
308876
308877
308878
308879
308899
308900
308950
308951
308952
308953
308954
308955
308956
308957
308958
308959
308960
308961
308962
308963
308964
308965
308966
308967
308968
308969
308970
308971
308972
308973
308974
308975
308977
308979
309062
309063
309068
309069
309070
309071
309072
309073
309074
309075
309076
309078
309079
309080
309081
309082
309083
309094
309097
309098
309103
309104
309105
309106
309107
309108
309111
309113
309114
309118
309119
309120
309121
309122
309123
309128
309129
309130
309131
309132
309133
309138
309139
309140
309171
309173
309174
309175
309176
309177
309178
309179
309181
309182
309183
309184
309185
309186
309187
309188
309189
309192
309193
309198
309205
309206
309211
309212
309213
309214
309215
309216
309217
309218
309219
309220
309221
309222
309223
309224
309225
309226
309228
309229
309230
309231
309232
309233
309234
309235
309236
309237
309238
309239
309240
309241
309242
309243
309244
309245
309246
309247
309248
309249
309250
309251
309252
309253
309254
309255
309256
309257
309258
309259
309260
309261
309262
309263
309264
309265
309266
309267
309268
309269
309270
309271
309272
309273
309274
309275
309276
309277
309278
309304
309306
309307
309311
309340
309357
309358
309367
309369
309370
309371
309372
309373
309374
309375
309376
309377
309378
309379
309380
309381
309382
309383
309384
309385
309386
309387
309388
309389
309390
309391
309392
309393
309394
309395
309396
309397
309398
309399
309400
309401
309402
309403
309408
309423
309426
309427
309428
309429
309430
309458
309462
309466
309489
309490
309491
309492
309493
309494
309495
309496
309497
309498
309499
309500
309501
309502
309503
309572
309574
309576
309596
309597
309598
309605
309606
309607
309608
309609
309610
309611
309612
309613
309614
309615
309616
309617
309618
309619
309620
309621
309622
309629
309630
309631
309632
309633
309634
309646
309647
309654
309655
309657
309658
309660
309661
309662
309663
309664
309665
309666
309667
309668
309669
309670
309671
309672
309673
309674
309675
309676
309677
309678
309679
309680
309681
309682
309683
309684
309685
309686
309699
309702
309704
309705
309707
309708
309709
309710
309711
309712
309713
309714
309715
309716
309717
309718
309719
309724
309741
309742
309743
309744
309745
309746
309747
309748
309749
309751
309752
309755
309756
309757
309758
309759
309760
309761
309762
309763
309764
309765
309766
309767
309768
309771
309772
309773
309776
309779
309781
309787
309803
309805
309809
309810
309811
309812
309813
309818
309819
309820
309821
309840
309841
309847
309849
309868
309917
309918
309919
309936
309937
309940
309953
309976
309977
309978
309979
310007
310008
310010
310011
310029
310039
310048
310169
310170
310171
310174
310195
310211
310212
310213
310214
310215
310217
310223
310229
310233
310234
310241
310242
310251
310252
310254
310265
310271
310272
310273
310405
310406
311007
311010
311039
311093
311171
311172
311195
311227
311228
311233
311272
311273
312010
312039
318992
319001
319002
319053
319054
319056
319057
319058
319060
319062
319063
319076
319260
319263
319320
319400
319459
319513
319773
319941
319944
319975
320006
320023
320026
320039
320076
320077
320078
320085
320087
320088
320097
320100
320117
320129
320130
320131
320132
320133
320134
320140
320141
321078
321098
321103
321106
321109
321110
321128
321131
321132
322018
322078
322132
322141
327737
327847
327848
327849
327873
327950
328003
328006
328007
328071
328073
328105
328182
328190
328200
328201
328202
328203
328206
328208
328210
328231
328247
328429
328453
328457
328458
328459
328460
328461
328462
328468
328469
328470
328471
328474
328476
328477
328479
328480
328481
328482
328483
328484
328485
328486
328487
328488
328489
328494
328495
328496
328497
328498
328499
328640
328688
328689
328743
328778
328779
328780
328781
328782
328783
328812
328813
328815
328816
328817
328858
328860
328862
328864
328866
328868
328870
328871
328873
328958
328990
328992
328994
329001
329009
329010
329011
329012
329013
329014
329015
329016
329017
329018
329019
329020
329021
329102
329111
329112
329113
329134
329137
329138
329141
329154
329192
329215
329216
329217
329331
329332
329333
329335
329336
329337
329338
329339
329340
329341
329342
329343
329510
329512
329513
329514
329515
329516
329517
329550
329609
329680
329684
329776
329778
329811
329812
329816
329820
329909
329910
329975
329976
329977
329979
330054
330058
331038
331039
332038
338715
338986
338987
338988
339155
339157
339158
339159
339164
339166
339168
339170
339172
339176
339177
339211
339212
339213
339263
339279
339339
339341
339346
339347
339349
339350
339353
339410
339411
339412
339414
339415
339416
339417
339418
339420
339504
339508
339510
339562
339564
339626
339683
339689
339694
339695
339696
339697
339698
339699
339700
339702
339703
339704
339705
339706
339707
339708
339709
339710
339711
339715
339837
339838
339839
339840
339841
339842
339843
339846
339847
339850
339851
339852
339854
339855
339945
340105
340106
340110
340113
340115
340116
340117
341105
341109
341110
341111
341112
341115
342105
342108
342109
342110
342111
342112
347474
347475
347478
347480
347482
347483
347484
347485
347493
347494
347495
347532
347533
347534
347536
347537
347538
347539
347540
347541
347542
347543
347544
347546
347548
347550
347551
347553
347555
347558
347559
347560
347561
347562
347563
347564
347565
347566
347568
347569
347570
347574
347575
347576
347577
347578
347579
347580
347581
347583
347587
347591
347593
347603
347610
347611
347612
347613
347720
347722
347772
347773
347774
347775
347776
347777
347778
347779
347781
347783
347784
347785
347786
347787
347788
347789
347790
347794
347796
347807
347810
347938
347940
347942
347944
347946
347948
347950
347952
347954
347956
347958
347960
347961
347996
347997
347998
348000
348001
348002
348003
348004
348005
348012
348037
348038
348039
348040
348041
348042
348043
348044
348045
348046
348047
348048
348049
348050
348051
348052
348053
348054
348055
348056
348057
348058
348059
348060
348061
348062
348063
348064
348065
348066
348068
348069
348070
348071
348072
348073
348077
348078
348079
348080
348081
348082
348083
348084
348085
348086
348087
348088
348089
348090
348091
348092
348093
348109
348110
348111
348112
348113
348114
348115
348116
348117
348118
348119
348120
348121
348122
348123
348124
348125
348126
348127
348128
348129
348130
348131
348132
348133
348134
348135
348136
348137
348138
348139
348140
348141
348142
348143
348146
348149
348151
348152
348153
348154
348155
348156
348157
348158
348159
348160
348161
348162
348163
348164
348165
348166
348167
348171
348172
348173
348175
348177
348178
348179
348181
348182
348183
348185
348186
348188
348189
348190
348191
348193
348194
348225
348227
348279
348287
348303
348304
348305
348306
348307
348308
348309
348310
348311
348312
348313
348314
348315
348316
348317
348319
348321
348350
348351
348356
348357
348364
348366
348368
348370
348372
348374
348376
348389
348391
348408
348409
348410
348411
348412
348417
348418
348419
348420
348421
348422
348455
348456
348524
348525
348538
348539
348540
348542
348544
348567
348570
348571
348572
348573
348575
348576
348577
348578
348579
348580
348581
348582
348583
348597
348599
348601
348603
348605
348607
348608
348666
348667
348668
348669
348743
348744
348745
348779
348781
348784
348786
348787
348788
348789
348790
348791
348793
348794
348795
348796
348797
348798
348799
348800
348802
348804
348805
348806
348807
348808
348809
348810
348811
348812
348813
348814
348815
348816
348817
348818
348820
348822
348824
348826
348828
348831
348833
348835
348837
348839
348848
348858
348859
348860
348871
348872
348873
348874
348875
348876
348877
348878
348879
348880
348881
348882
348884
348886
348888
348889
348890
348891
348892
348893
348894
348895
348896
348897
348898
348899
348911
348912
348949
348950
348951
348952
348953
348954
348955
348971
348973
348974
348975
348976
348997
349030
349031
349032
349033
349034
349069
349071
349074
349076
349216
349247
349248
349256
349257
349276
349277
349278
349279
349282
349283
349307
349309
349312
349313
349314
349315
349316
349318
349321
349323
349324
349326
349328
349387
349388
349425
349430
349472
349478
349481
349518
349532
349553
349562
349568
349570
349572
349574
349609
349610
349611
349612
349613
349614
349615
349616
349617
349620
349621
349633
349635
349637
349656
349658
349660
349662
349664
349667
349668
349669
349670
349671
349672
349673
349674
349675
349676
349677
349678
349680
349681
349682
349683
349684
349685
349686
349687
349688
349689
349690
349692
349700
349769
349770
349771
349773
349776
349777
349779
349786
349800
349802
349804
349806
349808
349810
349812
349814
349816
349818
349826
349866
349874
349875
349877
349878
349879
349882
349883
349884
349885
349886
349887
349888
349889
349890
349891
349893
349895
349897
349899
349901
349903
349905
349907
349909
349911
349913
349915
349917
349918
349919
349920
349921
349922
349923
349924
349925
349926
349927
349932
349933
349934
349935
349936
349937
349938
349939
349940
349952
349953
350114
357651
357678
357685
357689
357690
357694
357709
357710
357717
357718
357727
357729
357730
357731
357732
357733
357735
357738
357741
357826
357827
357828
357829
357830
357831
357832
357833
357834
357837
357839
357841
357844
357847
357848
357849
357850
357851
357852
357853
357858
357863
357864
357865
357866
357867
357874
357875
357876
357877
357901
357903
357905
357907
357916
357920
357922
357961
357970
357972
357974
357986
357987
357988
357989
357995
357996
357997
357998
358020
358022
358024
358026
358028
358030
358032
358034
358036
358038
358042
358043
358044
358049
358053
358054
358096
358099
358100
358102
358103
358104
358106
358137
358139
358140
358141
358142
358143
358144
358145
358146
358147
358148
358149
358151
358153
358178
358181
358185
358186
358188
358190
358191
358192
358193
358194
358195
358196
358197
358198
358205
358206
358207
358208
358209
358210
358211
358212
358213
358214
358215
358216
358217
358218
358222
358223
358224
358234
358235
358236
358237
358238
358239
358240
358241
358242
358243
358244
358246
358247
358249
358250
358251
358252
358253
358254
358255
358256
358257
358260
358261
358262
358264
358268
358271
358272
358273
358274
358275
358276
358277
358278
358279
358280
358281
358282
358283
358284
358285
358286
358287
358288
358289
358290
358291
358292
358293
358294
358295
358296
358298
358300
358302
358304
358305
358306
358307
358308
358310
358311
358394
358395
358396
358397
358416
358417
358419
358421
358422
358423
358424
358425
358426
358428
358429
358430
358431
358433
358434
358435
358436
358473
358498
358499
358500
358501
358502
358508
358510
358511
358512
358513
358515
358516
358517
358518
358549
358551
358553
358555
358557
358559
358560
358564
358610
358620
358652
358654
358677
358678
358679
358684
358697
358698
358699
358700
358701
358702
358703
358704
358705
358706
358707
358708
358709
358710
358711
358712
358713
358714
358715
358716
358717
358718
358719
358720
358721
358722
358723
358724
358725
358726
358727
358728
358729
358730
358731
358732
358733
358734
358735
358736
358737
358738
358739
358740
358741
358742
358743
358744
358745
358746
358747
358748
358749
358750
358751
358752
358753
358754
358755
358760
358761
358762
358763
358764
358765
358766
358767
358768
358769
358772
358773
358774
358775
358776
358777
358778
358779
358780
358781
358782
358783
358784
358785
358786
358787
358788
358789
358790
358791
358792
358793
358794
358795
358796
358797
358798
358799
358800
358801
358802
358884
358886
358888
358890
358892
358894
358896
358898
358899
358900
358901
358902
358903
358904
358905
358907
358908
358909
358910
358911
358912
358913
358914
358915
358916
358917
358918
358919
358920
358921
358922
358923
358924
358925
358926
358927
358928
358929
358930
358931
358932
358933
358934
358936
358937
358939
358940
358989
358990
358991
358993
358995
358997
358999
359001
359003
359005
359007
359009
359010
359011
359012
359013
359014
359015
359016
359017
359018
359019
359021
359022
359023
359025
359027
359029
359031
359033
359067
359068
359069
359070
359071
359072
359073
359074
359075
359076
359078
359104
359105
359106
359108
359109
359110
359111
359112
359113
359114
359115
359116
359117
359118
359119
359120
359121
359122
359123
359124
359125
359126
359127
359128
359130
359131
359132
359133
359134
359135
359149
359150
359151
359152
359153
359154
359157
359158
359159
359160
359161
359162
359176
359178
359180
359182
359184
359185
359187
359189
359191
359193
359215
359217
359219
359220
359221
359222
359223
359224
359225
359226
359227
359228
359229
359231
359232
359233
359234
359235
359236
359237
359238
359239
359240
359241
359242
359244
359245
359246
359247
359248
359249
359250
359251
359252
359253
359254
359255
359256
359257
359258
359260
359262
359264
359340
359341
359367
359368
359369
359370
359371
359372
359373
359374
359377
359379
359401
359405
359406
359424
359425
359426
359427
359428
359430
359431
359432
359433
359434
359435
359436
359437
359438
359439
359440
359441
359442
359443
359480
359481
359482
359483
359484
359485
359486
359487
359488
359489
359490
359491
359493
359494
359495
359496
359497
359498
359500
359502
359503
359504
359505
359506
359507
359508
359509
359510
359511
359512
359513
359514
359515
359516
359517
359518
359519
359520
359521
359522
359523
359524
359525
359526
359527
359528
359529
359530
359531
359532
359533
359534
359535
359536
359537
359538
359540
359541
359542
359543
359544
359545
359565
359566
359600
359601
359602
359603
359604
359605
359606
359607
359608
359609
359610
359613
359615
359617
359619
359643
359648
359651
359652
359655
359656
359659
359696
359735
359737
359739
359741
359743
359745
359746
359747
359748
359749
359757
359758
359760
359761
359773
359781
359782
359783
359784
359833
359907
359908
359909
359910
359911
359912
359919
359920
359922
359923
359924
359926
359928
359939
359940
359954
359955
359956
360005
360010
360019
360020
360021
360081
360212
361083
361215
362213
362214
362215
363214
363215
367794
367820
367828
367829
367831
367833
367834
367835
367892
367893
367895
367996
368001
368057
368058
368059
368078
368082
368083
368088
368112
368113
368114
368115
368116
368138
368139
368173
368175
368181
368315
368316
368317
368318
368319
368320
368324
368361
368362
368386
368387
368388
368389
368390
368391
368392
368393
368394
368395
368421
368423
368424
368425
368426
368427
368428
368429
368430
368431
368432
368433
368434
368435
368437
368444
368457
368463
368465
368467
368468
368469
368471
368473
368495
368497
368499
368501
368503
368505
368507
368509
368511
368512
368514
368516
368518
368520
368522
368548
368549
368550
368551
368554
368555
368556
368557
368558
368559
368560
368561
368562
368563
368564
368565
368566
368567
368568
368569
368570
368571
368572
368573
368574
368575
368576
368577
368578
368579
368580
368581
368582
368583
368584
368585
368586
368587
368588
368589
368590
368591
368592
368594
368595
368596
368597
368598
368659
368661
368663
368673
368675
368677
368679
368681
368683
368684
368685
368686
368687
368688
368722
368810
368812
368813
368814
368815
368816
368817
368818
368888
368889
368890
368891
368892
368893
368894
368895
368896
368897
368898
368899
368900
368901
368902
368903
368904
368905
368906
368907
368933
368934
368935
368936
368937
368938
368939
368940
368941
368942
368943
368944
368945
368946
368967
368968
368969
368970
368971
368973
368975
368976
368977
368979
368981
368985
368986
368987
368988
368989
368994
369029
369030
369031
369032
369033
369034
369035
369036
369037
369039
369040
369041
369042
369043
369044
369076
369077
369078
369079
369080
369081
369082
369083
369167
369169
369171
369173
369175
369177
369178
369179
369180
369181
369190
369191
369192
369193
369194
369195
369196
369197
369198
369199
369200
369233
369235
369237
369244
369249
369251
369252
369254
369255
369256
369257
369258
369259
369260
369261
369262
369263
369264
369265
369266
369267
369268
369269
369270
369271
369272
369273
369274
369275
369276
369277
369278
369279
369280
369281
369282
369283
369284
369285
369286
369287
369288
369289
369290
369291
369292
369293
369294
369295
369296
369297
369298
369299
369300
369301
369302
369303
369304
369305
369306
369307
369308
369309
369310
369311
369312
369313
369363
369364
369370
369377
369378
369379
369380
369382
369383
369385
369386
369387
369388
369389
369390
369391
369392
369393
369394
369395
369396
369397
369398
369399
369400
369401
369402
369403
369404
369405
369451
369453
369455
369457
369459
369461
369462
369463
369464
369465
369466
369468
369470
369471
369472
369473
369474
369475
369476
369477
369478
369480
369482
369483
369484
369485
369486
369487
369488
369489
369490
369491
369492
369493
369494
369497
369573
369707
369708
369709
369710
369711
369712
369736
369737
369738
369739
369740
369741
369742
369743
369744
369745
369746
369747
369748
369749
369750
369751
369752
369753
369754
369755
369756
369757
369758
369759
369760
369761
369762
369763
369764
369765
369766
369767
369768
369769
369770
369771
369772
369773
369774
369775
369776
369777
369778
369779
369780
369781
369782
369812
369814
369818
369820
369822
369823
369824
369825
369826
369827
369828
369829
369830
369831
369832
369833
369834
369835
369836
369837
369838
369839
369840
369841
369842
369843
369844
369845
369846
369847
369848
369849
369850
369851
369852
369853
369854
369855
369856
369857
369858
369859
369860
369861
369862
369863
369864
369865
369866
369867
369868
369894
369895
369896
369897
369898
369899
369900
369901
369902
369903
369904
369905
369906
369907
369908
369909
369910
369911
369912
369913
369914
369915
369916
369917
370013
370019
370020
370021
380036
380095
380097
380111
380113
380114
380115
380116
380117
380119
380130
381097
381116
381117
381121
381122
381123
381124
382037
382116
387293
387298
387299
387380
387386
387390
387391
387396
387420
387421
387422
387429
387469
387473
387475
387477
387479
387488
387516
387606
387634
387635
387720
387780
387781
387782
387783
387784
387975
387980
388026
388040
388162
388163
388164
388165
388166
388167
388174
388177
388179
388180
388181
388182
388183
388184
388193
388224
388229
388230
388232
388234
388235
388237
388238
388240
388242
388265
388286
388430
388492
388493
388510
388512
388700
388903
388905
388907
388909
388911
388913
388915
388917
388919
388921
388923
388927
388929
388931
388932
388933
388934
388935
388936
388937
388938
388969
388970
388971
388972
388973
388974
388975
388976
388977
388978
388979
388980
388981
388986
388987
388988
388989
388990
388991
388992
388993
389017
389018
389019
389412
389414
389416
389418
389454
389456
389458
389483
389487
389489
389491
389509
389512
389513
389514
389515
389516
389517
389518
389519
389521
389523
389535
389560
389561
389562
389563
389564
389565
389566
389588
389684
389685
389686
389705
389706
389728
389730
389752
389753
389783
389831
389835
389836
389837
389838
389840
389841
389842
389862
389886
389908
389909
389911
389932
389934
389957
389977
389978
397630
397631
397635
397639
397692
397724
397750
397751
397800
397997
398002
398004
398027
398028
398061
398076
398082
398084
398137
398139
398141
398143
398144
398145
398146
398147
398149
398150
398151
398153
398155
398161
398162
398199
398201
398204
398206
398207
398208
398209
398210
398219
398221
398223
398231
398265
398282
398285
398371
398415
398424
398440
398483
398484
398492
398543
398545
398547
399005
399082
399086
399088
399107
399109
399110
399111
399112
399113
399114
399116
399120
399121
399122
399124
399125
399126
399130
399131
399132
399133
399134
399135
399136
399137
399138
399142
399143
399182
399187
399190
399191
399192
399193
399194
399195
399196
399198
399199
399200
399201
399202
399203
399205
399206
399208
399211
399213
399216
399218
399220
399221
399222
399223
399224
399226
399228
399230
399232
399234
399236
399267
399270
399272
399273
399275
399277
399281
399283
399284
399285
399291
399292
399296
399297
399298
399425
399426
399427
399430
399431
399432
399433
399434
399435
399436
399437
399440
399441
399442
399445
399446
399447
399629
399630
399683
399684
399685
399688
399689
399690
399691
399692
399693
399694
399695
399696
399697
399698
399699
399700
399720
399746
399784
399785
399786
399947
400022
400301
400330
400331
400333
400334
400335
400336
400337
400338
400339
400340
400415
408538
408543
408544
408548
408549
408553
408554
408559
408560
408561
408566
408567
408568
408569
408570
408573
408575
408576
408577
408578
408579
408580
408581
408582
408583
408584
408585
408586
408587
408588
408589
408590
408591
408592
408593
408594
408595
408596
408597
408598
408599
408600
408605
408608
408609
408610
408611
408612
408616
408617
408619
408620
408622
408623
408624
408650
408651
408654
408656
408657
408658
408659
408661
408664
408665
408695
408696
408700
408702
408703
408704
408705
408706
408707
408708
408709
408710
408711
408713
408714
408715
408716
408717
408718
408722
408727
408728
408729
408730
408731
408732
408733
408734
408754
408755
408764
408765
408766
408767
408768
408769
408771
408772
408773
408774
408775
408776
408777
408778
408779
408780
408782
408783
408784
408785
408786
408787
408788
408789
408790
408791
408792
408793
408794
408795
408796
408797
408798
408799
408800
408801
408802
408803
408804
408805
408806
408807
408808
408809
408810
408811
408812
408813
408814
408815
408816
408818
408819
408820
408821
408825
408826
408827
408830
408831
408832
408857
408865
408866
408867
408898
408933
408934
408935
408938
408941
408942
408969
408974
409008
409009
409013
409018
409036
409052
409057
409457
409458
409459
409460
409461
409496
409497
409499
409534
409535
409575
409584
409630
409792
409835
409836
409837
409838
409839
409846
409848
409957
409958
409959
409961
409962
409963
409964
410104
410109
410110
410664
411117
411145
412117
415802
415808
415810
415875
415876
415878
415879
415880
415881
415888
415900
415901
415902
415903
415904
415905
415906
415907
415908
415909
415917
415919
415920
415923
415928
415930
415933
415934
415935
415936
415939
415940
415945
415946
415948
415950
415952
415954
415955
415956
415958
415960
415963
415964
415965
415966
415967
415968
415969
415981
415982
415983
415984
415985
415986
415987
415988
415989
415990
416021
416022
416023
416024
416025
416026
416027
416028
416029
416030
416061
416062
416063
416064
416065
416066
416067
416068
416069
416088
416091
416094
416095
416096
416097
416098
416099
416100
416101
416102
416103
416104
416105
416106
416107
416108
416109
416110
416111
416112
416113
416114
416115
416116
416117
416118
416119
416120
416121
416122
416123
416124
416125
416126
416127
416128
416129
416130
416131
416132
416133
416134
416135
416137
416139
416140
416141
416143
416144
416145
416146
416147
416148
416149
416150
416151
416152
416153
416154
416156
416158
416159
416160
416161
416162
416163
416164
416165
416166
416167
416168
416170
416171
416172
416173
416174
416175
416186
416188
416189
416190
416191
416192
416193
416194
416195
416196
416197
416198
416199
416200
416201
416202
416203
416204
416205
416206
416207
416208
416209
416210
416211
416212
416213
416214
416215
416216
416217
416218
416219
416221
416223
416224
416225
416226
416227
416228
416229
416230
416231
416232
416237
416238
416239
416240
416274
416275
416280
416282
416283
416284
416285
416286
416287
416288
416289
416290
416291
416296
416316
416317
416318
416320
416322
416324
416326
416327
416329
416331
416333
416335
416337
416339
416341
416343
416344
416345
416346
416347
416348
416415
416426
416428
416441
416471
416472
416476
416477
416478
416479
416480
416481
416557
416576
416578
416579
416580
416581
416582
416583
416584
416585
416586
416587
416588
416589
416590
416591
416592
416593
416594
416595
416596
416597
416598
416600
416601
416602
416603
416604
416605
416606
416607
416609
416610
416611
416613
416614
416615
416616
416617
416618
416619
416620
416621
416622
416623
416625
416729
416749
416751
416761
416762
416764
416781
416782
416783
416784
416827
416828
416833
416835
416836
416840
416841
416842
416843
416844
416845
416846
416847
416849
416851
416855
416857
416859
416860
416861
416863
416867
416870
416871
416872
416873
416874
416875
416876
416877
416878
416879
416880
416881
416884
416885
416887
416923
416924
416931
416943
416944
416947
416948
416951
416952
416957
416958
416959
416960
416968
416969
416970
416980
416982
416983
416984
416985
416986
416987
416988
416989
416990
416991
416992
416993
416995
416996
416997
416998
416999
417000
417001
417002
417003
417004
417005
417024
417030
417078
417088
417092
417093
417094
417095
417097
417098
417100
417102
417103
417105
417106
417109
417113
417117
417118
417123
417124
417127
417128
417131
417156
417173
417174
417192
417196
417198
417200
417268
417271
417272
417273
417274
417275
417280
417282
417283
417284
417286
417287
417290
417291
417337
417356
417357
417358
417359
417360
417361
417362
417363
417364
417365
417366
417385
417386
417387
417388
417389
417390
417391
417392
417393
417394
417395
417396
417397
417398
417408
417409
417413
417421
417439
417440
417441
417447
417454
417455
417456
417468
417469
417472
417474
417476
417477
417478
417479
417480
417481
417482
417483
417484
417485
417486
417487
417488
417489
417490
417491
417492
417493
417494
417495
417496
417497
417498
417499
417500
417501
417502
417503
417505
417530
417531
417532
417533
417534
417535
417536
417537
417538
417539
417556
417557
417609
417618
417620
417646
417647
417648
417649
417654
417658
417677
417681
417682
417683
417684
417685
417686
417687
417688
417689
417690
417691
417692
417693
417694
417695
417696
417697
417698
417699
417700
417701
417702
417703
417704
417705
417706
417707
417708
417709
417726
417727
417728
417729
417730
417731
417732
417733
417734
417735
417736
417737
417754
417755
417756
417757
417758
417800
417801
417807
417808
417810
417817
417819
417835
417837
417839
417840
417841
417842
417843
417844
417845
417846
417847
417848
417849
417850
417851
417852
417853
417854
417855
417859
417860
417861
417864
417865
417867
417868
417883
417892
417893
417896
417921
417938
417939
417940
417941
417942
417971
417972
417992
418012
418013
418014
418015
418017
418019
418020
418021
418022
418023
418024
418025
418027
418029
418031
418032
418034
418035
418036
418037
418038
418039
418040
418045
418048
418109
418150
418152
418155
418157
418159
418172
418177
418178
418179
418180
418185
418186
418187
418188
418189
418190
418191
418192
418193
418196
418204
418205
418211
418212
418213
418214
418215
418216
418217
418218
418219
418220
418221
418222
418223
418224
418225
418227
418229
418241
418249
418251
418252
418255
418256
418257
418258
418261
418275
418289
418290
418291
418293
418294
418298
418299
418302
418303
418307
418309
418310
418311
418312
418313
418320
418322
418329
418330
418334
418335
418336
418352
418355
418362
418363
418364
418408
418466
418472
418473
418474
418475
418476
418477
418479
418483
418484
418485
418486
418491
418492
418493
418494
418495
418496
418497
418508
418509
418510
418511
418512
418515
418524
418528
418529
418530
418531
418532
418533
418534
418535
418536
418537
418538
418539
418540
418541
418542
418543
418544
418545
418546
418547
418550
418551
418552
418553
418554
418556
418557
418580
418582
418584
418597
418603
418604
418605
418606
418629
418630
418631
418632
418633
418634
418635
418636
418637
418638
418642
418643
418644
418645
418647
418648
418649
418650
418651
418653
418654
418660
418663
418664
418665
418666
418671
418673
418676
418677
418681
418717
418718
418719
418720
418722
418724
418725
418726
418727
418728
418729
418730
418794
418796
418798
418799
418800
418802
418803
418804
418805
418806
418807
418808
418809
418810
418811
418813
418815
418832
418865
418873
418880
418881
418883
418884
418885
418886
418887
418888
418889
418890
418891
418892
418893
418894
418895
418896
418897
418898
418899
418900
418901
418902
418906
418907
418934
418935
418941
418971
418975
418977
418979
418980
418981
418982
418983
418984
418985
418986
418987
418988
418989
418991
418993
418995
419001
419002
419003
419004
419005
419006
419009
419022
419037
419059
419060
419061
419062
419074
419076
419078
419080
419085
419126
419127
419128
419129
419134
419135
419136
419137
419138
419139
419140
419141
419142
419143
419144
419145
419146
419147
419151
419152
419157
419158
419159
419160
419161
419212
419215
419218
419219
419220
419226
419227
419228
419295
419317
419318
419328
419356
419357
419358
419359
419360
419362
419366
419367
419394
419395
419396
419397
419398
419399
419400
419401
419402
419403
419412
419413
419429
419430
419431
419432
419433
419434
419435
419436
419437
419438
419439
419440
419441
419442
419443
419444
419445
419446
419447
419448
419449
419450
419451
419452
419453
419454
419455
419456
419457
419458
419459
419460
419461
419462
419463
419464
419465
419476
419477
419478
419479
419480
419481
419482
419483
419484
419485
419486
419488
419489
419490
419491
419529
419567
419570
419583
419584
419585
419586
419587
419588
419591
419601
419602
419603
419634
419635
419637
419638
419642
419643
419671
419702
419743
419744
419745
419761
419763
419765
419833
419890
419918
419927
419936
419937
419938
419939
419940
419941
419944
419954
419955
419956
419957
420002
420003
420004
423367
423371
423372
423374
423375
423376
423377
423378
423379
423380
423381
423383
423384
423385
423386
423387
423388
423389
423390
423391
423392
423393
423394
423395
423396
423397
423398
423399
423400
423401
423402
423404
423405
423406
423407
423408
423409
423410
423411
423412
423413
423414
423415
423416
423417
423418
423419
423420
423421
423422
423469
423470
423471
423489
423503
423518
423520
423649
423650
423677
423690
423691
423692
423693
423694
423718
423720
423722
423724
423731
423746
423748
423749
423750
423751
423752
423824
423835
423853
423854
423927
423928
423929
423930
423931
423933
423934
423960
423961
423984
423985
423986
423987
423991
424004
424005
424012
424018
424019
424025
424026
424028
424034
424035
424036
424037
424043
424072
424073
424074
424075
424076
424077
424078
424079
424080
424117
424119
424120
424121
424180
424181
424202
424203
424209
424210
424212
424244
424248
424250
424252
424253
424254
424255
424261
424262
424264
424265
424266
424267
424299
424300
424316
424317
424318
424319
424320
424321
424322
424323
424324
424325
424326
424327
424329
424330
424331
424332
424333
424334
424336
424337
424338
424339
424340
424341
424342
424343
424344
424345
424346
424347
424348
424349
424350
424351
424352
424353
424366
424373
424375
424377
424379
424380
424394
424411
424412
424414
424416
424418
424420
424435
424442
424444
424445
424448
424449
424450
424451
424452
424453
424454
424455
424457
424482
424488
424489
424490
424491
424496
424499
424522
424524
424535
424578
424579
424580
424581
424582
424583
424584
424585
424586
424587
424589
424591
424594
424596
424598
424613
424615
424618
424623
424625
424626
424628
424630
424633
424636
424637
424638
424662
424664
424665
424666
424667
424674
424698
424710
424721
424723
424726
424728
424730
424732
424734
424737
424740
424753
424755
424758
424760
424761
424768
424776
424779
424788
424803
424804
424805
424806
424807
424820
424883
424884
424885
424886
424887
424888
424889
424890
424891
424892
424893
424894
424895
424896
424897
424898
424899
424900
424901
424902
424903
424904
424905
424906
424907
424908
424909
424910
424911
424912
424913
424914
424915
424918
424919
424920
424921
424922
424924
424925
424926
424927
424928
424929
424930
424931
424932
424933
424942
424943
424944
424945
424946
424947
424948
424949
424968
424970
424981
424997
424998
424999
425001
425008
425009
425011
425021
425026
425027
425028
425029
425030
425031
425032
425033
425034
425035
425036
425038
425040
425041
425042
425043
425044
425045
425046
425047
425048
425049
425050
425051
425052
425058
425059
425060
425061
425062
425063
425070
425071
425073
425074
425075
425076
425081
425082
425083
425084
425085
425086
425088
425089
425102
425104
425128
425129
425132
425133
425136
425137
425138
425139
425147
425148
425149
425151
425152
425154
425156
425157
425159
425160
425161
425162
425168
425171
425176
425178
425179
425184
425185
425186
425189
425190
425191
425198
425199
425200
425201
425225
425230
425231
425233
425238
425239
425240
425242
425244
425246
425247
425248
425249
425250
425251
425252
425253
425259
425261
425262
425265
425268
425269
425272
425283
425287
425301
425302
425303
425304
425305
425318
425319
425320
425324
425337
425342
425346
425354
425357
425358
425359
425360
425361
425362
425363
425364
425365
425368
425369
425370
425372
425380
425387
425390
425391
425392
425393
425394
425396
425397
425398
425399
425401
425402
425403
425408
425411
425415
425416
425417
425418
425430
425437
425440
425441
425445
425452
425457
425463
425464
425465
425466
425467
425468
425469
425470
425471
425472
425475
425477
425478
425498
425499
425501
425502
425503
425504
425524
425527
425538
425543
425544
425547
425549
425550
425552
425553
425557
425563
425569
425576
425577
425578
425590
425591
425611
425612
425613
425614
425615
425617
425618
425619
425620
425621
425622
425626
425630
425632
425633
425634
425635
425636
425637
425638
425639
425640
425646
425683
425685
425686
425687
425688
425689
425701
425711
425718
425719
425722
425724
425725
425727
425728
425729
425730
425731
425732
425735
425736
425779
425780
425781
425782
425783
425789
425796
425797
425798
425799
425800
425801
425803
425805
425806
425807
425809
425810
425811
425812
425813
425814
425815
425816
425817
425818
425819
425820
425822
425823
425824
425825
425826
425827
425828
425829
425830
425831
425832
425833
425834
425835
425836
425837
425838
425839
425840
425842
425843
425854
425855
425856
425857
425861
425891
425901
425904
425905
425906
425907
425908
425909
425913
425914
425915
425916
425917
425919
425920
425921
425922
425923
425924
425925
425927
425928
425930
425976
425981
425986
425987
425990
425991
425992
425994
425995
425996
425997
425998
425999
426000
426001
426002
426003
426004
426005
426006
426007
426008
426009
426010
426011
426012
426013
426014
426015
426016
426017
426018
426019
426020
426021
426022
426038
426046
426052
426062
426065
426069
426074
426076
426077
426078
426079
426080
426081
426082
426083
426084
426085
426086
426087
426088
426089
426090
426093
426094
426095
426097
426098
426099
426100
426101
426102
426103
426104
426105
426106
426107
426108
426109
426110
426111
426112
426113
426114
426115
426116
426117
426118
426121
426123
426124
426125
426126
426127
426128
426129
426130
426131
426132
426133
426134
426135
426136
426137
426138
426139
426140
426145
426146
426147
426151
426152
426153
426156
426162
426163
426164
426165
426166
426167
426168
426169
426170
426172
426173
426174
426175
426176
426177
426178
426179
426180
426181
426182
426183
426184
426185
426186
426187
426188
426189
426191
426193
426195
426197
426239
426240
426242
426243
426244
426246
426247
426258
426259
426260
426261
426262
426263
426264
426267
426268
426270
426271
426272
426273
426274
426275
426276
426277
426279
426280
426282
426283
426286
426287
426288
426289
426290
426291
426292
426293
426294
426295
426296
426297
426298
426299
426300
426301
426302
426303
426304
426305
426306
426307
426308
426309
426310
426311
426312
426313
426315
426317
426318
426323
426327
426362
426364
426366
426367
426370
426376
426566
426568
426570
426572
426574
426575
426576
426577
426578
426579
426580
426581
426582
426583
426584
426585
426603
426645
426646
426647
426655
426656
426657
426696
426698
426700
426708
426716
426718
426720
426722
426723
426724
426725
426726
426727
426728
426729
426730
426731
426732
426733
426735
426737
426738
426773
426774
426775
426777
426778
426785
426786
426787
426788
426792
426803
426804
426805
426806
426807
426808
426809
426810
426811
426812
426827
426828
426829
426830
426831
426832
426833
426834
426835
426836
426837
426838
426839
426840
426841
426842
426857
426858
426859
426860
426861
426862
426863
426864
426865
426866
426867
426868
426869
426870
426871
426872
426905
426907
426909
426911
426913
426915
426917
426919
426921
426923
426925
426926
426927
426929
426969
426975
426976
426977
426980
426983
426985
426986
426987
426990
426991
426993
426995
426996
426997
426998
426999
427000
427001
427002
427003
427004
427005
427006
427007
427008
427009
427010
427011
427012
427013
427014
427015
427016
427017
427018
427019
427020
427021
427022
427023
427024
427026
427027
427028
427029
427030
427031
427032
427033
427034
427035
427036
427037
427039
427040
427041
427042
427043
427044
427045
427046
427048
427049
427051
427053
427056
427058
427059
427060
427093
427095
427098
427100
427101
427102
427103
427104
427119
427120
427121
427122
427123
427124
427127
427244
427246
427252
427254
427255
427256
427257
427258
427260
427261
427262
427263
427267
427274
427278
427279
427281
427282
427283
427284
427285
427286
427287
427289
427290
427291
427292
427293
427294
427295
427296
427297
427298
427299
427300
427301
427302
427303
427304
427305
427306
427308
427310
427312
427313
427314
427315
427316
427317
427325
427327
427365
427366
427367
427368
427369
427370
427429
427431
427433
427435
427436
427442
427444
427446
427452
427471
427490
427491
427492
427493
427501
427506
427508
427509
427511
427521
427522
427523
427524
427525
427526
427531
427533
427536
427538
427542
427611
427646
427647
427648
427649
427651
427653
427655
427657
427946
427969
427971
427973
427974
427975
427976
428046
428080
428081
428082
428083
428102
428103
428104
428105
428106
428109
428110
428111
428112
428113
428114
428115
428120
428129
428146
428147
428148
428149
428150
428151
428152
428153
428175
428177
428179
428181
428183
428185
428187
428189
428191
428193
428199
428201
428204
428206
428207
428208
428209
428229
428275
428352
428353
428354
428355
428356
428357
428358
428359
428360
428361
428362
428382
428383
428384
428385
428387
428406
428408
428409
428410
428411
428412
428413
428414
428475
428476
428478
428479
428480
428482
428486
428487
428489
428495
428496
428497
428498
428499
428500
428501
428502
428503
428504
428524
428539
428541
428577
428578
428579
428580
428581
428585
428586
428587
428588
428589
428590
428591
428592
428593
428594
428595
428596
428597
428598
428599
428600
428601
428602
428604
428606
428607
428608
428610
428611
428612
428613
428614
428615
428616
428617
428618
428619
428620
428622
428623
428624
428625
428626
428627
428632
428639
428645
428655
428656
428657
428658
428659
428660
428661
428662
428663
428664
428665
428666
428667
428668
428669
428670
428671
428672
428673
428674
428675
428676
428677
428679
428680
428681
428682
428683
428689
428690
428691
428692
428694
428695
428696
428697
428738
428739
428769
428778
428788
428823
428824
428829
428831
428850
428851
428852
428860
428861
428962
429069
429070
429071
429072
429073
429074
429075
429081
429082
429083
429084
429101
429150
429151
429152
429155
429175
429176
429177
429179
429180
429181
429183
429188
429190
429192
429194
429196
429198
429199
429201
429208
429210
429212
429214
429215
429219
429220
429223
429224
429225
429226
429227
429228
429229
429230
429231
429232
429233
429234
429235
429236
429238
429239
429240
429242
429243
429244
429247
429264
429265
429266
429277
429278
429279
429280
429281
429282
429283
429284
429285
429286
429287
429302
429304
429306
429308
429309
429310
429312
429314
429315
429316
429317
429319
429322
429324
429325
429326
429327
429328
429329
429330
429332
429333
429334
429335
429337
429368
429370
429372
429374
429377
429380
429400
429526
429527
429528
429529
429530
429531
429532
429533
429534
429535
429536
429537
429538
429539
429540
429541
429542
429543
429544
429545
429546
429564
429569
429571
429573
429575
429584
429621
429623
429630
429632
429633
429634
429635
429636
429637
429638
429643
429644
429645
429646
429647
429648
429649
429650
429651
429652
429653
429654
429655
429656
429657
429658
429665
429675
429676
429678
429680
429681
429682
429683
429684
429685
429686
429687
429688
429689
429690
429704
429707
429711
429719
429721
429722
429723
429725
429727
429728
429729
429730
429731
429732
429733
429734
429735
429737
429738
429739
429740
429741
429743
429746
429747
429750
429754
429759
429762
429781
429816
429817
429818
429819
429820
429821
429822
429823
429824
429825
429826
429827
429828
429829
429830
429831
429832
429833
429834
429835
429836
429837
429838
429839
429840
429841
429842
429843
429844
429845
429847
429849
429850
429853
429854
429855
429877
429878
429879
429880
429881
429882
429892
429922
429924
429927
429928
429930
429932
429934
429935
429936
429937
429938
429939
429940
429941
429942
429943
429944
429945
429946
429947
429948
429949
429950
429951
429952
429953
429954
429955
429956
429957
429958
429959
429960
429961
429962
429963
429964
429979
430008
430009
430010
430011
430024
430026
430027
430028
430030
431002
431005
431006
431011
431014
431024
431026
431032
432005
432014
432026
432028
432029
433028
436524
436525
436526
436527
436528
436529
436530
436531
436532
436533
436534
436538
436555
436556
436561
436562
436563
436569
436570
436571
436582
436583
436589
436590
436591
436603
436604
436605
436608
436609
436610
436611
436612
436613
436617
436618
436619
436620
436623
436624
436625
436626
436627
436628
436629
436630
436631
436632
436633
436634
436635
436636
436637
436638
436639
436640
436641
436642
436643
436659
436660
436661
436662
436668
436671
436672
436674
436675
436676
436677
436678
436679
436680
436681
436682
436683
436684
436685
436686
436687
436688
436689
436690
436691
436693
436694
436696
436697
436698
436699
436702
436704
436706
436708
436709
436710
436714
436716
436718
436719
436720
436724
436726
436727
436728
436730
436731
436732
436733
436734
436736
436737
436746
436749
436752
436756
436757
436758
436759
436764
436765
436777
436779
436781
436782
436783
436784
436785
436786
436787
436788
436789
436790
436791
436792
436793
436794
436795
436796
436797
436798
436801
436802
436803
436804
436805
436811
436812
436814
436816
436818
436819
436820
436821
436822
436823
436824
436825
436826
436827
436840
436843
436846
436853
436856
436857
436858
436859
436860
436861
436862
436863
436864
436865
436866
436883
436884
436885
436886
436888
436889
436891
436892
436895
436921
436922
436923
436926
436957
436977
436978
437035
437050
437100
437101
437102
437105
437108
437109
437110
437128
437178
437179
437184
437187
437188
437190
437191
437192
437193
437194
437196
437197
437198
437199
437200
437201
437202
437203
437209
437210
437211
437212
437213
437214
437215
437216
437217
437218
437219
437220
437221
437235
437255
437257
437259
437278
437280
437281
437282
437283
437284
437285
437286
437287
437288
437290
437292
437293
437294
437295
437296
437327
437329
437331
437333
437334
437335
437336
437337
437338
437339
437340
437341
437342
437343
437376
437377
437378
437380
437381
437382
437383
437400
437403
437404
437405
437406
437407
437408
437409
437410
437411
437412
437413
437414
437415
437416
437434
437435
437436
437449
437459
437460
437472
437501
437502
437504
437505
437506
437509
437511
437512
437513
437514
437515
437516
437518
437519
437520
437521
437522
437523
437524
437525
437526
437527
437528
437529
437530
437531
437532
437533
437534
437535
437537
437540
437541
437542
437543
437546
437547
437548
437622
437624
437625
437626
437627
437628
437651
437659
437661
437676
437677
437705
437712
437713
437714
437715
437716
437717
437722
437723
437724
437725
437726
437727
437728
437729
437730
437731
437734
437737
437738
437744
437745
437752
437753
437764
437765
437766
437767
437770
437771
437772
437773
437779
437787
437789
437790
437792
437800
437802
437804
437807
437809
437810
437811
437812
437830
437831
437838
437847
437850
437851
437853
437854
437855
437857
437863
437883
437884
437886
437887
437888
437889
437890
437891
437892
437893
437897
437914
437938
437944
437945
437946
437947
437948
437949
437950
437951
437952
437953
437954
437956
437958
437982
437988
437991
438016
438017
438018
438019
438021
438022
438023
438024
438025
438026
438027
438028
438042
438045
438046
438049
438073
438135
438136
438137
438138
438139
438140
438142
438143
438144
438145
438146
438147
438148
438181
438223
438234
438235
438263
438265
438267
438268
438269
438270
438271
438272
438273
438274
438275
438276
438277
438278
438279
438280
438281
438282
438283
438284
438285
438286
438287
438288
438289
438290
438291
438292
438293
438294
438295
438296
438297
438298
438299
438321
438323
438324
438325
438326
438327
438328
438329
438330
438331
438332
438333
438334
438335
438336
438337
438338
438339
438340
438341
438342
438343
438344
438345
438346
438347
438348
438349
438350
438351
438352
438353
438364
438366
438372
438373
438375
438377
438379
438381
438383
438385
438387
438389
438391
438393
438395
438396
438397
438398
438399
438400
438402
438404
438416
438417
438418
438419
438420
438421
438422
438423
438424
438446
438447
438448
438449
438450
438451
438452
438454
438455
438456
438457
438458
438494
438500
438564
438566
438569
438570
438571
438572
438590
438595
438596
438597
438598
438610
438611
438620
438622
438639
438641
438646
438664
438673
438677
438678
438679
438680
438681
438682
438683
438684
438685
438686
438703
438704
438705
438706
438707
438708
438709
438710
438711
438712
438713
438714
438715
438716
438717
438718
438720
438721
438722
438738
438739
438747
438748
438767
438768
438769
438770
438789
438794
438797
438798
438812
438815
438816
438817
438818
438835
438840
438863
438868
438870
438871
438872
438912
438913
438914
438915
438916
438917
439037
439039
439040
439041
439042
439043
439049
439052
439053
439078
439092
439190
439213
439214
439215
439227
439239
439264
439266
439279
439291
439292
439294
439328
439329
439330
439331
439334
439335
439336
439342
439343
439344
439345
439346
439347
439348
439349
439350
439351
439352
439353
439354
439355
439356
439359
439360
439361
439362
439363
439364
439365
439366
439367
439368
439369
439372
439383
439384
439398
439400
439402
439404
439409
439421
439422
439423
439424
439431
439444
439473
439486
439488
439500
439502
439503
439508
439509
439511
439513
439514
439517
439540
439541
439542
439543
439546
439548
439551
439552
439554
439556
439559
439560
439562
439563
439564
439567
439568
439570
439572
439573
439611
439612
439614
439616
439631
439633
439635
439636
439637
439638
439639
439640
439641
439642
439643
439647
439648
439654
439656
439669
439672
439673
439674
439675
439676
439677
439678
439679
439680
439681
439682
439683
439684
439685
439687
439689
439695
439696
439698
439699
439700
439701
439702
439703
439704
439705
439706
439707
439708
439709
439710
439711
439712
439713
439714
439715
439716
439717
439718
439719
439720
439721
439722
439723
439724
439725
439726
439727
439728
439729
439730
439741
439747
439758
439776
439826
439827
439829
439830
439836
439845
439853
439854
439857
439858
439863
439866
439869
439876
439895
439897
439942
439944
439945
439947
439948
439950
439953
439959
439960
439961
439980
439981
448871
448872
448906
448907
448908
448909
448910
448911
448912
449026
449028
449032
449033
449034
449035
449288
449291
449295
449297
449298
449299
449300
449301
449303
449307
449308
449309
449310
449311
449312
449314
449315
449529
449530
449531
449532
449533
449534
449877
454762
454763
454764
454765
454766
454772
454773
454774
454775
454776
454777
454778
454779
454780
454781
454782
454783
454784
454785
454812
454813
454814
454815
454823
454824
454829
454830
454831
454869
454870
454871
454917
454923
454934
454935
454940
454941
454948
454949
454950
454958
454959
454960
454961
454962
454963
454975
455003
455004
455005
455007
455008
455010
455011
455012
455013
455014
455015
455016
455017
455018
455021
455023
455024
455025
455027
455029
455030
455032
455033
455034
455035
455036
455037
455038
455042
455046
455047
455048
455055
455056
455057
455058
455059
455064
455065
455066
455067
455068
455072
455078
455101
455103
455104
455105
455106
455107
455108
455111
455112
455113
455114
455115
455116
455117
455118
455119
455120
455121
455122
455123
455124
455125
455126
455127
455128
455129
455130
455131
455132
455133
455134
455135
455136
455137
455138
455139
455140
455141
455142
455143
455144
455145
455146
455147
455148
455149
455150
455151
455152
455153
455154
455155
455156
455157
455158
455159
455160
455161
455162
455163
455164
455165
455166
455167
455170
455171
455200
455224
455229
455253
455282
455286
455287
455299
455301
455303
455305
455307
455308
455309
455310
455311
455312
455313
455314
455315
455316
455317
455336
455337
455338
455339
455340
455341
455342
455343
455344
455355
455357
455362
455364
455366
455367
455380
455416
455418
455420
455422
455424
455426
455472
455490
455491
455492
455493
455494
455496
455498
455500
455501
455502
455503
455504
455505
455506
455507
455508
455509
455510
455511
455512
455513
455515
455525
455526
455527
455528
455529
455530
455531
455533
455535
455538
455542
455543
455544
455545
455546
455547
455548
455549
455550
455551
455552
455553
455554
455555
455556
455557
455558
455560
455561
455562
455563
455564
455565
455566
455567
455568
455569
455570
455572
455573
455574
455575
455576
455577
455578
455579
455580
455581
455582
455583
455584
455585
455586
455587
455588
455589
455590
455591
455592
455593
455604
455620
455623
455624
455625
455627
455628
455629
455642
455643
455644
455645
455646
455647
455648
455649
455650
455651
455652
455653
455654
455669
455670
455671
455672
455673
455674
455675
455676
455677
455678
455679
455680
455681
455682
455683
455684
455685
455686
455687
455688
455689
455690
455693
455694
455695
455696
455697
455698
455700
455702
455703
455704
455705
455706
455707
455708
455709
455710
455711
455712
455713
455714
455715
455716
455717
455718
455719
455720
455723
455724
455725
455738
455740
455742
455743
455744
455745
455746
455758
455780
455781
455782
455783
455784
455785
455786
455787
455788
455789
455790
455791
455792
455793
455794
455796
455797
455798
455799
455800
455801
455802
455803
455804
455813
455814
455815
455816
455829
455844
455845
455846
455847
455848
455849
455850
455851
455860
455862
455864
455865
455866
455868
455869
455874
455875
455922
455923
455943
455954
455955
455956
455957
455958
455959
455960
455961
455962
455974
455975
455976
455977
456009
456015
456016
456017
456018
456019
456020
456021
456022
456023
456024
456025
456026
456027
456028
456029
456030
456031
456032
456037
456038
456039
456061
456062
456064
456065
456066
456067
456068
456069
456070
456071
456072
456073
456074
456075
456076
456077
456078
456080
456081
456082
456084
456085
456092
456093
456096
456100
456101
456109
456111
456113
456114
456116
456118
456119
456120
456121
456122
456124
456126
456127
456206
456207
456208
456219
456220
456221
456222
456223
456224
456225
456226
456228
456229
456230
456231
456232
456233
456234
456235
456236
456237
456241
456242
456243
456244
456245
456252
456272
456273
456274
456275
456286
456287
456288
456289
456290
456298
456302
456303
456304
456305
456306
456307
456308
456309
456310
456311
456323
456324
456325
456326
456327
456334
456351
456352
456353
456355
456358
456360
456362
456363
456364
456365
456366
456367
456368
456370
456372
456373
456379
456387
456388
456403
456404
456405
456406
456418
456420
456422
456424
456466
456467
456468
456469
456474
456477
456484
456485
456486
456487
456488
456489
456492
456493
456494
456495
456509
456529
456531
456543
456545
456547
456549
456551
456553
456556
456558
456559
456560
456561
456562
456563
456564
456565
456567
456569
456571
456573
456575
456576
456577
456578
456579
456580
456581
456583
456584
456585
456586
456587
456625
456632
456633
456644
456649
456679
456680
456681
456683
456684
456685
456686
456687
456688
456689
456690
456691
456692
456693
456694
456695
456696
456697
456698
456700
456702
456738
456740
456741
456742
456744
456745
456747
456749
456751
456753
456755
456757
456759
456761
456762
456763
456765
456769
456784
456803
456808
456810
456826
456844
456846
456847
456848
456850
456851
456931
456933
456934
456935
456936
456937
456938
456939
456940
456941
456945
456946
456947
456949
456952
456953
456954
456955
456964
456965
456966
456967
456968
456969
456970
456971
456972
456973
456974
456975
456976
456977
456978
456979
456980
456981
456982
456983
456984
456985
456986
456987
456988
456990
456991
456992
456993
456994
456995
456996
456997
456998
456999
457000
457001
457002
457003
457004
457005
457006
457007
457008
457009
457010
457011
457023
457024
457025
457026
457027
457028
457029
457030
457031
457032
457033
457034
457035
457036
457037
457038
457039
457040
457041
457042
457043
457044
457045
457046
457047
457048
457049
457050
457051
457052
457053
457054
457055
457057
457058
457066
457067
457068
457069
457070
457071
457072
457073
457074
457075
457076
457077
457078
457080
457081
457082
457083
457084
457086
457087
457088
457089
457090
457091
457092
457094
457096
457110
457113
457114
457115
457116
457117
457137
457138
457139
457154
457155
457158
457159
457162
457171
457172
457182
457186
457187
457188
457197
457198
457199
457246
457248
457254
457255
457256
457257
457258
457259
457260
457265
457268
457279
457280
457281
457282
457283
457284
457285
457286
457287
457288
457289
457290
457291
457292
457293
457294
457295
457296
457298
457329
457331
457332
457334
457336
457337
457338
457342
457344
457345
457346
457347
457348
457349
457350
457351
457352
457353
457354
457355
457356
457357
457358
457359
457360
457361
457362
457363
457364
457365
457368
457376
457402
457403
457404
457405
457414
457416
457417
457418
457419
457420
457421
457422
457423
457424
457425
457426
457427
457451
457453
457454
457466
457468
457469
457470
457471
457472
457473
457474
457475
457476
457477
457478
457479
457480
457491
457492
457493
457494
457495
457496
457498
457502
457503
457504
457505
457506
457507
457508
457509
457510
457511
457512
457513
457514
457515
457516
457517
457518
457519
457520
457521
457522
457523
457524
457539
457541
457543
457545
457546
457547
457548
457549
457550
457551
457552
457553
457555
457557
457559
457560
457562
457564
457566
457568
457569
457570
457572
457574
457576
457609
457636
457637
457638
457639
457640
457641
457642
457643
457654
457655
457656
457657
457658
457660
457661
457662
457663
457664
457665
457666
457667
457669
457671
457672
457674
457675
457676
457677
457678
457680
457682
457683
457684
457691
457693
457703
457705
457708
457709
457710
457712
457718
457720
457721
457722
457724
457725
457726
457727
457728
457729
457730
457741
457742
457743
457744
457745
457746
457747
457748
457749
457750
457751
457752
457753
457754
457755
457756
457757
457758
457759
457760
457761
457762
457764
457766
457768
457769
457770
457771
457772
457773
457774
457775
457776
457777
457778
457790
457791
457792
457793
457794
457795
457796
457797
457798
457799
457800
457801
457802
457803
457804
457805
457806
457807
457808
457809
457810
457811
457812
457813
457814
457815
457816
457817
457818
457819
457820
457821
457822
457823
457824
457825
457826
457827
457828
457829
457830
457831
457832
457833
457834
457835
457836
457837
457838
457849
457850
457851
457852
457853
457854
457855
457856
457857
457869
457872
457874
457875
457876
457878
457880
457882
457884
457885
457886
457887
457888
457889
457890
457891
457893
457909
457911
457912
457925
457926
457927
457928
457929
457930
457931
457933
457934
457935
457936
457937
457938
457939
457940
457941
457942
457943
457944
457945
457946
457947
457948
457949
457950
457951
457953
457954
457955
457956
457957
457958
457959
457960
457961
457962
457963
457964
457965
457966
457967
457968
457969
457970
457971
457972
457973
457974
457975
457976
457977
457978
457979
457980
457983
457985
457987
457988
458017
458044
458046
458048
458050
458052
458053
458054
458055
458056
458057
458060
458061
458074
458076
458078
458080
458120
458146
458149
458154
458155
458156
458157
458158
458161
458163
458166
458168
458170
458207
458208
458210
458212
458213
458215
458217
458219
458237
458238
458239
458240
458241
458245
458246
458255
458256
458257
458258
458259
458260
458261
458263
458268
458284
458285
458286
458294
458296
458298
458299
458300
458301
458302
458303
458304
458305
458306
458308
458311
458327
458328
458335
458382
458426
458429
458432
458433
458434
458436
458480
458482
458483
458484
458485
458486
458487
458488
458489
458491
458506
458509
458516
458527
458528
458529
458530
458536
458538
458540
458542
458544
458546
458548
458550
458552
458553
458554
458555
458556
458558
458559
458568
458569
458570
458571
458572
458573
458574
458575
458576
458577
458578
458579
458580
458581
458582
458583
458584
458585
458586
458587
458588
458589
458590
458591
458592
458593
458607
458609
458611
458613
458614
458616
458617
458618
458619
458620
458621
458622
458623
458624
458625
458627
458628
458630
458655
458656
458657
458658
458659
458661
458663
458665
458667
458668
458670
458672
458674
458675
458676
458677
458686
458690
458691
458692
458693
458697
458703
458704
458705
458706
458707
458708
458709
458710
458711
458734
458735
458736
458737
458738
458739
458744
458745
458746
458747
458748
458750
458761
458763
458764
458765
458766
458767
458770
458773
458775
458776
458777
458778
458779
458780
458781
458782
458783
458784
458785
458786
458787
458788
458789
458790
458791
458792
458793
458794
458795
458796
458797
458798
458799
458800
458801
458802
458803
458804
458805
458806
458807
458808
458809
458810
458811
458812
458813
458814
458815
458816
458817
458818
458827
458828
458829
458831
458862
458868
458869
458870
458871
458872
458873
458912
458913
458914
458916
458917
458918
458919
458920
458921
458922
458923
458924
458925
458926
458927
458928
458929
458930
458931
458932
458934
458935
458936
458938
458939
458940
458941
458942
458943
458944
458945
458949
458966
458967
458970
458977
458978
458979
458980
458981
458982
458983
458984
458985
458986
458987
458988
458996
458998
458999
459008
459009
459010
459011
459012
459013
459014
459015
459017
459019
459021
459023
459025
459027
459029
459031
459033
459034
459036
459037
459052
459053
459054
459057
459059
459065
459068
459069
459100
459102
459104
459106
459119
459120
459121
459122
459123
459130
459131
459132
459133
459134
459135
459136
459148
459149
459150
459151
459152
459153
459154
459155
459156
459157
459158
459159
459169
459171
459172
459173
459174
459175
459176
459177
459178
459179
459180
459181
459182
459183
459184
459185
459186
459187
459188
459189
459190
459191
459192
459193
459194
459195
459196
459197
459198
459199
459200
459201
459202
459203
459204
459205
459206
459207
459208
459209
459210
459211
459213
459215
459216
459217
459218
459219
459220
459221
459222
459223
459224
459225
459226
459227
459228
459230
459232
459234
459235
459236
459240
459242
459246
459249
459250
459251
459255
459258
459261
459265
459266
459267
459268
459269
459270
459271
459272
459273
459274
459275
459276
459277
459278
459279
459280
459281
459282
459283
459284
459285
459286
459287
459288
459289
459290
459291
459292
459293
459294
459295
459296
459297
459298
459299
459300
459301
459302
459304
459305
459311
459312
459319
459329
459332
459333
459334
459335
459336
459338
459339
459341
459343
459345
459348
459350
459352
459355
459356
459357
459358
459359
459360
459361
459362
459364
459365
459366
459369
459370
459371
459372
459373
459374
459375
459376
459377
459378
459379
459380
459381
459382
459383
459384
459385
459386
459387
459388
459389
459390
459391
459392
459393
459394
459396
459397
459398
459399
459400
459401
459402
459403
459404
459405
459408
459409
459410
459411
459412
459417
459418
459419
459420
459421
459422
459423
459424
459425
459426
459427
459428
459429
459430
459431
459432
459433
459435
459436
459437
459438
459439
459440
459442
459443
459445
459448
459466
459467
459468
459469
459470
459471
459472
459473
459474
459475
459476
459486
459487
459488
459489
459497
459498
459499
459500
459501
459503
459504
459505
459506
459521
459523
459524
459525
459526
459527
459528
459529
459530
459531
459532
459534
459535
459536
459537
459538
459539
459540
459541
459542
459543
459544
459545
459546
459547
459548
459549
459550
459551
459553
459555
459569
459585
459586
459587
459588
459589
459590
459591
459592
459593
459594
459595
459596
459597
459598
459599
459601
459602
459603
459604
459605
459606
459607
459608
459610
459611
459613
459614
459621
459622
459623
459624
459625
459650
459651
459652
459653
459663
459693
459695
459697
459699
459701
459703
459705
459707
459739
459750
459758
459759
459760
459761
459799
459800
459801
459802
459805
459806
459808
459810
459850
459851
459852
459853
459854
459855
459856
459857
459858
459859
459860
459861
459862
459863
459864
459865
459866
459907
459909
459910
459911
459912
459914
459915
459916
459923
459924
459927
459928
459930
459931
459933
459934
459936
459937
459939
459943
459959
459961
459962
459963
459966
459967
459968
459969
459990
459991
459996
459997
460002
460006
460007
460008
460009
460012
460016
460020
460021
460023
460025
460029
460031
460033
460035
460049
460059
460061
460062
460063
460077
460085
460088
460090
460091
460092
460098
460103
460104
460105
460108
460115
460116
460118
460120
460121
460122
460124
460125
460127
460128
460129
460130
460131
460132
460134
460135
460151
460152
460154
460156
460157
460164
460166
460170
460187
460188
460201
460408
460419
460420
460421
460422
460429
460430
460431
460508
460514
460518
460519
460522
460528
460529
460530
460537
460552
460804
460807
460810
460816
461002
461010
461019
461021
461022
461023
461029
461030
461034
461035
461038
461039
461040
461046
461047
461059
461060
461115
461116
461121
461130
461134
461152
461154
461188
461408
461430
461551
461559
461810
461811
461814
462010
462019
462021
462023
462030
462034
462035
462047
462048
462152
462154
462186
462187
462188
462808
462811
462814
463029
463062
463094
463188
463811
464811
465402
465403
465407
465408
465409
465410
465411
465417
465419
465420
465421
465427
465432
465433
465434
465435
465436
465437
465438
465439
465440
465441
465442
465443
465444
465445
465446
465447
465448
465449
465450
465451
465452
465457
465460
465461
465463
465464
465465
465467
465468
465469
465470
465471
465472
465473
465474
465475
465476
465477
465478
465479
465480
465481
465482
465483
465484
465485
465486
465487
465488
465489
465504
465505
465506
465507
465519
465521
465524
465528
465529
465530
465531
465534
465535
465536
465549
465554
465555
465556
465557
465558
465560
465561
465588
465589
465592
465593
465594
465599
465621
465622
465623
465624
465640
465641
465642
465643
465644
465645
465646
465647
465648
465649
465650
465651
465652
465653
465654
465655
465656
465683
465684
465685
465686
465687
465688
465689
465690
465700
465701
465702
465703
465704
465705
465706
465707
465708
465709
465710
465711
465712
465713
465714
465715
465716
465717
465718
465719
465720
465721
465722
465723
465724
465725
465726
465727
465728
465729
465730
465731
465732
465733
465734
465735
465736
465737
465738
465748
465749
465750
465751
465752
465753
465754
465755
465756
465757
465758
465759
465760
465761
465762
465763
465764
465765
465766
465767
465768
465769
465770
465771
465772
465773
465774
465775
465778
465779
465780
465781
465782
465783
465784
465785
465786
465787
465788
465789
465790
465791
465792
465793
465794
465795
465796
465797
465798
465799
465800
465801
465802
465803
465806
465807
465808
465809
465810
465811
465812
465813
465814
465815
465816
465817
465818
465819
465820
465821
465822
465823
465824
465825
465842
465844
465846
465848
465850
465852
465854
465856
465857
465858
465859
465860
465861
465862
465866
465867
465868
465869
465870
465871
465872
465873
465884
465891
465892
465893
465894
465895
465896
465897
465898
465899
465900
465901
465904
465905
465906
465907
465908
465909
465910
465925
465926
465927
465928
465929
465930
465933
465934
465935
465936
465937
465938
465939
465940
465941
465942
465943
465944
465945
465946
465947
465948
465949
465950
465951
465957
465958
465959
465960
465961
465962
465963
465964
465965
465966
465967
465968
465969
465970
465971
465972
465973
465974
465975
465976
465978
465979
465981
465982
465983
465984
465985
465986
465987
465988
465989
465990
465991
465992
465993
465994
465995
465996
465997
465998
465999
466000
466001
466002
466003
466004
466005
466006
466013
466014
466019
466020
466021
466022
466023
466024
466025
466026
466027
466028
466029
466030
466031
466032
466033
466034
466035
466036
466037
466038
466039
466041
466042
466079
466080
466081
466082
466083
466084
466085
466087
466089
466090
466100
466101
466104
466105
466106
466107
466108
466109
466110
466111
466112
466113
466114
466115
466116
466117
466118
466119
466148
466149
466150
466151
466152
466153
466154
466155
466156
466174
466175
466176
466177
466180
466181
466182
466183
466184
466185
466186
466187
466188
466189
466190
466191
466192
466193
466194
466195
466196
466198
466199
466200
466201
466202
466203
466204
466205
466206
466207
466208
466209
466210
466211
466212
466213
466214
466215
466216
466221
466222
466223
466224
466225
466226
466227
466228
466229
466230
466231
466232
466244
466245
466246
466247
466248
466249
466252
466253
466254
466265
466266
466272
466289
466299
466330
466331
466332
466333
466334
466335
466358
466359
466360
466361
466362
466363
466364
466365
466366
466367
466368
466369
466370
466371
466372
466373
466374
466375
466379
466380
466381
466382
466383
466384
466385
466386
466387
466427
466440
466442
466444
466455
466456
466464
466465
466466
466503
466504
466506
466588
466590
466601
466603
466604
466607
466608
466609
466611
466612
466613
466614
466615
466616
466617
466618
466619
466620
466621
466624
466625
466634
466635
466643
466648
466668
466670
466700
466702
466704
466705
466707
466709
466713
466714
466715
466716
466717
466718
466719
466720
466721
466722
466723
466724
466725
466726
466728
466729
466730
466731
466732
466733
466734
466735
466736
466737
466738
466739
466740
466741
466742
466743
466744
466745
466746
466747
466748
466749
466750
466751
466752
466753
466754
466755
466756
466757
466758
466759
466781
466782
466783
466791
466792
466823
466824
466829
466837
466838
466839
466840
466841
466842
466843
466844
466845
466846
466847
466848
466849
466850
466851
466852
466853
466854
466855
466856
466857
466858
466859
466860
466861
466862
466863
466865
466866
466867
466868
466869
466870
466871
466872
466873
466874
466875
466876
466895
466897
466899
466901
466903
466906
466907
466908
466910
466912
466914
466915
466917
466919
466920
466921
466922
466923
466924
466925
466926
466927
466928
466929
466930
466931
466932
466934
466935
466937
466938
466939
466940
466941
466942
466943
466944
466945
466946
466947
466948
466949
466950
466951
466952
466953
466954
466955
466956
466957
466960
466973
466974
466975
466976
466977
466978
466979
466980
466981
466982
466983
466987
466988
466989
466990
466991
466992
467013
467014
467015
467016
467017
467018
467019
467021
467022
467023
467024
467026
467027
467028
467029
467030
467031
467032
467033
467034
467035
467036
467037
467038
467039
467040
467041
467042
467043
467044
467045
467046
467047
467048
467049
467050
467051
467052
467053
467054
467055
467056
467057
467058
467059
467060
467061
467062
467063
467064
467065
467066
467067
467068
467069
467070
467071
467072
467073
467074
467076
467078
467080
467081
467082
467084
467085
467087
467088
467089
467090
467091
467092
467094
467095
467096
467097
467098
467099
467101
467103
467105
467107
467108
467109
467110
467111
467112
467113
467114
467115
467116
467117
467118
467119
467120
467121
467122
467123
467124
467125
467126
467127
467128
467129
467131
467133
467134
467198
467200
467201
467202
467204
467205
467221
467222
467243
467248
467250
467252
467254
467256
467258
467260
467262
467263
467264
467282
467284
467286
467288
467290
467292
467297
467298
467299
467300
467301
467302
467303
467304
467305
467306
467307
467308
467309
467310
467311
467312
467314
467315
467316
467317
467318
467319
467320
467321
467322
467323
467324
467329
467330
467332
467333
467334
467337
467338
467339
467340
467341
467342
467347
467374
467375
467376
467378
467380
467382
467385
467397
467402
467411
467413
467415
467437
467439
467441
467443
467451
467454
467456
467458
467460
467462
467464
467466
467468
467470
467471
467472
467473
467474
467476
467477
467478
467479
467480
467481
467482
467483
467484
467485
467486
467487
467488
467489
467490
467491
467492
467493
467508
467509
467510
467511
467512
467513
467514
467515
467516
467517
467518
467519
467521
467522
467523
467524
467599
467617
467618
467619
467620
467621
467622
467623
467624
467625
467626
467627
467632
467633
467635
467637
467650
467652
467654
467656
467657
467658
467659
467660
467661
467662
467663
467665
467667
467668
467669
467670
467671
467672
467673
467674
467675
467676
467677
467678
467679
467680
467681
467683
467685
467687
467689
467691
467693
467695
467697
467699
467701
467702
467703
467723
467724
467725
467726
467727
467728
467729
467730
467731
467732
467733
467734
467735
467736
467737
467738
467739
467740
467741
467743
467744
467745
467746
467747
467748
467764
467765
467766
467767
467768
467769
467770
467771
467772
467773
467774
467775
467776
467777
467778
467779
467780
467781
467782
467783
467784
467785
467786
467787
467788
467807
467809
467811
467812
467813
467814
467815
467816
467817
467818
467819
467820
467821
467822
467823
467824
467825
467826
467827
467828
467829
467830
467831
467832
467833
467834
467919
467920
467931
467932
467933
467934
467935
467952
467953
467954
467955
467956
467963
468087
468088
468102
468104
468105
468106
468107
468108
468109
468110
468111
468112
468113
468114
468115
468116
468117
468118
468119
468120
468121
468122
468123
468124
468125
468146
468147
468148
468149
468151
468152
468154
468155
468156
468157
468158
468159
468160
468161
468162
468163
468164
468179
468180
468181
468182
468183
468184
468185
468186
468188
468189
468190
468191
468192
468193
468194
468195
468196
468197
468198
468199
468200
468201
468202
468203
468204
468205
468206
468208
468240
468254
468255
468256
468257
468258
468260
468261
468262
468263
468264
468265
468267
468268
468269
468270
468271
468272
468273
468274
468275
468276
468277
468278
468280
468282
468284
468286
468288
468290
468292
468294
468296
468298
468330
468331
468332
468333
468334
468335
468336
468337
468338
468339
468340
468341
468342
468343
468344
468345
468346
468347
468348
468349
468350
468351
468352
468354
468408
468409
468410
468411
468412
468413
468414
468415
468416
468417
468418
468419
468420
468421
468422
468423
468424
468425
468426
468427
468428
468429
468430
468431
468432
468433
468434
468435
468436
468437
468438
468439
468440
468441
468442
468443
468444
468445
468446
468447
468448
468449
468450
468451
468452
468453
468454
468469
468471
468473
468474
468475
468477
468478
468479
468480
468481
468482
468483
468484
468485
468486
468487
468488
468489
468490
468491
468492
468493
468494
468495
468496
468497
468498
468499
468500
468501
468502
468504
468506
468537
468538
468539
468562
468564
468567
468569
468571
468572
468573
468574
468575
468576
468577
468578
468579
468580
468581
468582
468583
468614
468616
468618
468620
468622
468623
468624
468625
468626
468627
468628
468629
468630
468658
468666
468668
468699
468701
468703
468705
468714
468718
468721
468727
468743
468744
468745
468746
468747
468748
468749
468751
468752
468753
468754
468755
468756
468757
468758
468759
468760
468761
468762
468763
468764
468765
468766
468767
468768
468769
468770
468771
468772
468773
468774
468775
468776
468777
468778
468779
468780
468781
468782
468783
468784
468785
468786
468787
468788
468789
468790
468791
468792
468793
468794
468795
468796
468797
468798
468799
468800
468801
468802
468809
468818
468819
468820
468824
468840
468841
468842
468843
468844
468845
468846
468847
468848
468882
468884
468886
468888
468889
468891
468892
468893
468894
468895
468896
468897
468898
468904
468923
468924
468925
468926
468934
468936
468943
468944
468980
468981
468982
469001
469003
469005
469010
469020
469021
469023
469025
469026
469032
469109
469112
469122
469125
469127
469129
469147
469161
469162
469163
469164
469165
469166
469167
469168
469169
469170
469171
469173
469174
469175
469176
469177
469178
469179
469180
469181
469182
469183
469184
469185
469186
469187
469188
469189
469190
469191
469192
469193
469194
469195
469196
469197
469198
469199
469200
469201
469202
469203
469204
469205
469206
469207
469208
469209
469210
469211
469212
469213
469214
469215
469216
469217
469218
469219
469220
469221
469222
469223
469224
469225
469226
469227
469228
469229
469230
469231
469232
469233
469234
469235
469236
469237
469238
469240
469241
469242
469243
469244
469245
469246
469247
469248
469249
469250
469251
469252
469253
469270
469274
469275
469277
469278
469293
469296
469297
469298
469299
469301
469302
469303
469304
469305
469306
469307
469308
469309
469310
469311
469312
469313
469315
469331
469333
469336
469337
469338
469339
469365
469388
469389
469391
469393
469395
469397
469406
469422
469423
469424
469425
469452
469453
469454
469455
469456
469459
469462
469465
469468
469471
469474
469477
469564
469565
469566
469567
469577
469582
469588
469592
469597
469598
469599
469600
469601
469623
469642
469643
469644
469646
469680
469700
469701
469722
469726
469781
469782
469783
469784
469785
469787
469788
469789
469790
469791
469792
469793
469795
469797
469826
469834
469835
469836
469838
469839
469855
469856
469857
469858
469862
469865
469891
469892
469893
469894
469895
469896
469897
469898
469899
469900
469901
469902
469903
469904
469905
469906
469907
469908
469909
469910
469912
469913
469914
469915
469916
469917
469918
469923
469924
469925
469928
469929
469930
469931
469932
469934
469935
469936
469938
469940
469941
469946
469947
469948
469949
469950
469951
469952
469970
469971
469972
469976
469977
469981
470101
470631
470718
470719
470720
470744
470771
471101
471714
471769
478930
478932
478933
478938
478939
478940
478941
478942
478943
478944
478945
478946
478947
478948
478949
478950
478951
478952
478953
478954
478955
478956
478957
478958
478959
478960
478961
478962
478963
478968
478970
478971
478972
478973
478974
478975
478976
478977
478978
478979
478980
478981
478982
478983
478984
478985
478986
478987
478988
478989
478990
478991
479266
479283
479990
479991
479994
485963
485964
485991
486005
486006
486007
486008
486012
486016
486025
486026
486027
486028
486029
486031
486032
486035
486042
486045
486047
486050
486052
486053
486054
486055
486057
486060
486061
486062
486063
486064
486065
486066
486067
486068
486069
486070
486097
486099
486101
486103
486105
486108
486110
486111
486112
486113
486117
486118
486120
486121
486123
486128
486129
486132
486133
486134
486154
486162
486163
486165
486195
486196
486197
486198
486199
486200
486201
486202
486203
486204
486205
486206
486207
486208
486209
486210
486211
486212
486213
486214
486215
486216
486217
486218
486219
486220
486221
486222
486223
486224
486225
486226
486227
486228
486229
486230
486231
486232
486233
486234
486235
486236
486237
486238
486239
486240
486241
486242
486243
486244
486245
486246
486247
486248
486249
486250
486251
486252
486253
486254
486255
486256
486257
486258
486259
486260
486261
486262
486263
486264
486265
486266
486267
486268
486269
486270
486271
486272
486273
486274
486275
486276
486277
486278
486279
486280
486281
486282
486283
486284
486285
486286
486287
486288
486289
486290
486291
486292
486293
486294
486295
486296
486297
486298
486299
486300
486301
486302
486303
486304
486305
486306
486307
486308
486309
486310
486311
486312
486313
486314
486315
486316
486317
486318
486319
486320
486321
486322
486323
486324
486325
486326
486327
486328
486329
486330
486331
486332
486333
486334
486335
486336
486337
486338
486339
486340
486341
486342
486343
486344
486345
486348
486349
486351
486352
486353
486362
486366
486367
486368
486369
486370
486371
486376
486377
486378
486379
486380
486381
486382
486383
486399
486407
486408
486409
486410
486411
486412
486413
486414
486415
486416
486417
486418
486419
486420
486421
486422
486423
486424
486425
486426
486427
486428
486429
486435
486436
486437
486439
486440
486441
486443
486447
486455
486456
486457
486458
486469
486470
486471
486472
486473
486474
486475
486476
486518
486520
486521
486522
486523
486524
486525
486526
486527
486528
486529
486530
486531
486544
486545
486546
486547
486548
486566
486573
486580
486581
486595
486628
486630
486631
486632
486635
486636
486642
486643
486644
486645
486646
486647
486648
486649
486650
486651
486652
486653
486654
486655
486656
486657
486658
486659
486660
486661
486662
486663
486664
486665
486666
486667
486668
486669
486670
486671
486672
486673
486674
486675
486676
486677
486678
486679
486680
486681
486682
486697
486714
486715
486744
486745
486746
486748
486749
486750
486751
486752
486753
486754
486755
486756
486760
486761
486762
486763
486764
486766
486767
486768
486770
486772
486773
486774
486776
486778
486780
486782
486783
486784
486786
486787
486788
486789
486790
486791
486792
486795
486796
486797
486830
486845
486847
486849
486852
486854
486858
486860
486886
486889
486890
486891
486892
486893
486894
486895
486896
486897
486898
486899
486900
486901
486902
486903
486904
486968
486970
486972
486973
487006
487007
487008
487009
487037
487041
487042
487043
487044
487045
487046
487047
487056
487057
487058
487060
487062
487063
487064
487065
487066
487068
487070
487072
487074
487076
487082
487087
487088
487089
487091
487093
487095
487099
487127
487129
487131
487133
487134
487135
487136
487137
487138
487139
487140
487141
487142
487143
487144
487145
487147
487149
487156
487157
487158
487159
487160
487161
487162
487163
487164
487165
487166
487167
487168
487169
487170
487171
487172
487173
487179
487180
487181
487182
487183
487184
487185
487186
487187
487188
487189
487190
487191
487192
487193
487194
487195
487196
487197
487198
487199
487200
487201
487202
487203
487204
487205
487206
487207
487208
487209
487210
487211
487212
487213
487214
487215
487216
487217
487218
487219
487220
487221
487222
487223
487224
487225
487226
487227
487228
487229
487230
487231
487232
487233
487234
487235
487256
487257
487258
487259
487260
487261
487262
487263
487264
487265
487266
487267
487268
487269
487270
487271
487272
487283
487285
487291
487292
487293
487294
487295
487296
487297
487301
487302
487303
487304
487305
487306
487307
487308
487309
487310
487311
487312
487338
487339
487340
487341
487342
487343
487344
487345
487346
487347
487370
487389
487390
487391
487392
487393
487394
487395
487396
487397
487398
487399
487401
487403
487405
487407
487408
487440
487441
487442
487443
487444
487445
487446
487447
487448
487449
487450
487451
487452
487453
487454
487455
487456
487457
487458
487459
487460
487462
487463
487464
487465
487466
487468
487470
487472
487474
487476
487478
487482
487484
487485
487501
487502
487503
487504
487505
487506
487507
487508
487509
487510
487511
487512
487533
487534
487535
487536
487537
487538
487539
487540
487541
487542
487543
487544
487545
487546
487547
487548
487549
487550
487551
487552
487553
487554
487555
487556
487557
487558
487559
487560
487561
487562
487563
487564
487565
487566
487567
487568
487569
487570
487571
487572
487573
487574
487575
487576
487577
487578
487579
487580
487581
487582
487583
487584
487585
487586
487587
487588
487589
487590
487591
487592
487593
487612
487613
487614
487615
487616
487617
487618
487620
487622
487659
487661
487663
487665
487667
487825
487826
487827
487828
487829
487830
487831
487832
487833
487834
487835
487836
487837
487838
487839
487840
487841
487842
487843
487844
487845
487846
487847
487848
487849
487850
487851
487852
487853
487854
487855
487856
487857
487858
487884
487886
487916
487917
487918
487919
487920
487921
487922
487923
487924
487925
487926
487927
487928
487929
487930
487931
487932
487933
487934
487935
487936
487937
487950
487963
487964
487965
487966
487967
487968
487969
487970
487971
487972
487973
487974
487976
487977
487978
487979
487980
487981
487982
487983
487984
487985
487987
487988
488070
488071
488072
488073
488079
488080
488085
488113
488118
488119
488120
488121
488122
488123
488126
488127
488152
488154
488160
488162
488164
488166
488168
488170
488172
488174
488176
488178
488180
488182
488184
488186
488188
488190
488192
488194
488195
488196
488197
488198
488199
488200
488201
488202
488203
488204
488205
488206
488207
488208
488209
488210
488217
488218
488219
488220
488221
488222
488223
488224
488225
488226
488227
488256
488257
488258
488259
488260
488261
488262
488263
488264
488265
488346
488348
488350
488352
488354
488355
488356
488357
488358
488359
488360
488361
488362
488363
488364
488365
488366
488367
488368
488369
488396
488397
488398
488399
488438
488439
488441
488443
488444
488446
488448
488449
488450
488451
488452
488453
488454
488455
488456
488457
488458
488459
488460
488461
488462
488463
488464
488465
488466
488467
488468
488469
488489
488490
488491
488492
488493
488494
488495
488496
488497
488498
488499
488561
488563
488565
488577
488579
488581
488583
488614
488615
488616
488617
488618
488619
488620
488621
488622
488623
488624
488625
488626
488627
488628
488629
488630
488631
488632
488633
488634
488635
488636
488637
488638
488639
488640
488641
488642
488643
488644
488645
488646
488647
488648
488649
488650
488651
488653
488654
488694
488695
488696
488697
488698
488699
488700
488702
488703
488704
488705
488706
488707
488708
488716
488730
488731
488732
488733
488734
488735
488736
488737
488739
488741
488742
488743
488744
488745
488746
488747
488749
488750
488752
488755
488758
488759
488760
488761
488763
488764
488765
488766
488767
488768
488769
488773
488774
488776
488777
488778
488779
488780
488781
488782
488783
488784
488785
488786
488787
488789
488790
488791
488792
488794
488795
488796
488797
488798
488799
488800
488801
488817
488823
488825
488826
488827
488828
488829
488830
488831
488832
488833
488834
488835
488836
488837
488838
488839
488840
488841
488843
488860
488861
488862
488863
488864
488865
488866
488867
488868
488869
488870
488871
488873
488874
488875
488876
488877
488878
488879
488880
488881
488882
488883
488884
488885
488886
488887
488888
488889
488890
488891
488892
488893
488894
488895
488910
488913
488915
488917
488919
488920
488921
488923
488925
488932
488933
488934
488935
488936
488938
488947
488948
488949
488977
489010
489011
489013
489014
489015
489016
489017
489018
489019
489020
489021
489022
489023
489024
489025
489026
489027
489028
489029
489030
489031
489032
489033
489034
489075
489077
489079
489080
489081
489082
489083
489084
489085
489086
489087
489088
489090
489092
489094
489096
489097
489098
489099
489100
489101
489102
489103
489104
489106
489108
489109
489110
489111
489112
489114
489116
489118
489120
489121
489122
489123
489125
489127
489129
489138
489140
489144
489146
489152
489178
489200
489203
489204
489205
489206
489217
489218
489221
489222
489223
489226
489227
489228
489231
489234
489235
489236
489237
489238
489239
489240
489241
489242
489243
489244
489245
489246
489247
489248
489249
489250
489251
489252
489253
489256
489258
489259
489261
489271
489272
489273
489274
489275
489276
489277
489278
489279
489280
489281
489282
489291
489298
489299
489300
489301
489302
489303
489307
489316
489363
489364
489365
489366
489367
489368
489369
489370
489371
489372
489373
489374
489375
489376
489377
489378
489379
489380
489381
489382
489383
489384
489385
489386
489387
489388
489389
489390
489391
489392
489393
489394
489395
489396
489397
489399
489400
489401
489402
489403
489404
489405
489406
489407
489408
489409
489410
489411
489412
489416
489417
489418
489419
489420
489435
489436
489437
489438
489439
489440
489441
489442
489443
489444
489445
489446
489447
489448
489449
489450
489476
489477
489478
489479
489481
489483
489484
489485
489488
489492
489494
489495
489497
489498
489508
489511
489512
489513
489514
489515
489516
489517
489518
489519
489520
489521
489522
489523
489524
489525
489526
489527
489528
489529
489530
489531
489532
489533
489534
489535
489536
489537
489538
489539
489540
489541
489542
489572
489573
489574
489575
489576
489577
489579
489580
489581
489582
489583
489584
489585
489586
489587
489588
489590
489591
489592
489593
489594
489595
489596
489597
489598
489599
489600
489601
489602
489604
489605
489606
489607
489608
489609
489610
489611
489612
489613
489614
489615
489616
489617
489618
489619
489620
489621
489622
489624
489626
489627
489628
489629
489630
489656
489695
489696
489697
489698
489699
489700
489701
489702
489703
489704
489705
489706
489722
489726
489727
489728
489729
489730
489731
489732
489733
489734
489742
489761
489762
489763
489764
489765
489766
489767
489768
489769
489770
489771
489772
489774
489776
489778
489780
489782
489784
489786
489788
489789
489817
489818
489819
489820
489822
489824
489825
489826
489827
489828
489829
489830
489831
489832
489833
489834
489835
489837
489838
489840
489845
489847
489849
489851
489852
489854
489855
489856
489857
489858
489859
489860
489861
489862
489863
489864
489865
489866
489867
489868
489869
489870
489871
489872
489873
489874
489875
489876
489877
489878
489879
489880
489881
489882
489883
489885
489887
489889
489890
489891
489892
489893
489894
489895
489896
489897
489898
489899
489900
489901
489902
489903
489904
489905
489906
489907
489908
489909
489910
489911
489912
489913
489914
489915
489916
489917
489918
489919
489920
489921
489922
489923
489924
489925
489926
489927
489929
489930
489935
489946
489947
489948
489949
489978
498736
498740
498752
498753
498755
498765
498766
498770
498771
498772
498774
498778
498780
498783
498784
498786
498787
498788
498789
498790
498791
498795
498796
498804
498806
498808
498814
498817
498823
498824
498827
498830
498831
498834
498836
498840
498842
498843
498844
498911
499239
499240
499241
499242
499244
499245
499246
499247
499249
499250
499251
499252
499253
499254
499255
499258
499259
499260
499261
499262
499263
499264
499265
499266
499267
499547
499611
499616
499617
499620
499621
499623
499625
499628
499629
499639
499641
499642
499643
499676
499867
499980
500005
506755
506756
506760
506761
506762
506763
506764
506765
506778
506779
506781
506782
506783
506784
506786
506790
506792
506831
506853
506854
506855
506856
506858
506861
506862
506866
506867
506872
506873
506874
506875
506876
506877
506883
506886
506888
506891
506892
506893
506894
506895
506906
506913
506914
506915
506916
506917
506918
506921
506926
506927
506930
506940
506941
506942
506943
506944
506945
506946
506947
506948
506949
506950
506951
506956
506957
506958
506966
506977
506998
507010
507011
507012
507029
507046
507047
507048
507049
507050
507051
507052
507053
507054
507055
507056
507057
507058
507060
507061
507062
507064
507065
507070
507071
507072
507073
507076
507080
507083
507086
507096
507097
507098
507100
507101
507102
507103
507104
507105
507106
507107
507108
507109
507110
507111
507112
507113
507114
507115
507116
507117
507118
507119
507120
507121
507122
507123
507124
507125
507126
507127
507128
507129
507130
507131
507132
507133
507135
507137
507139
507176
507179
507180
507181
507182
507183
507184
507185
507186
507187
507188
507189
507190
507191
507204
507216
507218
507219
507221
507223
507226
507228
507230
507232
507234
507236
507238
507244
507246
507248
507249
507250
507251
507252
507253
507254
507255
507256
507257
507258
507259
507260
507289
507290
507291
507292
507293
507304
507305
507306
507315
507316
507317
507331
507332
507349
507351
507353
507355
507357
507359
507361
507363
507365
507367
507369
507371
507373
507375
507377
507379
507381
507383
507385
507401
507403
507421
507423
507424
507425
507427
507429
507431
507433
507435
507437
507439
507440
507441
507442
507443
507492
507494
507504
507518
507520
507522
507524
507528
507532
507534
507540
507542
507544
507546
507558
507559
507560
507562
507564
507566
507567
507569
507575
507577
507579
507581
507584
507586
507588
507601
507602
507603
507605
507666
507667
507668
507689
507706
507707
507708
507739
507740
507741
507742
507743
507744
507745
507746
507763
507802
507804
507806
507808
507810
507811
507812
507813
507815
507816
507817
507818
507819
507820
507821
507822
507823
507824
507829
507830
507841
507857
507861
507863
507867
507868
507869
507871
507873
507875
507876
507877
507879
507882
507884
507886
507888
507890
507891
507892
507893
507894
507895
507896
507898
507901
507902
507903
507904
507905
507906
507907
507908
507916
507917
507918
507919
507920
507934
507940
507944
507970
507972
507973
507974
507975
507976
507977
507980
507983
507996
507997
507998
507999
508002
508003
508004
508006
508007
508010
508011
508012
508016
508019
508036
508167
508246
508253
508254
508255
508256
508487
508488
508508
508512
508515
508517
508518
508519
508520
508522
508523
508524
508525
508526
508528
508530
508533
508534
508537
508539
508540
508541
508542
508543
508544
508546
508548
508550
508552
508554
508556
508557
508558
508559
508560
508561
508563
508565
508567
508568
508569
508570
508571
508572
508573
508574
508575
508576
508577
508578
508579
508580
508581
508582
508583
508584
508585
508586
508587
508588
508589
508590
508591
508592
508593
508594
508595
508596
508597
508598
508599
508600
508602
508604
508606
508607
508608
508609
508610
508611
508613
508615
508622
508634
508635
508636
508637
508638
508639
508640
508641
508642
508643
508646
508647
508648
508650
508651
508652
508653
508654
508655
508656
508657
508658
508659
508660
508661
508662
508663
508664
508665
508666
508667
508668
508669
508670
508671
508672
508673
508674
508675
508676
508677
508678
508681
508682
508702
508703
508704
508705
508719
508722
508724
508726
508729
508734
508735
508736
508737
508738
508740
508747
508751
508752
508753
508754
508755
508764
508768
508770
508771
508775
508776
508785
508786
508787
508788
508789
508790
508791
508792
508793
508794
508795
508826
508827
508828
508829
508830
508831
508832
508835
508838
508840
508842
508859
508869
508895
508914
508915
508916
508920
508921
508926
508928
508935
508937
508938
508939
508940
508941
508942
508943
508949
508956
508957
508958
508960
508961
508962
508965
508966
508967
508976
508979
508982
508986
508988
508989
508990
508991
508992
508993
509011
509014
509016
509017
509019
509025
509026
509031
509032
509033
509049
509050
509051
509064
509065
509066
509067
509068
509070
509087
509106
509108
509109
509111
509112
509113
509114
509115
509117
509118
509119
509121
509123
509124
509126
509127
509129
509131
509132
509133
509134
509137
509138
509139
509140
509141
509142
509221
509224
509225
509226
509227
509228
509229
509230
509231
509232
509233
509234
509235
509251
509290
509294
509297
509298
509299
509300
509301
509302
509303
509304
509305
509340
509372
509374
509375
509376
509377
509378
509379
509380
509381
509382
509383
509409
509413
509428
509456
509478
509479
509480
509489
509523
509524
509527
509528
509529
509530
509531
509538
509540
509542
509546
509547
509548
509589
509591
509593
509595
509640
509667
509669
509670
509671
509672
509673
509674
509675
509676
509686
509687
509688
509690
509694
509704
509707
509708
509726
509727
509728
509729
509733
509734
509742
509746
509851
509853
509854
509857
509922
509923
509926
509932
509944
509945
509946
509948
509951
510143
510144
510145
510186
510196
510197
510207
510208
510209
510211
510219
510223
510259
510270
510271
510408
510409
510410
510412
510413
510419
510420
510421
510423
510425
510426
510440
510441
510457
510460
510463
510476
510477
510478
510506
510507
510508
510509
510510
510526
510588
510589
510591
510592
510593
510603
510604
510608
510671
510683
510693
510695
510697
510704
510706
510709
510714
510722
510723
510769
510770
510775
510779
511142
511149
511269
511426
511458
511603
511628
511638
511704
511762
511773
512458
512588
512589
512591
512592
513526
513588
513589
518063
518069
518076
518080
518081
518082
518083
518084
518091
518131
518132
518134
518136
518151
518152
518156
518157
518159
518160
518161
518162
518165
518167
518168
518169
518170
518171
518172
518173
518174
518175
518176
518177
518179
518181
518182
518183
518184
518185
518186
518187
518188
518189
518190
518191
518192
518193
518194
518195
518196
518205
518206
518211
518214
518217
518219
518221
518225
518226
518239
518240
518241
518242
518243
518244
518245
518246
518247
518248
518249
518250
518251
518252
518253
518254
518255
518256
518257
518259
518261
518268
518270
518272
518274
518276
518277
518278
518279
518280
518282
518284
518286
518287
518288
518289
518290
518291
518292
518294
518308
518309
518310
518311
518312
518313
518314
518316
518317
518318
518319
518320
518321
518322
518323
518324
518325
518326
518327
518328
518329
518330
518331
518332
518333
518334
518335
518336
518337
518338
518339
518340
518341
518342
518343
518344
518345
518346
518347
518348
518349
518350
518351
518352
518353
518354
518355
518356
518357
518358
518359
518360
518361
518362
518363
518364
518365
518366
518367
518368
518369
518370
518371
518372
518373
518374
518375
518376
518377
518378
518379
518380
518381
518382
518383
518384
518385
518386
518387
518388
518389
518390
518391
518392
518393
518394
518395
518396
518397
518399
518401
518403
518405
518406
518407
518408
518409
518410
518411
518412
518413
518415
518417
518418
518419
518420
518422
518423
518434
518436
518438
518440
518442
518443
518444
518445
518446
518447
518448
518449
518450
518451
518452
518517
518519
518521
518522
518584
518585
518586
518587
518588
518589
518590
518591
518592
518593
518594
518595
518596
518597
518598
518599
518600
518601
518602
518603
518604
518605
518606
518607
518608
518609
518610
518611
518658
518659
518665
518666
518667
518668
518669
518670
518672
518698
518700
518725
518767
518769
518901
518934
518935
518968
519073
519075
519112
519122
519218
519240
519242
519244
519246
519248
519250
519252
519254
519256
519258
519260
519262
519264
519266
519268
519270
519271
519272
519273
519274
519275
519276
519277
519278
519280
519281
519282
519283
519284
519285
519286
519287
519288
519289
519290
519291
519292
519352
519385
519419
519422
519461
519462
519463
519491
519494
519495
519496
519497
519498
519499
519500
519501
519524
519528
519532
519533
519637
519669
519671
519683
519692
519693
519695
519719
519721
519731
519735
519736
519770
519771
519772
519773
519774
519775
519776
519777
519778
519779
519780
519781
519782
519783
519784
519785
519786
519787
519788
519789
519790
519791
519792
519793
519794
519795
519796
519797
519798
519799
519800
519801
519802
519803
519804
519805
519806
519807
519808
519809
519810
519811
519812
519813
519814
519815
519816
519817
519818
519819
519820
519821
519822
519823
519824
519825
519826
519827
519828
519829
519830
519831
519832
519833
519834
519835
519836
519837
519838
519839
519840
519841
519846
519847
519848
519849
519850
519851
519852
519853
519854
519855
519856
519857
519858
519859
519860
519861
519862
519863
519922
519923
519925
519929
519930
519933
519934
519935
519942
519945
519946
519947
519948
519949
519952
519953
519954
519955
519957
519962
519963
519964
519966
520103
520104
520140
520158
520159
520161
520165
520268
520269
520279
520281
520313
520322
520323
520352
520360
520362
520363
520367
520368
520369
520372
520429
520433
520434
520436
520474
520476
520477
520601
520604
520605
520608
520612
520623
520626
520627
520635
520641
520647
520663
520712
520715
520721
520724
520738
520825
520830
520850
520854
520856
520862
520873
520877
520906
520942
520945
520954
520973
520974
521101
521102
521105
521106
521109
521111
521112
521114
521136
521137
521139
521144
521145
521158
521159
521161
521162
521163
521200
521359
521366
521603
521605
521610
521613
521626
521634
521708
521826
521856
521866
521892
521895
521966
522137
522200
522604
522607
522609
522613
522624
522625
522627
522629
522633
522859
522870
522876
522890
522951
522954
523137
523167
523607
523608
523609
523634
523879
523890
523952
523954
523963
524137
524167
524498
524605
524609
524858
524859
524890
524963
525137
525856
525858
525859
526492
527491
528446
528447
528448
528449
528450
528451
528461
528462
528472
528473
528474
528483
528485
528492
528499
528509
528511
528512
528513
528514
528515
528516
528517
528519
528533
528534
528535
528536
528537
528538
528539
528540
528541
528542
528548
528553
528559
528564
528565
528566
528568
528570
528571
528575
528576
528577
528583
528584
528585
528596
528597
528598
528599
528608
528609
528611
528615
528616
528617
528687
528688
528704
528714
528716
528717
528718
528719
528720
528721
528764
528766
528771
528773
528787
528789
528790
528791
528792
528795
528799
528800
528801
528802
528803
528804
528805
528806
528807
528808
528823
528824
528825
528826
528827
528836
528838
528841
528871
528872
528881
528882
528883
528887
528888
528933
529067
529176
529177
529231
529366
529382
529383
529387
529388
529389
529390
529391
529393
529411
529412
529417
529418
529419
529427
529434
529435
529445
529446
529447
529448
529449
529450
529483
529484
529485
529565
529568
529593
529595
529596
529621
529622
529653
529684
529699
529700
529701
529702
529703
529757
529763
529764
529765
529766
529767
529768
529769
529771
529772
529773
529774
529778
529779
529780
529862
529863
529865
529885
529886
529891
529892
529896
529897
529898
529900
529940
529941
529942
529943
529945
529946
529947
529948
530006
530015
530017
530018
530021
530022
530024
530107
530108
530113
530116
530117
530120
530123
530124
530127
530129
530131
530133
530138
530140
530142
530143
530154
530155
530165
530166
530167
530168
530169
530170
530171
530172
530173
530174
530180
530181
530182
530183
530184
530204
530205
530214
530222
530227
530242
530243
530244
530245
530246
530250
530251
530253
530307
530308
530309
530310
530312
530313
530314
530316
530317
530318
530320
530321
530322
530323
530325
530326
530332
530333
530334
530335
530336
530337
530338
530339
530340
530341
530362
530363
530365
530373
530377
530402
530406
530407
530409
530444
530445
530447
530448
530449
530451
530452
530455
530456
530458
530462
530464
530465
530466
530467
530470
530471
530475
530501
530502
530503
530504
530505
530506
530507
530508
530509
530510
530516
530525
530526
530527
530529
530530
530531
530534
530535
530536
530543
530544
530545
530546
530547
530548
530549
530550
530567
530568
530569
530570
530572
530573
530574
530575
530576
530577
530578
530579
530580
530604
530605
530606
530607
530608
530611
530613
530615
530616
530617
530619
530622
530623
530626
530627
530629
530641
530642
530647
530648
530651
530652
530654
530656
530668
530669
530670
530671
530672
530675
530676
530677
530679
530681
530683
530684
530685
530686
530688
530689
530690
530691
530692
530693
530694
530695
530696
530699
530705
530919
530920
530921
530922
530923
530924
530937
530938
530940
530942
530943
530944
530945
530946
530961
530965
530966
530980
530985
530986
530988
530992
530998
530999
531107
531142
531166
531168
531172
531174
531175
531182
531183
531215
531365
531373
531376
531377
531465
531470
531548
531567
531570
531574
531576
531582
531608
531642
531685
531688
531923
531925
531933
531984
531985
531992
531998
532006
532174
532175
532179
532181
532182
532183
532365
532373
532377
532699
532980
532985
532986
532992
532996
532997
532998
533174
533178
533179
533182
533183
533365
533470
533699
533751
533752
533753
533754
533755
533756
533759
533761
533762
533763
533764
533765
533766
533767
533768
533771
533772
533773
533774
533775
533776
533777
533779
533780
533781
533808
533811
533812
533815
533836
533837
533838
533839
533840
533841
533842
533844
533847
533848
533855
533867
533877
533878
533880
533881
533882
533883
533891
533892
533893
533894
533895
533896
533897
533898
533899
533900
533901
533903
533904
533905
533906
533907
533908
533909
533910
533911
533929
533941
533942
533943
533944
533945
533946
533947
533948
533950
534006
534008
534009
534012
534017
534018
534019
534020
534023
534024
534025
534026
534027
534028
534033
534034
534037
534038
534039
534040
534041
534042
534044
534045
534046
534047
534048
534049
534052
534053
534054
534055
534056
534058
534060
534061
534062
534070
534071
534072
534073
534074
534075
534076
534078
534079
534081
534082
534084
534086
534087
534091
534092
534093
534094
534095
534096
534097
534098
534099
534100
534101
534105
534108
534109
534110
534111
534112
534113
534114
534115
534116
534117
534118
534119
534120
534121
534122
534123
534124
534125
534126
534127
534128
534129
534130
534131
534132
534133
534134
534135
534136
534137
534138
534140
534141
534142
534143
534144
534157
534158
534159
534160
534166
534167
534169
534170
534174
534175
534176
534177
534178
534179
534180
534181
534182
534183
534184
534189
534190
534193
534195
534198
534199
534200
534201
534202
534204
534205
534206
534207
534208
534209
534210
534211
534212
534213
534215
534216
534217
534218
534219
534220
534221
534222
534223
534224
534225
534226
534227
534228
534229
534230
534231
534232
534237
534239
534260
534262
534263
534264
534265
534266
534267
534268
534269
534270
534271
534272
534273
534274
534275
534276
534277
534278
534279
534280
534281
534282
534283
534284
534285
534286
534290
534291
534292
534293
534294
534295
534296
534297
534298
534299
534300
534301
534302
534303
534304
534305
534306
534307
534308
534309
534311
534313
534315
534316
534317
534318
534319
534320
534321
534322
534327
534328
534329
534330
534331
534332
534333
534334
534337
534338
534339
534340
534341
534342
534343
534344
534345
534346
534347
534348
534349
534350
534351
534352
534353
534354
534355
534356
534357
534358
534359
534360
534361
534367
534368
534377
534378
534379
534380
534381
534382
534383
534384
534385
534397
534408
534411
534412
534413
534415
534416
534417
534418
534419
534420
534466
534467
534469
534470
534472
534473
534478
534479
534481
534482
534483
534512
534514
534613
534625
534626
534761
534768
534786
534796
534891
534892
534913
534915
534917
534924
534925
534926
534927
534928
534932
534934
534949
534950
534951
534952
534953
534955
534957
534960
534991
534997
535009
535010
535011
535012
535013
535014
535015
535018
535020
535022
535024
535026
535028
535030
535031
535032
535033
535040
535042
535043
535052
535054
535067
535093
535095
535097
535099
535101
535111
535137
535142
535143
535148
535149
535150
535151
535152
535155
535156
535157
535158
535200
535201
535202
535203
535204
535205
535206
535215
535216
535217
535218
535219
535220
535221
535222
535223
535224
535225
535226
535227
535260
535261
535262
535263
535264
535265
535285
535287
535289
535291
535330
535332
535334
535336
535338
535340
535342
535344
535346
535348
535350
535352
535354
535356
535367
535369
535371
535373
535375
535376
535377
535378
535379
535380
535381
535382
535383
535384
535385
535386
535388
535390
535392
535394
535396
535398
535400
535402
535404
535406
535408
535410
535412
535414
535415
535416
535417
535418
535419
535420
535421
535422
535423
535424
535425
535426
535427
535428
535429
535430
535431
535432
535433
535434
535435
535436
535437
535438
535439
535440
535441
535442
535443
535444
535445
535452
535453
535454
535455
535456
535457
535470
535471
535472
535473
535474
535477
535478
535479
535480
535481
535483
535484
535498
535500
535502
535504
535505
535506
535507
535508
535509
535510
535511
535526
535545
535547
535549
535550
535551
535552
535553
535554
535555
535556
535557
535558
535559
535560
535561
535562
535563
535564
535565
535566
535567
535569
535570
535571
535572
535573
535580
535581
535582
535585
535588
535591
535626
535627
535628
535629
535630
535631
535632
535633
535634
535635
535636
535637
535638
535639
535640
535641
535642
535643
535644
535645
535646
535647
535648
535649
535650
535683
535709
535711
535712
535713
535714
535715
535720
535722
535830
535832
535833
535836
535838
535841
535847
535848
535856
535857
535859
535860
535861
535862
535863
535864
535865
535866
535867
535896
535897
535900
535901
535902
535903
535904
535905
535906
535907
535908
535909
535910
535911
535914
535915
535928
535932
535953
535954
535955
535956
535957
535958
535964
535965
535966
535979
535982
535983
535996
535998
535999
536000
536001
536002
536003
536004
536005
536006
536007
536008
536009
536010
536023
536024
536025
536026
536027
536031
536032
536033
536034
536035
536036
536040
536041
536043
536044
536045
536046
536047
536048
536049
536050
536051
536052
536053
536054
536055
536056
536057
536058
536059
536060
536061
536062
536063
536064
536065
536067
536068
536069
536070
536071
536072
536073
536074
536075
536077
536078
536079
536080
536081
536082
536083
536084
536085
536086
536087
536088
536091
536092
536093
536094
536095
536096
536097
536098
536099
536100
536101
536102
536103
536104
536105
536106
536107
536108
536109
536110
536111
536112
536113
536114
536115
536116
536117
536118
536119
536121
536122
536123
536124
536125
536126
536127
536128
536129
536130
536131
536132
536133
536134
536135
536136
536137
536138
536139
536140
536141
536142
536147
536148
536149
536150
536151
536153
536156
536167
536170
536171
536172
536173
536174
536175
536176
536177
536178
536182
536184
536185
536188
536189
536190
536191
536192
536193
536194
536195
536196
536197
536199
536200
536201
536202
536203
536204
536205
536207
536209
536212
536221
536273
536274
536275
536277
536279
536280
536281
536283
536284
536285
536286
536287
536288
536289
536290
536329
536332
536339
536340
536342
536343
536370
536371
536372
536373
536374
536375
536378
536381
536395
536400
536401
536403
536404
536405
536406
536408
536412
536423
536424
536426
536427
536428
536429
536430
536432
536433
536435
536436
536437
536438
536439
536440
536443
536444
536445
536450
536454
536455
536456
536457
536464
536465
536470
536471
536478
536479
536480
536481
536482
536503
536504
536508
536510
536517
536518
536519
536520
536521
536522
536523
536524
536525
536526
536527
536528
536529
536530
536532
536533
536534
536535
536536
536537
536538
536539
536540
536542
536543
536544
536545
536546
536547
536548
536549
536550
536551
536552
536553
536554
536555
536556
536557
536558
536559
536560
536591
536592
536593
536594
536595
536596
536597
536598
536599
536600
536601
536602
536603
536604
536605
536606
536607
536608
536609
536610
536611
536612
536613
536614
536615
536616
536617
536618
536619
536620
536621
536622
536623
536624
536625
536626
536627
536628
536629
536630
536631
536632
536633
536634
536635
536636
536637
536638
536639
536640
536641
536642
536643
536644
536645
536646
536647
536648
536649
536650
536652
536654
536655
536656
536658
536659
536660
536661
536671
536702
536703
536704
536705
536706
536707
536708
536709
536710
536716
536717
536718
536719
536760
536783
536785
536787
536789
536791
536881
536882
536883
536884
536885
536886
536889
536890
536891
536926
536942
536943
536944
536945
536953
536954
536955
536956
536958
536959
536960
536962
536963
536964
536965
536966
536967
536986
536987
536988
536995
536997
536998
536999
537017
537024
537026
537028
537029
537030
537031
537032
537033
537034
537035
537036
537037
537038
537039
537040
537041
537042
537043
537044
537045
537054
537055
537066
537068
537069
537070
537071
537072
537080
537081
537082
537083
537084
537085
537087
537089
537090
537091
537092
537093
537098
537132
537133
537172
537173
537174
537175
537176
537177
537178
537179
537181
537183
537185
537187
537260
537262
537264
537266
537267
537268
537269
537270
537271
537272
537273
537274
537275
537276
537293
537304
537341
537365
537402
537404
537405
537407
537474
537483
537488
537493
537500
537502
537504
537505
537506
537508
537510
537511
537512
537513
537514
537515
537516
537517
537518
537520
537521
537522
537525
537526
537527
537528
537530
537531
537532
537533
537534
537536
537537
537538
537539
537540
537541
537542
537543
537545
537546
537547
537549
537550
537551
537579
537581
537584
537585
537586
537587
537588
537589
537590
537591
537592
537601
537602
537603
537604
537609
537610
537611
537612
537613
537614
537615
537616
537617
537618
537619
537620
537621
537622
537623
537624
537625
537626
537627
537628
537629
537630
537631
537632
537633
537634
537687
537688
537689
537692
537693
537717
537727
537747
537748
537749
537750
537751
537752
537753
537754
537755
537756
537757
537758
537759
537760
537761
537762
537763
537764
537765
537766
537767
537768
537769
537770
537771
537772
537773
537794
537809
537812
537833
537834
537837
537846
537858
537860
537869
537918
537933
537935
537937
537938
537940
537942
537944
537945
537946
537947
537948
537949
537950
537951
537952
537953
537954
537955
537956
537957
537959
537961
537971
537973
537974
537975
537976
537977
537978
537984
537988
537989
537990
537991
537992
537993
537994
537995
537996
537997
537998
537999
538000
538001
538002
538003
538004
538005
538006
538008
538009
538011
538012
538013
538014
538018
538019
538020
538021
538022
538023
538026
538028
538030
538032
538035
538036
538037
538038
538039
538040
538041
538042
538043
538044
538045
538046
538048
538050
538052
538056
538057
538058
538065
538066
538067
538068
538085
538087
538091
538092
538093
538108
538110
538111
538112
538113
538114
538125
538126
538127
538128
538129
538130
538131
538132
538134
538136
538137
538138
538140
538146
538147
538161
538164
538166
538170
538171
538177
538178
538179
538180
538186
538187
538188
538189
538190
538191
538192
538193
538221
538222
538223
538224
538227
538228
538229
538242
538243
538244
538245
538246
538247
538249
538250
538251
538252
538253
538254
538255
538256
538266
538267
538268
538315
538316
538317
538318
538319
538320
538321
538322
538323
538324
538325
538326
538327
538328
538329
538330
538331
538332
538333
538334
538335
538336
538337
538338
538339
538340
538341
538342
538343
538344
538401
538402
538403
538486
538488
538490
538491
538492
538493
538495
538496
538499
538536
538540
538545
538550
538589
538594
538599
538629
538630
538631
538632
538633
538634
538635
538636
538637
538638
538639
538640
538641
538642
538643
538644
538646
538663
538664
538665
538666
538667
538669
538684
538686
538687
538688
538692
538699
538719
538720
538748
538754
538784
538785
538786
538787
538789
538792
538800
538801
538802
538803
538806
538807
538817
538818
538819
538820
538840
538850
538856
538859
538860
538862
538863
538864
538865
538900
538901
538906
538907
538908
538909
538910
538911
538912
538913
538914
538915
538916
538917
538918
538919
538920
538921
538922
538923
538924
538925
538926
538927
538928
538929
538930
538939
538940
538941
538942
538943
538944
538945
538946
538947
538948
538949
538950
538951
538952
538953
538954
538955
538956
538957
538958
538959
538960
538961
538962
538963
538964
538968
538969
538970
538975
538976
538977
538978
538980
538981
538982
539051
539052
539053
539054
539056
539059
539060
539061
539062
539063
539064
539065
539069
539070
539072
539073
539074
539075
539076
539077
539078
539079
539080
539081
539082
539083
539084
539102
539111
539114
539116
539118
539119
539120
539122
539123
539124
539125
539126
539127
539128
539129
539130
539132
539133
539134
539135
539139
539142
539144
539148
539149
539150
539151
539164
539167
539168
539169
539170
539171
539172
539173
539174
539182
539183
539184
539186
539187
539188
539189
539190
539191
539192
539193
539194
539195
539196
539197
539198
539199
539200
539201
539202
539203
539204
539205
539206
539207
539208
539209
539211
539212
539215
539216
539219
539220
539221
539222
539223
539224
539225
539226
539227
539228
539229
539230
539232
539233
539234
539280
539282
539284
539286
539288
539290
539292
539293
539294
539296
539366
539369
539370
539371
539372
539373
539374
539375
539376
539378
539379
539380
539381
539382
539383
539393
539394
539395
539396
539397
539420
539422
539424
539465
539477
539478
539480
539481
539482
539483
539484
539485
539486
539487
539488
539489
539490
539491
539492
539493
539494
539495
539496
539497
539498
539499
539500
539503
539504
539517
539518
539519
539521
539539
539540
539541
539552
539563
539564
539565
539569
539570
539595
539596
539597
539602
539603
539604
539605
539606
539608
539609
539610
539611
539612
539613
539615
539616
539617
539618
539619
539620
539621
539622
539624
539625
539629
539630
539635
539636
539637
539638
539639
539640
539641
539642
539643
539644
539645
539646
539653
539654
539655
539656
539660
539664
539665
539666
539667
539668
539689
539690
539691
539692
539693
539694
539695
539696
539697
539699
539701
539703
539705
539707
539710
539712
539714
539716
539717
539718
539719
539720
539722
539739
539747
539749
539750
539751
539752
539753
539754
539755
539756
539757
539758
539759
539760
539761
539762
539763
539765
539766
539777
539778
539779
539780
539781
539782
539783
539786
539789
539797
539799
539801
539803
539804
539805
539806
539807
539821
539823
539825
539826
539830
539877
539879
539881
539883
539885
539887
539888
539889
539890
539891
539953
539954
539957
539958
539964
539965
539966
539971
539976
539977
539978
539979
539980
539981
539982
539983
539984
539985
539986
539987
539988
539989
539990
539991
539992
539993
539999
540126
540130
540133
540139
540179
540180
540184
540229
540236
540238
540293
540354
541143
541188
541189
541190
541212
541228
541233
541312
541315
541356
542188
542189
542191
542212
542228
542269
542282
542299
542315
542319
542356
543120
543188
543189
543191
543192
543212
543228
543269
543295
543314
544124
544188
544203
544226
544228
544269
544277
544299
544314
544589
544590
544592
544614
544615
544617
544629
544630
544631
544644
544656
544671
544684
544686
544687
544688
544689
544694
544740
544765
544766
544767
544768
544769
544770
544778
544779
544780
544804
544806
544807
544808
544809
544811
544813
544817
544818
544819
544820
544821
544822
544824
544844
544845
544846
544847
544848
544869
544873
544884
544885
544901
544902
544903
544909
544914
544940
544941
544942
544965
544974
544992
545010
545011
545012
545013
545014
545061
545074
545080
545083
545085
545086
545087
545089
545090
545110
545111
545117
545118
545119
545120
545125
545126
545127
545128
545129
545130
545131
545132
545133
545134
545135
545136
545137
545138
545139
545140
545141
545142
545143
545144
545145
545147
545148
545149
545150
545151
545152
545153
545154
545155
545156
545157
545158
545159
545160
545161
545162
545166
545168
545170
545191
545192
545194
545195
545196
545199
545272
545273
545274
545275
545276
545277
545278
545279
545280
545284
545289
545291
545305
545307
545312
545325
545326
545327
545328
545329
545330
545331
545332
545333
545334
545335
545336
545337
545338
545339
545340
545341
545342
545343
545344
545345
545346
545347
545348
545349
545350
545351
545352
545353
545354
545355
545356
545357
545358
545359
545360
545361
545362
545363
545364
545365
545366
545367
545368
545369
545370
545371
545372
545373
545374
545375
545376
545377
545378
545379
545380
545382
545384
545386
545388
545390
545392
545394
545396
545406
545408
545409
545411
545412
545413
545414
545415
545416
545417
545418
545419
545420
545421
545422
545423
545424
545425
545426
545427
545428
545429
545430
545431
545432
545433
545435
545437
545438
545439
545440
545441
545442
545443
545444
545445
545446
545447
545448
545449
545450
545451
545484
545486
545488
545490
545492
545521
545522
545524
545525
545526
545527
545528
545529
545530
545531
545532
545550
545552
545555
545556
545557
545558
545559
545560
545562
545563
545583
545588
545589
545591
545597
545618
545646
545648
545682
545683
545684
545685
545686
545687
545688
545747
545748
545754
545755
545758
545759
545760
545761
545762
545763
545764
545765
545768
545770
545772
545774
545776
545778
545779
545781
545782
545783
545784
545785
545786
545788
545790
545792
545794
545795
545817
545819
545821
545823
545825
545827
545828
545829
545834
545835
545867
545868
545869
545870
545871
545872
545873
545874
545875
545876
545877
545878
545981
545984
546012
546015
546016
546017
546022
546023
546024
546025
546030
546031
546134
546139
546140
546141
546142
546143
546144
546145
546147
546154
546165
546166
546256
546257
546258
546259
546260
546261
546262
546263
546264
546265
546266
546267
546268
546269
546270
546271
546272
546273
546274
546275
546276
546277
546278
546279
546280
546281
546282
546283
546284
546285
546286
546287
546288
546289
546290
546298
546299
546301
546302
546303
546304
546305
546306
546307
546308
546309
546310
546311
546312
546313
546417
546527
546528
546529
546530
546533
546534
546654
546655
546656
546657
546658
546659
546685
546686
546687
546694
546708
546709
546710
546711
546712
546713
546714
546715
546716
546718
546721
546723
546724
546725
546726
546727
546728
546729
546730
546731
546732
546733
546734
546735
546736
546737
546738
546739
546740
546741
546742
546743
546744
546745
546746
546747
546748
546749
546750
546751
546752
546753
546754
546755
546756
546757
546758
546759
546760
546761
546762
546763
546764
546765
546766
546767
546768
546769
546770
546771
546772
546773
546774
546775
546791
546792
546793
546794
546795
546796
546797
546798
546799
546800
546801
546802
546803
546804
546805
546806
546808
546810
546812
546814
546816
546818
546820
546822
546829
546830
546831
546832
546833
546834
546835
546848
546849
546850
546851
546852
546853
546854
546855
546856
546857
546858
546859
546860
546861
546862
546863
546864
546866
546867
546868
546869
546870
546871
546872
546873
546874
546875
546876
546877
546878
546879
546880
546881
546882
546883
546884
546885
546886
546887
546888
546889
546890
546891
546892
546893
546894
546895
546896
546897
546898
546899
546900
546901
546902
546903
546904
546905
546906
546907
546908
546909
546922
546923
546924
546925
546926
546927
546928
546929
546930
546932
546934
546935
546938
546939
546942
546943
546946
546947
547008
547011
547012
547013
547014
547015
547100
547101
547102
547103
547104
547105
547106
547107
547108
547110
547112
547114
547116
547118
547120
547122
547124
547126
547128
547130
547132
547134
547136
547138
547140
547142
547144
547146
547148
547150
547152
547154
547156
547158
547160
547216
547217
547218
547219
547220
547221
547222
547223
547224
547225
547226
547227
547228
547229
547230
547231
547232
547271
547272
547384
547385
547386
547387
547388
547389
547390
547391
547399
547400
547401
547402
547403
547409
547410
547411
547412
547413
547528
547529
547530
547531
547532
547533
547561
547562
547563
547564
547565
547569
547570
547571
547573
547574
547575
547577
547578
547580
547581
547582
547583
547587
547588
547593
547596
547709
547726
547739
547740
547741
547742
547744
547745
547746
547747
547748
547749
547750
547751
547753
547754
547757
547758
547759
547760
547761
547762
547777
547778
547783
547784
547785
547786
547787
547788
547789
547790
547803
547819
547820
547822
547850
547851
547852
547853
547862
547863
547864
547867
547870
547871
547872
547873
547874
547875
547877
547878
547879
547880
547881
547882
547883
547884
547885
547886
547887
547888
547889
547890
547891
547892
547893
547894
547895
547896
547897
547898
547899
547900
547901
547902
547903
547904
547905
547906
547907
547910
547911
547920
547921
547922
547923
547924
547928
547929
547931
547933
547935
547936
547937
547938
547939
547940
547941
547942
547943
547944
547945
547946
547947
547948
547949
547950
547951
547952
547953
547954
547955
547956
547957
547958
547959
547969
547973
547974
547976
547978
547980
547981
548002
548003
548040
548041
548042
548048
548070
548071
548072
548073
548074
548075
548076
548077
548078
548079
548080
548081
548082
548083
548084
548086
548115
548129
548130
548131
548132
548133
548146
548147
548148
548149
548150
548151
548152
548153
548154
548163
548164
548165
548166
548167
548168
548169
548173
548182
548194
548195
548196
548198
548199
548200
548201
548202
548203
548204
548205
548206
548207
548208
548209
548266
548314
548330
548331
548332
548333
548334
548335
548337
548339
548341
548343
548345
548346
548347
548348
548355
548356
548362
548363
548364
548365
548366
548370
548372
548374
548414
548415
548429
548432
548437
548438
548439
548443
548444
548445
548446
548447
548448
548449
548450
548451
548453
548454
548455
548456
548457
548458
548459
548460
548462
548463
548464
548465
548466
548467
548468
548469
548470
548502
548503
548504
548521
548540
548541
548542
548543
548545
548547
548555
548556
548557
548558
548562
548564
548566
548572
548573
548574
548575
548576
548577
548578
548583
548585
548590
548596
548597
548615
548616
548617
548618
548619
548620
548621
548622
548623
548624
548625
548626
548627
548628
548629
548630
548631
548632
548664
548665
548666
548667
548689
548691
548693
548788
548789
548790
548791
548792
548805
548806
548807
548808
548810
548813
548814
548815
548822
548850
548852
548854
548856
548858
548860
548862
548863
548865
548866
548867
548868
548869
548870
548871
548872
548873
548874
548875
548876
548877
548878
548879
548896
548897
548898
548899
548900
548901
548902
548903
548904
548905
548906
548907
548940
548941
548942
548943
548944
548946
548947
548948
548949
548950
548951
548954
548958
548959
548960
548961
548962
548963
548964
548965
548966
548967
548968
548969
548970
548971
548972
548973
548974
548975
548976
548977
548978
548983
548984
548985
548986
548987
548988
548990
548991
548992
548993
548994
548995
548997
548999
549000
549001
549002
549003
549004
549005
549006
549007
549008
549009
549010
549011
549013
549015
549017
549018
549019
549027
549028
549029
549030
549031
549032
549033
549037
549038
549039
549040
549041
549073
549074
549075
549076
549077
549078
549079
549080
549081
549082
549083
549084
549085
549086
549087
549088
549101
549103
549104
549106
549107
549108
549109
549113
549114
549115
549119
549120
549121
549122
549144
549145
549147
549148
549150
549151
549153
549154
549167
549168
549169
549174
549178
549180
549190
549192
549194
549195
549196
549197
549198
549211
549212
549213
549214
549216
549267
549268
549269
549271
549273
549275
549277
549294
549295
549296
549297
549298
549306
549307
549371
549492
549493
549532
549534
549535
549536
549537
549540
549541
549542
549543
549544
549545
549546
549547
549551
549552
549553
549559
549560
549562
549563
549564
549573
549574
549575
549576
549596
549604
549605
549623
549624
549625
549626
549627
549628
549629
549630
549631
549632
549636
549676
549677
549678
549679
549680
549681
549682
549683
549684
549685
549686
549687
549688
549689
549690
549691
549692
549693
549694
549695
549697
549699
549700
549701
549703
549704
549705
549816
549817
549818
549819
549820
549821
549822
549823
549824
549825
549826
549827
549828
549829
549830
549831
549832
549833
549834
549835
549836
549837
549838
549839
549840
549841
549842
549843
549844
549845
549854
549855
549866
549867
549868
549869
549870
549871
549872
549873
549874
549875
549876
549877
549878
549879
549880
549881
549882
549883
549884
549885
549886
549887
549888
549968
549969
549970
550105
550110
550111
550114
550115
550117
550118
550119
550120
550121
550122
550123
550124
550126
550127
550144
550145
550146
550150
550157
550201
550220
550221
550222
550223
550224
550225
550230
550231
550232
550233
550234
550235
550501
550502
550522
550523
550524
550525
550526
550527
550532
550533
550534
550535
550536
550538
550543
550544
550546
550547
550551
550552
550553
550554
551141
551149
551512
551535
551546
553157
554300
554312
554313
554314
554315
554316
554317
554318
554319
554320
554321
554322
554323
554324
554325
554326
554327
554328
554337
554338
554343
554344
554345
554347
554348
554357
554360
554363
554369
554372
554373
554374
554375
554376
554377
554378
554379
554380
554381
554382
554385
554386
554387
554388
554389
554390
554391
554392
554393
554394
554395
554396
554398
554399
554400
554401
554402
554403
554405
554406
554407
554408
554409
554410
554411
554412
554413
554416
554417
554418
554419
554420
554421
554422
554423
554427
554428
554429
554430
554431
554432
554433
554434
554435
554436
554437
554438
554439
554440
554441
554442
554444
554445
554446
554447
554448
554449
554450
554451
554452
554453
554454
554457
554458
554459
554460
554461
554462
554463
554464
554465
554466
554467
554468
554469
554472
554473
554481
554487
554488
554489
554490
554493
554494
554495
554496
554497
554498
554499
554500
554503
554504
554505
554515
554516
554517
554530
554531
554532
554534
554535
554536
554537
554538
554539
554540
554550
554554
554555
554558
554559
554560
554561
554571
554572
554573
554574
554575
554576
554577
554578
554579
554580
554581
554582
554585
554593
554594
554595
554596
554597
554598
554607
554608
554609
554610
554611
554612
554613
554614
554615
554618
554619
554681
554683
554685
554687
554689
554707
554708
554712
554713
554714
554716
554717
554718
554719
554720
554725
554726
554727
554728
554729
554730
554731
554732
554733
554734
554735
554736
554737
554741
554750
554752
554754
554756
554767
554768
554769
554770
554771
554781
554782
554783
554787
554788
554789
554797
554799
554809
554812
554813
554814
554831
554838
554839
554840
554841
554842
554843
554844
554849
554850
554851
554852
554853
554854
554855
554856
554857
554858
554859
554860
554861
554862
554863
554864
554867
554868
554869
554870
554871
554874
554875
554888
554890
554892
554894
554896
554898
554900
554902
554912
554914
554915
554916
554917
554919
554920
554921
554923
554942
554944
554945
554946
554947
554948
554949
554950
554951
554952
554953
554954
554955
554956
554957
554958
554959
554960
554961
554963
554965
554967
554989
554991
554993
554995
554997
554999
555014
555026
555027
555031
555032
555033
555034
555035
555036
555037
555038
555039
555040
555041
555042
555043
555044
555045
555046
555047
555048
555049
555050
555051
555052
555053
555054
555055
555056
555057
555058
555059
555060
555061
555062
555063
555064
555065
555066
555067
555068
555069
555070
555071
555072
555073
555074
555075
555078
555080
555082
555083
555084
555085
555086
555087
555088
555089
555090
555091
555092
555093
555094
555095
555096
555111
555113
555115
555117
555156
555173
555175
555176
555177
555178
555179
555181
555183
555186
555188
555192
555194
555196
555198
555200
555202
555203
555221
555222
555223
555224
555225
555226
555227
555228
555229
555230
555231
555243
555244
555245
555246
555247
555248
555249
555250
555251
555252
555253
555254
555284
555285
555286
555287
555288
555289
555290
555291
555292
555293
555294
555295
555296
555297
555298
555299
555300
555301
555302
555303
555304
555305
555306
555307
555319
555320
555321
555322
555323
555324
555325
555326
555327
555328
555329
555330
555331
555332
555333
555334
555335
555336
555337
555338
555339
555340
555341
555342
555343
555344
555345
555346
555347
555348
555349
555362
555363
555364
555366
555367
555368
555369
555370
555371
555372
555373
555381
555383
555385
555386
555387
555388
555390
555391
555392
555393
555394
555395
555396
555397
555398
555399
555400
555401
555402
555403
555404
555405
555406
555407
555408
555409
555410
555411
555412
555413
555414
555415
555416
555417
555418
555419
555420
555421
555422
555423
555424
555425
555426
555427
555428
555429
555430
555431
555432
555433
555434
555435
555436
555437
555438
555439
555440
555441
555442
555443
555444
555445
555446
555447
555448
555449
555451
555452
555453
555540
555542
555544
555545
555546
555547
555638
555639
555640
555641
555642
555643
555644
555645
555646
555647
555648
555649
555650
555651
555652
555653
555654
555655
555656
555657
555658
555659
555660
555672
555673
555674
555675
555676
555677
555678
555679
555680
555681
555682
555683
555684
555685
555686
555687
555688
555689
555690
555718
555726
555728
555741
555742
555743
555744
555745
555746
555747
555748
555802
555805
555806
555807
555808
555809
555810
555811
555812
555813
555814
555815
555816
555817
555818
555819
555820
555821
555823
555826
555829
555831
555832
555833
555835
555836
555837
555838
555841
555842
555852
555854
555857
555858
555859
555862
555876
555911
555912
555915
555916
555917
555918
555919
555920
555921
555930
555942
555943
555945
555947
555950
555953
555955
555957
555959
556021
556023
556025
556027
556029
556035
556037
556038
556039
556041
556043
556045
556047
556049
556051
556056
556057
556060
556069
556087
556094
556108
556111
556115
556119
556121
556129
556193
556194
556195
556196
556197
556198
556199
556201
556203
556208
556224
556226
556228
556232
556233
556234
556235
556236
556237
556240
556259
556260
556261
556263
556265
556267
556297
556305
556307
556309
556310
556311
556312
556313
556314
556315
556316
556317
556318
556319
556320
556321
556322
556323
556324
556325
556326
556327
556328
556329
556330
556331
556332
556334
556336
556338
556340
556358
556359
556360
556361
556362
556363
556364
556366
556378
556379
556380
556381
556384
556386
556388
556390
556391
556392
556393
556395
556396
556397
556403
556430
556432
556434
556480
556481
556482
556483
556485
556521
556523
556525
556527
556529
556531
556532
556534
556536
556537
556538
556540
556549
556551
556552
556553
556554
556557
556559
556561
556563
556569
556570
556571
556572
556573
556574
556575
556576
556577
556578
556580
556581
556582
556583
556584
556585
556586
556588
556590
556602
556604
556605
556606
556607
556608
556609
556610
556611
556612
556613
556614
556615
556616
556617
556618
556619
556620
556621
556622
556623
556624
556625
556626
556627
556629
556630
556631
556632
556633
556634
556635
556636
556640
556641
556645
556646
556649
556660
556661
556662
556663
556664
556665
556666
556667
556668
556670
556671
556672
556673
556674
556675
556676
556677
556678
556741
556746
556766
556769
556770
556797
556826
556828
556829
556830
556832
556834
556836
556844
556852
556853
556854
556899
556901
556906
556914
556915
556917
556940
556941
556942
556943
556944
556945
556946
556947
556948
556949
556950
556951
556952
556953
556955
556957
557009
557010
557011
557012
557013
557014
557015
557016
557017
557018
557019
557020
557021
557022
557023
557024
557067
557072
557074
557076
557105
557106
557107
557167
557170
557191
557193
557270
557272
557273
557274
557275
557290
557296
557298
557361
557363
557364
557366
557368
557373
557375
557377
557379
557381
557383
557413
557444
557446
557448
557450
557458
557459
557460
557464
557487
557489
557492
557493
557494
557495
557496
557497
557498
557499
557500
557501
557502
557503
557504
557505
557506
557507
557508
557509
557510
557511
557512
557514
557522
557524
557526
557528
557530
557532
557534
557536
557538
557539
557540
557541
557542
557543
557544
557545
557546
557547
557548
557549
557550
557551
557552
557554
557555
557557
557558
557559
557560
557561
557562
557581
557583
557584
557586
557587
557588
557589
557590
557591
557592
557593
557594
557595
557596
557597
557598
557599
557600
557601
557603
557605
557606
557607
557609
557611
557613
557615
557617
557619
557621
557623
557625
557626
557628
557630
557632
557679
557690
557692
557695
557697
557699
557711
557716
557717
557735
557736
557737
557738
557739
557740
557741
557742
557746
557747
557748
557750
557751
557752
557753
557754
557757
557758
557759
557769
557771
557774
557777
557778
557779
557781
557782
557783
557827
557829
557830
557831
557833
557835
557837
557839
557841
557843
557844
557845
557847
557849
557851
557853
557855
557880
557881
557882
557883
557884
557885
557886
557888
557890
557894
557896
557897
557900
557907
557909
557911
557913
557915
557917
557919
557950
557952
557954
557956
557958
557960
557962
557964
557966
557986
557992
558006
558008
558010
558027
558029
558030
558031
558032
558033
558034
558035
558036
558037
558038
558039
558040
558041
558042
558043
558044
558045
558046
558047
558048
558049
558050
558052
558053
558054
558055
558056
558057
558058
558059
558060
558061
558062
558063
558064
558065
558066
558067
558068
558069
558070
558071
558072
558073
558075
558077
558079
558081
558087
558092
558094
558095
558097
558099
558101
558103
558105
558106
558108
558109
558110
558111
558120
558121
558122
558125
558128
558166
558186
558187
558188
558190
558192
558194
558195
558196
558197
558199
558201
558203
558220
558246
558247
558248
558249
558250
558251
558252
558253
558254
558255
558256
558257
558258
558259
558260
558261
558262
558263
558264
558265
558266
558267
558268
558269
558270
558271
558272
558273
558274
558275
558276
558277
558278
558279
558280
558281
558282
558283
558284
558285
558286
558287
558288
558301
558303
558305
558306
558307
558308
558309
558310
558311
558312
558313
558314
558315
558316
558317
558318
558319
558320
558321
558322
558323
558324
558325
558326
558327
558328
558329
558341
558343
558345
558347
558349
558350
558351
558352
558353
558354
558355
558356
558357
558358
558359
558360
558361
558362
558363
558364
558365
558366
558367
558369
558371
558373
558375
558377
558379
558381
558383
558384
558385
558386
558387
558388
558389
558390
558391
558392
558393
558394
558395
558408
558410
558412
558414
558424
558452
558454
558456
558469
558470
558471
558472
558473
558474
558475
558476
558477
558478
558479
558480
558481
558482
558483
558484
558485
558486
558487
558488
558489
558491
558493
558495
558497
558499
558501
558503
558505
558507
558508
558509
558513
558514
558515
558516
558523
558525
558527
558529
558531
558533
558534
558535
558536
558537
558538
558548
558556
558558
558561
558568
558569
558585
558586
558587
558588
558589
558590
558591
558592
558593
558594
558595
558596
558597
558598
558599
558600
558601
558602
558603
558604
558605
558606
558607
558608
558609
558610
558611
558613
558614
558615
558616
558617
558618
558619
558620
558621
558622
558623
558624
558625
558626
558627
558628
558629
558630
558631
558632
558633
558634
558635
558636
558637
558638
558639
558640
558641
558642
558643
558644
558645
558646
558648
558650
558652
558654
558677
558678
558679
558680
558682
558683
558684
558685
558686
558687
558688
558689
558690
558691
558702
558703
558707
558709
558710
558720
558727
558800
558802
558803
558810
558823
558825
558826
558827
558828
558829
558830
558831
558832
558833
558834
558835
558836
558837
558838
558839
558840
558841
558842
558843
558844
558845
558846
558847
558869
558871
558873
558875
558877
558878
558879
558880
558881
558882
558883
558884
558885
558886
558887
558888
558889
558890
558891
558892
558893
558894
558895
558896
558897
558898
558899
558900
558901
558902
558903
558904
558905
558906
558907
558908
558909
558910
558911
558912
558913
558914
558915
558916
558917
558918
558919
558920
558921
558922
558923
558924
558926
558928
558929
558930
558931
558932
558933
558934
558935
558936
558937
558938
558939
558940
558941
558942
558943
558945
558947
558949
558989
558991
558992
558994
558996
559004
559006
559008
559009
559010
559015
559022
559056
559057
559071
559072
559073
559074
559075
559076
559077
559078
559079
559080
559081
559082
559083
559084
559085
559086
559088
559090
559096
559097
559098
559100
559102
559109
559111
559113
559115
559117
559119
559120
559121
559122
559124
559125
559126
559127
559128
559129
559130
559131
559132
559134
559147
559148
559149
559157
559159
559161
559162
559163
559164
559165
559166
559168
559169
559171
559172
559173
559174
559175
559176
559177
559178
559179
559180
559182
559183
559184
559185
559186
559187
559188
559189
559190
559191
559192
559193
559194
559195
559197
559198
559199
559200
559221
559222
559223
559224
559225
559227
559228
559229
559230
559231
559235
559236
559237
559238
559239
559240
559241
559242
559243
559244
559245
559246
559247
559248
559249
559250
559251
559252
559253
559254
559255
559256
559257
559258
559259
559265
559271
559276
559278
559283
559284
559285
559286
559287
559289
559290
559305
559307
559309
559311
559313
559315
559317
559319
559320
559321
559322
559323
559324
559325
559326
559327
559328
559329
559330
559331
559332
559333
559334
559335
559336
559337
559338
559339
559340
559341
559342
559343
559344
559345
559346
559347
559348
559349
559350
559351
559352
559353
559354
559355
559356
559357
559358
559359
559360
559361
559362
559363
559364
559372
559380
559381
559408
559409
559410
559411
559412
559414
559416
559422
559423
559425
559427
559429
559430
559431
559432
559433
559434
559435
559436
559437
559438
559439
559440
559441
559442
559443
559444
559445
559446
559447
559448
559449
559450
559451
559452
559453
559454
559455
559456
559457
559458
559459
559460
559461
559462
559463
559464
559465
559466
559467
559468
559469
559470
559471
559472
559473
559474
559475
559476
559477
559478
559479
559480
559481
559482
559483
559484
559485
559486
559487
559488
559489
559490
559491
559494
559509
559510
559511
559513
559521
559523
559525
559526
559527
559528
559529
559530
559532
559533
559534
559535
559536
559537
559538
559539
559540
559541
559542
559543
559544
559545
559546
559547
559548
559549
559550
559551
559552
559553
559554
559555
559556
559557
559558
559559
559560
559561
559562
559563
559564
559565
559566
559567
559568
559570
559572
559605
559618
559628
559630
559636
559638
559640
559641
559642
559643
559644
559645
559646
559647
559648
559649
559650
559651
559652
559653
559654
559656
559662
559701
559703
559705
559706
559707
559708
559710
559740
559741
559742
559743
559744
559761
559763
559808
559809
559810
559811
559813
559814
559815
559816
559817
559818
559819
559820
559821
559822
559823
559824
559825
559826
559827
559828
559833
559835
559836
559853
559854
559855
559856
559857
559860
559862
559863
559864
559876
559877
559878
559879
559889
559899
559901
559904
559906
559907
559909
559914
559916
559918
559919
559920
559921
559925
559944
559946
559947
559949
559950
559959
559961
559962
559963
559964
559965
559967
559968
559969
559970
559971
559972
559973
559974
559975
559976
559977
559978
559979
559980
559981
559982
559983
559984
559985
559986
559987
559988
559990
560126
560171
560172
560176
560177
560178
560179
560181
560184
560212
560213
560214
560221
560226
560227
560228
560253
560258
560302
560303
560305
560317
560318
560320
560321
560326
560327
560329
560333
560338
560339
560340
560347
560348
560351
560352
560402
560403
560404
560406
560407
560410
560416
560417
560418
560419
560420
560422
560423
560428
560429
560431
560432
560434
560436
560437
560438
560439
560441
560442
560443
560456
560458
560459
560462
560466
560472
560473
560474
560476
560528
560533
560534
560536
560539
560548
560556
560557
560564
560588
560603
560606
560609
560616
560618
560707
560728
560731
560733
560800
560801
560802
560804
560806
560807
560808
561171
561184
561206
561226
561227
561228
561248
561253
561347
561352
561415
561424
561444
561460
561476
561536
561602
561733
561800
561802
561804
561806
561808
561809
562130
562184
562226
562228
562802
563228
563588
563809
564310
564588
565226
566226
567226
567698
567699
567700
567701
567705
567707
567708
567710
567711
567713
567714
567720
567725
567730
567739
567740
567760
567761
567780
567781
567782
567783
567784
567785
567786
567802
567803
567828
567829
567830
567831
567832
567833
567837
567838
567839
567840
567841
567842
567843
567844
567845
567846
567847
567848
567849
567850
567851
567852
567853
567865
567866
567867
567872
567873
567883
567895
567896
567897
567898
567899
567900
567901
567902
567903
567904
567905
567906
567907
567908
567909
567910
567911
567912
567913
567914
567915
567924
567925
567926
567927
567928
567929
567930
567931
567932
567933
567934
567935
567936
567937
567938
567939
567940
567941
567942
567943
567944
567965
567967
567968
567970
567972
567983
567985
567987
567989
567995
568019
568020
568021
568022
568023
568042
568047
568049
568050
568060
568062
568066
568068
568070
568073
568074
568075
568076
568077
568078
568079
568080
568081
568082
568083
568084
568085
568086
568087
568088
568089
568090
568091
568094
568096
568098
568100
568102
568118
568126
568128
568130
568132
568158
568159
568161
568162
568163
568164
568165
568179
568180
568183
568185
568186
568187
568188
568190
568192
568194
568195
568196
568197
568198
568199
568201
568203
568204
568205
568206
568207
568208
568209
568210
568211
568212
568213
568214
568215
568216
568217
568218
568219
568220
568221
568222
568223
568224
568226
568352
568359
568363
568365
568367
568369
568371
568373
568375
568377
568378
568379
568380
568381
568384
568389
568391
568392
568393
568394
568395
568396
568397
568398
568399
568400
568401
568402
568403
568404
568405
568406
568407
568408
568409
568410
568412
568413
568414
568415
568416
568417
568418
568419
568420
568423
568426
568428
568429
568430
568431
568456
568460
568462
568464
568466
568467
568468
568469
568471
568472
568473
568474
568475
568479
568503
568504
568505
568506
568507
568508
568509
568511
568512
568513
568514
568515
568516
568517
568518
568519
568520
568521
568522
568523
568524
568525
568526
568527
568560
568562
568564
568565
568566
568567
568568
568569
568570
568571
568572
568573
568574
568575
568576
568577
568578
568579
568580
568581
568582
568583
568584
568585
568586
568587
568685
568691
568693
568695
568760
568762
568764
568766
568793
568795
568797
568800
568842
568843
568894
568895
568929
568931
568952
568954
568956
568957
568958
568959
568960
568961
568962
568964
568965
568966
568967
569058
569060
569061
569062
569063
569083
569088
569110
569112
569113
569114
569116
569118
569140
569141
569250
569253
569277
569299
569341
569362
569405
569406
569417
569418
569450
569500
569501
569503
569505
569506
569509
569510
569525
569527
569528
569529
569530
569532
569534
569536
569538
569539
569540
569542
569543
569544
569545
569546
569547
569549
569550
569551
569552
569553
569554
569555
569556
569557
569558
569559
569560
569561
569562
569563
569564
569566
569568
569569
569570
569572
569573
569619
569620
569623
569624
569625
569626
569627
569628
569635
569636
569637
569638
569639
569640
569641
569642
569708
569709
569730
569734
569739
569759
569760
569763
569826
569827
569841
569868
569869
569870
569871
569872
569874
569876
569877
569878
569881
569882
569920
569948
569969
569983
569984
570022
570027
570028
570138
570140
570142
570151
570152
570164
570165
570219
570221
570236
570239
570242
570243
570245
570248
570251
570252
570253
570254
570255
570258
570259
570260
570261
570262
570263
570264
570265
570266
570267
570268
570269
570270
570271
570272
570273
570274
570275
570278
570279
570280
570282
570285
570286
570287
570293
570449
570450
570505
570532
570535
571027
571028
571029
571150
571151
571152
571156
571157
571263
571268
571273
571275
571532
572028
572100
572156
572157
572273
572275
572505
573157
573273
573535
573838
573858
573868
573869
573870
573873
573884
573885
573886
573887
573888
573889
573890
573891
573892
573893
573905
573906
573917
573918
573929
573930
573931
573932
573933
573934
573935
573936
573937
573938
573939
573940
573941
573950
573951
573975
573983
573984
573985
573986
573987
573988
573989
573992
574013
574015
574016
574017
574018
574027
574028
574036
574047
574048
574049
574050
574059
574060
574061
574062
574063
574064
574065
574066
574067
574069
574070
574071
574072
574073
574074
574075
574076
574077
574078
574080
574082
574084
574086
574087
574089
574090
574091
574092
574093
574094
574095
574096
574117
574135
574145
574146
574211
574215
574217
574218
574219
574220
574221
574223
574225
574227
574228
574229
574230
574231
574232
574239
574240
574242
574244
574251
574253
574255
574256
574257
574258
574261
574262
574263
574264
574265
574266
574268
574269
574270
574288
574292
574293
574301
574303
574305
574307
574318
574319
574373
574374
574375
574408
574415
574418
574421
574425
574427
574440
574457
574459
574462
574464
574465
574466
574467
574468
574469
574470
574471
574472
574473
574474
574475
574476
574477
574478
574479
574480
574481
574482
574483
574485
574486
574487
574488
574489
574490
574491
574506
574507
574508
574509
574510
574511
574512
574513
574514
574515
574516
574517
574518
574519
574520
574521
574522
574523
574524
574525
574526
574527
574528
574529
574530
574531
574532
574541
574542
574544
574545
574546
574547
574548
574549
574550
574551
574552
574553
574554
574555
574556
574557
574558
574559
574560
574561
574562
574563
574564
574565
574566
574567
574568
574569
574570
574571
574572
574573
574574
574575
574577
574579
574581
574583
574585
574587
574589
574591
574592
574593
574594
574595
574596
574597
574598
574599
574600
574601
574602
574603
574604
574605
574623
574626
574627
574639
574641
574642
574643
574649
574651
574652
574653
574654
574655
574657
574663
574664
574665
574667
574671
574672
574673
574674
574675
574676
574687
574688
574689
574690
574691
574692
574693
574694
574695
574696
574697
574698
574699
574700
574701
574702
574703
574704
574705
574706
574707
574708
574709
574710
574711
574712
574713
574714
574715
574716
574717
574718
574719
574720
574722
574746
574748
574750
574752
574753
574754
574755
574756
574757
574758
574759
574760
574761
574762
574763
574764
574765
574766
574767
574768
574769
574770
574771
574772
574773
574774
574775
574789
574790
574791
574792
574793
574794
574795
574796
574797
574798
574799
574800
574801
574802
574803
574804
574805
574806
574807
574808
574809
574810
574811
574812
574813
574814
574815
574816
574817
574818
574819
574820
574821
574822
574831
574832
574833
574834
574835
574836
574837
574838
574839
574840
574841
574842
574843
574844
574845
574846
574847
574848
574849
574850
574851
574852
574853
574854
574855
574856
574857
574858
574859
574860
574861
574862
574863
574864
574865
574866
574867
574868
574869
574882
574884
574886
574887
574888
574889
574890
574891
574892
574893
574894
574895
574896
574897
574898
574899
574900
574902
574903
574904
574905
574906
574908
574910
574912
574914
574916
574918
574920
574922
574924
574926
574928
574930
574931
574932
574933
574934
574935
574936
574937
574938
574939
574940
574941
574942
574943
574944
574945
574946
574947
574948
574949
574950
574951
574952
574953
574954
574955
574956
574957
574958
574959
574960
574961
574962
574963
574964
574965
574966
574967
574968
574969
574970
574971
574972
574973
574974
574975
574976
574977
574978
574979
574980
574981
574982
574983
574984
574985
574986
574987
574988
574989
574990
574991
574992
574993
574994
574995
574996
574997
574998
574999
575000
575001
575002
575003
575012
575013
575014
575015
575016
575017
575018
575019
575020
575021
575033
575035
575037
575039
575041
575042
575043
575044
575045
575046
575047
575048
575049
575050
575051
575052
575053
575054
575055
575056
575057
575058
575059
575060
575061
575062
575063
575064
575065
575066
575067
575068
575069
575070
575071
575072
575073
575074
575075
575076
575077
575078
575079
575080
575081
575082
575083
575084
575085
575086
575087
575088
575090
575091
575092
575093
575094
575095
575108
575109
575110
575141
575142
575143
575145
575147
575149
575150
575151
575152
575153
575154
575155
575156
575157
575158
575159
575160
575161
575162
575163
575164
575165
575166
575167
575168
575169
575170
575171
575172
575173
575174
575175
575176
575177
575178
575179
575180
575181
575182
575183
575185
575186
575187
575188
575189
575190
575191
575192
575193
575195
575270
575272
575274
575276
575278
575280
575282
575288
575289
575290
575291
575292
575293
575317
575335
575365
575366
575367
575368
575369
575370
575394
575395
575396
575397
575398
575399
575400
575401
575402
575403
575404
575405
575406
575407
575408
575409
575410
575411
575413
575427
575453
575454
575455
575456
575457
575458
575460
575461
575462
575463
575464
575465
575466
575468
575470
575472
575474
575476
575478
575480
575488
575490
575518
575565
575566
575568
575570
575571
575572
575578
575579
575580
575581
575626
575627
575642
575643
575645
575654
575655
575656
575657
575658
575662
575663
575664
575665
575673
575674
575675
575676
575679
575708
575715
575717
575720
575721
575733
575746
575750
575751
575752
575753
575754
575755
575756
575757
575758
575759
575760
575761
575762
575763
575764
575765
575766
575767
575768
575769
575770
575771
575772
575773
575774
575775
575776
575777
575778
575779
575780
575781
575782
575783
575784
575785
575786
575787
575788
575789
575790
575791
575792
575793
575794
575795
575796
575797
575798
575799
575800
575824
575832
575834
575836
575838
575840
575842
575844
575845
575846
575848
575850
575851
575852
575853
575854
575856
575858
575860
575870
575871
575880
575882
575884
575885
575886
575887
575889
575892
575893
575894
575895
575897
575899
575901
575902
575903
575908
575911
575912
575913
575914
575915
575916
575917
575945
575946
576001
576003
576005
576007
576009
576012
576013
576014
576015
576017
576019
576021
576027
576029
576031
576040
576042
576044
576046
576048
576050
576052
576053
576054
576055
576056
576057
576058
576059
576060
576062
576064
576066
576068
576070
576072
576074
576075
576076
576077
576078
576079
576080
576081
576082
576083
576084
576086
576088
576090
576092
576094
576096
576097
576098
576099
576100
576101
576102
576103
576104
576105
576106
576107
576108
576109
576110
576115
576118
576119
576120
576121
576122
576123
576124
576125
576126
576127
576128
576129
576147
576149
576150
576158
576159
576160
576161
576162
576163
576164
576165
576166
576167
576168
576169
576170
576171
576172
576173
576174
576175
576190
576196
576199
576200
576208
576209
576217
576218
576219
576220
576221
576222
576223
576226
576227
576228
576229
576230
576231
576232
576233
576247
576249
576251
576253
576254
576255
576256
576257
576258
576259
576260
576261
576262
576263
576264
576265
576266
576267
576268
576270
576271
576272
576273
576274
576275
576276
576277
576278
576279
576280
576281
576282
576283
576284
576286
576288
576290
576293
576294
576295
576296
576298
576317
576319
576321
576323
576325
576327
576328
576342
576343
576344
576345
576346
576385
576386
576387
576388
576389
576390
576391
576392
576393
576394
576396
576397
576398
576399
576400
576401
576402
576403
576404
576405
576407
576408
576410
576411
576413
576414
576415
576416
576446
576447
576448
576449
576498
576522
576581
576582
576583
576584
576585
576586
576587
576590
576592
576593
576594
576595
576612
576614
576616
576618
576620
576622
576624
576625
576626
576627
576628
576629
576630
576631
576632
576633
576634
576635
576636
576637
576638
576639
576640
576641
576642
576643
576644
576645
576646
576647
576648
576649
576650
576652
576654
576655
576656
576657
576660
576661
576662
576663
576672
576673
576674
576675
576676
576677
576678
576679
576680
576681
576682
576683
576685
576687
576689
576691
576693
576695
576697
576699
576703
576706
576708
576710
576712
576721
576722
576723
576724
576725
576726
576727
576728
576729
576730
576731
576732
576733
576734
576735
576736
576737
576738
576739
576740
576741
576742
576743
576744
576745
576746
576747
576748
576749
576750
576752
576754
576756
576786
576788
576790
576792
576794
576796
576798
576800
576802
576804
576812
576814
576820
576843
576845
576848
576849
576850
576851
576852
576854
576863
576864
576865
576866
576867
576868
576869
576870
576871
576872
576873
576874
576875
576876
576877
576878
576879
576880
576886
576888
576889
576890
576891
576897
576906
576908
576909
576910
576911
576912
576913
576914
576915
576916
576917
576918
576919
576920
576921
576922
576923
576924
576925
576926
576927
576928
576929
576930
576938
576947
576949
576950
576951
576952
576953
576954
576955
576956
576957
576958
576959
576960
576961
576962
576963
576964
576965
576966
576967
576968
576969
576970
576971
576972
576973
576974
576975
576999
577001
577025
577027
577029
577031
577033
577034
577035
577036
577037
577038
577039
577040
577041
577042
577043
577044
577045
577046
577047
577048
577049
577050
577051
577052
577053
577054
577055
577056
577057
577058
577059
577060
577061
577062
577079
577080
577081
577082
577083
577084
577085
577086
577087
577088
577089
577090
577091
577092
577093
577094
577095
577096
577097
577098
577100
577116
577117
577125
577126
577127
577129
577131
577133
577135
577137
577139
577178
577180
577181
577182
577183
577184
577185
577186
577192
577200
577203
577206
577216
577218
577302
577357
577359
577361
577363
577365
577376
577377
577397
577398
577399
577408
577409
577410
577412
577413
577415
577417
577419
577424
577426
577428
577430
577432
577434
577443
577444
577445
577446
577447
577449
577460
577462
577463
577501
577503
577505
577507
577508
577510
577512
577514
577516
577518
577520
577522
577524
577560
577562
577566
577568
577569
577570
577571
577572
577573
577574
577575
577576
577577
577578
577579
577580
577581
577582
577583
577584
577585
577586
577587
577588
577589
577590
577591
577592
577593
577594
577595
577596
577597
577598
577599
577600
577601
577602
577603
577604
577605
577606
577607
577608
577609
577610
577611
577612
577613
577614
577615
577616
577617
577618
577619
577620
577621
577622
577623
577624
577625
577626
577627
577628
577638
577639
577653
577655
577658
577660
577667
577669
577670
577671
577672
577673
577674
577675
577676
577677
577678
577679
577680
577681
577682
577683
577684
577685
577686
577687
577688
577689
577690
577691
577692
577693
577694
577695
577697
577699
577700
577701
577703
577705
577707
577709
577711
577712
577713
577741
577742
577743
577744
577746
577747
577750
577751
577752
577753
577754
577755
577756
577757
577761
577762
577763
577764
577766
577768
577770
577772
577773
577774
577775
577776
577777
577778
577779
577780
577781
577782
577783
577784
577848
577850
577852
577854
577856
577858
577859
577860
577861
577862
577863
577864
577865
577866
577867
577868
577869
577870
577871
577872
577873
577874
577875
577876
577877
577878
577879
577880
577881
577882
577883
577884
577885
577886
577887
577888
577889
577890
577891
577892
577893
577894
577920
577921
577922
577923
577924
577925
577926
577927
577928
577929
577930
577932
577933
577934
577935
577936
577959
577961
577963
577965
577967
577969
577971
577973
577975
577977
577979
577981
577991
577992
577993
577994
577995
578005
578006
578007
578008
578009
578010
578011
578012
578013
578014
578015
578016
578017
578018
578019
578020
578023
578024
578025
578036
578038
578040
578041
578042
578043
578044
578045
578046
578047
578048
578049
578050
578051
578052
578053
578054
578055
578056
578057
578058
578059
578060
578061
578062
578063
578064
578065
578066
578067
578068
578069
578070
578071
578072
578073
578074
578075
578076
578077
578078
578079
578080
578081
578082
578083
578084
578094
578096
578098
578099
578100
578108
578110
578111
578112
578113
578114
578115
578116
578117
578118
578119
578120
578121
578122
578123
578124
578125
578126
578127
578128
578129
578130
578131
578132
578133
578134
578135
578136
578137
578138
578139
578140
578141
578142
578143
578144
578145
578146
578147
578148
578149
578150
578151
578152
578153
578194
578195
578196
578197
578198
578200
578202
578204
578205
578206
578207
578209
578211
578213
578215
578217
578219
578221
578223
578225
578227
578229
578231
578233
578235
578236
578237
578238
578239
578241
578243
578245
578247
578249
578251
578253
578255
578257
578259
578261
578263
578265
578267
578273
578285
578286
578287
578288
578289
578290
578291
578292
578293
578294
578295
578296
578297
578298
578299
578300
578301
578302
578303
578304
578305
578306
578307
578308
578309
578310
578311
578312
578314
578316
578317
578318
578319
578320
578321
578322
578323
578324
578325
578326
578327
578328
578329
578330
578331
578332
578333
578334
578335
578336
578337
578338
578339
578340
578341
578342
578343
578344
578345
578346
578347
578348
578350
578352
578353
578354
578355
578356
578357
578358
578359
578360
578361
578363
578376
578385
578387
578393
578395
578419
578470
578471
578472
578473
578474
578475
578476
578477
578478
578479
578480
578481
578482
578483
578484
578485
578486
578487
578488
578489
578490
578491
578492
578493
578494
578496
578497
578498
578499
578500
578501
578502
578503
578504
578505
578506
578507
578508
578509
578524
578525
578526
578527
578528
578529
578530
578531
578532
578545
578548
578549
578550
578551
578552
578554
578555
578556
578558
578559
578568
578606
578607
578610
578611
578612
578613
578614
578615
578616
578617
578618
578619
578620
578621
578622
578623
578624
578625
578626
578627
578628
578629
578630
578631
578632
578633
578634
578635
578636
578637
578638
578639
578640
578641
578642
578643
578644
578645
578646
578647
578650
578654
578655
578656
578657
578658
578659
578660
578661
578662
578663
578664
578665
578666
578667
578668
578761
578762
578783
578784
578785
578786
578787
578788
578789
578790
578791
578792
578793
578794
578795
578796
578797
578798
578799
578801
578802
578809
578811
578813
578815
578817
578819
578822
578913
578915
578917
578919
578921
578923
578925
578927
578928
578929
578930
578931
578932
578933
578934
578935
578936
578937
578938
578940
578942
578944
578946
578947
578948
578949
578951
578953
578954
578955
578956
578957
578958
578959
578960
578961
578962
578963
578964
579002
579004
579006
579008
579010
579011
579012
579013
579014
579015
579018
579019
579020
579021
579022
579023
579024
579034
579035
579036
579037
579038
579039
579040
579041
579056
579058
579060
579069
579081
579082
579083
579084
579085
579086
579087
579088
579089
579090
579091
579092
579093
579094
579095
579096
579097
579098
579099
579100
579101
579102
579103
579104
579105
579106
579107
579108
579109
579110
579111
579112
579113
579114
579115
579116
579117
579118
579119
579120
579121
579122
579123
579124
579125
579126
579127
579128
579129
579130
579131
579132
579133
579134
579135
579136
579137
579138
579139
579140
579141
579153
579154
579155
579156
579157
579158
579159
579160
579161
579162
579163
579164
579165
579166
579167
579168
579169
579170
579171
579172
579173
579182
579183
579184
579185
579186
579187
579188
579189
579190
579191
579192
579193
579194
579195
579196
579197
579198
579199
579200
579201
579202
579203
579204
579205
579206
579207
579208
579209
579210
579211
579212
579213
579214
579215
579216
579217
579218
579219
579220
579221
579222
579223
579224
579225
579226
579227
579228
579229
579230
579231
579232
579233
579234
579235
579236
579237
579243
579244
579245
579246
579247
579248
579249
579250
579251
579252
579253
579254
579255
579256
579257
579258
579259
579260
579261
579262
579263
579264
579265
579266
579267
579268
579269
579270
579271
579272
579273
579274
579275
579276
579277
579278
579279
579280
579281
579290
579291
579292
579293
579294
579295
579296
579297
579299
579301
579302
579304
579306
579307
579308
579309
579310
579311
579312
579313
579314
579315
579316
579317
579318
579319
579321
579323
579325
579327
579329
579330
579333
579335
579337
579339
579341
579343
579345
579360
579362
579364
579366
579368
579370
579372
579374
579376
579378
579379
579380
579381
579384
579399
579429
579453
579455
579457
579464
579466
579519
579521
579523
579524
579525
579526
579527
579540
579541
579542
579543
579544
579631
579632
579665
579666
579667
579668
579669
579670
579672
579673
579675
579692
579693
579702
579704
579711
579719
579720
579721
579722
579724
579725
579726
579727
579728
579729
579730
579731
579735
579736
579747
579767
579768
579778
579780
579783
579795
579801
579802
579847
579855
579856
579857
579858
579872
579873
579874
579875
579876
579877
579878
579879
579880
579881
579882
579883
579884
579885
579886
579887
579888
579889
579890
579891
579892
579893
579894
579895
579896
579897
579898
579899
579900
579901
579902
579903
579904
579905
579906
579909
579910
579911
579912
579914
579916
579918
579920
579922
579924
579926
579928
579930
579932
579933
579934
579936
579938
579939
579940
579971
579972
579979
579980
579981
579982
587967
587971
587972
587973
587974
587981
587983
587984
587985
587986
587987
587988
587991
587993
587995
588007
588013
588014
588016
588017
588036
588037
588039
588040
588041
588043
588044
588045
588046
588047
588048
588049
588050
588051
588052
588053
588054
588055
588084
588085
588086
588087
588088
588089
588090
588092
588094
588096
588098
588099
588100
588101
588102
588103
588104
588132
588134
588141
588143
588144
588145
588146
588147
588148
588180
588181
588190
588192
588207
588208
588212
588227
588229
588347
588379
588460
588587
588589
588590
588591
588592
588593
588594
588595
588596
588597
588598
588599
588600
588601
588602
588603
588605
588606
588727
588729
588797
588799
588898
588946
588950
588996
588998
589041
589042
589043
589044
589045
589046
589109
589110
589111
589112
589121
589484
589485
589486
589487
589488
589489
589511
589544
589546
589547
589629
589630
589640
589641
589642
589643
589657
589661
589666
589835
589837
589961
589962
589963
590006
591101
591201
591401
596110
596111
596112
596113
596114
596115
596116
596118
596119
596120
596126
596128
596129
596130
596131
596132
596137
596138
596153
596155
596159
596160
596161
596162
596163
596164
596182
596186
596188
596189
596198
596200
596201
596202
596203
596207
596208
596209
596210
596211
596212
596213
596214
596215
596220
596221
596223
596225
596226
596227
596228
596230
596254
596256
596258
596260
596262
596264
596266
596267
596268
596269
596289
596290
596329
596330
596331
596333
596335
596336
596337
596338
596339
596340
596341
596342
596343
596344
596345
596346
596347
596348
596349
596350
596352
596354
596356
596358
596361
596362
596363
596364
596365
596366
596367
596368
596369
596370
596371
596372
596373
596374
596376
596377
596378
596380
596381
596382
596383
596384
596385
596386
596387
596388
596389
596390
596391
596392
596393
596394
596395
596396
596397
596398
596399
596400
596401
596402
596403
596404
596405
596406
596407
596408
596409
596410
596411
596412
596413
596414
596415
596416
596417
596418
596419
596420
596421
596422
596423
596424
596425
596426
596427
596428
596429
596430
596431
596432
596434
596435
596436
596437
596438
596439
596440
596441
596442
596443
596444
596445
596446
596470
596471
596472
596484
596486
596488
596490
596492
596494
596496
596497
596499
596500
596501
596502
596503
596504
596505
596520
596532
596533
596534
596535
596536
596537
596538
596539
596540
596541
596542
596543
596552
596554
596557
596558
596562
596566
596567
596589
596591
596593
596594
596595
596596
596597
596598
596599
596600
596601
596602
596603
596604
596605
596606
596608
596610
596611
596612
596614
596616
596683
596693
596694
596696
596699
596700
596701
596703
596705
596706
596707
596712
596714
596716
596717
596721
596724
596730
596733
596738
596739
596740
596742
596748
596809
596811
596822
596824
596829
596840
596841
596842
596843
596844
596918
596919
596920
596921
596922
596923
596924
596925
596927
596928
596930
596932
596934
596936
596938
596940
596942
596944
596947
596948
596949
596950
596951
596952
596953
596955
596956
596957
596969
596971
596973
596974
596975
596976
596977
596978
596979
596981
596983
596984
596985
596986
596987
596988
596989
596990
596991
596992
597001
597034
597036
597038
597039
597040
597041
597042
597043
597044
597045
597046
597047
597048
597049
597050
597051
597052
597053
597054
597055
597056
597107
597112
597114
597115
597116
597117
597119
597120
597121
597122
597123
597124
597126
597127
597128
597129
597131
597132
597133
597134
597135
597136
597138
597148
597149
597152
597153
597282
597305
597307
597309
597312
597441
597442
597443
597444
597445
597446
597448
597449
597516
597517
597519
597523
597525
597527
597528
597530
597553
597554
597555
597556
597557
597558
597559
597560
597561
597562
597563
597564
597565
597566
597567
597568
597569
597570
597571
597573
597574
597575
597576
597628
597629
597631
597654
597657
597658
597696
597697
597698
597699
597700
597701
597702
597703
597704
597705
597706
597707
597708
597709
597710
597711
597712
597713
597714
597715
597716
597717
597718
597719
597733
597734
597735
597736
597737
597738
597739
597740
597741
597742
597743
597744
597746
597747
597748
597749
597750
597751
597752
597753
597754
597755
597756
597757
597758
597759
597760
597761
597762
597763
597764
597765
597766
597767
597768
597769
597770
597771
597772
597773
597778
597787
597788
597789
597790
597791
597792
597793
597794
597795
597796
597797
597798
597799
597800
597801
597802
597803
597804
597806
597819
597821
597822
597823
597824
597825
597826
597827
597828
597829
597830
597831
597832
597833
597834
597835
597836
597837
597838
597839
597840
597841
597842
597843
597844
597846
597848
597849
597850
597851
597852
597853
597854
597855
597856
597857
597858
597859
597860
597861
597862
597863
597865
597867
597868
597869
597870
597871
597872
597873
597875
597876
597877
597878
597879
597880
597881
597882
597883
597884
597885
597886
597887
597888
597889
597890
597891
597892
597893
597894
597895
597896
597897
597898
597899
597900
597901
597902
597903
597904
597905
597906
597927
597928
597929
597930
597931
597932
597933
597934
597935
597936
597937
597938
597939
597940
597941
597942
597943
597944
597945
597959
597960
597961
597962
597963
597964
597965
597966
597967
597968
597969
597970
597971
597972
597973
597974
597975
597976
597977
597978
597979
597980
597981
597982
597983
597984
597985
597999
598000
598001
598003
598004
598005
598006
598007
598008
598009
598010
598012
598015
598016
598017
598018
598019
598044
598045
598057
598062
598063
598065
598066
598069
598071
598072
598075
598091
598108
598109
598111
598112
598114
598115
598116
598123
598124
598125
598127
598129
598130
598131
598133
598136
598153
598156
598158
598160
598162
598165
598167
598169
598170
598171
598172
598268
598269
598283
598285
598286
598287
598290
598296
598297
598298
598299
598300
598302
598303
598304
598305
598306
598310
598311
598312
598313
598315
598317
598318
598319
598321
598322
598324
598325
598327
598328
598329
598330
598331
598333
598335
598368
598373
598384
598386
598389
598429
598431
598436
598450
598451
598452
598453
598454
598455
598456
598457
598458
598475
598477
598482
598484
598488
598490
598494
598495
598496
598497
598498
598499
598500
598501
598502
598503
598509
598511
598512
598540
598546
598548
598551
598553
598555
598557
598558
598559
598560
598561
598562
598563
598646
598650
598651
598652
598668
598669
598673
598718
598719
598721
598730
598735
598736
598741
598742
598743
598744
598745
598747
598749
598750
598752
598753
598754
598785
598786
598787
598788
598789
598790
598791
598792
598793
598794
598795
598796
598797
598798
598799
598800
598801
598802
598803
598804
598805
598807
598809
598810
598811
598812
598814
598816
598818
598820
598821
598825
598827
598829
598830
598831
598832
598833
598834
598835
598850
598851
598852
598853
598854
598857
598889
598890
598891
598892
598893
598894
598895
598896
598897
598898
598899
598900
598901
598902
598903
598904
598905
598906
598907
598908
598910
598911
598912
598913
598914
598915
598916
598917
598918
598919
598920
598922
598924
598926
598928
598930
598932
598934
598936
598938
598940
598942
598944
598946
598948
598950
598952
598953
598954
598976
599001
599083
599115
599116
599117
599118
599119
599120
599121
599122
599123
599124
599125
599126
599128
599130
599132
599134
599136
599138
599142
599144
599147
599149
599182
599444
599446
599449
599458
599459
599460
599461
599464
599473
599482
599483
599492
599494
599512
599514
599518
599519
599520
599521
599522
599523
599524
599525
599527
599537
599538
599539
599540
599541
599542
599543
599544
599547
599548
599549
599558
599560
599561
599562
599563
599565
599615
599616
599617
599618
599619
599620
599621
599622
599623
599625
599627
599629
599631
599633
599636
599638
599640
599642
599644
599646
599648
599650
599652
599654
599656
599658
599659
599660
599662
599664
599666
599668
599670
599672
599674
599676
599678
599690
599691
599692
599693
599694
599695
599696
599697
599698
599699
599700
599701
599702
599703
599704
599705
599706
599707
599708
599709
599710
599711
599712
599713
599716
599717
599718
599719
599720
599747
600020
600021
600022
600024
600054
600055
600060
600061
600121
600123
600201
600209
600216
600232
600233
600236
600237
600238
600242
600250
600251
600252
600256
600258
600261
600268
600270
600271
600272
600273
600274
600277
600282
600293
600294
600305
600306
600309
600331
600406
600417
600424
601020
601021
601022
601035
601204
601216
601267
601271
601273
601289
601291
601417
602289
602291
602417
603240
603289
604287
605285
605287
608501
608512
608551
608567
608568
608570
608572
608576
608580
608581
608582
608583
608586
608590
608592
608593
608594
608595
608599
608600
608601
608609
608610
608612
608616
608619
608627
608779
608780
608781
608782
608784
608785
608826
608828
608829
608830
608834
608835
608838
608839
608920
608921
608923
608924
608925
608926
608927
608928
608969
608970
608972
608974
609018
609019
609022
609023
609026
609027
609029
609035
609036
609037
609041
609042
609079
609080
609081
609082
609122
609125
609129
609130
609131
609132
609133
609135
609143
609154
609155
609156
609157
609159
609183
609184
609185
609186
609188
609191
609194
609195
609196
609201
609203
609204
609216
609217
609254
609256
609261
609263
609264
609265
609267
609268
609271
609272
609273
609274
609275
609276
609277
609279
609280
609281
609282
609283
609289
609290
609291
609292
609293
609294
609295
609297
609299
609336
609337
609338
609342
609382
609383
609384
609385
609386
609388
609431
609432
609517
609558
609559
609560
609561
609601
609602
609604
609606
609647
609650
609651
609652
609653
609832
609880
609914
609916
609917
609919
609920
609921
609922
609923
609924
609925
609927
609928
609929
609934
609935
609936
609957
609958
609962
609964
609966
609968
609970
609971
610063
610118
610119
610132
610133
610134
610135
610136
610137
610160
610161
610165
610166
610175
610322
610324
610340
610342
610343
610344
610345
610346
610347
610349
610364
610399
611115
611120
611134
611135
611136
611155
611166
611341
611342
611344
612134
612138
612175
612341
612344
613344
618274
618285
618289
618291
618292
618293
618302
618303
618304
618305
618324
618326
618328
618330
618332
618334
618336
618338
618340
618341
618342
618343
618344
618345
618346
618347
618348
618349
618350
618351
618352
618353
618354
618355
618356
618357
618358
618359
618360
618361
618362
618363
618364
618365
618366
618367
618368
618369
618370
618371
618372
618373
618374
618375
618376
618377
618378
618379
618380
618381
618382
618383
618384
618385
618386
618387
618388
618389
618390
618391
618392
618393
618394
618395
618396
618397
618398
618399
618400
618401
618402
618410
618412
618417
618419
618420
618421
618422
618423
618424
618425
618426
618427
618428
618429
618430
618431
618432
618433
618434
618435
618436
618437
618438
618439
618440
618441
618442
618443
618444
618445
618446
618447
618448
618450
618452
618454
618455
618456
618457
618458
618459
618460
618461
618462
618463
618464
618465
618466
618467
618468
618470
618471
618472
618475
618476
618477
618478
618479
618480
618495
618497
618499
618590
618591
618594
618617
618642
618644
618648
618649
618652
618653
618654
618656
618663
618664
618680
618681
618682
618684
618691
618692
618693
618695
618696
618720
618721
618722
618723
618724
618725
618726
618769
618770
618771
618772
618773
618774
618775
618776
618778
618779
618781
618802
618803
618804
618805
618806
618807
618808
618810
618812
618813
618814
618815
618816
618817
618820
618821
618822
618824
618825
618826
618827
618828
619025
619026
619027
619028
619029
619031
619032
619033
619034
619035
619037
619038
619062
619063
619064
619089
619093
619094
619096
619097
619099
619101
619102
619103
619107
619114
619120
619157
619159
619160
619167
619175
619197
619198
619199
619200
619201
619202
619203
619256
619258
619259
619262
619263
619266
619292
619293
619302
619358
619359
619397
619398
619399
619405
619406
619407
619408
619419
619421
619477
619479
619480
619482
619483
619484
619489
619491
619494
619495
619504
619524
619525
619527
619528
619529
619530
619531
619594
619595
619601
619602
619606
619613
619614
619623
619625
619626
619678
619697
619699
619700
619701
619702
619703
619704
619705
619706
619707
619709
619729
619734
619736
619739
619746
619747
619771
619774
619829
619830
619831
619833
619855
619856
619857
619858
619859
619860
619861
619865
619866
619868
619869
619891
619892
619893
619894
619926
619929
619931
619933
619935
619936
619940
619945
619967
619969
619970
619971
619972
619973
619974
619975
619976
619977
619978
627515
627532
627542
627545
627546
627547
627548
627550
627551
627552
627553
627554
627555
627556
627557
627558
627559
627560
627562
627565
627566
627568
627569
627577
627607
627608
627615
627616
627635
627650
627651
627652
627653
627654
627655
627657
627658
627659
627660
627661
627662
627663
627664
627665
627666
627667
627675
627676
627677
627678
627683
627684
627685
627686
627687
627692
627693
627694
627695
627696
627725
627750
627751
627752
627753
627754
627774
627775
627776
627777
627778
627779
627780
627781
627782
627783
627787
627804
627809
627813
627824
627826
627828
627836
627844
627845
627846
627847
627848
627849
627851
627852
627854
627856
627885
627893
627895
627897
627936
627937
627939
627940
627941
627945
627946
627966
627968
627969
627971
627973
627974
627975
627977
627997
627998
628000
628001
628002
628003
628004
628005
628006
628007
628008
628010
628011
628012
628013
628014
628015
628016
628043
628048
628052
628070
628071
628075
628076
628077
628079
628082
628099
628100
628101
628103
628128
628133
628136
628138
628143
628160
628161
628162
628163
628164
628166
628171
628173
628174
628191
628192
628193
628321
628323
628341
628344
628345
628346
628348
628367
628368
628370
628371
628374
628375
628377
628379
628381
628383
628384
628386
628387
628389
628392
628393
628394
628395
628407
628413
628414
628415
628416
628417
628418
628419
628420
628424
628426
628430
628431
628439
628444
628455
628457
628458
628459
628460
628461
628462
628463
628464
628465
628466
628467
628468
628470
628471
628473
628475
628495
628500
628503
628504
628505
628508
628511
628535
628553
628555
628556
628557
628558
628559
628560
628561
628566
628567
628575
628585
628586
628587
628588
628589
628591
628594
628595
628596
628598
628600
628601
628602
628603
628604
628605
628606
628607
628608
628623
628626
628627
628628
628630
628631
628633
628634
628636
628638
628639
628707
628708
628709
628710
628712
628714
628715
628718
628735
628736
628737
628738
628739
628746
628747
628748
628749
628750
628753
628754
628763
628764
628765
628766
628767
628768
628770
628771
628772
628773
628774
628776
628777
628778
628779
628780
628781
628782
628783
628784
628785
628786
628787
628788
628789
628790
628791
628792
628793
628794
628795
628796
628797
628800
628818
628820
628822
628823
628824
628825
628826
628830
628832
628833
628834
628836
628838
628840
628842
628844
628846
628848
628849
628850
628851
628852
628853
628854
628855
628856
628857
628858
628859
628874
628876
628878
628879
628880
628881
628883
628884
628885
628896
628903
628904
628905
628906
628907
628908
628909
628910
628916
628917
628918
628919
628920
628921
628922
628923
628924
628942
628943
628945
628946
628947
628968
628969
628970
628971
628972
628973
628974
628975
628976
628977
628978
628982
628983
628985
628987
628990
629009
629010
629011
629012
629013
629014
629015
629016
629018
629019
629020
629021
629022
629023
629024
629025
629026
629031
629033
629034
629036
629037
629038
629039
629040
629041
629042
629043
629044
629045
629046
629047
629048
629049
629050
629051
629052
629053
629054
629055
629056
629057
629058
629059
629060
629062
629063
629064
629065
629066
629069
629072
629073
629074
629079
629081
629082
629083
629090
629098
629105
629109
629110
629111
629115
629121
629124
629130
629131
629143
629148
629150
629151
629152
629155
629156
629157
629170
629171
629173
629174
629176
629178
629191
629192
629193
629194
629195
629196
629197
629198
629215
629235
629236
629237
629238
629239
629263
629264
629265
629266
629269
629270
629287
629291
629293
629314
629318
629322
629340
629341
629342
629343
629344
629345
629346
629354
629355
629359
629361
629363
629364
629371
629372
629373
629374
629375
629376
629377
629379
629381
629403
629406
629408
629411
629412
629414
629415
629416
629419
629421
629423
629429
629437
629456
629458
629459
629461
629463
629465
629467
629468
629469
629470
629471
629473
629474
629475
629476
629477
629478
629479
629480
629481
629483
629485
629487
629489
629490
629491
629492
629494
629495
629501
629503
629518
629520
629521
629523
629525
629529
629530
629532
629536
629538
629539
629545
629560
629561
629562
629563
629564
629565
629566
629567
629578
629579
629581
629585
629588
629591
629593
629604
629605
629607
629608
629609
629611
629614
629616
629617
629619
629620
629622
629623
629627
629636
629637
629649
629650
629651
629652
629653
629655
629658
629660
629662
629664
629666
629667
629668
629670
629672
629675
629678
629679
629699
629700
629701
629702
629703
629704
629705
629706
629707
629708
629709
629710
629728
629729
629730
629731
629732
629733
629734
629735
629736
629753
629754
629757
629759
629760
629761
629762
629780
629783
629785
629786
629787
629788
629789
629790
629791
629792
629793
629794
629795
629796
629818
629820
629822
629824
629825
629827
629828
629829
629830
629832
629833
629834
629835
629836
629838
629839
629840
629841
629842
629843
629844
629852
629854
629855
629858
629859
629860
629864
629875
629876
629877
629878
629879
629880
629883
629884
629887
629889
629892
629893
629895
629896
629897
629898
629899
629901
629904
629906
629909
629912
629914
629915
629916
629917
629923
629924
629925
629926
629927
629929
629930
629934
629935
629936
629937
629938
629939
629940
629941
629944
629945
629946
629947
629948
629949
629950
629951
629952
629969
629970
629980
629981
629982
629983
629986
636807
636809
636810
636811
636812
636813
636817
636818
636819
636820
636821
636822
636823
636824
636825
636826
636827
636828
636829
636830
636831
636832
636844
636845
636858
636859
636860
636861
636904
636907
636913
636928
636932
636941
636942
636943
636944
636954
636964
636969
636981
636986
636997
637001
637003
637006
637007
637008
637011
637012
637013
637014
637022
637026
637041
637042
637043
637044
637045
637046
637048
637062
637071
637077
637078
637081
637084
637089
637096
637098
637099
637100
637101
637102
637103
637104
637106
637108
637109
637110
637121
637126
637127
637128
637129
637130
637136
637158
637159
637160
637161
637162
637163
637164
637165
637166
637170
637171
637172
637173
637174
637175
637176
637177
637178
637179
637180
637181
637182
637183
637184
637185
637186
637187
637188
637189
637190
637195
637196
637197
637198
637199
637200
637201
637202
637203
637204
637205
637206
637207
637208
637209
637210
637211
637212
637213
637214
637215
637216
637217
637218
637219
637220
637222
637223
637225
637226
637236
637237
637241
637242
637243
637244
637245
637246
637247
637248
637249
637250
637251
637252
637253
637254
637255
637256
637257
637258
637259
637260
637261
637262
637263
637264
637265
637266
637267
637268
637269
637270
637271
637272
637273
637274
637275
637276
637277
637278
637279
637280
637281
637282
637283
637284
637302
637306
637307
637308
637310
637313
637326
637327
637328
637329
637330
637331
637334
637337
637338
637339
637340
637342
637343
637344
637345
637346
637350
637356
637357
637358
637366
637367
637369
637370
637371
637379
637380
637381
637383
637385
637393
637401
637402
637403
637404
637405
637406
637407
637408
637409
637411
637412
637413
637414
637415
637416
637417
637418
637419
637421
637426
637427
637428
637429
637430
637431
637432
637433
637434
637437
637442
637443
637449
637457
637459
637461
637462
637463
637464
637465
637466
637468
637469
637470
637484
637485
637486
637487
637488
637490
637495
637496
637497
637498
637499
637500
637501
637502
637503
637504
637505
637506
637507
637508
637509
637510
637511
637512
637513
637514
637515
637516
637517
637518
637526
637543
637544
637545
637546
637547
637548
637552
637554
637555
637556
637557
637558
637560
637561
637562
637564
637565
637566
637567
637568
637569
637571
637573
637575
637578
637579
637580
637581
637582
637583
637584
637585
637586
637587
637588
637589
637590
637594
637595
637600
637601
637602
637603
637604
637606
637608
637610
637611
637612
637613
637614
637615
637616
637617
637618
637620
637621
637623
637624
637625
637626
637627
637628
637629
637630
637631
637633
637634
637636
637637
637638
637640
637641
637642
637643
637644
637645
637648
637651
637652
637653
637657
637659
637660
637663
637666
637667
637668
637669
637670
637671
637672
637673
637674
637675
637677
637678
637679
637680
637681
637682
637684
637687
637688
637689
637690
637691
637692
637693
637694
637695
637697
637698
637699
637700
637701
637702
637706
637709
637710
637711
637712
637713
637714
637717
637718
637725
637727
637728
637729
637730
637732
637733
637734
637738
637739
637740
637741
637742
637743
637744
637745
637746
637747
637749
637750
637751
637752
637753
637754
637755
637756
637757
637758
637759
637760
637761
637762
637763
637764
637765
637766
637767
637768
637769
637773
637774
637775
637776
637777
637780
637782
637783
637784
637786
637787
637788
637789
637790
637791
637792
637793
637798
637799
637800
637803
637804
637805
637806
637807
637808
637811
637814
637816
637821
637832
637833
637834
637835
637836
637837
637838
637839
637840
637841
637843
637844
637845
637846
637847
637848
637849
637850
637851
637852
637858
637860
637861
637862
637863
637864
637865
637866
637867
637868
637869
637870
637871
637872
637873
637874
637875
637876
637877
637878
637879
637880
637881
637882
637883
637884
637885
637886
637887
637888
637889
637890
637895
637903
637904
637906
637908
637917
637918
637919
637920
637921
637922
637923
637924
637925
637926
637927
637928
637929
637930
637931
637932
637933
637934
637935
637936
637937
637938
637939
637940
637941
637942
637951
637952
637953
637954
637955
637956
637957
637958
637959
637960
637961
637962
637963
637964
637965
637966
637967
637968
637969
637970
637978
637979
637980
637981
637982
637983
637994
637995
637996
637997
637998
637999
638000
638001
638002
638003
638006
638007
638008
638009
638011
638012
638013
638016
638017
638018
638019
638020
638021
638022
638024
638026
638027
638028
638029
638030
638032
638033
638034
638035
638036
638039
638040
638042
638045
638047
638049
638051
638063
638064
638065
638066
638067
638068
638069
638074
638076
638077
638079
638081
638083
638085
638087
638089
638091
638093
638094
638095
638096
638097
638098
638099
638100
638101
638102
638103
638104
638105
638106
638107
638108
638109
638110
638111
638112
638113
638114
638115
638116
638118
638120
638122
638123
638124
638125
638126
638127
638128
638129
638130
638137
638139
638141
638143
638144
638146
638148
638150
638152
638153
638154
638155
638156
638157
638158
638159
638160
638161
638162
638163
638164
638165
638166
638168
638169
638170
638171
638172
638173
638174
638175
638176
638177
638178
638179
638180
638181
638182
638183
638184
638185
638186
638187
638188
638189
638190
638191
638192
638193
638194
638195
638216
638217
638218
638219
638220
638221
638222
638223
638224
638225
638226
638227
638228
638229
638230
638231
638232
638233
638234
638235
638236
638237
638238
638239
638240
638241
638242
638243
638244
638245
638246
638247
638248
638249
638250
638251
638252
638257
638258
638259
638260
638261
638262
638263
638264
638265
638266
638267
638268
638269
638270
638271
638272
638273
638274
638275
638281
638282
638283
638284
638285
638286
638287
638288
638289
638290
638299
638300
638301
638302
638329
638331
638332
638333
638334
638335
638336
638337
638338
638339
638340
638341
638342
638343
638344
638345
638346
638347
638348
638349
638350
638355
638356
638377
638378
638380
638383
638385
638386
638388
638389
638391
638408
638412
638414
638428
638432
638433
638439
638442
638452
638453
638454
638455
638456
638457
638458
638459
638488
638493
638495
638497
638498
638502
638503
638511
638512
638514
638516
638517
638556
638564
638566
638567
638568
638585
638586
638587
638588
638589
638595
638596
638597
638598
638599
638615
638639
638640
638641
638644
638647
638671
638672
638673
638674
638675
638676
638677
638678
638703
638704
638706
638711
638712
638713
638714
638715
638716
638717
638719
638720
638722
638725
638729
638730
638736
638738
638739
638740
638743
638763
638765
638766
638767
638768
638769
638774
638776
638781
638783
638785
638786
638787
638790
638797
638798
638799
638800
638801
638802
638803
638828
638829
638830
638853
638855
638859
638860
638861
638862
638863
638864
638865
638866
638868
638869
638888
638889
638891
638896
638927
638931
638932
638934
638935
638950
638951
638952
638953
638954
638955
638974
638976
638979
638981
638983
638987
638995
638996
639000
639001
639002
639028
639030
639035
639038
639039
639046
639049
639071
639072
639074
639076
639077
639078
639082
639085
639086
639088
639094
639095
639096
639106
639107
639108
639109
639111
639115
639116
639117
639126
639127
639128
639129
639131
639132
639134
639136
639138
639139
639141
639142
639143
639144
639146
639147
639148
639149
639150
639170
639173
639174
639175
639176
639178
639184
639185
639186
639187
639195
639197
639215
639216
639217
639222
639223
639224
639228
639231
639235
639238
639239
639240
639241
639242
639243
639244
639245
639247
639248
639249
639250
639251
639268
639271
639273
639293
639294
639295
639296
639297
639298
639299
639300
639301
639302
639303
639304
639305
639306
639307
639308
639310
639311
639331
639333
639334
639335
639336
639337
639338
639339
639340
639341
639366
639367
639368
639371
639372
639376
639377
639379
639380
639381
639405
639406
639407
639410
639413
639414
639415
639417
639418
639419
639420
639427
639441
639442
639443
639444
639447
639449
639450
639452
639454
639455
639456
639457
639458
639461
639462
639463
639464
639465
639468
639513
639514
639515
639516
639517
639518
639519
639522
639525
639526
639527
639528
639530
639532
639580
639581
639582
639591
639592
639593
639594
639595
639596
639601
639603
639605
639606
639607
639620
639621
639622
639623
639624
639625
639626
639627
639628
639629
639630
639631
639632
639633
639634
639635
639636
639637
639638
639639
639640
639641
639642
639643
639644
639645
639646
639647
639648
639649
639650
639651
639652
639653
639654
639655
639656
639657
639658
639659
639660
639661
639662
639663
639664
639670
639673
639754
639756
639767
639773
639774
639775
639776
639779
639798
639805
639925
639928
639930
639931
639933
639934
639936
639939
639940
639977
639978
639979
640177
640178
640183
640196
640200
640201
640207
640210
640219
640221
640265
640267
640434
640440
640475
640477
640478
640479
640480
640481
640482
640483
640486
640499
640509
640510
640516
640522
640523
640525
640526
640528
640531
640535
640549
640551
640554
640556
640562
640628
640629
640631
640676
640688
640689
640690
640720
640721
640728
640762
640810
640812
640813
640814
640823
640826
640832
640835
640838
640848
640855
640862
640864
640910
640915
640934
640941
640943
640944
640945
640946
640947
640948
640949
641180
641183
641198
641207
641275
641406
641414
641483
641505
641510
641517
641547
641629
641631
641673
641676
641677
641811
641830
641844
642275
642404
642406
643180
643183
643275
643402
643517
643678
644275
648104
648105
648110
648115
648116
648126
648135
648141
648145
648146
648147
648150
648151
648152
648153
648157
648159
648161
648162
648163
648166
648205
648206
648207
648208
648209
648210
648211
648212
648213
648214
648215
648216
648217
648218
648219
648220
648221
648222
648223
648224
648225
648226
648227
648228
648229
648230
648232
648238
648239
648240
648241
648242
648243
648244
648245
648246
648247
648248
648249
648250
648251
648252
648253
648254
648255
648256
648257
648258
648259
648260
648261
648262
648263
648264
648265
648266
648267
648268
648269
648270
648271
648272
648273
648274
648275
648276
648277
648278
648279
648280
648281
648282
648283
648284
648285
648286
648287
648288
648289
648290
648291
648292
648293
648294
648295
648296
648297
648298
648299
648300
648301
648302
648303
648304
648305
648315
648320
648321
648322
648323
648324
648325
648326
648337
648338
648339
648340
648341
648342
648345
648346
648347
648351
648352
648353
648355
648356
648357
648358
648359
648366
648367
648371
648372
648373
648374
648375
648376
648377
648378
648379
648380
648381
648382
648383
648384
648385
648386
648387
648388
648389
648390
648391
648392
648393
648394
648395
648396
648397
648398
648399
648400
648401
648402
648403
648404
648405
648406
648407
648408
648409
648410
648411
648412
648413
648414
648415
648416
648418
648419
648420
648421
648422
648423
648424
648426
648427
648428
648429
648430
648431
648432
648433
648434
648435
648451
648453
648455
648457
648459
648461
648463
648465
648467
648469
648471
648473
648475
648477
648480
648481
648489
648490
648491
648492
648493
648494
648496
648498
648500
648502
648504
648506
648508
648510
648512
648514
648516
648518
648520
648522
648524
648526
648528
648530
648532
648533
648534
648535
648536
648537
648538
648540
648542
648544
648546
648547
648548
648550
648552
648553
648554
648555
648556
648557
648559
648560
648562
648564
648566
648570
648571
648572
648573
648574
648575
648576
648577
648578
648579
648580
648581
648582
648583
648652
648654
648656
648658
648660
648661
648662
648663
648664
648665
648666
648667
648668
648669
648670
648671
648672
648673
648674
648675
648676
648677
648678
648679
648680
648681
648682
648683
648684
648685
648686
648687
648688
648689
648690
648691
648692
648693
648694
648695
648696
648697
648698
648699
648700
648701
648702
648703
648704
648705
648706
648707
648708
648709
648711
648713
648715
648717
648719
648723
648724
648728
648729
648730
648731
648732
648733
648734
648736
648738
648782
648783
648787
648788
648789
648790
648791
648793
648795
648796
648797
648799
648801
648802
648803
648804
648805
648806
648807
648808
648809
648810
648812
648814
648816
648818
648819
648821
648822
648823
648824
648825
648826
648827
648828
648829
648830
648831
648850
648852
648854
648872
648874
648882
648924
648925
648926
648927
649036
649037
649038
649075
649076
649149
649188
649298
649406
649408
649409
649410
649411
649413
649414
649482
649483
649484
649485
649486
649488
649489
649490
649491
649492
649734
649808
649815
649816
649817
649819
649820
649882
649884
649923
649925
649926
649927
649928
649930
649934
649961
649962
650142
650194
650232
650255
650259
650260
650265
650269
650287
650288
650289
650290
650293
650350
650352
650387
650388
650389
650390
650409
650424
650425
650439
650443
650445
650448
650454
650457
650458
650461
650463
650472
650473
650551
651288
651293
651388
651395
651458
651470
651472
651474
652288
652289
652290
652445
652449
652469
652470
653194
653296
653439
653445
653449
653470
653471
654293
656288
657288
657289
657978
657990
657991
658064
658065
658066
658070
658071
658073
658074
658076
658077
658078
658079
658080
658227
658229
658231
658233
658235
658236
658237
658238
658239
658240
658241
658242
658243
658244
658245
658246
658247
658248
658249
658250
658251
658252
658253
658254
658255
658256
658257
658258
658259
658260
658261
658262
658263
658264
658265
658266
658267
658268
658269
658270
658271
658272
658273
658274
658275
658276
658277
658278
658279
658280
658281
658282
658283
658284
658285
658286
658287
658288
658289
658290
658291
658292
658293
658294
658295
658296
658297
658298
658299
658300
658301
658302
658303
658304
658305
658306
658307
658308
658309
658310
658311
658312
658313
658314
658315
658316
658317
658318
658319
658320
658321
658322
658323
658324
658325
658326
658327
658328
658337
658338
658339
658340
658341
658342
658343
658344
658345
658346
658347
658348
658349
658350
658351
658352
658353
658354
658355
658356
658358
658360
658361
658362
658363
658364
658366
658368
658415
658416
658417
658418
658419
658420
658421
658422
658423
658424
658425
658426
658427
658428
658429
658430
658431
658432
658433
658434
658435
658436
658437
658438
658439
658440
658441
658442
658443
658444
658445
658446
658448
658450
658452
658454
658456
658478
658480
658482
658484
658486
658488
658490
658492
658494
658495
658496
658497
658498
658499
658500
658501
658502
658503
658504
658505
658506
658507
658508
658509
658510
658511
658512
658513
658514
658515
658516
658517
658518
658519
658520
658521
658522
658523
658524
658525
658526
658527
658528
658529
658530
658531
658532
658533
658534
658535
658536
658537
658538
658539
658540
658541
658542
658543
658544
658545
658546
658547
658548
658565
658566
658567
658568
658569
658570
658571
658572
658573
658574
658575
658577
658578
658579
658580
658581
658582
658583
658584
658585
658586
658587
658588
658589
658602
658604
658606
658608
658610
658612
658614
658616
658618
658620
658622
658624
658626
658628
658636
658637
658638
658639
658643
658681
658682
658683
658684
658685
658686
658687
658688
658689
658690
658691
658692
658693
658694
658695
658696
658697
658698
658699
658700
658701
658702
658703
658704
658705
658706
658707
658708
658709
658710
658711
658712
658731
658733
658737
658739
658741
658743
658789
658794
658795
658796
658797
658798
658799
658800
658801
658802
658803
658827
658829
658831
658832
658833
658834
658835
658836
658837
658838
658839
658840
658841
658856
658880
658965
658966
659003
659087
659089
659203
659204
659206
659248
659289
659322
659480
659524
659526
659527
659528
659544
659550
659551
659552
659553
659554
659578
659581
659582
659583
659586
659587
659588
659589
659592
659759
659770
659771
659772
659775
659803
659804
659841
659858
659920
667973
668105
668107
668109
668110
668111
668112
668113
668114
668115
668116
668118
668119
668120
668121
668158
668162
668183
668184
668185
668186
668187
668188
668189
668190
668191
668192
668193
668194
668195
668196
668197
668198
668199
668200
668201
668269
668271
668272
668273
668274
668275
668276
668277
668278
668279
668280
668281
668282
668283
668284
668285
668286
668287
668288
668289
668290
668291
668292
668293
668294
668295
668296
668297
668298
668299
668300
668301
668302
668303
668304
668305
668306
668307
668308
668309
668310
668311
668312
668313
668314
668315
668316
668317
668318
668320
668321
668322
668323
668324
668325
668326
668328
668329
668330
668331
668332
668334
668335
668336
668337
668338
668339
668340
668341
668343
668383
668388
668604
668624
668664
668665
668666
668675
668676
668677
668678
668679
668686
668688
668729
668769
668771
668777
668796
668801
668961
668962
668963
668964
668965
668983
668984
668985
668986
668987
669231
669233
669237
669238
669239
669245
669247
669248
669249
669250
669251
669252
669253
669254
669255
669256
669257
669258
669259
669260
669261
669262
669263
669264
669265
669269
669270
669271
669272
669273
669274
669275
669276
669277
669363
669365
669367
669369
669371
669373
669375
669377
669379
669380
669381
669382
669383
669443
669444
669445
669446
669447
669448
669449
669451
669452
669453
669454
669471
669472
669474
669476
669478
669480
669481
669482
669483
669484
669485
669486
669487
669488
669489
669490
669491
669492
669493
669494
669496
669498
669500
669502
669504
669509
669565
669569
669570
669581
669590
669595
669596
669597
669598
669599
669600
669604
669605
669607
669608
669610
669611
669612
669613
669615
669616
669619
669622
669624
669625
669629
669642
669644
669647
669648
669678
669680
669681
669682
669683
669684
669686
669687
669688
669689
669690
669691
669692
669693
669694
669695
669701
669809
669887
669888
669890
669891
669893
669894
670114
670120
670121
670122
670135
670163
670164
670165
670166
670179
670202
670203
670204
670208
670209
670210
670211
670212
670213
670214
670215
670216
670217
670234
670235
670236
670239
670240
670241
670245
670252
670253
670273
670276
670277
670401
670426
670427
670428
670429
670430
670433
670434
670435
670447
670448
670451
670452
670468
670481
670487
670488
670501
670502
670503
670504
670505
670509
670511
670528
670530
670541
670542
670543
670544
670618
670622
670634
670638
670645
670646
670647
670655
671234
671466
671487
671488
671505
671537
671617
671634
671635
671646
671647
672549
672550
672635
672643
672647
673442
673636
674633
674635
674636
677615
677622
677623
677624
677625
677662
677669
677676
677677
677678
677679
677680
677681
677682
677683
677684
677685
677686
677687
677688
677689
677690
677691
677692
677693
677694
677695
677696
677697
677698
677699
677700
677701
677702
677703
677706
677707
677708
677709
677710
677711
677712
677713
677714
677715
677716
677717
677727
677737
677741
677743
677744
677745
677746
677747
677756
677758
677759
677760
677761
677762
677763
677764
677765
677774
677775
677776
677778
677779
677780
677781
677782
677783
677784
677785
677786
677787
677788
677789
677790
677791
677792
677794
677806
677808
677810
677812
677813
677815
677816
677817
677818
677819
677820
677821
677822
677823
677824
677825
677826
677827
677828
677829
677831
677833
677834
677835
677836
677837
677838
677839
677840
677841
677842
677843
677845
677846
677847
677848
677849
677850
677851
677852
677853
677854
677855
677856
677857
677858
677859
677860
677862
677863
677864
677865
677866
677867
677868
677901
677929
677930
677931
677932
677933
677934
677935
677936
677974
677975
677976
677977
677978
677979
677980
677981
677982
677985
677986
677987
677988
677989
677990
677991
677992
677993
677996
677997
677998
677999
678000
678001
678002
678003
678004
678005
678006
678007
678008
678009
678016
678017
678018
678019
678026
678027
678028
678029
678030
678031
678033
678034
678035
678036
678037
678038
678039
678046
678047
678048
678095
678116
678212
678267
678275
678276
678356
678358
678359
678360
678361
678362
678363
678364
678365
678366
678368
678369
678370
678371
678372
678373
678374
678375
678376
678378
678382
678383
678384
678385
678415
678416
678424
678425
678461
678463
678544
678547
678549
678551
678559
678560
678561
678562
678563
678564
678565
678672
678751
678752
678753
678754
678755
678756
678757
678758
678759
678761
678778
678780
678782
678783
678784
678785
678786
678803
678807
678809
678811
678812
678813
678832
678833
678834
678900
678902
678903
678904
678905
678906
678907
678908
678909
678910
678911
678912
678913
678914
678915
678916
678917
678918
678919
678920
678921
678922
678923
678924
678925
678926
678927
678928
678929
678930
678931
678932
678933
678934
678935
678936
678937
678938
678939
678940
678941
678942
678972
679038
679042
679043
679044
679047
679058
679122
679124
679126
679128
679130
679132
679133
679134
679135
679136
679137
679138
679139
679174
679175
679176
679177
679178
679179
679180
679181
679182
679183
679184
679185
679186
679187
679188
679189
679190
679191
679192
679193
679194
679195
679196
679241
679243
679245
679247
679248
679249
679250
679251
679252
679253
679254
679255
679287
679300
679302
679303
679309
679310
679311
679312
679313
679315
679318
679322
679324
679325
679326
679327
679328
679332
679357
679359
679360
679362
679363
679364
679365
679366
679367
679369
679370
679371
679372
679373
679374
679375
679377
679378
679382
679384
679385
679386
679387
679388
679389
679391
679392
679393
679394
679395
679397
679398
679399
679400
679401
679402
679404
679405
679406
679407
679408
679409
679411
679412
679413
679414
679449
679530
679556
679626
679639
679641
679645
679646
679656
679662
679664
679666
679670
679672
679674
679675
679681
679682
679683
679686
679687
679688
679693
679706
679708
679709
679710
679711
679712
679714
679715
679716
679758
679760
679762
679764
679766
679768
679770
679772
679774
679776
679778
679779
679780
679781
679782
679783
679784
679785
679786
679787
679788
679789
679791
679792
679793
679794
679795
679796
679797
679798
679799
679800
679801
679802
679803
679805
679806
679807
679808
679809
679810
679811
679812
679814
679816
679818
679819
679820
679821
679822
679823
679824
679825
679826
679827
679828
679829
679830
679831
679833
679834
679835
679836
679837
679838
679839
679840
679841
679871
679872
679873
679874
679875
679876
679886
679910
680030
680162
680166
680213
680252
680451
680454
680455
680456
680475
680486
680514
680515
680516
680517
680518
680812
681161
681165
681166
681445
681456
681513
681808
681813
682036
682166
682485
682813
683161
684484
688195
688196
688198
688199
688200
688206
688208
688209
688210
688213
688214
688215
688238
688240
688246
688247
688254
688259
688267
688269
688270
688271
688272
688273
688274
688275
688276
688277
688278
688279
688280
688281
688282
688283
688284
688285
688286
688287
688288
688289
688290
688291
688292
688293
688294
688295
688296
688297
688298
688299
688300
688301
688302
688303
688304
688305
688307
688309
688310
688311
688313
688315
688317
688319
688321
688323
688325
688327
688328
688329
688330
688331
688332
688333
688334
688335
688337
688339
688341
688343
688356
688357
688358
688359
688360
688361
688362
688363
688364
688365
688366
688367
688368
688369
688370
688371
688372
688373
688374
688375
688377
688379
688383
688385
688387
688389
688391
688393
688395
688397
688398
688399
688400
688401
688402
688403
688404
688405
688406
688407
688408
688409
688410
688411
688412
688413
688414
688415
688416
688417
688418
688419
688420
688421
688422
688423
688424
688425
688426
688427
688428
688429
688430
688431
688432
688433
688434
688435
688436
688438
688440
688460
688461
688470
688471
688473
688474
688475
688500
688504
688506
688508
688510
688512
688520
688522
688524
688529
688530
688531
688532
688533
688534
688535
688536
688537
688538
688539
688540
688541
688542
688543
688544
688545
688546
688547
688548
688549
688550
688551
688552
688553
688554
688555
688556
688557
688558
688559
688560
688561
688562
688563
688564
688566
688568
688570
688572
688587
688589
688591
688596
688598
688600
688610
688612
688613
688614
688615
688616
688617
688618
688619
688620
688621
688622
688623
688624
688625
688626
688627
688628
688629
688630
688631
688632
688633
688634
688635
688636
688637
688638
688640
688642
688644
688646
688648
688650
688652
688654
688656
688658
688660
688662
688664
688665
688666
688667
688668
688669
688670
688671
688672
688673
688674
688675
688676
688677
688678
688679
688680
688681
688682
688683
688684
688685
688686
688687
688688
688689
688690
688691
688692
688693
688694
688695
688696
688697
688698
688699
688700
688701
688702
688703
688704
688705
688706
688707
688708
688709
688710
688711
688712
688713
688714
688715
688716
688717
688718
688719
688720
688721
688722
688723
688724
688725
688726
688727
688748
688749
688750
688751
688752
688753
688754
688755
688756
688757
688758
688759
688760
688761
688762
688763
688764
688765
688766
688767
688768
688769
688770
688771
688775
688785
688945
688992
688994
688995
688996
688997
688999
689001
689006
689093
689098
689099
689102
689103
689104
689105
689333
689335
689336
689337
689342
689402
689403
689404
689405
689406
689415
689416
689417
689418
689419
689420
689421
689422
689423
689424
689425
689426
689427
689428
689429
689430
689431
689432
689433
689434
689435
689483
689484
689677
689679
689680
689814
689815
689858
689859
689860
689868
689869
689870
689877
689878
689880
689881
690091
690092
690105
690106
690107
690108
690109
690111
690113
690115
690127
690133
690134
690135
690136
690137
690138
690139
690209
690210
690214
690215
690216
690217
690218
690244
690316
690317
690325
690410
690411
690412
690415
690416
691100
691101
691105
691106
691109
691110
691134
691135
691209
691210
691213
691216
691217
691302
691317
691326
691332
691411
691412
691416
691417
692100
692104
692106
692109
692127
692134
692135
692210
692213
692216
692217
692317
692326
692411
692412
692415
693120
693134
693216
693413
693415
694134
694300
698813
698814
698822
698918
698925
698926
698930
698932
698933
698942
698955
698997
698998
699795
699814
699818
699819
699866
699867
699868
699886
699891
699892
699893
699894
699895
699896
699910
699911
699912
699913
699915
699969
710004
718772
718819
718827
718835
718847
718854
718858
718898
718900
718901
718902
718904
718914
718917
718924
719031
719453
719608
719685
719688
719842
728635
728640
728641
728643
728646
728647
728648
728652
728654
728657
728658
728660
728677
728680
728774
728775
728776
728787
728790
728792
728850
728851
728852
728853
728854
728857
728859
728861
728863
728865
728869
728870
728871
728872
728873
728947
728949
728950
728951
728953
728955
729030
729032
729033
729051
729062
729063
729136
729139
729140
729141
729226
729227
729228
729230
729240
729242
729245
729321
729323
729324
729330
729338
729341
729343
729344
729345
729346
729347
729348
729349
729350
729352
729355
729357
729359
729360
729361
729363
729366
729367
729368
729376
729555
729556
729558
729570
729574
729576
729642
729643
729644
729645
729646
729647
729650
729651
729653
729656
729661
729662
729664
729666
729679
729680
729758
729759
729761
729825
729828
729900
729906
729918
729919
729920
729921
729922
729923
729924
729925
729926
729927
729928
729929
729933
729938
729941
729989
729990
730007
730008
730112
730113
730114
730117
730118
730119
730121
730122
730123
730124
730125
730126
730127
730128
730129
730130
730131
730132
730133
730134
730181
730204
730205
730214
730223
730224
730351
730358
730359
730410
730437
730450
730451
730502
730504
730509
730510
730513
730519
730521
730525
730530
730533
730534
730544
730545
730548
730554
730570
730571
730572
730573
730574
730589
730590
730602
730603
730604
730619
730620
730621
730622
730623
730625
730638
730689
730690
730691
730692
730714
730716
730717
730723
730730
730747
730748
730749
730752
730753
730754
730756
730760
730763
730767
730768
730771
730772
730773
730774
730775
730776
730777
730779
730782
730785
730793
730795
730796
730797
730798
730823
730843
730845
730847
730850
730854
730855
730870
730871
730872
730873
730876
730877
730878
730879
730880
730903
730904
730905
730906
730907
730908
730912
730917
731007
731029
731100
731219
731221
731372
731450
731451
731502
731509
731510
731516
731519
731525
731536
731549
731572
731573
731574
731588
731592
731605
731628
731672
731686
731690
731693
731701
731714
731717
731747
731754
731757
731759
731765
731773
731775
731785
731786
731796
731799
731907
731908
731912
731916
731917
731918
732005
732006
732223
732450
732451
732546
732571
732574
732590
732591
732624
732625
732686
732687
732690
732691
732785
732786
732907
732912
732917
732918
733451
733590
733683
733686
733687
733689
733690
733691
733694
733717
733785
733907
734573
734574
734684
734689
734690
734691
734694
734785
734786
735688
735689
735785
735786
736689
736690
736786
737634
737635
737640
737641
737642
737643
737644
737645
737646
737658
737663
737668
737678
737679
737680
737681
737682
737683
737684
737685
737687
737688
737689
737690
737691
737692
737693
737694
737695
737696
737697
737698
737699
737700
737725
737726
737727
737731
737736
737740
737758
737763
737769
737770
737779
737783
737784
737785
737786
737787
737788
737789
737790
737791
737792
737797
737808
737809
737810
737811
737813
737814
737815
737816
737817
737818
737819
737820
737821
737822
737823
737824
737831
737832
737833
737834
737835
737836
737837
737838
737839
737845
737846
737847
737848
737854
737855
737856
737858
737859
737860
737863
737871
737872
737873
737874
737875
737876
737877
737879
737883
737891
737895
737896
737897
737898
737900
737905
737906
737907
737911
737914
737916
737917
737918
737919
737920
737921
737922
737923
737925
737926
737927
737928
737929
737932
737935
737936
737937
737938
737939
737940
737941
737951
737953
737955
737956
737957
737958
737960
737962
737963
737964
737965
737966
737967
737998
738000
738002
738004
738006
738025
738027
738028
738030
738032
738034
738036
738038
738040
738042
738063
738064
738066
738068
738071
738072
738076
738077
738080
738086
738087
738088
738090
738091
738098
738100
738101
738102
738124
738126
738128
738130
738132
738134
738165
738166
738167
738168
738169
738170
738171
738172
738173
738174
738175
738176
738177
738178
738179
738180
738181
738182
738183
738184
738185
738186
738187
738188
738189
738191
738192
738193
738194
738195
738196
738197
738198
738199
738200
738201
738202
738204
738207
738210
738211
738212
738213
738214
738215
738216
738217
738218
738219
738221
738222
738223
738224
738225
738226
738227
738228
738229
738231
738242
738243
738244
738245
738246
738247
738248
738253
738254
738255
738257
738258
738259
738261
738262
738264
738265
738266
738267
738275
738276
738277
738278
738279
738280
738281
738282
738283
738284
738287
738288
738289
738290
738291
738292
738293
738296
738297
738298
738299
738300
738302
738303
738304
738307
738310
738311
738312
738313
738314
738315
738316
738320
738321
738322
738323
738328
738329
738330
738331
738332
738333
738334
738335
738336
738337
738338
738339
738340
738341
738346
738347
738348
738349
738350
738351
738352
738354
738355
738356
738357
738358
738359
738360
738361
738363
738364
738365
738366
738368
738369
738370
738375
738376
738377
738378
738379
738380
738383
738384
738388
738389
738390
738391
738392
738393
738394
738395
738396
738397
738398
738401
738402
738406
738407
738412
738413
738419
738420
738421
738422
738423
738426
738427
738428
738429
738430
738431
738432
738433
738434
738435
738436
738437
738438
738439
738440
738441
738442
738443
738444
738445
738446
738447
738448
738450
738451
738452
738455
738456
738457
738458
738459
738460
738461
738462
738463
738468
738547
738664
738689
738720
738721
738723
738724
738725
738726
738727
738728
738729
738730
738731
738733
738734
738735
738737
738738
738739
738740
738853
738907
738908
738909
738931
738932
738962
738963
738965
738966
738968
738969
738971
738973
738990
738996
739009
739011
739012
739013
739014
739015
739016
739017
739018
739019
739020
739021
739022
739067
739082
739085
739088
739110
739111
739144
739148
739152
739169
739171
739173
739175
739211
739229
739230
739249
739250
739251
739252
739253
739255
739256
739257
739275
739276
739277
739278
739297
739342
739428
739430
739431
739439
739443
739445
739446
739447
739448
739450
739451
739452
739461
739462
739464
739465
739480
739482
739486
739487
739535
739538
739539
739540
739541
739542
739544
739545
739546
739549
739551
739555
739563
739564
739826
739828
739832
739833
739834
739835
739836
739837
739859
739860
739921
739922
739923
739924
739925
739926
739927
739928
739929
739973
739974
739975
739976
739977
750102
750106
750107
750121
750314
750363
750370
750373
750424
750425
750426
750433
750436
750438
750439
750441
750443
750444
750446
750447
750448
750462
750463
750466
750470
750479
750480
750503
750509
750588
751102
751370
751427
751433
751437
751438
751439
751443
751446
751448
751462
751463
751468
751469
751480
751492
751502
751503
752101
752102
752376
752426
752445
752448
752462
752463
752466
752468
752503
752510
753102
753104
753121
753359
753360
753363
753365
754501
756930
756944
756946
756982
756985
756986
756987
756988
756998
757002
757003
757004
757005
757006
757007
757008
757009
757010
757011
757012
757013
757014
757015
757016
757017
757018
757019
757020
757021
757022
757029
757032
757033
757034
757042
757043
757044
757045
757046
757047
757048
757049
757052
757055
757061
757078
757079
757088
757089
757090
757091
757098
757103
757104
757105
757106
757107
757108
757109
757110
757132
757133
757134
757135
757136
757137
757138
757139
757140
757141
757142
757147
757148
757192
757195
757196
757209
757210
757211
757212
757213
757214
757215
757216
757217
757218
757219
757258
757259
757260
757261
757272
757273
757274
757275
757276
757277
757278
757279
757280
757281
757282
757283
757284
757285
757287
757288
757289
757290
757291
757292
757293
757294
757295
757296
757297
757298
757299
757300
757301
757302
757303
757304
757305
757306
757307
757308
757309
757310
757311
757312
757313
757314
757315
757316
757317
757318
757319
757320
757321
757327
757328
757329
757336
757337
757338
757345
757346
757347
757348
757349
757350
757351
757352
757353
757354
757355
757356
757357
757358
757359
757361
757362
757363
757364
757365
757368
757375
757376
757377
757378
757382
757383
757387
757398
757399
757400
757401
757427
757428
757437
757440
757441
757443
757447
757448
757449
757450
757451
757452
757453
757454
757455
757456
757457
757458
757459
757460
757461
757462
757463
757464
757465
757466
757467
757468
757469
757470
757471
757472
757473
757474
757475
757476
757477
757478
757479
757480
757481
757482
757483
757484
757485
757487
757489
757492
757493
757512
757513
757514
757515
757523
757524
757525
757526
757528
757529
757530
757532
757533
757534
757535
757536
757537
757538
757539
757540
757541
757542
757543
757544
757545
757547
757548
757549
757550
757551
757552
757553
757554
757555
757556
757557
757558
757559
757560
757561
757562
757563
757564
757565
757566
757567
757568
757569
757570
757571
757572
757573
757574
757575
757576
757577
757578
757579
757580
757581
757582
757583
757584
757585
757586
757587
757588
757589
757590
757591
757592
757593
757594
757595
757596
757597
757598
757599
757600
757601
757602
757603
757604
757605
757606
757607
757608
757609
757610
757611
757612
757613
757614
757622
757668
757695
757696
757699
757700
757701
757703
757705
757711
757714
757718
757723
757725
757727
757729
757731
757732
757733
757734
757735
757736
757737
757738
757739
757740
757741
757742
757743
757744
757745
757746
757747
757748
757775
757776
757777
757778
757781
757782
757784
757786
757788
757790
757792
757794
757796
757798
757801
757802
757803
757804
757806
757808
757825
757832
757833
757834
757835
757836
757837
757838
757839
757840
757841
757842
757843
757844
757845
757846
757852
757853
757854
757855
757856
757857
757858
757859
757860
757862
757863
757864
757865
757866
757867
757877
757878
757879
757880
757881
757882
757883
757918
757933
757934
757964
757965
757984
757985
757986
757987
757988
757989
757990
757991
757992
757993
757994
757995
757996
757997
758027
758028
758030
758031
758032
758033
758035
758038
758040
758044
758058
758069
758070
758071
758075
758077
758078
758080
758081
758086
758088
758090
758091
758092
758093
758094
758095
758097
758098
758099
758101
758102
758105
758107
758114
758116
758117
758118
758120
758123
758124
758125
758126
758128
758129
758134
758137
758145
758147
758150
758151
758152
758155
758156
758158
758160
758169
758171
758198
758201
758202
758205
758207
758209
758211
758219
758220
758221
758222
758223
758224
758225
758226
758227
758228
758229
758230
758232
758233
758235
758236
758237
758239
758240
758249
758259
758261
758262
758263
758264
758267
758268
758269
758270
758271
758272
758274
758275
758276
758277
758278
758279
758280
758281
758283
758284
758285
758286
758287
758288
758290
758293
758294
758295
758296
758302
758304
758309
758311
758313
758327
758328
758329
758330
758331
758332
758333
758334
758335
758336
758337
758367
758379
758380
758381
758383
758384
758388
758389
758390
758391
758419
758440
758441
758446
758468
758486
758495
758496
758497
758498
758499
758520
758521
758524
758590
758591
758592
758593
758594
758595
758596
758597
758598
758599
758600
758615
758616
758617
758618
758619
758626
758627
758628
758638
758639
758640
758641
758642
758643
758651
758656
758672
758673
758674
758675
758676
758677
758692
758694
758695
758696
758697
758708
758712
758714
758717
758718
758719
758720
758750
758751
758752
758753
758754
758755
758756
758757
758758
758759
758760
758762
758820
758821
758822
758828
758858
758874
758875
758877
758880
758882
758884
758885
758886
758969
759075
759102
759104
759105
759107
759109
759111
759113
759114
759116
759118
759120
759149
759150
759151
759152
759153
759154
759155
759156
759159
759196
759197
759198
759199
759201
759202
759210
759211
759212
759226
759228
759230
759232
759234
759236
759237
759238
759249
759269
759270
759393
759394
759395
759396
759397
759398
759399
759422
759424
759443
759501
759502
759503
759506
759507
759508
759560
759563
759581
759582
759584
759585
759586
759587
759588
759596
759597
759598
759599
759600
759620
759621
759637
759638
759639
759640
759641
759694
759695
759710
759711
759715
759774
759793
759798
759799
759800
759801
759802
759819
759820
759821
759822
759823
759872
759873
759874
759875
759932
759946
759951
759956
759957
759971
759977
759978
759987
759989
759990
759992
760103
760105
760107
760111
760116
760117
760166
760173
760229
760231
760232
760241
760253
760254
760269
760272
760291
760292
760294
760304
760306
760307
760315
760322
760328
760331
760332
760340
760347
760351
760385
760388
760395
760396
760397
760399
760401
760404
760408
760411
760413
760414
760415
760416
760417
760419
760424
760430
760431
760433
760435
760436
760437
760449
760454
760455
760456
760459
760461
760476
760513
760624
760633
760640
760644
760647
760657
760659
760676
760707
760709
760718
760775
760776
760788
760810
760812
760817
760860
760864
760865
760867
760870
760962
760964
760970
760972
761107
761115
761340
761341
761347
761350
761419
761429
761456
761458
761463
761470
761501
761504
761506
761507
761508
761509
761510
761962
761964
761965
761970
761973
762115
762340
762341
762347
762376
762429
762432
762501
762507
762508
762509
762511
762517
762962
762964
762965
762970
762972
762973
763101
763115
763269
763335
763429
763479
763502
763506
763509
763511
763512
763972
764342
764424
764513
767949
767950
767951
767952
767953
767955
767960
767961
767962
767971
767975
767991
767993
767994
767995
767997
767999
768000
768001
768002
768003
768006
768007
768009
768013
768014
768024
768039
768044
768045
768046
768050
768054
768055
768056
768057
768058
768059
768060
768061
768062
768063
768064
768065
768070
768071
768075
768076
768077
768078
768079
768080
768081
768082
768083
768085
768086
768087
768088
768094
768095
768096
768099
768100
768102
768104
768105
768106
768107
768108
768109
768110
768111
768115
768116
768117
768118
768123
768125
768126
768127
768128
768129
768130
768131
768132
768133
768134
768135
768136
768137
768138
768143
768144
768145
768146
768147
768148
768159
768160
768191
768192
768193
768209
768210
768211
768212
768213
768214
768216
768217
768218
768219
768220
768221
768222
768223
768224
768225
768281
768291
768292
768296
768297
768298
768299
768300
768301
768302
768303
768304
768305
768306
768307
768308
768309
768310
768311
768312
768319
768321
768322
768323
768324
768325
768326
768327
768328
768329
768330
768331
768332
768333
768334
768335
768336
768340
768341
768342
768347
768354
768355
768356
768357
768358
768359
768360
768361
768362
768363
768364
768371
768372
768373
768374
768414
768427
768441
768442
768448
768449
768450
768451
768454
768547
768578
768579
768610
768611
768678
768680
768692
768694
768695
768729
768730
768735
768736
768737
768738
768739
768741
768743
768758
768759
768760
768761
768763
768766
768768
768809
768828
768861
768862
768863
768864
768866
768867
768889
768890
768891
768923
768925
768926
768961
769026
769039
769058
769059
769060
769131
769132
769133
769136
769137
769138
769139
769141
769162
769197
769294
769299
769300
769301
769302
769303
769304
769308
769309
769312
769313
769314
769315
769316
769317
769318
769319
769320
769321
769323
769341
769342
769343
769344
769345
769353
769354
769355
769356
769357
769359
769360
769362
769364
769366
769368
769370
769372
769374
769376
769377
769378
769380
769381
769382
769384
769411
769412
769413
769414
769415
769416
769417
769418
769468
769471
769472
769473
769474
769511
769512
769513
769515
769531
769535
769536
769537
769538
769539
769540
769541
769550
769551
769552
769579
769580
769581
769582
769583
769584
769585
769586
769587
769588
769589
769590
769591
769592
769593
769625
769627
769628
769629
769630
769631
769632
769633
769634
769635
769636
769637
769638
769640
769642
769644
769646
769658
769659
769660
769661
769662
769663
769664
769665
769666
769667
769668
769669
769670
769671
769672
769673
769674
769675
769676
769677
769678
769679
769680
769681
769682
769683
769684
769685
769686
769687
769688
769689
769690
769691
769692
769722
769724
769739
769741
769743
769745
769747
769749
769751
769753
769755
769757
769758
769759
769760
769761
769762
769763
769764
769765
769766
769767
769768
769769
769770
769771
769772
769773
769774
769775
769776
769777
769778
769779
769780
769781
769782
769783
769784
769785
769787
769797
769799
769801
769805
769807
769815
769816
769817
769819
769820
769821
769849
769850
769851
769852
769853
769854
769855
769856
769858
769859
769860
769861
769862
769863
769864
769865
769866
769867
769868
769869
769870
769871
769872
769873
769874
769875
769876
769877
769878
769879
769880
769881
769882
769883
769885
769886
769887
769888
769891
769917
769918
769919
769920
769921
769922
769923
769924
769925
769926
769927
769930
769931
769932
769960
769961
769969
769989
769990
778782
778787
778903
778904
778979
778986
778987
778988
778996
778997
778998
778999
779000
779001
779003
779004
779005
779006
779088
779089
779105
779113
779124
779125
779211
779217
779219
779220
779221
779222
779223
779224
779225
779226
779227
779228
779229
779230
779231
779232
779233
779234
779235
779236
779237
779238
779239
779244
779245
779246
779247
779248
779249
779250
779251
779264
779265
779266
779293
779304
779307
779308
779312
779318
779384
779395
779396
779397
779408
779916
786015
786055
786056
786057
786058
786059
786060
786061
786062
786063
786064
786065
786066
786067
786068
786115
786161
786195
786196
786197
786198
786199
786200
786201
786202
786203
786204
786205
786206
786207
786208
786209
786210
786211
786212
786213
786214
786216
786217
786218
786220
786221
786222
786223
786224
786225
786226
786227
786228
786241
786242
786243
786244
786245
786246
786247
786248
786249
786250
786251
786252
786253
786254
786255
786256
786257
786258
786259
786260
786261
786262
786263
786264
786265
786266
786267
786268
786269
786270
786271
786272
786273
786274
786275
786276
786277
786278
786281
786282
786283
786369
786370
786371
786372
786379
786386
786387
786388
786389
786390
786391
786392
786393
786394
786395
786396
786397
786398
786399
786403
786404
786405
786406
786407
786408
786409
786410
786411
786412
786413
786414
786415
786416
786417
786418
786419
786420
786421
786422
786423
786424
786425
786426
786427
786428
786429
786430
786431
786432
786433
786434
786436
786438
786440
786442
786444
786445
786446
786447
786448
786449
786450
786451
786452
786458
786459
786465
786466
786467
786468
786469
786470
786471
786472
786473
786474
786475
786476
786477
786478
786479
786480
786481
786482
786483
786484
786485
786486
786487
786488
786508
786510
786512
786514
786517
786518
786519
786520
786521
786522
786523
786524
786525
786526
786527
786528
786529
786530
786531
786532
786533
786534
786535
786536
786537
786538
786539
786540
786541
786542
786543
786545
786547
786549
786551
786553
786554
786555
786556
786557
786558
786559
786561
786563
786564
786565
786566
786583
786584
786585
786586
786587
786588
786589
786590
786591
786592
786593
786594
786595
786596
786597
786598
786599
786600
786601
786607
786608
786609
786610
786611
786612
786613
786614
786615
786616
786617
786618
786619
786620
786621
786622
786623
786624
786625
786626
786627
786628
786629
786630
786631
786632
786633
786634
786635
786641
786652
786653
786654
786655
786668
786670
786671
786672
786673
786674
786675
786676
786677
786678
786679
786680
786681
786682
786683
786684
786685
786686
786688
786690
786691
786692
786693
786694
786695
786696
786697
786698
786699
786700
786701
786702
786703
786704
786705
786706
786707
786708
786710
786712
786714
786716
786717
786719
786721
786722
786742
786744
786746
786747
786748
786749
786759
786761
786762
786763
786764
786765
786766
786767
786768
786769
786770
786771
786772
786773
786774
786775
786776
786777
786778
786779
786780
786781
786782
786783
786784
786785
786786
786787
786788
786789
786790
786791
786792
786793
786794
786796
786797
786798
786799
786801
786803
786805
786807
786809
786811
786813
786815
786817
786819
786821
786823
786825
786826
786827
786828
786829
786830
786831
786843
786848
786876
786877
786878
786879
786881
786882
786883
786884
786886
786887
786888
786889
786890
786891
786892
786893
786894
786895
786896
786897
786898
786899
786900
786901
786902
786903
786904
786905
786906
786907
786908
786909
786910
786911
786912
786913
786914
786915
786916
786917
786918
786919
786920
786921
786922
786923
786924
786926
786928
786930
786932
786949
786951
786953
786955
786957
786992
786993
786994
786995
786996
786997
786998
786999
787000
787001
787002
787003
787004
787005
787006
787007
787008
787009
787010
787011
787012
787013
787060
787072
787073
787079
787081
787083
787084
787087
787157
787159
787161
787163
787164
787165
787166
787168
787169
787170
787171
787172
787173
787174
787175
787176
787188
787221
787223
787225
787227
787228
787229
787230
787231
787232
787233
787234
787235
787236
787237
787238
787239
787240
787241
787242
787243
787244
787245
787246
787247
787248
787249
787250
787251
787252
787253
787278
787281
787282
787283
787284
787285
787286
787307
787309
787310
787311
787312
787313
787314
787315
787316
787317
787318
787319
787320
787321
787322
787323
787324
787325
787326
787327
787328
787330
787332
787364
787366
787367
787368
787369
787370
787371
787372
787373
787374
787375
787376
787377
787378
787379
787380
787381
787382
787383
787384
787386
787392
787402
787403
787404
787416
787448
787468
787469
787470
787471
787472
787473
787474
787475
787476
787477
787478
787480
787481
787482
787483
787484
787485
787648
787649
787650
787651
787655
787656
787657
787658
787659
787660
787661
787662
787663
787664
787665
787666
787667
787668
787669
787670
787671
787677
787678
787679
787680
787681
787682
787683
787684
787685
787686
787687
787688
787689
787690
787692
787694
787696
787698
787700
787702
787712
787714
787716
787718
787720
787722
787724
787726
787728
787730
787732
787734
787736
787738
787740
787742
787744
787746
787748
787750
787752
787800
787801
787802
787803
787804
787805
787837
787838
787839
787840
787841
787842
787843
787844
787845
787846
787847
787848
787849
787850
787851
787852
787853
787854
787855
787856
787861
787863
787865
787866
787868
787870
787872
787874
787876
787878
787958
788338
788340
788342
788344
788346
788348
788350
788352
788354
788363
788377
788378
788379
788380
788381
788382
788418
788529
788530
788531
788532
788533
788534
788535
788536
788537
788538
788539
788540
788541
788542
788543
788544
788545
788546
788636
788637
788647
788648
788649
788708
788709
788710
788711
788712
788713
788714
788715
788716
788717
788718
788719
788720
788721
788722
788723
788724
788725
788726
788727
788728
788729
788730
788731
788732
788733
788734
788735
788736
788737
788738
788760
788761
788762
788763
788764
788765
788767
788768
788769
788770
788771
788772
788773
788774
788777
788778
788779
788780
788781
788782
788783
788784
788785
788786
788813
788815
788816
788817
788818
788819
788820
788821
788822
788823
788824
788825
788826
788827
788828
788829
788830
788831
788832
788833
788834
788851
788855
788856
788857
788858
788859
788860
788861
788862
788863
788864
788865
788866
788867
788868
788869
788870
788871
788872
788873
788874
788875
788881
788882
788883
788884
788885
788887
788888
788940
788942
788944
788946
788948
788950
788952
788953
788954
788956
788957
788958
788959
788961
788962
788963
788964
788965
788966
788967
788988
788989
788991
788992
788993
788994
788995
788996
788997
788999
789012
789014
789016
789018
789020
789022
789023
789024
789025
789026
789027
789028
789029
789030
789031
789032
789033
789034
789038
789040
789041
789042
789043
789044
789045
789066
789067
789068
789069
789093
789094
789095
789097
789098
789099
789100
789126
789127
789128
789129
789130
789131
789133
789134
789135
789136
789137
789138
789139
789140
789142
789144
789146
789147
789148
789149
789150
789151
789152
789153
789154
789155
789175
789177
789179
789188
789190
789192
789194
789197
789199
789200
789201
789202
789204
789206
789209
789210
789219
789220
789263
789277
789279
789281
789287
789289
789290
789291
789292
789293
789294
789295
789296
789305
789306
789307
789308
789309
789310
789313
789314
789315
789316
789317
789318
789319
789320
789321
789322
789323
789328
789329
789330
789331
789332
789333
789334
789335
789336
789337
789383
789385
789387
789389
789391
789394
789396
789398
789400
789402
789404
789408
789409
789410
789411
789412
789413
789414
789415
789416
789417
789418
789419
789420
789421
789422
789423
789444
789445
789446
789447
789448
789449
789450
789451
789452
789453
789454
789455
789456
789457
789458
789469
789470
789476
789477
789478
789479
789480
789481
789585
789587
789589
789591
789592
789593
789594
789595
789597
789599
789601
789603
789605
789607
789612
789614
789616
789618
789620
789622
789624
789625
789626
789627
789628
789629
789630
789631
789632
789633
789634
789635
789636
789637
789638
789639
789640
789641
789642
789643
789644
789645
789646
789647
789649
789651
789652
789653
789654
789655
789657
789658
789659
789729
789731
789733
789734
789735
789736
789737
789738
789739
789740
789741
789742
789743
789744
789745
789746
789767
789768
789769
789770
789771
789772
789773
789778
789780
789790
789792
789794
789795
789796
789797
789799
789800
789801
789803
789805
789806
789807
789810
789811
789812
789813
789830
789831
789832
789833
789834
789835
789836
789837
789838
789839
789840
789855
789857
789859
789861
789863
789865
789867
789869
789870
789871
789875
789904
789905
789956
789958
789960
789961
789962
789963
789964
789965
789966
789967
789969
789976
789977
789979
790406
790407
790408
790419
790420
790431
790484
791406
791407
791413
791419
791431
791485
792408
792409
792470
792484
792485
793408
793410
793419
793485
794419
797364
797365
797369
797370
797372
797374
797378
797390
797391
797400
797402
797418
797420
797421
797422
797423
797435
797436
797437
797460
797461
797462
797463
797467
797468
797469
797470
797471
797472
797475
797487
797488
797498
797506
797510
797521
797526
797530
797538
797546
797547
797549
797550
797551
797552
797553
797555
797556
797557
797558
797560
797565
797566
797571
797572
797574
797575
797637
797638
797644
797649
797651
797652
797663
797664
797666
797667
797668
797669
797670
797671
797672
797673
797674
797675
797676
797677
797678
797679
797680
797681
797682
797683
797684
797685
797686
797687
797688
797689
797690
797691
797695
797702
797724
797725
797726
797727
797728
797729
797730
797731
797732
797733
797734
797735
797736
797737
797738
797739
797740
797741
797744
797745
797746
797747
797751
797752
797753
797756
797757
797758
797759
797760
797761
797762
797799
797859
797865
797866
797867
797868
797871
797872
797874
798099
798100
798101
798123
798124
798125
798126
798127
798128
798129
798133
798338
798340
798342
798343
798368
798404
798405
798406
798407
798408
798409
798410
798411
798416
798417
798418
798419
798424
798480
798497
798498
798499
798500
798501
798502
798503
798505
798506
798507
798508
798509
798526
798527
798532
798534
798536
798538
798539
798540
798542
798543
798544
798545
798546
798547
798548
798549
798550
798551
798552
798553
798554
798555
798556
798557
798558
798559
798560
798561
798562
798563
798564
798565
798566
798567
798568
798569
798570
798571
798572
798573
798574
798575
798576
798577
798578
798579
798580
798581
798582
798583
798584
798585
798586
798587
798588
798589
798590
798591
798592
798593
798594
798595
798608
798609
798610
798611
798612
798613
798614
798615
798616
798617
798618
798635
798636
798637
798638
798639
798640
798641
798642
798643
798644
798645
798646
798647
798648
798649
798650
798651
798652
798653
798654
798655
798656
798657
798658
798659
798677
798682
798684
798686
798688
798690
798691
798693
798695
798697
798699
798701
798703
798705
798707
798725
798728
798730
798732
798762
798763
798764
798765
798766
798767
798769
798771
798774
798775
798776
798778
798779
798780
798781
798782
798783
798784
798788
798940
798941
798942
798943
798944
798945
798946
798947
798948
798949
798950
798951
799005
799006
799007
799008
799009
799010
799011
799012
799013
799014
799016
799017
799019
799021
799022
799023
799025
799033
799034
799035
799036
799059
799060
799061
799063
799064
799065
799066
799067
799068
799069
799070
799071
799072
799090
799092
799094
799096
799098
799100
799101
799103
799105
799107
799109
799110
799111
799112
799113
799114
799115
799116
799117
799118
799119
799120
799121
799122
799123
799124
799125
799126
799131
799132
799133
799134
799135
799136
799137
799138
799163
799165
799178
799180
799182
799184
799186
799188
799190
799192
799193
799194
799195
799196
799197
799198
799199
799200
799201
799202
799203
799205
799207
799221
799223
799227
799229
799230
799255
799257
799259
799260
799261
799262
799263
799265
799267
799268
799269
799270
799271
799272
799273
799274
799277
799278
799279
799280
799284
799285
799286
799288
799290
799291
799292
799293
799294
799295
799306
799317
799318
799319
799320
799321
799322
799323
799324
799325
799326
799327
799328
799329
799330
799332
799363
799365
799366
799367
799368
799369
799370
799373
799374
799375
799376
799377
799378
799379
799380
799381
799384
799385
799386
799387
799388
799389
799390
799391
799392
799393
799395
799396
799397
799398
799399
799401
799403
799404
799405
799408
799412
799414
799415
799416
799417
799418
799423
799424
799425
799426
799427
799428
799429
799430
799431
799432
799442
799443
799444
799445
799447
799449
799451
799453
799455
799457
799531
799533
799536
799538
799539
799540
799541
799656
799658
799660
799662
799663
799664
799665
799666
799667
799668
799669
799686
799687
799688
799689
799690
799691
799692
799693
799694
799695
799696
799697
799698
799699
799700
799701
799703
799704
799705
799706
799707
799708
799709
799710
799711
799712
799713
799714
799715
799716
799717
799718
799719
799720
799721
799722
799723
799724
799725
799726
799727
799728
799729
799730
799731
799732
799733
799734
799735
799736
799737
799738
799739
799740
799741
799742
799743
799744
799745
799746
799747
799748
799749
799750
799811
799813
799816
799817
799818
799819
799860
799861
799862
799864
799865
799956
799978
799980
804279
804280
804281
804282
804283
804284
804285
804286
804287
804288
804289
804290
804298
804299
804363
804364
804365
804366
804367
804368
804369
804371
804372
804373
804374
804375
804376
804377
804378
804379
804380
804381
804382
804383
804384
804385
804386
804387
804388
804389
804390
804391
804392
804393
804394
804395
804396
804397
804398
804399
804400
804401
804402
804403
804404
804405
804406
804407
804408
804409
804410
804411
804412
804421
804438
804439
804440
804441
804442
804443
804444
804445
804446
804447
804448
804449
804450
804456
804457
804458
804459
804460
804461
804462
804463
804464
804513
804514
804515
804516
804517
804526
804527
804528
804529
804530
804531
804532
804533
804534
804535
804536
804537
804538
804539
804540
804541
804542
804543
804544
804545
804546
804547
804548
804549
804550
804551
804552
804554
804555
804556
804557
804558
804559
804560
804561
804562
804563
804564
804565
804582
804610
804611
804612
804613
804623
804624
804625
804626
804627
804628
804629
804630
804631
804632
804647
804648
804649
804650
804652
804653
804654
804655
804656
804657
804658
804659
804660
804661
804662
804663
804664
804665
804666
804667
804668
804669
804670
804671
804672
804673
804674
804675
804676
804677
804692
804693
804694
804696
804697
804698
804699
804700
804701
804702
804703
804704
804705
804706
804707
804708
804709
804710
804711
804712
804724
804726
804727
804728
804729
804730
804731
804732
804733
804734
804735
804736
804737
804738
804739
804740
804741
804742
804743
804744
804745
804746
804747
804748
804749
804750
804751
804752
804753
804754
804755
804756
804757
804761
804762
804763
804764
804765
804766
804767
804768
804769
804770
804771
804772
804773
804774
804775
804776
804777
804778
804779
804780
804781
804782
804783
804784
804785
804786
804787
804788
804789
804791
804792
804793
804794
804795
804796
804797
804825
804826
804827
804828
804829
804830
804831
804832
804833
804834
804835
804836
804837
804838
804839
804840
804841
804842
804843
804844
804845
804846
804847
804848
804849
804850
804851
804852
804853
804854
804855
804856
804857
804858
804859
804860
804861
804862
804863
804864
804865
804866
804867
804868
804869
804870
804871
804872
804873
804874
804886
804887
804888
804889
804890
804891
804892
804893
804894
804895
804896
804897
804898
804899
804900
804901
804902
804903
804904
804905
804906
804907
804908
804909
804910
804911
804912
804913
804914
804915
804916
804917
804918
804919
804920
804921
804922
804923
804924
804925
804926
804927
804928
804929
804930
804931
804932
804933
804934
804935
804936
805078
805079
805080
805081
805082
805083
805084
805085
805086
805087
805088
805089
805090
805091
805092
805093
805094
805095
805101
805102
805103
805104
805105
805106
805110
805111
805112
805120
805121
805122
805123
805124
805125
805126
805127
805128
805129
805130
805131
805133
805134
805135
805136
805137
805138
805139
805140
805141
805142
805143
805144
805145
805146
805147
805148
805149
805150
805151
805152
805153
805154
805163
805164
805166
805167
805168
805169
805170
805171
805172
805173
805174
805179
805180
805181
805182
805183
805184
805185
805186
805187
805188
805189
805190
805191
805192
805193
805197
805206
805207
805208
805209
805210
805211
805212
805213
805214
805215
805216
805217
805218
805219
805220
805221
805222
805223
805224
805226
805227
805228
805229
805230
805231
805232
805233
805234
805235
805236
805237
805238
805239
805240
805241
805246
805247
805248
805249
805250
805257
805258
805259
805277
805278
805279
805280
805866
805868
805870
805872
805874
805876
805878
805880
805882
805884
805886
805888
805889
805890
805891
805892
805894
805895
805896
805897
805898
805899
805900
805901
805902
805903
805904
805905
805906
805907
805909
805910
805921
805923
805924
805925
805926
805927
805928
805929
805930
805931
805946
805947
805960
805965
805966
805967
805968
805969
805970
805971
805972
805973
805975
805978
805979
805980
805982
805983
805984
805985
805986
805987
805988
805989
805990
805991
805992
805993
805994
805995
805996
806020
806022
806023
806025
806027
806028
806029
806031
806033
806034
806035
806036
806037
806038
806039
806040
806041
806042
806043
806044
806045
806046
806047
806048
806049
806050
806051
806052
806053
806054
806055
806056
806059
806060
806061
806062
806063
806068
806069
806070
806071
806072
806073
806074
806075
806076
806077
806078
806079
806080
806081
806082
806083
806084
806085
806086
806087
806088
806089
806090
806091
806092
806093
806094
806095
806096
806097
806098
806099
806100
806101
806102
806103
806104
806105
806106
806107
806108
806109
806110
806111
806112
806113
806114
806115
806116
806117
806118
806119
806120
806121
806122
806123
806124
806125
806126
806127
806133
806134
806135
806136
806137
806139
806318
806320
806366
806367
806368
806369
806370
806371
806372
806373
806374
806375
806376
806377
806378
806379
806380
806381
806382
806383
806384
806385
806386
806387
806388
806389
806390
806391
806392
806462
806463
806464
806465
806466
806467
806468
806469
806470
806471
806472
806473
806474
806475
806476
806477
806478
806480
806482
806513
806515
806517
806519
806521
806523
806525
806527
806529
806531
806533
806535
806537
806539
806541
806543
806545
806547
806549
806551
806552
806553
806554
806555
806556
806557
806558
806559
806560
806561
806562
806563
806564
806565
806566
806567
806568
806569
806570
806571
806572
806573
806574
806575
806576
806577
806578
806668
806669
806670
806671
806672
806673
806674
806675
806676
806677
806678
806679
806680
806681
806682
806683
806684
806685
806686
806687
806688
806689
806690
806691
806692
806693
806694
806695
806696
806697
806698
806699
806700
806745
806746
806747
806748
806786
806787
806788
806789
806790
806791
806792
806793
806795
806797
806798
806799
806814
806815
806816
806817
806818
806819
806821
806823
806825
806832
806833
806834
806835
806836
806837
806838
806839
806840
806841
806842
806843
806844
806845
806846
806903
807003
807011
807012
807013
807014
807015
807016
807017
807019
807020
807021
807022
807034
807036
807038
807040
807041
807042
807044
807046
807048
807049
807050
807052
807053
807054
807055
807056
807057
807058
807059
807060
807061
807062
807063
807064
807065
807066
807067
807068
807069
807070
807071
807072
807073
807074
807075
807076
807077
807078
807079
807080
807082
807084
807086
807088
807096
807097
807098
807099
807101
807102
807103
807105
807107
807108
807109
807111
807113
807114
807115
807116
807117
807118
807119
807121
807122
807123
807124
807125
807126
807127
807128
807129
807133
807139
807140
807142
807143
807159
807161
807162
807163
807164
807166
807168
807169
807170
807318
807320
807322
807323
807324
807325
807326
807327
807328
807329
807330
807331
807332
807333
807713
807714
807715
807716
807717
807718
807719
807720
807722
807723
807724
807725
807726
807727
807728
807729
807730
807731
807732
807733
807734
807735
807736
807737
807738
807739
807740
807741
807742
807743
807744
807745
807746
807747
807748
807749
807750
807751
807752
807753
807755
807756
807757
807758
807759
807760
807761
807793
807794
807821
808095
808256
808257
808258
808260
808261
808263
808265
808266
808267
808269
808271
808272
808273
808274
808275
808277
808279
808281
808283
808284
808285
808286
808287
808288
808289
808290
808291
808293
808295
808297
808299
808301
808303
808305
808307
808309
808311
808313
808315
808317
808319
808388
808390
808392
808394
808396
808397
808398
808399
808400
808401
808402
808403
808404
808405
808406
808407
808408
808410
808411
808412
808413
808414
808415
808416
808417
808418
808437
808438
808439
808440
808441
808442
808443
808444
808445
808446
808447
808448
808499
808500
808593
808595
808597
808598
808599
808604
808606
808607
808608
808609
808610
808611
808612
808613
808614
808615
808616
808617
808618
808619
808620
808622
808624
808630
808632
808633
808634
808635
808636
808703
808704
808705
808706
808707
808826
808828
808830
808833
808835
808837
808839
808841
808845
808859
808860
808861
808862
808863
808864
808865
808866
808867
808868
808869
808870
808871
808872
808873
808874
808875
808876
808877
808878
808879
808880
808881
808882
808883
808884
808885
808886
808887
808888
808889
808890
808891
808892
808893
808894
808895
808896
808897
808898
808899
808900
808901
808902
808903
808904
808905
808906
808907
808908
808909
808910
808911
808926
808927
808928
808929
808930
808931
808932
808933
808934
808935
808936
808937
808938
808939
808940
808941
808942
808943
808944
808945
808946
808947
808948
808949
808950
808951
808952
808953
808954
808955
808956
808957
808958
808959
808960
808961
808962
808964
808966
808968
808970
808972
808974
808975
808976
808977
808978
808979
808980
808981
808982
808983
808984
808998
808999
809000
809009
809010
809011
809012
809013
809014
809022
809024
809045
809047
809048
809049
809050
809051
809052
809053
809054
809055
809056
809057
809058
809059
809060
809061
809062
809063
809064
809065
809066
809067
809068
809086
809087
809088
809089
809090
809091
809092
809093
809094
809174
809175
809176
809177
809178
809179
809180
809181
809182
809183
809184
809185
809186
809187
809188
809190
809284
809285
809286
809287
809288
809312
809313
809314
809315
809316
809317
809318
809319
809320
809321
809322
809323
809324
809325
809326
809327
809328
809329
809330
809331
809332
809382
809383
809398
809399
809400
809401
809402
809403
809404
809405
809406
809407
809408
809409
809442
809444
809446
809448
809449
809450
809451
809452
809453
809454
809455
809456
809457
809458
809459
809460
809461
809462
809463
809464
809465
809466
809467
809468
809469
809470
809471
809472
809473
809474
809475
809476
809477
809478
809479
809480
809481
809482
809483
809501
809503
809504
809505
809506
809507
809508
809509
809510
809511
809512
809513
809514
809515
809516
809517
809518
809519
809520
809521
809523
809524
809525
809526
809527
809528
809548
809556
809589
809590
809591
809592
809593
809594
809595
809596
809597
809598
809599
809600
809601
809602
809603
809604
809605
809633
809634
809635
809636
809637
809638
809639
809640
809641
809642
809643
809644
809712
809713
809715
809722
809725
809726
809727
809728
809729
809730
809732
809734
809735
809736
809737
809738
809740
809747
809748
809749
809750
809751
809752
809753
809757
809758
809759
809760
809761
809762
809763
809764
809765
809766
809767
809768
809769
809770
809771
809772
809773
809774
809775
809776
809777
809778
809779
809780
809781
809782
809807
809813
809814
809815
809831
809832
809833
809834
809835
809836
809837
809838
809839
809840
809841
809842
809843
809844
809845
809846
809847
809848
809849
809850
809851
809852
809853
809854
809855
809856
809857
809859
809860
809861
809862
809863
809864
809865
809866
809867
809868
809869
809870
809871
809873
809875
809877
809879
809881
809883
809885
809887
809889
809891
809895
809897
809899
809913
809915
809917
809919
809932
809935
809937
809939
809941
809943
809945
809947
809949
809951
809952
809953
809954
809955
809956
809957
809971
809972
809973
809974
809975
809976
809977
809978
809979
809980
809981
809982
809983
819645
819660
819826
819827
819828
820058
820060
820061
820063
820065
820067
820070
820071
820075
820077
820079
820100
820104
820120
820124
820131
820184
820185
820310
820401
820411
820441
821213
821232
821310
821401
821410
821435
821442
822163
822173
822401
822436
822445
822448
822654
822683
823121
823308
823438
823448
823654
823655
823656
823683
824233
824684
828608
828616
828618
828619
828646
828649
828655
828671
828676
828699
828700
828725
828726
828728
828747
828754
828755
828757
828758
828759
828766
828767
828768
828769
828770
828771
828773
828774
828775
828776
828779
828780
828785
828790
828791
828792
828793
828814
828825
828835
828836
828840
828841
828842
828843
829481
829482
829497
829503
829509
829645
829646
829647
829648
829650
829651
829652
829653
829654
829655
829656
829657
829658
829659
829662
829665
829666
829667
829668
829669
829670
829671
829672
829674
829675
829676
829677
829678
829679
829684
829685
829695
829696
829697
829698
829699
829700
829701
829702
829703
829704
829705
829706
829707
829708
829710
829712
829713
829714
829715
829716
829717
829718
829719
829720
829721
829722
829723
829724
829725
829726
829727
829728
829729
829730
829732
829735
829736
829737
829738
829739
829740
829741
829742
829743
829744
829745
829746
829747
829748
829749
829750
829751
829752
829753
829754
829755
829759
829760
829761
829762
829763
829764
829765
829766
829767
829854
829855
829856
829857
829899
829910
829911
829912
829913
886129
918141
